modelo,familia,origen,objetivo,paso,real,pronostico,error
Ingenuo,referencia,2015-12-01 00:00:00,2016-01-01 00:00:00,1,1.7843989699940277,1.8907830514311774,0.10638408143714972
AR(1),Box-Jenkins,2015-12-01 00:00:00,2016-01-01 00:00:00,1,1.7843989699940277,2.7366732671976792,0.9522742972036515
Random Forest,aprendizaje,2015-12-01 00:00:00,2016-01-01 00:00:00,1,1.7843989699940277,2.029700943120466,0.2453019731264381
LSTM(16) v12,red neuronal,2015-12-01 00:00:00,2016-01-01 00:00:00,1,1.7843989699940277,2.6391217167350733,0.8547227467410456
Comb. RF/AR(1) suave,combinacion,2015-12-01 00:00:00,2016-01-01 00:00:00,1,1.7843989699940277,2.029700943120466,0.2453019731264381
Comb. RF/AR(1) dura,combinacion,2015-12-01 00:00:00,2016-01-01 00:00:00,1,1.7843989699940277,2.029700943120466,0.2453019731264381
Comb. RF/ingenuo suave,combinacion,2015-12-01 00:00:00,2016-01-01 00:00:00,1,1.7843989699940277,2.029700943120466,0.2453019731264381
Comb. LSTM/AR(1) suave,combinacion,2015-12-01 00:00:00,2016-01-01 00:00:00,1,1.7843989699940277,2.6391217167350733,0.8547227467410456
Comb. RF/AR(1) umbral min,combinacion,2015-12-01 00:00:00,2016-01-01 00:00:00,1,1.7843989699940277,2.357707178828261,0.5733082088342334
Ingenuo,referencia,2016-01-01 00:00:00,2016-02-01 00:00:00,1,4.451860851829181,1.7843989699940277,-2.6674618818351536
AR(1),Box-Jenkins,2016-01-01 00:00:00,2016-02-01 00:00:00,1,4.451860851829181,2.646604078045546,-1.8052567737836354
Random Forest,aprendizaje,2016-01-01 00:00:00,2016-02-01 00:00:00,1,4.451860851829181,2.2741405008135605,-2.177720351015621
LSTM(16) v12,red neuronal,2016-01-01 00:00:00,2016-02-01 00:00:00,1,4.451860851829181,2.359733854837902,-2.0921269969912792
Comb. RF/AR(1) suave,combinacion,2016-01-01 00:00:00,2016-02-01 00:00:00,1,4.451860851829181,2.2741405008135605,-2.177720351015621
Comb. RF/AR(1) dura,combinacion,2016-01-01 00:00:00,2016-02-01 00:00:00,1,4.451860851829181,2.2741405008135605,-2.177720351015621
Comb. RF/ingenuo suave,combinacion,2016-01-01 00:00:00,2016-02-01 00:00:00,1,4.451860851829181,2.2741405008135605,-2.177720351015621
Comb. LSTM/AR(1) suave,combinacion,2016-01-01 00:00:00,2016-02-01 00:00:00,1,4.451860851829181,2.359733854837902,-2.0921269969912792
Comb. RF/AR(1) umbral min,combinacion,2016-01-01 00:00:00,2016-02-01 00:00:00,1,4.451860851829181,2.432008442422819,-2.0198524094063623
Ingenuo,referencia,2016-02-01 00:00:00,2016-03-01 00:00:00,1,1.195828475280969,4.451860851829181,3.2560323765482124
AR(1),Box-Jenkins,2016-02-01 00:00:00,2016-03-01 00:00:00,1,1.195828475280969,4.455046784250388,3.2592183089694187
Random Forest,aprendizaje,2016-02-01 00:00:00,2016-03-01 00:00:00,1,1.195828475280969,3.7486239320775816,2.5527954567966127
LSTM(16) v12,red neuronal,2016-02-01 00:00:00,2016-03-01 00:00:00,1,1.195828475280969,2.6924993523670073,1.4966708770860384
Comb. RF/AR(1) suave,combinacion,2016-02-01 00:00:00,2016-03-01 00:00:00,1,1.195828475280969,3.7486239320775816,2.5527954567966127
Comb. RF/AR(1) dura,combinacion,2016-02-01 00:00:00,2016-03-01 00:00:00,1,1.195828475280969,3.7486239320775816,2.5527954567966127
Comb. RF/ingenuo suave,combinacion,2016-02-01 00:00:00,2016-03-01 00:00:00,1,1.195828475280969,3.7486239320775816,2.5527954567966127
Comb. LSTM/AR(1) suave,combinacion,2016-02-01 00:00:00,2016-03-01 00:00:00,1,1.195828475280969,2.6924993523670073,1.4966708770860384
Comb. RF/AR(1) umbral min,combinacion,2016-02-01 00:00:00,2016-03-01 00:00:00,1,1.195828475280969,4.455046784250388,3.2592183089694187
Ingenuo,referencia,2016-03-01 00:00:00,2016-04-01 00:00:00,1,2.884803634105615,1.195828475280969,-1.688975158824646
AR(1),Box-Jenkins,2016-03-01 00:00:00,2016-04-01 00:00:00,1,2.884803634105615,2.2648752023785166,-0.6199284317270983
Random Forest,aprendizaje,2016-03-01 00:00:00,2016-04-01 00:00:00,1,2.884803634105615,2.610492744052042,-0.2743108900535729
LSTM(16) v12,red neuronal,2016-03-01 00:00:00,2016-04-01 00:00:00,1,2.884803634105615,2.432456398191901,-0.45234723591371395
Comb. RF/AR(1) suave,combinacion,2016-03-01 00:00:00,2016-04-01 00:00:00,1,2.884803634105615,2.610492744052042,-0.2743108900535729
Comb. RF/AR(1) dura,combinacion,2016-03-01 00:00:00,2016-04-01 00:00:00,1,2.884803634105615,2.610492744052042,-0.2743108900535729
Comb. RF/ingenuo suave,combinacion,2016-03-01 00:00:00,2016-04-01 00:00:00,1,2.884803634105615,2.610492744052042,-0.2743108900535729
Comb. LSTM/AR(1) suave,combinacion,2016-03-01 00:00:00,2016-04-01 00:00:00,1,2.884803634105615,2.432456398191901,-0.45234723591371395
Comb. RF/AR(1) umbral min,combinacion,2016-03-01 00:00:00,2016-04-01 00:00:00,1,2.884803634105615,2.2648752023785166,-0.6199284317270983
Ingenuo,referencia,2016-04-01 00:00:00,2016-05-01 00:00:00,1,1.809679601898706,2.884803634105615,1.0751240322069089
AR(1),Box-Jenkins,2016-04-01 00:00:00,2016-05-01 00:00:00,1,1.809679601898706,3.397149364453855,1.5874697625551488
Random Forest,aprendizaje,2016-04-01 00:00:00,2016-05-01 00:00:00,1,1.809679601898706,2.8898224861735793,1.0801428842748733
LSTM(16) v12,red neuronal,2016-04-01 00:00:00,2016-05-01 00:00:00,1,1.809679601898706,2.5999685360472533,0.7902889341485473
Comb. RF/AR(1) suave,combinacion,2016-04-01 00:00:00,2016-05-01 00:00:00,1,1.809679601898706,2.8898224861735793,1.0801428842748733
Comb. RF/AR(1) dura,combinacion,2016-04-01 00:00:00,2016-05-01 00:00:00,1,1.809679601898706,2.8898224861735793,1.0801428842748733
Comb. RF/ingenuo suave,combinacion,2016-04-01 00:00:00,2016-05-01 00:00:00,1,1.809679601898706,2.8898224861735793,1.0801428842748733
Comb. LSTM/AR(1) suave,combinacion,2016-04-01 00:00:00,2016-05-01 00:00:00,1,1.809679601898706,2.5999685360472533,0.7902889341485473
Comb. RF/AR(1) umbral min,combinacion,2016-04-01 00:00:00,2016-05-01 00:00:00,1,1.809679601898706,3.397149364453855,1.5874697625551488
Ingenuo,referencia,2016-05-01 00:00:00,2016-06-01 00:00:00,1,2.341450844397075,1.809679601898706,-0.5317712424983689
AR(1),Box-Jenkins,2016-05-01 00:00:00,2016-06-01 00:00:00,1,2.341450844397075,2.663265634773286,0.32181479037621097
Random Forest,aprendizaje,2016-05-01 00:00:00,2016-06-01 00:00:00,1,2.341450844397075,2.641751265104883,0.30030042070780816
LSTM(16) v12,red neuronal,2016-05-01 00:00:00,2016-06-01 00:00:00,1,2.341450844397075,2.3783286678056874,0.03687782340861245
Comb. RF/AR(1) suave,combinacion,2016-05-01 00:00:00,2016-06-01 00:00:00,1,2.341450844397075,2.641751265104883,0.30030042070780816
Comb. RF/AR(1) dura,combinacion,2016-05-01 00:00:00,2016-06-01 00:00:00,1,2.341450844397075,2.641751265104883,0.30030042070780816
Comb. RF/ingenuo suave,combinacion,2016-05-01 00:00:00,2016-06-01 00:00:00,1,2.341450844397075,2.641751265104883,0.30030042070780816
Comb. LSTM/AR(1) suave,combinacion,2016-05-01 00:00:00,2016-06-01 00:00:00,1,2.341450844397075,2.3783286678056874,0.03687782340861245
Comb. RF/AR(1) umbral min,combinacion,2016-05-01 00:00:00,2016-06-01 00:00:00,1,2.341450844397075,2.663265634773286,0.32181479037621097
Ingenuo,referencia,2016-06-01 00:00:00,2016-07-01 00:00:00,1,-1.5739129122687823,2.341450844397075,3.9153637566658572
AR(1),Box-Jenkins,2016-06-01 00:00:00,2016-07-01 00:00:00,1,-1.5739129122687823,3.0116601111538155,4.585573023422597
Random Forest,aprendizaje,2016-06-01 00:00:00,2016-07-01 00:00:00,1,-1.5739129122687823,1.9104379379519827,3.484350850220765
LSTM(16) v12,red neuronal,2016-06-01 00:00:00,2016-07-01 00:00:00,1,-1.5739129122687823,2.385269416790125,3.9591823290589074
Comb. RF/AR(1) suave,combinacion,2016-06-01 00:00:00,2016-07-01 00:00:00,1,-1.5739129122687823,1.9104379379519827,3.484350850220765
Comb. RF/AR(1) dura,combinacion,2016-06-01 00:00:00,2016-07-01 00:00:00,1,-1.5739129122687823,1.9104379379519827,3.484350850220765
Comb. RF/ingenuo suave,combinacion,2016-06-01 00:00:00,2016-07-01 00:00:00,1,-1.5739129122687823,1.9104379379519827,3.484350850220765
Comb. LSTM/AR(1) suave,combinacion,2016-06-01 00:00:00,2016-07-01 00:00:00,1,-1.5739129122687823,2.385269416790125,3.9591823290589074
Comb. RF/AR(1) umbral min,combinacion,2016-06-01 00:00:00,2016-07-01 00:00:00,1,-1.5739129122687823,3.0116601111538155,4.585573023422597
Ingenuo,referencia,2016-07-01 00:00:00,2016-08-01 00:00:00,1,3.3639592395552143,-1.5739129122687823,-4.9378721518239965
AR(1),Box-Jenkins,2016-07-01 00:00:00,2016-08-01 00:00:00,1,3.3639592395552143,0.2778454211738348,-3.0861138183813797
Random Forest,aprendizaje,2016-07-01 00:00:00,2016-08-01 00:00:00,1,3.3639592395552143,1.8659359092955097,-1.4980233302597046
LSTM(16) v12,red neuronal,2016-07-01 00:00:00,2016-08-01 00:00:00,1,3.3639592395552143,1.8983198718106014,-1.465639367744613
Comb. RF/AR(1) suave,combinacion,2016-07-01 00:00:00,2016-08-01 00:00:00,1,3.3639592395552143,1.8659359092955097,-1.4980233302597046
Comb. RF/AR(1) dura,combinacion,2016-07-01 00:00:00,2016-08-01 00:00:00,1,3.3639592395552143,1.8659359092955097,-1.4980233302597046
Comb. RF/ingenuo suave,combinacion,2016-07-01 00:00:00,2016-08-01 00:00:00,1,3.3639592395552143,1.8659359092955097,-1.4980233302597046
Comb. LSTM/AR(1) suave,combinacion,2016-07-01 00:00:00,2016-08-01 00:00:00,1,3.3639592395552143,1.8983198718106014,-1.465639367744613
Comb. RF/AR(1) umbral min,combinacion,2016-07-01 00:00:00,2016-08-01 00:00:00,1,3.3639592395552143,0.2778454211738348,-3.0861138183813797
Ingenuo,referencia,2016-08-01 00:00:00,2016-09-01 00:00:00,1,2.3546499730892956,3.3639592395552143,1.0093092664659187
AR(1),Box-Jenkins,2016-08-01 00:00:00,2016-09-01 00:00:00,1,2.3546499730892956,3.692461042564209,1.3378110694749132
Random Forest,aprendizaje,2016-08-01 00:00:00,2016-09-01 00:00:00,1,2.3546499730892956,1.7707709926880193,-0.5838789804012763
LSTM(16) v12,red neuronal,2016-08-01 00:00:00,2016-09-01 00:00:00,1,2.3546499730892956,2.226934664787399,-0.1277153083018967
Comb. RF/AR(1) suave,combinacion,2016-08-01 00:00:00,2016-09-01 00:00:00,1,2.3546499730892956,1.7707709926880193,-0.5838789804012763
Comb. RF/AR(1) dura,combinacion,2016-08-01 00:00:00,2016-09-01 00:00:00,1,2.3546499730892956,1.7707709926880193,-0.5838789804012763
Comb. RF/ingenuo suave,combinacion,2016-08-01 00:00:00,2016-09-01 00:00:00,1,2.3546499730892956,1.7707709926880193,-0.5838789804012763
Comb. LSTM/AR(1) suave,combinacion,2016-08-01 00:00:00,2016-09-01 00:00:00,1,2.3546499730892956,2.226934664787399,-0.1277153083018967
Comb. RF/AR(1) umbral min,combinacion,2016-08-01 00:00:00,2016-09-01 00:00:00,1,2.3546499730892956,3.692461042564209,1.3378110694749132
Ingenuo,referencia,2016-09-01 00:00:00,2016-10-01 00:00:00,1,1.3254548911656672,2.3546499730892956,1.0291950819236284
AR(1),Box-Jenkins,2016-09-01 00:00:00,2016-10-01 00:00:00,1,1.3254548911656672,3.018231206909399,1.6927763157437319
Random Forest,aprendizaje,2016-09-01 00:00:00,2016-10-01 00:00:00,1,1.3254548911656672,2.656800035796829,1.331345144631162
LSTM(16) v12,red neuronal,2016-09-01 00:00:00,2016-10-01 00:00:00,1,1.3254548911656672,2.278003804215224,0.952548913049557
Comb. RF/AR(1) suave,combinacion,2016-09-01 00:00:00,2016-10-01 00:00:00,1,1.3254548911656672,2.656800035796829,1.331345144631162
Comb. RF/AR(1) dura,combinacion,2016-09-01 00:00:00,2016-10-01 00:00:00,1,1.3254548911656672,2.656800035796829,1.331345144631162
Comb. RF/ingenuo suave,combinacion,2016-09-01 00:00:00,2016-10-01 00:00:00,1,1.3254548911656672,2.656800035796829,1.331345144631162
Comb. LSTM/AR(1) suave,combinacion,2016-09-01 00:00:00,2016-10-01 00:00:00,1,1.3254548911656672,2.278003804215224,0.952548913049557
Comb. RF/AR(1) umbral min,combinacion,2016-09-01 00:00:00,2016-10-01 00:00:00,1,1.3254548911656672,3.018231206909399,1.6927763157437319
Ingenuo,referencia,2016-10-01 00:00:00,2016-11-01 00:00:00,1,3.0802989422748617,1.3254548911656672,-1.7548440511091945
AR(1),Box-Jenkins,2016-10-01 00:00:00,2016-11-01 00:00:00,1,3.0802989422748617,2.3154391302905855,-0.7648598119842762
Random Forest,aprendizaje,2016-10-01 00:00:00,2016-11-01 00:00:00,1,3.0802989422748617,3.002828339636343,-0.07747060263851857
LSTM(16) v12,red neuronal,2016-10-01 00:00:00,2016-11-01 00:00:00,1,3.0802989422748617,2.1418787826881323,-0.9384201595867294
Comb. RF/AR(1) suave,combinacion,2016-10-01 00:00:00,2016-11-01 00:00:00,1,3.0802989422748617,3.002828339636343,-0.07747060263851857
Comb. RF/AR(1) dura,combinacion,2016-10-01 00:00:00,2016-11-01 00:00:00,1,3.0802989422748617,3.002828339636343,-0.07747060263851857
Comb. RF/ingenuo suave,combinacion,2016-10-01 00:00:00,2016-11-01 00:00:00,1,3.0802989422748617,3.002828339636343,-0.07747060263851857
Comb. LSTM/AR(1) suave,combinacion,2016-10-01 00:00:00,2016-11-01 00:00:00,1,3.0802989422748617,2.1418787826881323,-0.9384201595867294
Comb. RF/AR(1) umbral min,combinacion,2016-10-01 00:00:00,2016-11-01 00:00:00,1,3.0802989422748617,2.3154391302905855,-0.7648598119842762
Ingenuo,referencia,2016-11-01 00:00:00,2016-12-01 00:00:00,1,3.250508638379501,3.0802989422748617,-0.17020969610463954
AR(1),Box-Jenkins,2016-11-01 00:00:00,2016-12-01 00:00:00,1,3.250508638379501,3.4848518442619305,0.2343432058824293
Random Forest,aprendizaje,2016-11-01 00:00:00,2016-12-01 00:00:00,1,3.250508638379501,2.5571573631616813,-0.6933512752178199
LSTM(16) v12,red neuronal,2016-11-01 00:00:00,2016-12-01 00:00:00,1,3.250508638379501,2.327214916730558,-0.9232937216489434
Comb. RF/AR(1) suave,combinacion,2016-11-01 00:00:00,2016-12-01 00:00:00,1,3.250508638379501,2.5571573631616813,-0.6933512752178199
Comb. RF/AR(1) dura,combinacion,2016-11-01 00:00:00,2016-12-01 00:00:00,1,3.250508638379501,2.5571573631616813,-0.6933512752178199
Comb. RF/ingenuo suave,combinacion,2016-11-01 00:00:00,2016-12-01 00:00:00,1,3.250508638379501,2.5571573631616813,-0.6933512752178199
Comb. LSTM/AR(1) suave,combinacion,2016-11-01 00:00:00,2016-12-01 00:00:00,1,3.250508638379501,2.327214916730558,-0.9232937216489434
Comb. RF/AR(1) umbral min,combinacion,2016-11-01 00:00:00,2016-12-01 00:00:00,1,3.250508638379501,3.4848518442619305,0.2343432058824293
Ingenuo,referencia,2016-12-01 00:00:00,2017-01-01 00:00:00,1,1.4471669469336979,3.250508638379501,1.8033416914458034
AR(1),Box-Jenkins,2016-12-01 00:00:00,2017-01-01 00:00:00,1,1.4471669469336979,3.5945408181791874,2.1473738712454895
Random Forest,aprendizaje,2016-12-01 00:00:00,2017-01-01 00:00:00,1,1.4471669469336979,3.067517279198329,1.620350332264631
LSTM(16) v12,red neuronal,2016-12-01 00:00:00,2017-01-01 00:00:00,1,1.4471669469336979,2.509116233450897,1.061949286517199
Comb. RF/AR(1) suave,combinacion,2016-12-01 00:00:00,2017-01-01 00:00:00,1,1.4471669469336979,3.067517279198329,1.620350332264631
Comb. RF/AR(1) dura,combinacion,2016-12-01 00:00:00,2017-01-01 00:00:00,1,1.4471669469336979,3.067517279198329,1.620350332264631
Comb. RF/ingenuo suave,combinacion,2016-12-01 00:00:00,2017-01-01 00:00:00,1,1.4471669469336979,3.067517279198329,1.620350332264631
Comb. LSTM/AR(1) suave,combinacion,2016-12-01 00:00:00,2017-01-01 00:00:00,1,1.4471669469336979,2.509116233450897,1.061949286517199
Comb. RF/AR(1) umbral min,combinacion,2016-12-01 00:00:00,2017-01-01 00:00:00,1,1.4471669469336979,3.5945408181791874,2.1473738712454895
Ingenuo,referencia,2017-01-01 00:00:00,2017-02-01 00:00:00,1,-0.3589166448412562,1.4471669469336979,1.806083591774954
AR(1),Box-Jenkins,2017-01-01 00:00:00,2017-02-01 00:00:00,1,-0.3589166448412562,2.3829340889991055,2.7418507338403617
Random Forest,aprendizaje,2017-01-01 00:00:00,2017-02-01 00:00:00,1,-0.3589166448412562,2.019111932620788,2.378028577462044
LSTM(16) v12,red neuronal,2017-01-01 00:00:00,2017-02-01 00:00:00,1,-0.3589166448412562,2.374484657216338,2.7334013020575942
Comb. RF/AR(1) suave,combinacion,2017-01-01 00:00:00,2017-02-01 00:00:00,1,-0.3589166448412562,2.019111932620788,2.378028577462044
Comb. RF/AR(1) dura,combinacion,2017-01-01 00:00:00,2017-02-01 00:00:00,1,-0.3589166448412562,2.019111932620788,2.378028577462044
Comb. RF/ingenuo suave,combinacion,2017-01-01 00:00:00,2017-02-01 00:00:00,1,-0.3589166448412562,2.019111932620788,2.378028577462044
Comb. LSTM/AR(1) suave,combinacion,2017-01-01 00:00:00,2017-02-01 00:00:00,1,-0.3589166448412562,2.374484657216338,2.7334013020575942
Comb. RF/AR(1) umbral min,combinacion,2017-01-01 00:00:00,2017-02-01 00:00:00,1,-0.3589166448412562,2.3829340889991055,2.7418507338403617
Ingenuo,referencia,2017-02-01 00:00:00,2017-03-01 00:00:00,1,2.4825177018663824,-0.3589166448412562,-2.8414343467076386
AR(1),Box-Jenkins,2017-02-01 00:00:00,2017-03-01 00:00:00,1,2.4825177018663824,1.1172179662142412,-1.3652997356521412
Random Forest,aprendizaje,2017-02-01 00:00:00,2017-03-01 00:00:00,1,2.4825177018663824,3.180057864680194,0.6975401628138114
LSTM(16) v12,red neuronal,2017-02-01 00:00:00,2017-03-01 00:00:00,1,2.4825177018663824,2.1193907682538815,-0.3631269336125009
Comb. RF/AR(1) suave,combinacion,2017-02-01 00:00:00,2017-03-01 00:00:00,1,2.4825177018663824,3.180057864680194,0.6975401628138114
Comb. RF/AR(1) dura,combinacion,2017-02-01 00:00:00,2017-03-01 00:00:00,1,2.4825177018663824,3.180057864680194,0.6975401628138114
Comb. RF/ingenuo suave,combinacion,2017-02-01 00:00:00,2017-03-01 00:00:00,1,2.4825177018663824,3.180057864680194,0.6975401628138114
Comb. LSTM/AR(1) suave,combinacion,2017-02-01 00:00:00,2017-03-01 00:00:00,1,2.4825177018663824,2.1193907682538815,-0.3631269336125009
Comb. RF/AR(1) umbral min,combinacion,2017-02-01 00:00:00,2017-03-01 00:00:00,1,2.4825177018663824,1.1172179662142412,-1.3652997356521412
Ingenuo,referencia,2017-03-01 00:00:00,2017-04-01 00:00:00,1,-0.32146396143379885,2.4825177018663824,2.8039816633001813
AR(1),Box-Jenkins,2017-03-01 00:00:00,2017-04-01 00:00:00,1,-0.32146396143379885,3.0524694098293605,3.3739333712631594
Random Forest,aprendizaje,2017-03-01 00:00:00,2017-04-01 00:00:00,1,-0.32146396143379885,1.8264471907789115,2.1479111522127106
LSTM(16) v12,red neuronal,2017-03-01 00:00:00,2017-04-01 00:00:00,1,-0.32146396143379885,2.23165195078204,2.553115912215839
Comb. RF/AR(1) suave,combinacion,2017-03-01 00:00:00,2017-04-01 00:00:00,1,-0.32146396143379885,1.8264471907789115,2.1479111522127106
Comb. RF/AR(1) dura,combinacion,2017-03-01 00:00:00,2017-04-01 00:00:00,1,-0.32146396143379885,1.8264471907789115,2.1479111522127106
Comb. RF/ingenuo suave,combinacion,2017-03-01 00:00:00,2017-04-01 00:00:00,1,-0.32146396143379885,1.8264471907789115,2.1479111522127106
Comb. LSTM/AR(1) suave,combinacion,2017-03-01 00:00:00,2017-04-01 00:00:00,1,-0.32146396143379885,2.23165195078204,2.553115912215839
Comb. RF/AR(1) umbral min,combinacion,2017-03-01 00:00:00,2017-04-01 00:00:00,1,-0.32146396143379885,3.0524694098293605,3.3739333712631594
Ingenuo,referencia,2017-04-01 00:00:00,2017-05-01 00:00:00,1,1.3544076613417388,-0.32146396143379885,-1.6758716227755377
AR(1),Box-Jenkins,2017-04-01 00:00:00,2017-05-01 00:00:00,1,1.3544076613417388,1.1306879706658233,-0.22371969067591557
Random Forest,aprendizaje,2017-04-01 00:00:00,2017-05-01 00:00:00,1,1.3544076613417388,1.9862587372689233,0.6318510759271845
LSTM(16) v12,red neuronal,2017-04-01 00:00:00,2017-05-01 00:00:00,1,1.3544076613417388,1.9352464317509148,0.580838770409176
Comb. RF/AR(1) suave,combinacion,2017-04-01 00:00:00,2017-05-01 00:00:00,1,1.3544076613417388,1.9862587372689233,0.6318510759271845
Comb. RF/AR(1) dura,combinacion,2017-04-01 00:00:00,2017-05-01 00:00:00,1,1.3544076613417388,1.9862587372689233,0.6318510759271845
Comb. RF/ingenuo suave,combinacion,2017-04-01 00:00:00,2017-05-01 00:00:00,1,1.3544076613417388,1.9862587372689233,0.6318510759271845
Comb. LSTM/AR(1) suave,combinacion,2017-04-01 00:00:00,2017-05-01 00:00:00,1,1.3544076613417388,1.9352464317509148,0.580838770409176
Comb. RF/AR(1) umbral min,combinacion,2017-04-01 00:00:00,2017-05-01 00:00:00,1,1.3544076613417388,1.1306879706658233,-0.22371969067591557
Ingenuo,referencia,2017-05-01 00:00:00,2017-06-01 00:00:00,1,2.881287855033965,1.3544076613417388,-1.526880193692226
AR(1),Box-Jenkins,2017-05-01 00:00:00,2017-06-01 00:00:00,1,2.881287855033965,2.2615135705637743,-0.6197742844701906
Random Forest,aprendizaje,2017-05-01 00:00:00,2017-06-01 00:00:00,1,2.881287855033965,1.9372634570418845,-0.9440243979920804
LSTM(16) v12,red neuronal,2017-05-01 00:00:00,2017-06-01 00:00:00,1,2.881287855033965,1.9511135588640434,-0.9301742961699215
Comb. RF/AR(1) suave,combinacion,2017-05-01 00:00:00,2017-06-01 00:00:00,1,2.881287855033965,1.9372634570418845,-0.9440243979920804
Comb. RF/AR(1) dura,combinacion,2017-05-01 00:00:00,2017-06-01 00:00:00,1,2.881287855033965,1.9372634570418845,-0.9440243979920804
Comb. RF/ingenuo suave,combinacion,2017-05-01 00:00:00,2017-06-01 00:00:00,1,2.881287855033965,1.9372634570418845,-0.9440243979920804
Comb. LSTM/AR(1) suave,combinacion,2017-05-01 00:00:00,2017-06-01 00:00:00,1,2.881287855033965,1.9511135588640434,-0.9301742961699215
Comb. RF/AR(1) umbral min,combinacion,2017-05-01 00:00:00,2017-06-01 00:00:00,1,2.881287855033965,2.2615135705637743,-0.6197742844701906
Ingenuo,referencia,2017-06-01 00:00:00,2017-07-01 00:00:00,1,3.6821297780100792,2.881287855033965,-0.8008419229761143
AR(1),Box-Jenkins,2017-06-01 00:00:00,2017-07-01 00:00:00,1,3.6821297780100792,3.2921902839833983,-0.38993949402668093
Random Forest,aprendizaje,2017-06-01 00:00:00,2017-07-01 00:00:00,1,3.6821297780100792,2.5982451185316013,-1.083884659478478
LSTM(16) v12,red neuronal,2017-06-01 00:00:00,2017-07-01 00:00:00,1,3.6821297780100792,2.1591429975575114,-1.5229867804525679
Comb. RF/AR(1) suave,combinacion,2017-06-01 00:00:00,2017-07-01 00:00:00,1,3.6821297780100792,2.5982451185316013,-1.083884659478478
Comb. RF/AR(1) dura,combinacion,2017-06-01 00:00:00,2017-07-01 00:00:00,1,3.6821297780100792,2.5982451185316013,-1.083884659478478
Comb. RF/ingenuo suave,combinacion,2017-06-01 00:00:00,2017-07-01 00:00:00,1,3.6821297780100792,2.5982451185316013,-1.083884659478478
Comb. LSTM/AR(1) suave,combinacion,2017-06-01 00:00:00,2017-07-01 00:00:00,1,3.6821297780100792,2.1591429975575114,-1.5229867804525679
Comb. RF/AR(1) umbral min,combinacion,2017-06-01 00:00:00,2017-07-01 00:00:00,1,3.6821297780100792,3.2921902839833983,-0.38993949402668093
Ingenuo,referencia,2017-07-01 00:00:00,2017-08-01 00:00:00,1,1.057635845000715,3.6821297780100792,2.624493933009364
AR(1),Box-Jenkins,2017-07-01 00:00:00,2017-08-01 00:00:00,1,1.057635845000715,3.830116542636701,2.772480697635986
Random Forest,aprendizaje,2017-07-01 00:00:00,2017-08-01 00:00:00,1,1.057635845000715,2.3877647789467282,1.3301289339460132
LSTM(16) v12,red neuronal,2017-07-01 00:00:00,2017-08-01 00:00:00,1,1.057635845000715,2.4627731354335154,1.4051372904328003
Comb. RF/AR(1) suave,combinacion,2017-07-01 00:00:00,2017-08-01 00:00:00,1,1.057635845000715,2.3877647789467282,1.3301289339460132
Comb. RF/AR(1) dura,combinacion,2017-07-01 00:00:00,2017-08-01 00:00:00,1,1.057635845000715,2.3877647789467282,1.3301289339460132
Comb. RF/ingenuo suave,combinacion,2017-07-01 00:00:00,2017-08-01 00:00:00,1,1.057635845000715,2.3877647789467282,1.3301289339460132
Comb. LSTM/AR(1) suave,combinacion,2017-07-01 00:00:00,2017-08-01 00:00:00,1,1.057635845000715,2.4627731354335154,1.4051372904328003
Comb. RF/AR(1) umbral min,combinacion,2017-07-01 00:00:00,2017-08-01 00:00:00,1,1.057635845000715,3.830116542636701,2.772480697635986
Ingenuo,referencia,2017-08-01 00:00:00,2017-09-01 00:00:00,1,0.49033518986971725,1.057635845000715,0.5673006551309978
AR(1),Box-Jenkins,2017-08-01 00:00:00,2017-09-01 00:00:00,1,0.49033518986971725,2.054085513778298,1.5637503239085806
Random Forest,aprendizaje,2017-08-01 00:00:00,2017-09-01 00:00:00,1,0.49033518986971725,2.0985172273673744,1.6081820374976572
LSTM(16) v12,red neuronal,2017-08-01 00:00:00,2017-09-01 00:00:00,1,0.49033518986971725,2.276386416983049,1.7860512271133318
Comb. RF/AR(1) suave,combinacion,2017-08-01 00:00:00,2017-09-01 00:00:00,1,0.49033518986971725,2.0985172273673744,1.6081820374976572
Comb. RF/AR(1) dura,combinacion,2017-08-01 00:00:00,2017-09-01 00:00:00,1,0.49033518986971725,2.0985172273673744,1.6081820374976572
Comb. RF/ingenuo suave,combinacion,2017-08-01 00:00:00,2017-09-01 00:00:00,1,0.49033518986971725,2.0985172273673744,1.6081820374976572
Comb. LSTM/AR(1) suave,combinacion,2017-08-01 00:00:00,2017-09-01 00:00:00,1,0.49033518986971725,2.276386416983049,1.7860512271133318
Comb. RF/AR(1) umbral min,combinacion,2017-08-01 00:00:00,2017-09-01 00:00:00,1,0.49033518986971725,2.054085513778298,1.5637503239085806
Ingenuo,referencia,2017-09-01 00:00:00,2017-10-01 00:00:00,1,1.1995095696962776,0.49033518986971725,-0.7091743798265604
AR(1),Box-Jenkins,2017-09-01 00:00:00,2017-10-01 00:00:00,1,1.1995095696962776,1.6405489196748166,0.441039349978539
Random Forest,aprendizaje,2017-09-01 00:00:00,2017-10-01 00:00:00,1,1.1995095696962776,3.527562431050418,2.3280528613541405
LSTM(16) v12,red neuronal,2017-09-01 00:00:00,2017-10-01 00:00:00,1,1.1995095696962776,2.0635428554815474,0.8640332857852697
Comb. RF/AR(1) suave,combinacion,2017-09-01 00:00:00,2017-10-01 00:00:00,1,1.1995095696962776,3.527562431050418,2.3280528613541405
Comb. RF/AR(1) dura,combinacion,2017-09-01 00:00:00,2017-10-01 00:00:00,1,1.1995095696962776,3.527562431050418,2.3280528613541405
Comb. RF/ingenuo suave,combinacion,2017-09-01 00:00:00,2017-10-01 00:00:00,1,1.1995095696962776,3.527562431050418,2.3280528613541405
Comb. LSTM/AR(1) suave,combinacion,2017-09-01 00:00:00,2017-10-01 00:00:00,1,1.1995095696962776,2.0635428554815474,0.8640332857852697
Comb. RF/AR(1) umbral min,combinacion,2017-09-01 00:00:00,2017-10-01 00:00:00,1,1.1995095696962776,1.6405489196748166,0.441039349978539
Ingenuo,referencia,2017-10-01 00:00:00,2017-11-01 00:00:00,1,0.9647411293081776,1.1995095696962776,0.23476844038810007
AR(1),Box-Jenkins,2017-10-01 00:00:00,2017-11-01 00:00:00,1,0.9647411293081776,2.1102564325767785,1.145515303268601
Random Forest,aprendizaje,2017-10-01 00:00:00,2017-11-01 00:00:00,1,0.9647411293081776,1.2754752650094197,0.3107341357012421
LSTM(16) v12,red neuronal,2017-10-01 00:00:00,2017-11-01 00:00:00,1,0.9647411293081776,2.044728559447788,1.0799874301396106
Comb. RF/AR(1) suave,combinacion,2017-10-01 00:00:00,2017-11-01 00:00:00,1,0.9647411293081776,1.2754752650094197,0.3107341357012421
Comb. RF/AR(1) dura,combinacion,2017-10-01 00:00:00,2017-11-01 00:00:00,1,0.9647411293081776,1.2754752650094197,0.3107341357012421
Comb. RF/ingenuo suave,combinacion,2017-10-01 00:00:00,2017-11-01 00:00:00,1,0.9647411293081776,1.2754752650094197,0.3107341357012421
Comb. LSTM/AR(1) suave,combinacion,2017-10-01 00:00:00,2017-11-01 00:00:00,1,0.9647411293081776,2.044728559447788,1.0799874301396106
Comb. RF/AR(1) umbral min,combinacion,2017-10-01 00:00:00,2017-11-01 00:00:00,1,0.9647411293081776,2.1102564325767785,1.145515303268601
Ingenuo,referencia,2017-11-01 00:00:00,2017-12-01 00:00:00,1,1.7060514606020982,0.9647411293081776,-0.7413103312939207
AR(1),Box-Jenkins,2017-11-01 00:00:00,2017-12-01 00:00:00,1,1.7060514606020982,1.930062769932609,0.22401130933051072
Random Forest,aprendizaje,2017-11-01 00:00:00,2017-12-01 00:00:00,1,1.7060514606020982,1.1367627388897719,-0.5692887217123264
LSTM(16) v12,red neuronal,2017-11-01 00:00:00,2017-12-01 00:00:00,1,1.7060514606020982,1.9643540130736534,0.2583025524715552
Comb. RF/AR(1) suave,combinacion,2017-11-01 00:00:00,2017-12-01 00:00:00,1,1.7060514606020982,1.1367627388897719,-0.5692887217123264
Comb. RF/AR(1) dura,combinacion,2017-11-01 00:00:00,2017-12-01 00:00:00,1,1.7060514606020982,1.1367627388897719,-0.5692887217123264
Comb. RF/ingenuo suave,combinacion,2017-11-01 00:00:00,2017-12-01 00:00:00,1,1.7060514606020982,1.1367627388897719,-0.5692887217123264
Comb. LSTM/AR(1) suave,combinacion,2017-11-01 00:00:00,2017-12-01 00:00:00,1,1.7060514606020982,1.9643540130736534,0.2583025524715552
Comb. RF/AR(1) umbral min,combinacion,2017-11-01 00:00:00,2017-12-01 00:00:00,1,1.7060514606020982,1.930062769932609,0.22401130933051072
Ingenuo,referencia,2017-12-01 00:00:00,2018-01-01 00:00:00,1,1.5654099373241026,1.7060514606020982,0.14064152327799562
AR(1),Box-Jenkins,2017-12-01 00:00:00,2018-01-01 00:00:00,1,1.5654099373241026,2.431614699789409,0.8662047624653062
Random Forest,aprendizaje,2017-12-01 00:00:00,2018-01-01 00:00:00,1,1.5654099373241026,2.585150000781139,1.0197400634570366
LSTM(16) v12,red neuronal,2017-12-01 00:00:00,2018-01-01 00:00:00,1,1.5654099373241026,2.0225778954339804,0.45716795810987776
Comb. RF/AR(1) suave,combinacion,2017-12-01 00:00:00,2018-01-01 00:00:00,1,1.5654099373241026,2.585150000781139,1.0197400634570366
Comb. RF/AR(1) dura,combinacion,2017-12-01 00:00:00,2018-01-01 00:00:00,1,1.5654099373241026,2.585150000781139,1.0197400634570366
Comb. RF/ingenuo suave,combinacion,2017-12-01 00:00:00,2018-01-01 00:00:00,1,1.5654099373241026,2.585150000781139,1.0197400634570366
Comb. LSTM/AR(1) suave,combinacion,2017-12-01 00:00:00,2018-01-01 00:00:00,1,1.5654099373241026,2.0225778954339804,0.45716795810987776
Comb. RF/AR(1) umbral min,combinacion,2017-12-01 00:00:00,2018-01-01 00:00:00,1,1.5654099373241026,2.431614699789409,0.8662047624653062
Ingenuo,referencia,2018-01-01 00:00:00,2018-02-01 00:00:00,1,1.5770665195815603,1.5654099373241026,-0.011656582257457693
AR(1),Box-Jenkins,2018-01-01 00:00:00,2018-02-01 00:00:00,1,1.5770665195815603,2.323365695318854,0.7462991757372937
Random Forest,aprendizaje,2018-01-01 00:00:00,2018-02-01 00:00:00,1,1.5770665195815603,2.761039490533639,1.1839729709520785
LSTM(16) v12,red neuronal,2018-01-01 00:00:00,2018-02-01 00:00:00,1,1.5770665195815603,2.0284981602443324,0.4514316406627721
Comb. RF/AR(1) suave,combinacion,2018-01-01 00:00:00,2018-02-01 00:00:00,1,1.5770665195815603,2.761039490533639,1.1839729709520785
Comb. RF/AR(1) dura,combinacion,2018-01-01 00:00:00,2018-02-01 00:00:00,1,1.5770665195815603,2.761039490533639,1.1839729709520785
Comb. RF/ingenuo suave,combinacion,2018-01-01 00:00:00,2018-02-01 00:00:00,1,1.5770665195815603,2.761039490533639,1.1839729709520785
Comb. LSTM/AR(1) suave,combinacion,2018-01-01 00:00:00,2018-02-01 00:00:00,1,1.5770665195815603,2.0284981602443324,0.4514316406627721
Comb. RF/AR(1) umbral min,combinacion,2018-01-01 00:00:00,2018-02-01 00:00:00,1,1.5770665195815603,2.323365695318854,0.7462991757372937
Ingenuo,referencia,2018-02-01 00:00:00,2018-03-01 00:00:00,1,1.6148001360216657,1.5770665195815603,-0.03773361644010542
AR(1),Box-Jenkins,2018-02-01 00:00:00,2018-03-01 00:00:00,1,1.6148001360216657,2.3206226344486156,0.7058224984269499
Random Forest,aprendizaje,2018-02-01 00:00:00,2018-03-01 00:00:00,1,1.6148001360216657,1.7314065560410494,0.1166064200193837
LSTM(16) v12,red neuronal,2018-02-01 00:00:00,2018-03-01 00:00:00,1,1.6148001360216657,2.0203621292755556,0.40556199325388986
Comb. RF/AR(1) suave,combinacion,2018-02-01 00:00:00,2018-03-01 00:00:00,1,1.6148001360216657,1.7314065560410494,0.1166064200193837
Comb. RF/AR(1) dura,combinacion,2018-02-01 00:00:00,2018-03-01 00:00:00,1,1.6148001360216657,1.7314065560410494,0.1166064200193837
Comb. RF/ingenuo suave,combinacion,2018-02-01 00:00:00,2018-03-01 00:00:00,1,1.6148001360216657,1.7314065560410494,0.1166064200193837
Comb. LSTM/AR(1) suave,combinacion,2018-02-01 00:00:00,2018-03-01 00:00:00,1,1.6148001360216657,2.0203621292755556,0.40556199325388986
Comb. RF/AR(1) umbral min,combinacion,2018-02-01 00:00:00,2018-03-01 00:00:00,1,1.6148001360216657,2.3206226344486156,0.7058224984269499
Ingenuo,referencia,2018-03-01 00:00:00,2018-04-01 00:00:00,1,4.0273137155159455,1.6148001360216657,-2.41251357949428
AR(1),Box-Jenkins,2018-03-01 00:00:00,2018-04-01 00:00:00,1,4.0273137155159455,2.3366560321626606,-1.690657683353285
Random Forest,aprendizaje,2018-03-01 00:00:00,2018-04-01 00:00:00,1,4.0273137155159455,2.1347746802985776,-1.8925390352173679
LSTM(16) v12,red neuronal,2018-03-01 00:00:00,2018-04-01 00:00:00,1,4.0273137155159455,2.0350285384250517,-1.9922851770908938
Comb. RF/AR(1) suave,combinacion,2018-03-01 00:00:00,2018-04-01 00:00:00,1,4.0273137155159455,2.1347746802985776,-1.8925390352173679
Comb. RF/AR(1) dura,combinacion,2018-03-01 00:00:00,2018-04-01 00:00:00,1,4.0273137155159455,2.1347746802985776,-1.8925390352173679
Comb. RF/ingenuo suave,combinacion,2018-03-01 00:00:00,2018-04-01 00:00:00,1,4.0273137155159455,2.1347746802985776,-1.8925390352173679
Comb. LSTM/AR(1) suave,combinacion,2018-03-01 00:00:00,2018-04-01 00:00:00,1,4.0273137155159455,2.0350285384250517,-1.9922851770908938
Comb. RF/AR(1) umbral min,combinacion,2018-03-01 00:00:00,2018-04-01 00:00:00,1,4.0273137155159455,2.3366560321626606,-1.690657683353285
Ingenuo,referencia,2018-04-01 00:00:00,2018-05-01 00:00:00,1,2.208867023790595,4.0273137155159455,1.8184466917253506
AR(1),Box-Jenkins,2018-04-01 00:00:00,2018-05-01 00:00:00,1,2.208867023790595,4.010870209703563,1.8020031859129677
Random Forest,aprendizaje,2018-04-01 00:00:00,2018-05-01 00:00:00,1,2.208867023790595,3.0617062012078464,0.8528391774172515
LSTM(16) v12,red neuronal,2018-04-01 00:00:00,2018-05-01 00:00:00,1,2.208867023790595,2.315843677043362,0.10697665325276695
Comb. RF/AR(1) suave,combinacion,2018-04-01 00:00:00,2018-05-01 00:00:00,1,2.208867023790595,3.0617062012078464,0.8528391774172515
Comb. RF/AR(1) dura,combinacion,2018-04-01 00:00:00,2018-05-01 00:00:00,1,2.208867023790595,3.0617062012078464,0.8528391774172515
Comb. RF/ingenuo suave,combinacion,2018-04-01 00:00:00,2018-05-01 00:00:00,1,2.208867023790595,3.0617062012078464,0.8528391774172515
Comb. LSTM/AR(1) suave,combinacion,2018-04-01 00:00:00,2018-05-01 00:00:00,1,2.208867023790595,2.315843677043362,0.10697665325276695
Comb. RF/AR(1) umbral min,combinacion,2018-04-01 00:00:00,2018-05-01 00:00:00,1,2.208867023790595,4.010870209703563,1.8020031859129677
Ingenuo,referencia,2018-05-01 00:00:00,2018-06-01 00:00:00,1,1.7539831877094958,2.208867023790595,0.45488383608109917
AR(1),Box-Jenkins,2018-05-01 00:00:00,2018-06-01 00:00:00,1,1.7539831877094958,2.7544183741081376,1.0004351863986418
Random Forest,aprendizaje,2018-05-01 00:00:00,2018-06-01 00:00:00,1,1.7539831877094958,1.6901744624840769,-0.06380872522541892
LSTM(16) v12,red neuronal,2018-05-01 00:00:00,2018-06-01 00:00:00,1,1.7539831877094958,2.328536328659585,0.5745531409500892
Comb. RF/AR(1) suave,combinacion,2018-05-01 00:00:00,2018-06-01 00:00:00,1,1.7539831877094958,1.6901744624840769,-0.06380872522541892
Comb. RF/AR(1) dura,combinacion,2018-05-01 00:00:00,2018-06-01 00:00:00,1,1.7539831877094958,1.6901744624840769,-0.06380872522541892
Comb. RF/ingenuo suave,combinacion,2018-05-01 00:00:00,2018-06-01 00:00:00,1,1.7539831877094958,1.6901744624840769,-0.06380872522541892
Comb. LSTM/AR(1) suave,combinacion,2018-05-01 00:00:00,2018-06-01 00:00:00,1,1.7539831877094958,2.328536328659585,0.5745531409500892
Comb. RF/AR(1) umbral min,combinacion,2018-05-01 00:00:00,2018-06-01 00:00:00,1,1.7539831877094958,2.7544183741081376,1.0004351863986418
Ingenuo,referencia,2018-06-01 00:00:00,2018-07-01 00:00:00,1,2.966362140139278,1.7539831877094958,-1.2123789524297823
AR(1),Box-Jenkins,2018-06-01 00:00:00,2018-07-01 00:00:00,1,2.966362140139278,2.43165086707436,-0.534711273064918
Random Forest,aprendizaje,2018-06-01 00:00:00,2018-07-01 00:00:00,1,2.966362140139278,2.700380372759515,-0.2659817673797633
LSTM(16) v12,red neuronal,2018-06-01 00:00:00,2018-07-01 00:00:00,1,2.966362140139278,2.243401892427861,-0.7229602477114172
Comb. RF/AR(1) suave,combinacion,2018-06-01 00:00:00,2018-07-01 00:00:00,1,2.966362140139278,2.700380372759515,-0.2659817673797633
Comb. RF/AR(1) dura,combinacion,2018-06-01 00:00:00,2018-07-01 00:00:00,1,2.966362140139278,2.700380372759515,-0.2659817673797633
Comb. RF/ingenuo suave,combinacion,2018-06-01 00:00:00,2018-07-01 00:00:00,1,2.966362140139278,2.700380372759515,-0.2659817673797633
Comb. LSTM/AR(1) suave,combinacion,2018-06-01 00:00:00,2018-07-01 00:00:00,1,2.966362140139278,2.243401892427861,-0.7229602477114172
Comb. RF/AR(1) umbral min,combinacion,2018-06-01 00:00:00,2018-07-01 00:00:00,1,2.966362140139278,2.43165086707436,-0.534711273064918
Ingenuo,referencia,2018-07-01 00:00:00,2018-08-01 00:00:00,1,3.1033168720315363,2.966362140139278,-0.13695473189225815
AR(1),Box-Jenkins,2018-07-01 00:00:00,2018-08-01 00:00:00,1,3.1033168720315363,3.2688345721488377,0.16551770011730138
Random Forest,aprendizaje,2018-07-01 00:00:00,2018-08-01 00:00:00,1,3.1033168720315363,2.8688414334251053,-0.23447543860643094
LSTM(16) v12,red neuronal,2018-07-01 00:00:00,2018-08-01 00:00:00,1,3.1033168720315363,2.3208781022629057,-0.7824387697686306
Comb. RF/AR(1) suave,combinacion,2018-07-01 00:00:00,2018-08-01 00:00:00,1,3.1033168720315363,2.8688414334251053,-0.23447543860643094
Comb. RF/AR(1) dura,combinacion,2018-07-01 00:00:00,2018-08-01 00:00:00,1,3.1033168720315363,2.8688414334251053,-0.23447543860643094
Comb. RF/ingenuo suave,combinacion,2018-07-01 00:00:00,2018-08-01 00:00:00,1,3.1033168720315363,2.8688414334251053,-0.23447543860643094
Comb. LSTM/AR(1) suave,combinacion,2018-07-01 00:00:00,2018-08-01 00:00:00,1,3.1033168720315363,2.3208781022629057,-0.7824387697686306
Comb. RF/AR(1) umbral min,combinacion,2018-07-01 00:00:00,2018-08-01 00:00:00,1,3.1033168720315363,3.2688345721488377,0.16551770011730138
Ingenuo,referencia,2018-08-01 00:00:00,2018-09-01 00:00:00,1,2.500067950772844,3.1033168720315363,0.6032489212586922
AR(1),Box-Jenkins,2018-08-01 00:00:00,2018-09-01 00:00:00,1,2.500067950772844,3.3613821351966897,0.8613141844238457
Random Forest,aprendizaje,2018-08-01 00:00:00,2018-09-01 00:00:00,1,2.500067950772844,2.9688788406119158,0.4688108898390717
LSTM(16) v12,red neuronal,2018-08-01 00:00:00,2018-09-01 00:00:00,1,2.500067950772844,2.441566336371678,-0.05850161440116608
Comb. RF/AR(1) suave,combinacion,2018-08-01 00:00:00,2018-09-01 00:00:00,1,2.500067950772844,2.9688788406119158,0.4688108898390717
Comb. RF/AR(1) dura,combinacion,2018-08-01 00:00:00,2018-09-01 00:00:00,1,2.500067950772844,2.9688788406119158,0.4688108898390717
Comb. RF/ingenuo suave,combinacion,2018-08-01 00:00:00,2018-09-01 00:00:00,1,2.500067950772844,2.9688788406119158,0.4688108898390717
Comb. LSTM/AR(1) suave,combinacion,2018-08-01 00:00:00,2018-09-01 00:00:00,1,2.500067950772844,2.441566336371678,-0.05850161440116608
Comb. RF/AR(1) umbral min,combinacion,2018-08-01 00:00:00,2018-09-01 00:00:00,1,2.500067950772844,3.3613821351966897,0.8613141844238457
Ingenuo,referencia,2018-09-01 00:00:00,2018-10-01 00:00:00,1,3.547013602961302,2.500067950772844,-1.046945652188458
AR(1),Box-Jenkins,2018-09-01 00:00:00,2018-10-01 00:00:00,1,3.547013602961302,2.9411144655337003,-0.6058991374276017
Random Forest,aprendizaje,2018-09-01 00:00:00,2018-10-01 00:00:00,1,3.547013602961302,2.3272843919505286,-1.2197292110107734
LSTM(16) v12,red neuronal,2018-09-01 00:00:00,2018-10-01 00:00:00,1,3.547013602961302,2.425960541924712,-1.1210530610365899
Comb. RF/AR(1) suave,combinacion,2018-09-01 00:00:00,2018-10-01 00:00:00,1,3.547013602961302,2.3272843919505286,-1.2197292110107734
Comb. RF/AR(1) dura,combinacion,2018-09-01 00:00:00,2018-10-01 00:00:00,1,3.547013602961302,2.3272843919505286,-1.2197292110107734
Comb. RF/ingenuo suave,combinacion,2018-09-01 00:00:00,2018-10-01 00:00:00,1,3.547013602961302,2.3272843919505286,-1.2197292110107734
Comb. LSTM/AR(1) suave,combinacion,2018-09-01 00:00:00,2018-10-01 00:00:00,1,3.547013602961302,2.425960541924712,-1.1210530610365899
Comb. RF/AR(1) umbral min,combinacion,2018-09-01 00:00:00,2018-10-01 00:00:00,1,3.547013602961302,2.9411144655337003,-0.6058991374276017
Ingenuo,referencia,2018-10-01 00:00:00,2018-11-01 00:00:00,1,3.413034634795964,3.547013602961302,0.13397896816533805
AR(1),Box-Jenkins,2018-10-01 00:00:00,2018-11-01 00:00:00,1,3.413034634795964,3.6637452032686113,0.2507105684726474
Random Forest,aprendizaje,2018-10-01 00:00:00,2018-11-01 00:00:00,1,3.413034634795964,3.1860577052600734,-0.22697692953589055
LSTM(16) v12,red neuronal,2018-10-01 00:00:00,2018-11-01 00:00:00,1,3.413034634795964,2.5972379776576577,-0.8157966571383062
Comb. RF/AR(1) suave,combinacion,2018-10-01 00:00:00,2018-11-01 00:00:00,1,3.413034634795964,3.1860577052600734,-0.22697692953589055
Comb. RF/AR(1) dura,combinacion,2018-10-01 00:00:00,2018-11-01 00:00:00,1,3.413034634795964,3.1860577052600734,-0.22697692953589055
Comb. RF/ingenuo suave,combinacion,2018-10-01 00:00:00,2018-11-01 00:00:00,1,3.413034634795964,3.1860577052600734,-0.22697692953589055
Comb. LSTM/AR(1) suave,combinacion,2018-10-01 00:00:00,2018-11-01 00:00:00,1,3.413034634795964,2.5972379776576577,-0.8157966571383062
Comb. RF/AR(1) umbral min,combinacion,2018-10-01 00:00:00,2018-11-01 00:00:00,1,3.413034634795964,3.6637452032686113,0.2507105684726474
Ingenuo,referencia,2018-11-01 00:00:00,2018-12-01 00:00:00,1,1.8755730508588364,3.413034634795964,1.5374615839371275
AR(1),Box-Jenkins,2018-11-01 00:00:00,2018-12-01 00:00:00,1,1.8755730508588364,3.57028159168192,1.6947085408230835
Random Forest,aprendizaje,2018-11-01 00:00:00,2018-12-01 00:00:00,1,1.8755730508588364,3.096904886489296,1.2213318356304597
LSTM(16) v12,red neuronal,2018-11-01 00:00:00,2018-12-01 00:00:00,1,1.8755730508588364,2.669607965250205,0.7940349143913688
Comb. RF/AR(1) suave,combinacion,2018-11-01 00:00:00,2018-12-01 00:00:00,1,1.8755730508588364,3.096904886489296,1.2213318356304597
Comb. RF/AR(1) dura,combinacion,2018-11-01 00:00:00,2018-12-01 00:00:00,1,1.8755730508588364,3.096904886489296,1.2213318356304597
Comb. RF/ingenuo suave,combinacion,2018-11-01 00:00:00,2018-12-01 00:00:00,1,1.8755730508588364,3.096904886489296,1.2213318356304597
Comb. LSTM/AR(1) suave,combinacion,2018-11-01 00:00:00,2018-12-01 00:00:00,1,1.8755730508588364,2.669607965250205,0.7940349143913688
Comb. RF/AR(1) umbral min,combinacion,2018-11-01 00:00:00,2018-12-01 00:00:00,1,1.8755730508588364,3.57028159168192,1.6947085408230835
Ingenuo,referencia,2018-12-01 00:00:00,2019-01-01 00:00:00,1,3.6572014274797837,1.8755730508588364,-1.7816283766209473
AR(1),Box-Jenkins,2018-12-01 00:00:00,2019-01-01 00:00:00,1,3.6572014274797837,2.5038399093347854,-1.1533615181449983
Random Forest,aprendizaje,2018-12-01 00:00:00,2019-01-01 00:00:00,1,3.6572014274797837,3.0643606044659926,-0.5928408230137912
LSTM(16) v12,red neuronal,2018-12-01 00:00:00,2019-01-01 00:00:00,1,3.6572014274797837,2.5148185978551387,-1.142382829624645
Comb. RF/AR(1) suave,combinacion,2018-12-01 00:00:00,2019-01-01 00:00:00,1,3.6572014274797837,3.0643606044659926,-0.5928408230137912
Comb. RF/AR(1) dura,combinacion,2018-12-01 00:00:00,2019-01-01 00:00:00,1,3.6572014274797837,3.0643606044659926,-0.5928408230137912
Comb. RF/ingenuo suave,combinacion,2018-12-01 00:00:00,2019-01-01 00:00:00,1,3.6572014274797837,3.0643606044659926,-0.5928408230137912
Comb. LSTM/AR(1) suave,combinacion,2018-12-01 00:00:00,2019-01-01 00:00:00,1,3.6572014274797837,2.5148185978551387,-1.142382829624645
Comb. RF/AR(1) umbral min,combinacion,2018-12-01 00:00:00,2019-01-01 00:00:00,1,3.6572014274797837,2.5038399093347854,-1.1533615181449983
Ingenuo,referencia,2019-01-01 00:00:00,2019-02-01 00:00:00,1,3.523998520631566,3.6572014274797837,0.13320290684821767
AR(1),Box-Jenkins,2019-01-01 00:00:00,2019-02-01 00:00:00,1,3.523998520631566,3.7344662026614097,0.21046768202984367
Random Forest,aprendizaje,2019-01-01 00:00:00,2019-02-01 00:00:00,1,3.523998520631566,3.391280396156325,-0.1327181244752409
LSTM(16) v12,red neuronal,2019-01-01 00:00:00,2019-02-01 00:00:00,1,3.523998520631566,2.680220732848695,-0.8437777877828712
Comb. RF/AR(1) suave,combinacion,2019-01-01 00:00:00,2019-02-01 00:00:00,1,3.523998520631566,3.391280396156325,-0.1327181244752409
Comb. RF/AR(1) dura,combinacion,2019-01-01 00:00:00,2019-02-01 00:00:00,1,3.523998520631566,3.391280396156325,-0.1327181244752409
Comb. RF/ingenuo suave,combinacion,2019-01-01 00:00:00,2019-02-01 00:00:00,1,3.523998520631566,3.391280396156325,-0.1327181244752409
Comb. LSTM/AR(1) suave,combinacion,2019-01-01 00:00:00,2019-02-01 00:00:00,1,3.523998520631566,2.680220732848695,-0.8437777877828712
Comb. RF/AR(1) umbral min,combinacion,2019-01-01 00:00:00,2019-02-01 00:00:00,1,3.523998520631566,3.7344662026614097,0.21046768202984367
Ingenuo,referencia,2019-02-01 00:00:00,2019-03-01 00:00:00,1,3.348658423710371,3.523998520631566,0.1753400969211949
AR(1),Box-Jenkins,2019-02-01 00:00:00,2019-03-01 00:00:00,1,3.348658423710371,3.642079838720795,0.29342141501042374
Random Forest,aprendizaje,2019-02-01 00:00:00,2019-03-01 00:00:00,1,3.348658423710371,2.8008765495362127,-0.5477818741741585
LSTM(16) v12,red neuronal,2019-02-01 00:00:00,2019-03-01 00:00:00,1,3.348658423710371,2.9725399512512998,-0.3761184724590714
Comb. RF/AR(1) suave,combinacion,2019-02-01 00:00:00,2019-03-01 00:00:00,1,3.348658423710371,2.8008765495362127,-0.5477818741741585
Comb. RF/AR(1) dura,combinacion,2019-02-01 00:00:00,2019-03-01 00:00:00,1,3.348658423710371,2.8008765495362127,-0.5477818741741585
Comb. RF/ingenuo suave,combinacion,2019-02-01 00:00:00,2019-03-01 00:00:00,1,3.348658423710371,2.8008765495362127,-0.5477818741741585
Comb. LSTM/AR(1) suave,combinacion,2019-02-01 00:00:00,2019-03-01 00:00:00,1,3.348658423710371,2.9725399512512998,-0.3761184724590714
Comb. RF/AR(1) umbral min,combinacion,2019-02-01 00:00:00,2019-03-01 00:00:00,1,3.348658423710371,3.642079838720795,0.29342141501042374
Ingenuo,referencia,2019-03-01 00:00:00,2019-04-01 00:00:00,1,2.4160679857166523,3.348658423710371,0.9325904379937189
AR(1),Box-Jenkins,2019-03-01 00:00:00,2019-04-01 00:00:00,1,2.4160679857166523,3.520320798391523,1.1042528126748707
Random Forest,aprendizaje,2019-03-01 00:00:00,2019-04-01 00:00:00,1,2.4160679857166523,3.0563848281592283,0.640316842442576
LSTM(16) v12,red neuronal,2019-03-01 00:00:00,2019-04-01 00:00:00,1,2.4160679857166523,3.024848200768921,0.6087802150522688
Comb. RF/AR(1) suave,combinacion,2019-03-01 00:00:00,2019-04-01 00:00:00,1,2.4160679857166523,3.0563848281592283,0.640316842442576
Comb. RF/AR(1) dura,combinacion,2019-03-01 00:00:00,2019-04-01 00:00:00,1,2.4160679857166523,3.0563848281592283,0.640316842442576
Comb. RF/ingenuo suave,combinacion,2019-03-01 00:00:00,2019-04-01 00:00:00,1,2.4160679857166523,3.0563848281592283,0.640316842442576
Comb. LSTM/AR(1) suave,combinacion,2019-03-01 00:00:00,2019-04-01 00:00:00,1,2.4160679857166523,3.024848200768921,0.6087802150522688
Comb. RF/AR(1) umbral min,combinacion,2019-03-01 00:00:00,2019-04-01 00:00:00,1,2.4160679857166523,3.520320798391523,1.1042528126748707
Ingenuo,referencia,2019-04-01 00:00:00,2019-05-01 00:00:00,1,4.212467570390599,2.4160679857166523,-1.7963995846739467
AR(1),Box-Jenkins,2019-04-01 00:00:00,2019-05-01 00:00:00,1,4.212467570390599,2.8748189959634454,-1.3376485744271536
Random Forest,aprendizaje,2019-04-01 00:00:00,2019-05-01 00:00:00,1,4.212467570390599,2.910800252709136,-1.301667317681463
LSTM(16) v12,red neuronal,2019-04-01 00:00:00,2019-05-01 00:00:00,1,4.212467570390599,2.8450822254299077,-1.3673853449606912
Comb. RF/AR(1) suave,combinacion,2019-04-01 00:00:00,2019-05-01 00:00:00,1,4.212467570390599,2.910800252709136,-1.301667317681463
Comb. RF/AR(1) dura,combinacion,2019-04-01 00:00:00,2019-05-01 00:00:00,1,4.212467570390599,2.910800252709136,-1.301667317681463
Comb. RF/ingenuo suave,combinacion,2019-04-01 00:00:00,2019-05-01 00:00:00,1,4.212467570390599,2.910800252709136,-1.301667317681463
Comb. LSTM/AR(1) suave,combinacion,2019-04-01 00:00:00,2019-05-01 00:00:00,1,4.212467570390599,2.8450822254299077,-1.3673853449606912
Comb. RF/AR(1) umbral min,combinacion,2019-04-01 00:00:00,2019-05-01 00:00:00,1,4.212467570390599,2.8748189959634454,-1.3376485744271536
Ingenuo,referencia,2019-05-01 00:00:00,2019-06-01 00:00:00,1,2.4472601495796997,4.212467570390599,1.7652074208108992
AR(1),Box-Jenkins,2019-05-01 00:00:00,2019-06-01 00:00:00,1,2.4472601495796997,4.111641858092381,1.664381708512681
Random Forest,aprendizaje,2019-05-01 00:00:00,2019-06-01 00:00:00,1,2.4472601495796997,3.3267970246389655,0.8795368750592658
LSTM(16) v12,red neuronal,2019-05-01 00:00:00,2019-06-01 00:00:00,1,2.4472601495796997,3.134084670313968,0.6868245207342683
Comb. RF/AR(1) suave,combinacion,2019-05-01 00:00:00,2019-06-01 00:00:00,1,2.4472601495796997,3.3267970246389655,0.8795368750592658
Comb. RF/AR(1) dura,combinacion,2019-05-01 00:00:00,2019-06-01 00:00:00,1,2.4472601495796997,3.3267970246389655,0.8795368750592658
Comb. RF/ingenuo suave,combinacion,2019-05-01 00:00:00,2019-06-01 00:00:00,1,2.4472601495796997,3.3267970246389655,0.8795368750592658
Comb. LSTM/AR(1) suave,combinacion,2019-05-01 00:00:00,2019-06-01 00:00:00,1,2.4472601495796997,3.134084670313968,0.6868245207342683
Comb. RF/AR(1) umbral min,combinacion,2019-05-01 00:00:00,2019-06-01 00:00:00,1,2.4472601495796997,4.111641858092381,1.664381708512681
Ingenuo,referencia,2019-06-01 00:00:00,2019-07-01 00:00:00,1,4.284822490962559,2.4472601495796997,-1.837562341382859
AR(1),Box-Jenkins,2019-06-01 00:00:00,2019-07-01 00:00:00,1,4.284822490962559,2.898568984973334,-1.3862535059892247
Random Forest,aprendizaje,2019-06-01 00:00:00,2019-07-01 00:00:00,1,4.284822490962559,2.6526052362835317,-1.632217254679027
LSTM(16) v12,red neuronal,2019-06-01 00:00:00,2019-07-01 00:00:00,1,4.284822490962559,2.9212451961160815,-1.3635772948464773
Comb. RF/AR(1) suave,combinacion,2019-06-01 00:00:00,2019-07-01 00:00:00,1,4.284822490962559,2.6526052362835317,-1.632217254679027
Comb. RF/AR(1) dura,combinacion,2019-06-01 00:00:00,2019-07-01 00:00:00,1,4.284822490962559,2.6526052362835317,-1.632217254679027
Comb. RF/ingenuo suave,combinacion,2019-06-01 00:00:00,2019-07-01 00:00:00,1,4.284822490962559,2.6526052362835317,-1.632217254679027
Comb. LSTM/AR(1) suave,combinacion,2019-06-01 00:00:00,2019-07-01 00:00:00,1,4.284822490962559,2.9212451961160815,-1.3635772948464773
Comb. RF/AR(1) umbral min,combinacion,2019-06-01 00:00:00,2019-07-01 00:00:00,1,4.284822490962559,2.898568984973334,-1.3862535059892247
Ingenuo,referencia,2019-07-01 00:00:00,2019-08-01 00:00:00,1,2.5275644604989767,4.284822490962559,1.757258030463582
AR(1),Box-Jenkins,2019-07-01 00:00:00,2019-08-01 00:00:00,1,2.5275644604989767,4.157996081948647,1.6304316214496701
Random Forest,aprendizaje,2019-07-01 00:00:00,2019-08-01 00:00:00,1,2.5275644604989767,3.366719530039585,0.8391550695406083
LSTM(16) v12,red neuronal,2019-07-01 00:00:00,2019-08-01 00:00:00,1,2.5275644604989767,3.6312163016412216,1.103651841142245
Comb. RF/AR(1) suave,combinacion,2019-07-01 00:00:00,2019-08-01 00:00:00,1,2.5275644604989767,3.366719530039585,0.8391550695406083
Comb. RF/AR(1) dura,combinacion,2019-07-01 00:00:00,2019-08-01 00:00:00,1,2.5275644604989767,3.366719530039585,0.8391550695406083
Comb. RF/ingenuo suave,combinacion,2019-07-01 00:00:00,2019-08-01 00:00:00,1,2.5275644604989767,3.366719530039585,0.8391550695406083
Comb. LSTM/AR(1) suave,combinacion,2019-07-01 00:00:00,2019-08-01 00:00:00,1,2.5275644604989767,3.6312163016412216,1.103651841142245
Comb. RF/AR(1) umbral min,combinacion,2019-07-01 00:00:00,2019-08-01 00:00:00,1,2.5275644604989767,4.157996081948647,1.6304316214496701
Ingenuo,referencia,2019-08-01 00:00:00,2019-09-01 00:00:00,1,2.0030685572016482,2.5275644604989767,0.5244959032973284
AR(1),Box-Jenkins,2019-08-01 00:00:00,2019-09-01 00:00:00,1,2.0030685572016482,2.956163745315517,0.9530951881138687
Random Forest,aprendizaje,2019-08-01 00:00:00,2019-09-01 00:00:00,1,2.0030685572016482,3.2005780329498372,1.197509475748189
LSTM(16) v12,red neuronal,2019-08-01 00:00:00,2019-09-01 00:00:00,1,2.0030685572016482,3.2151417932513113,1.212073236049663
Comb. RF/AR(1) suave,combinacion,2019-08-01 00:00:00,2019-09-01 00:00:00,1,2.0030685572016482,3.2005780329498372,1.197509475748189
Comb. RF/AR(1) dura,combinacion,2019-08-01 00:00:00,2019-09-01 00:00:00,1,2.0030685572016482,3.2005780329498372,1.197509475748189
Comb. RF/ingenuo suave,combinacion,2019-08-01 00:00:00,2019-09-01 00:00:00,1,2.0030685572016482,3.2005780329498372,1.197509475748189
Comb. LSTM/AR(1) suave,combinacion,2019-08-01 00:00:00,2019-09-01 00:00:00,1,2.0030685572016482,3.2151417932513113,1.212073236049663
Comb. RF/AR(1) umbral min,combinacion,2019-08-01 00:00:00,2019-09-01 00:00:00,1,2.0030685572016482,2.956163745315517,0.9530951881138687
Ingenuo,referencia,2019-09-01 00:00:00,2019-10-01 00:00:00,1,3.1734723509095675,2.0030685572016482,-1.1704037937079192
AR(1),Box-Jenkins,2019-09-01 00:00:00,2019-10-01 00:00:00,1,3.1734723509095675,2.5917947548623785,-0.5816775960471889
Random Forest,aprendizaje,2019-09-01 00:00:00,2019-10-01 00:00:00,1,3.1734723509095675,2.9157474234833547,-0.2577249274262128
LSTM(16) v12,red neuronal,2019-09-01 00:00:00,2019-10-01 00:00:00,1,3.1734723509095675,2.864108642412261,-0.30936370849730643
Comb. RF/AR(1) suave,combinacion,2019-09-01 00:00:00,2019-10-01 00:00:00,1,3.1734723509095675,2.9157474234833547,-0.2577249274262128
Comb. RF/AR(1) dura,combinacion,2019-09-01 00:00:00,2019-10-01 00:00:00,1,3.1734723509095675,2.9157474234833547,-0.2577249274262128
Comb. RF/ingenuo suave,combinacion,2019-09-01 00:00:00,2019-10-01 00:00:00,1,3.1734723509095675,2.9157474234833547,-0.2577249274262128
Comb. LSTM/AR(1) suave,combinacion,2019-09-01 00:00:00,2019-10-01 00:00:00,1,3.1734723509095675,2.864108642412261,-0.30936370849730643
Comb. RF/AR(1) umbral min,combinacion,2019-09-01 00:00:00,2019-10-01 00:00:00,1,3.1734723509095675,2.5917947548623785,-0.5816775960471889
Ingenuo,referencia,2019-10-01 00:00:00,2019-11-01 00:00:00,1,2.3452733036335216,3.1734723509095675,0.8281990472760459
AR(1),Box-Jenkins,2019-10-01 00:00:00,2019-11-01 00:00:00,1,2.3452733036335216,3.3916476987976774,1.0463743951641558
Random Forest,aprendizaje,2019-10-01 00:00:00,2019-11-01 00:00:00,1,2.3452733036335216,3.1111547205915224,0.7658814169580008
LSTM(16) v12,red neuronal,2019-10-01 00:00:00,2019-11-01 00:00:00,1,2.3452733036335216,2.88649093556374,0.5412176319302184
Comb. RF/AR(1) suave,combinacion,2019-10-01 00:00:00,2019-11-01 00:00:00,1,2.3452733036335216,3.1111547205915224,0.7658814169580008
Comb. RF/AR(1) dura,combinacion,2019-10-01 00:00:00,2019-11-01 00:00:00,1,2.3452733036335216,3.1111547205915224,0.7658814169580008
Comb. RF/ingenuo suave,combinacion,2019-10-01 00:00:00,2019-11-01 00:00:00,1,2.3452733036335216,3.1111547205915224,0.7658814169580008
Comb. LSTM/AR(1) suave,combinacion,2019-10-01 00:00:00,2019-11-01 00:00:00,1,2.3452733036335216,2.88649093556374,0.5412176319302184
Comb. RF/AR(1) umbral min,combinacion,2019-10-01 00:00:00,2019-11-01 00:00:00,1,2.3452733036335216,3.3916476987976774,1.0463743951641558
Ingenuo,referencia,2019-11-01 00:00:00,2019-12-01 00:00:00,1,3.0147948444819495,2.3452733036335216,-0.6695215408484279
AR(1),Box-Jenkins,2019-11-01 00:00:00,2019-12-01 00:00:00,1,3.0147948444819495,2.8222475258190487,-0.19254731866290076
Random Forest,aprendizaje,2019-11-01 00:00:00,2019-12-01 00:00:00,1,3.0147948444819495,2.6575644370970846,-0.3572304073848649
LSTM(16) v12,red neuronal,2019-11-01 00:00:00,2019-12-01 00:00:00,1,3.0147948444819495,2.9163408586441264,-0.09845398583782305
Comb. RF/AR(1) suave,combinacion,2019-11-01 00:00:00,2019-12-01 00:00:00,1,3.0147948444819495,2.6575644370970846,-0.3572304073848649
Comb. RF/AR(1) dura,combinacion,2019-11-01 00:00:00,2019-12-01 00:00:00,1,3.0147948444819495,2.6575644370970846,-0.3572304073848649
Comb. RF/ingenuo suave,combinacion,2019-11-01 00:00:00,2019-12-01 00:00:00,1,3.0147948444819495,2.6575644370970846,-0.3572304073848649
Comb. LSTM/AR(1) suave,combinacion,2019-11-01 00:00:00,2019-12-01 00:00:00,1,3.0147948444819495,2.9163408586441264,-0.09845398583782305
Comb. RF/AR(1) umbral min,combinacion,2019-11-01 00:00:00,2019-12-01 00:00:00,1,3.0147948444819495,2.8222475258190487,-0.19254731866290076
Ingenuo,referencia,2019-12-01 00:00:00,2020-01-01 00:00:00,1,3.393472614997406,3.0147948444819495,-0.3786777705154565
AR(1),Box-Jenkins,2019-12-01 00:00:00,2020-01-01 00:00:00,1,3.393472614997406,3.278418056160324,-0.11505455883708215
Random Forest,aprendizaje,2019-12-01 00:00:00,2020-01-01 00:00:00,1,3.393472614997406,2.7498098160113504,-0.6436627989860555
LSTM(16) v12,red neuronal,2019-12-01 00:00:00,2020-01-01 00:00:00,1,3.393472614997406,2.9086251456644963,-0.4848474693329097
Comb. RF/AR(1) suave,combinacion,2019-12-01 00:00:00,2020-01-01 00:00:00,1,3.393472614997406,2.7498098160113504,-0.6436627989860555
Comb. RF/AR(1) dura,combinacion,2019-12-01 00:00:00,2020-01-01 00:00:00,1,3.393472614997406,2.7498098160113504,-0.6436627989860555
Comb. RF/ingenuo suave,combinacion,2019-12-01 00:00:00,2020-01-01 00:00:00,1,3.393472614997406,2.7498098160113504,-0.6436627989860555
Comb. LSTM/AR(1) suave,combinacion,2019-12-01 00:00:00,2020-01-01 00:00:00,1,3.393472614997406,2.9086251456644963,-0.4848474693329097
Comb. RF/AR(1) umbral min,combinacion,2019-12-01 00:00:00,2020-01-01 00:00:00,1,3.393472614997406,3.278418056160324,-0.11505455883708215
Ingenuo,referencia,2020-01-01 00:00:00,2020-02-01 00:00:00,1,3.5951920669581527,3.393472614997406,-0.2017194519607468
AR(1),Box-Jenkins,2020-01-01 00:00:00,2020-02-01 00:00:00,1,3.5951920669581527,3.536213824049096,-0.05897824290905662
Random Forest,aprendizaje,2020-01-01 00:00:00,2020-02-01 00:00:00,1,3.5951920669581527,3.118776324902776,-0.47641574205537696
LSTM(16) v12,red neuronal,2020-01-01 00:00:00,2020-02-01 00:00:00,1,3.5951920669581527,2.9346978374627217,-0.660494229495431
Comb. RF/AR(1) suave,combinacion,2020-01-01 00:00:00,2020-02-01 00:00:00,1,3.5951920669581527,3.118776324902776,-0.47641574205537696
Comb. RF/AR(1) dura,combinacion,2020-01-01 00:00:00,2020-02-01 00:00:00,1,3.5951920669581527,3.118776324902776,-0.47641574205537696
Comb. RF/ingenuo suave,combinacion,2020-01-01 00:00:00,2020-02-01 00:00:00,1,3.5951920669581527,3.118776324902776,-0.47641574205537696
Comb. LSTM/AR(1) suave,combinacion,2020-01-01 00:00:00,2020-02-01 00:00:00,1,3.5951920669581527,2.9346978374627217,-0.660494229495431
Comb. RF/AR(1) umbral min,combinacion,2020-01-01 00:00:00,2020-02-01 00:00:00,1,3.5951920669581527,3.536213824049096,-0.05897824290905662
Ingenuo,referencia,2020-02-01 00:00:00,2020-03-01 00:00:00,1,-6.289346100232862,3.5951920669581527,9.884538167191014
AR(1),Box-Jenkins,2020-02-01 00:00:00,2020-03-01 00:00:00,1,-6.289346100232862,3.673481152021039,9.962827252253902
Random Forest,aprendizaje,2020-02-01 00:00:00,2020-03-01 00:00:00,1,-6.289346100232862,2.811915505489022,9.101261605721884
LSTM(16) v12,red neuronal,2020-02-01 00:00:00,2020-03-01 00:00:00,1,-6.289346100232862,3.2253445621947248,9.514690662427586
Comb. RF/AR(1) suave,combinacion,2020-02-01 00:00:00,2020-03-01 00:00:00,1,-6.289346100232862,2.811915505489022,9.101261605721884
Comb. RF/AR(1) dura,combinacion,2020-02-01 00:00:00,2020-03-01 00:00:00,1,-6.289346100232862,2.811915505489022,9.101261605721884
Comb. RF/ingenuo suave,combinacion,2020-02-01 00:00:00,2020-03-01 00:00:00,1,-6.289346100232862,2.811915505489022,9.101261605721884
Comb. LSTM/AR(1) suave,combinacion,2020-02-01 00:00:00,2020-03-01 00:00:00,1,-6.289346100232862,3.2253445621947248,9.514690662427586
Comb. RF/AR(1) umbral min,combinacion,2020-02-01 00:00:00,2020-03-01 00:00:00,1,-6.289346100232862,3.673481152021039,9.962827252253902
Ingenuo,referencia,2020-03-01 00:00:00,2020-04-01 00:00:00,1,-20.195194204176914,-6.289346100232862,13.905848103944052
AR(1),Box-Jenkins,2020-03-01 00:00:00,2020-04-01 00:00:00,1,-20.195194204176914,-3.124069805572521,17.071124398604393
Random Forest,aprendizaje,2020-03-01 00:00:00,2020-04-01 00:00:00,1,-20.195194204176914,3.2695831357832192,23.464777339960133
LSTM(16) v12,red neuronal,2020-03-01 00:00:00,2020-04-01 00:00:00,1,-20.195194204176914,1.9734759482562914,22.168670152433204
Comb. RF/AR(1) suave,combinacion,2020-03-01 00:00:00,2020-04-01 00:00:00,1,-20.195194204176914,-3.124069805572521,17.071124398604393
Comb. RF/AR(1) dura,combinacion,2020-03-01 00:00:00,2020-04-01 00:00:00,1,-20.195194204176914,-3.124069805572521,17.071124398604393
Comb. RF/ingenuo suave,combinacion,2020-03-01 00:00:00,2020-04-01 00:00:00,1,-20.195194204176914,-6.289346100232862,13.905848103944052
Comb. LSTM/AR(1) suave,combinacion,2020-03-01 00:00:00,2020-04-01 00:00:00,1,-20.195194204176914,-3.124069805572521,17.071124398604393
Comb. RF/AR(1) umbral min,combinacion,2020-03-01 00:00:00,2020-04-01 00:00:00,1,-20.195194204176914,-3.124069805572521,17.071124398604393
Ingenuo,referencia,2020-04-01 00:00:00,2020-05-01 00:00:00,1,-17.428367439153025,-20.195194204176914,-2.7668267650238896
AR(1),Box-Jenkins,2020-04-01 00:00:00,2020-05-01 00:00:00,1,-17.428367439153025,-17.09039512363578,0.33797231551724494
Random Forest,aprendizaje,2020-04-01 00:00:00,2020-05-01 00:00:00,1,-17.428367439153025,-12.246322430760044,5.182045008392981
LSTM(16) v12,red neuronal,2020-04-01 00:00:00,2020-05-01 00:00:00,1,-17.428367439153025,0.04067703036499237,17.469044469518018
Comb. RF/AR(1) suave,combinacion,2020-04-01 00:00:00,2020-05-01 00:00:00,1,-17.428367439153025,-17.09039512363578,0.33797231551724494
Comb. RF/AR(1) dura,combinacion,2020-04-01 00:00:00,2020-05-01 00:00:00,1,-17.428367439153025,-17.09039512363578,0.33797231551724494
Comb. RF/ingenuo suave,combinacion,2020-04-01 00:00:00,2020-05-01 00:00:00,1,-17.428367439153025,-20.195194204176914,-2.7668267650238896
Comb. LSTM/AR(1) suave,combinacion,2020-04-01 00:00:00,2020-05-01 00:00:00,1,-17.428367439153025,-17.09039512363578,0.33797231551724494
Comb. RF/AR(1) umbral min,combinacion,2020-04-01 00:00:00,2020-05-01 00:00:00,1,-17.428367439153025,-17.09039512363578,0.33797231551724494
Ingenuo,referencia,2020-05-01 00:00:00,2020-06-01 00:00:00,1,-12.540164765225736,-17.428367439153025,-4.888202673927289
AR(1),Box-Jenkins,2020-05-01 00:00:00,2020-06-01 00:00:00,1,-12.540164765225736,-14.81245868116648,-2.272293915940743
Random Forest,aprendizaje,2020-05-01 00:00:00,2020-06-01 00:00:00,1,-12.540164765225736,-16.39273737690788,-3.8525726116821453
LSTM(16) v12,red neuronal,2020-05-01 00:00:00,2020-06-01 00:00:00,1,-12.540164765225736,-0.2371542554737771,12.303010509751958
Comb. RF/AR(1) suave,combinacion,2020-05-01 00:00:00,2020-06-01 00:00:00,1,-12.540164765225736,-14.81245868116648,-2.272293915940743
Comb. RF/AR(1) dura,combinacion,2020-05-01 00:00:00,2020-06-01 00:00:00,1,-12.540164765225736,-14.81245868116648,-2.272293915940743
Comb. RF/ingenuo suave,combinacion,2020-05-01 00:00:00,2020-06-01 00:00:00,1,-12.540164765225736,-17.428367439153025,-4.888202673927289
Comb. LSTM/AR(1) suave,combinacion,2020-05-01 00:00:00,2020-06-01 00:00:00,1,-12.540164765225736,-14.81245868116648,-2.272293915940743
Comb. RF/AR(1) umbral min,combinacion,2020-05-01 00:00:00,2020-06-01 00:00:00,1,-12.540164765225736,-14.81245868116648,-2.272293915940743
Ingenuo,referencia,2020-06-01 00:00:00,2020-07-01 00:00:00,1,-10.639637551522407,-12.540164765225736,-1.900527213703329
AR(1),Box-Jenkins,2020-06-01 00:00:00,2020-07-01 00:00:00,1,-10.639637551522407,-10.15539305207383,0.48424449944857706
Random Forest,aprendizaje,2020-06-01 00:00:00,2020-07-01 00:00:00,1,-10.639637551522407,-15.777904552260482,-5.138267000738075
LSTM(16) v12,red neuronal,2020-06-01 00:00:00,2020-07-01 00:00:00,1,-10.639637551522407,-0.33753709050110103,10.302100461021306
Comb. RF/AR(1) suave,combinacion,2020-06-01 00:00:00,2020-07-01 00:00:00,1,-10.639637551522407,-10.15539305207383,0.48424449944857706
Comb. RF/AR(1) dura,combinacion,2020-06-01 00:00:00,2020-07-01 00:00:00,1,-10.639637551522407,-10.15539305207383,0.48424449944857706
Comb. RF/ingenuo suave,combinacion,2020-06-01 00:00:00,2020-07-01 00:00:00,1,-10.639637551522407,-12.540164765225736,-1.900527213703329
Comb. LSTM/AR(1) suave,combinacion,2020-06-01 00:00:00,2020-07-01 00:00:00,1,-10.639637551522407,-10.15539305207383,0.48424449944857706
Comb. RF/AR(1) umbral min,combinacion,2020-06-01 00:00:00,2020-07-01 00:00:00,1,-10.639637551522407,-10.15539305207383,0.48424449944857706
Ingenuo,referencia,2020-07-01 00:00:00,2020-08-01 00:00:00,1,-10.389555164403808,-10.639637551522407,-0.2500823871185993
AR(1),Box-Jenkins,2020-07-01 00:00:00,2020-08-01 00:00:00,1,-10.389555164403808,-8.600406416816702,1.789148747587106
Random Forest,aprendizaje,2020-07-01 00:00:00,2020-08-01 00:00:00,1,-10.389555164403808,-13.757513140718688,-3.36795797631488
LSTM(16) v12,red neuronal,2020-07-01 00:00:00,2020-08-01 00:00:00,1,-10.389555164403808,-0.378172981193063,10.011382183210745
Comb. RF/AR(1) suave,combinacion,2020-07-01 00:00:00,2020-08-01 00:00:00,1,-10.389555164403808,-8.600406416816702,1.789148747587106
Comb. RF/AR(1) dura,combinacion,2020-07-01 00:00:00,2020-08-01 00:00:00,1,-10.389555164403808,-8.600406416816702,1.789148747587106
Comb. RF/ingenuo suave,combinacion,2020-07-01 00:00:00,2020-08-01 00:00:00,1,-10.389555164403808,-10.639637551522407,-0.2500823871185993
Comb. LSTM/AR(1) suave,combinacion,2020-07-01 00:00:00,2020-08-01 00:00:00,1,-10.389555164403808,-8.600406416816702,1.789148747587106
Comb. RF/AR(1) umbral min,combinacion,2020-07-01 00:00:00,2020-08-01 00:00:00,1,-10.389555164403808,-8.600406416816702,1.789148747587106
Ingenuo,referencia,2020-08-01 00:00:00,2020-09-01 00:00:00,1,-6.462847566547958,-10.389555164403808,-3.9267075978558497
AR(1),Box-Jenkins,2020-08-01 00:00:00,2020-09-01 00:00:00,1,-6.462847566547958,-8.541216323168099,-2.078368756620141
Random Forest,aprendizaje,2020-08-01 00:00:00,2020-09-01 00:00:00,1,-6.462847566547958,-13.43100734323185,-6.968159776683891
LSTM(16) v12,red neuronal,2020-08-01 00:00:00,2020-09-01 00:00:00,1,-6.462847566547958,-0.366173293147535,6.0966742734004225
Comb. RF/AR(1) suave,combinacion,2020-08-01 00:00:00,2020-09-01 00:00:00,1,-6.462847566547958,-8.541216323168099,-2.078368756620141
Comb. RF/AR(1) dura,combinacion,2020-08-01 00:00:00,2020-09-01 00:00:00,1,-6.462847566547958,-8.541216323168099,-2.078368756620141
Comb. RF/ingenuo suave,combinacion,2020-08-01 00:00:00,2020-09-01 00:00:00,1,-6.462847566547958,-10.389555164403808,-3.9267075978558497
Comb. LSTM/AR(1) suave,combinacion,2020-08-01 00:00:00,2020-09-01 00:00:00,1,-6.462847566547958,-8.541216323168099,-2.078368756620141
Comb. RF/AR(1) umbral min,combinacion,2020-08-01 00:00:00,2020-09-01 00:00:00,1,-6.462847566547958,-8.541216323168099,-2.078368756620141
Ingenuo,referencia,2020-09-01 00:00:00,2020-10-01 00:00:00,1,-4.674781094607483,-6.462847566547958,-1.7880664719404749
AR(1),Box-Jenkins,2020-09-01 00:00:00,2020-10-01 00:00:00,1,-4.674781094607483,-5.047973513233944,-0.373192418626461
Random Forest,aprendizaje,2020-09-01 00:00:00,2020-10-01 00:00:00,1,-4.674781094607483,-10.292066278903372,-5.617285184295889
LSTM(16) v12,red neuronal,2020-09-01 00:00:00,2020-10-01 00:00:00,1,-4.674781094607483,-0.395499592285824,4.279281502321659
Comb. RF/AR(1) suave,combinacion,2020-09-01 00:00:00,2020-10-01 00:00:00,1,-4.674781094607483,-5.047973513233944,-0.373192418626461
Comb. RF/AR(1) dura,combinacion,2020-09-01 00:00:00,2020-10-01 00:00:00,1,-4.674781094607483,-5.047973513233944,-0.373192418626461
Comb. RF/ingenuo suave,combinacion,2020-09-01 00:00:00,2020-10-01 00:00:00,1,-4.674781094607483,-6.462847566547958,-1.7880664719404749
Comb. LSTM/AR(1) suave,combinacion,2020-09-01 00:00:00,2020-10-01 00:00:00,1,-4.674781094607483,-5.047973513233944,-0.373192418626461
Comb. RF/AR(1) umbral min,combinacion,2020-09-01 00:00:00,2020-10-01 00:00:00,1,-4.674781094607483,-5.047973513233944,-0.373192418626461
Ingenuo,referencia,2020-10-01 00:00:00,2020-11-01 00:00:00,1,-3.6520931144168434,-4.674781094607483,-1.0226879801906397
AR(1),Box-Jenkins,2020-10-01 00:00:00,2020-11-01 00:00:00,1,-3.6520931144168434,-3.5180460760942727,0.1340470383225707
Random Forest,aprendizaje,2020-10-01 00:00:00,2020-11-01 00:00:00,1,-3.6520931144168434,-9.834477690385002,-6.182384575968159
LSTM(16) v12,red neuronal,2020-10-01 00:00:00,2020-11-01 00:00:00,1,-3.6520931144168434,-0.3261102188913134,3.32598289552553
Comb. RF/AR(1) suave,combinacion,2020-10-01 00:00:00,2020-11-01 00:00:00,1,-3.6520931144168434,-3.5180460760942727,0.1340470383225707
Comb. RF/AR(1) dura,combinacion,2020-10-01 00:00:00,2020-11-01 00:00:00,1,-3.6520931144168434,-3.5180460760942727,0.1340470383225707
Comb. RF/ingenuo suave,combinacion,2020-10-01 00:00:00,2020-11-01 00:00:00,1,-3.6520931144168434,-4.674781094607483,-1.0226879801906397
Comb. LSTM/AR(1) suave,combinacion,2020-10-01 00:00:00,2020-11-01 00:00:00,1,-3.6520931144168434,-3.5180460760942727,0.1340470383225707
Comb. RF/AR(1) umbral min,combinacion,2020-10-01 00:00:00,2020-11-01 00:00:00,1,-3.6520931144168434,-3.5180460760942727,0.1340470383225707
Ingenuo,referencia,2020-11-01 00:00:00,2020-12-01 00:00:00,1,-2.159492982055289,-3.6520931144168434,-1.4926001323615545
AR(1),Box-Jenkins,2020-11-01 00:00:00,2020-12-01 00:00:00,1,-2.159492982055289,-2.6550143779007502,-0.4955213958454614
Random Forest,aprendizaje,2020-11-01 00:00:00,2020-12-01 00:00:00,1,-2.159492982055289,-2.9742945392940126,-0.8148015572387237
LSTM(16) v12,red neuronal,2020-11-01 00:00:00,2020-12-01 00:00:00,1,-2.159492982055289,-0.23261543471121504,1.9268775473440738
Comb. RF/AR(1) suave,combinacion,2020-11-01 00:00:00,2020-12-01 00:00:00,1,-2.159492982055289,-2.6550143779007502,-0.4955213958454614
Comb. RF/AR(1) dura,combinacion,2020-11-01 00:00:00,2020-12-01 00:00:00,1,-2.159492982055289,-2.6550143779007502,-0.4955213958454614
Comb. RF/ingenuo suave,combinacion,2020-11-01 00:00:00,2020-12-01 00:00:00,1,-2.159492982055289,-3.6520931144168434,-1.4926001323615545
Comb. LSTM/AR(1) suave,combinacion,2020-11-01 00:00:00,2020-12-01 00:00:00,1,-2.159492982055289,-2.6550143779007502,-0.4955213958454614
Comb. RF/AR(1) umbral min,combinacion,2020-11-01 00:00:00,2020-12-01 00:00:00,1,-2.159492982055289,-2.6550143779007502,-0.4955213958454614
Ingenuo,referencia,2020-12-01 00:00:00,2021-01-01 00:00:00,1,-3.359345313804174,-2.159492982055289,1.1998523317488852
AR(1),Box-Jenkins,2020-12-01 00:00:00,2021-01-01 00:00:00,1,-3.359345313804174,-1.3808080908342601,1.9785372229699139
Random Forest,aprendizaje,2020-12-01 00:00:00,2021-01-01 00:00:00,1,-3.359345313804174,-1.271547327387054,2.08779798641712
LSTM(16) v12,red neuronal,2020-12-01 00:00:00,2021-01-01 00:00:00,1,-3.359345313804174,-0.06325829891562007,3.296087014888554
Comb. RF/AR(1) suave,combinacion,2020-12-01 00:00:00,2021-01-01 00:00:00,1,-3.359345313804174,-1.271547327387054,2.08779798641712
Comb. RF/AR(1) dura,combinacion,2020-12-01 00:00:00,2021-01-01 00:00:00,1,-3.359345313804174,-1.271547327387054,2.08779798641712
Comb. RF/ingenuo suave,combinacion,2020-12-01 00:00:00,2021-01-01 00:00:00,1,-3.359345313804174,-1.271547327387054,2.08779798641712
Comb. LSTM/AR(1) suave,combinacion,2020-12-01 00:00:00,2021-01-01 00:00:00,1,-3.359345313804174,-0.06325829891562007,3.296087014888554
Comb. RF/AR(1) umbral min,combinacion,2020-12-01 00:00:00,2021-01-01 00:00:00,1,-3.359345313804174,-1.3808080908342601,1.9785372229699139
Ingenuo,referencia,2021-01-01 00:00:00,2021-02-01 00:00:00,1,-3.1554283932496707,-3.359345313804174,-0.20391692055450328
AR(1),Box-Jenkins,2021-01-01 00:00:00,2021-02-01 00:00:00,1,-3.1554283932496707,-2.4311646668117337,0.724263726437937
Random Forest,aprendizaje,2021-01-01 00:00:00,2021-02-01 00:00:00,1,-3.1554283932496707,-2.84482306157966,0.3106053316700108
LSTM(16) v12,red neuronal,2021-01-01 00:00:00,2021-02-01 00:00:00,1,-3.1554283932496707,-0.012255675056422,3.1431727181932487
Comb. RF/AR(1) suave,combinacion,2021-01-01 00:00:00,2021-02-01 00:00:00,1,-3.1554283932496707,-2.84482306157966,0.3106053316700108
Comb. RF/AR(1) dura,combinacion,2021-01-01 00:00:00,2021-02-01 00:00:00,1,-3.1554283932496707,-2.84482306157966,0.3106053316700108
Comb. RF/ingenuo suave,combinacion,2021-01-01 00:00:00,2021-02-01 00:00:00,1,-3.1554283932496707,-2.84482306157966,0.3106053316700108
Comb. LSTM/AR(1) suave,combinacion,2021-01-01 00:00:00,2021-02-01 00:00:00,1,-3.1554283932496707,-0.012255675056422,3.1431727181932487
Comb. RF/AR(1) umbral min,combinacion,2021-01-01 00:00:00,2021-02-01 00:00:00,1,-3.1554283932496707,-2.4311646668117337,0.724263726437937
Ingenuo,referencia,2021-02-01 00:00:00,2021-03-01 00:00:00,1,11.20403642761838,-3.1554283932496707,-14.359464820868052
AR(1),Box-Jenkins,2021-02-01 00:00:00,2021-03-01 00:00:00,1,11.20403642761838,-2.2719484111489927,-13.475984838767372
Random Forest,aprendizaje,2021-02-01 00:00:00,2021-03-01 00:00:00,1,11.20403642761838,-3.0423362122407553,-14.246372639859135
LSTM(16) v12,red neuronal,2021-02-01 00:00:00,2021-03-01 00:00:00,1,11.20403642761838,-0.02103148830177748,-11.225067915920157
Comb. RF/AR(1) suave,combinacion,2021-02-01 00:00:00,2021-03-01 00:00:00,1,11.20403642761838,-3.0423362122407553,-14.246372639859135
Comb. RF/AR(1) dura,combinacion,2021-02-01 00:00:00,2021-03-01 00:00:00,1,11.20403642761838,-3.0423362122407553,-14.246372639859135
Comb. RF/ingenuo suave,combinacion,2021-02-01 00:00:00,2021-03-01 00:00:00,1,11.20403642761838,-3.0423362122407553,-14.246372639859135
Comb. LSTM/AR(1) suave,combinacion,2021-02-01 00:00:00,2021-03-01 00:00:00,1,11.20403642761838,-0.02103148830177748,-11.225067915920157
Comb. RF/AR(1) umbral min,combinacion,2021-02-01 00:00:00,2021-03-01 00:00:00,1,11.20403642761838,-2.2719484111489927,-13.475984838767372
Ingenuo,referencia,2021-03-01 00:00:00,2021-04-01 00:00:00,1,25.439138020790875,11.20403642761838,-14.235101593172494
AR(1),Box-Jenkins,2021-03-01 00:00:00,2021-04-01 00:00:00,1,25.439138020790875,9.797102090262639,-15.642035930528236
Random Forest,aprendizaje,2021-03-01 00:00:00,2021-04-01 00:00:00,1,25.439138020790875,4.883000275697978,-20.556137745092897
LSTM(16) v12,red neuronal,2021-03-01 00:00:00,2021-04-01 00:00:00,1,25.439138020790875,3.0304060913417517,-22.40873192944912
Comb. RF/AR(1) suave,combinacion,2021-03-01 00:00:00,2021-04-01 00:00:00,1,25.439138020790875,9.797102090262639,-15.642035930528236
Comb. RF/AR(1) dura,combinacion,2021-03-01 00:00:00,2021-04-01 00:00:00,1,25.439138020790875,9.797102090262639,-15.642035930528236
Comb. RF/ingenuo suave,combinacion,2021-03-01 00:00:00,2021-04-01 00:00:00,1,25.439138020790875,11.20403642761838,-14.235101593172494
Comb. LSTM/AR(1) suave,combinacion,2021-03-01 00:00:00,2021-04-01 00:00:00,1,25.439138020790875,9.797102090262639,-15.642035930528236
Comb. RF/AR(1) umbral min,combinacion,2021-03-01 00:00:00,2021-04-01 00:00:00,1,25.439138020790875,9.797102090262639,-15.642035930528236
Ingenuo,referencia,2021-04-01 00:00:00,2021-05-01 00:00:00,1,13.277368414515923,25.439138020790875,12.161769606274952
AR(1),Box-Jenkins,2021-04-01 00:00:00,2021-05-01 00:00:00,1,13.277368414515923,22.552360048316363,9.27499163380044
Random Forest,aprendizaje,2021-04-01 00:00:00,2021-05-01 00:00:00,1,13.277368414515923,18.06489815327789,4.787529738761968
LSTM(16) v12,red neuronal,2021-04-01 00:00:00,2021-05-01 00:00:00,1,13.277368414515923,8.323610863377848,-4.953757551138075
Comb. RF/AR(1) suave,combinacion,2021-04-01 00:00:00,2021-05-01 00:00:00,1,13.277368414515923,22.552360048316363,9.27499163380044
Comb. RF/AR(1) dura,combinacion,2021-04-01 00:00:00,2021-05-01 00:00:00,1,13.277368414515923,22.552360048316363,9.27499163380044
Comb. RF/ingenuo suave,combinacion,2021-04-01 00:00:00,2021-05-01 00:00:00,1,13.277368414515923,25.439138020790875,12.161769606274952
Comb. LSTM/AR(1) suave,combinacion,2021-04-01 00:00:00,2021-05-01 00:00:00,1,13.277368414515923,22.552360048316363,9.27499163380044
Comb. RF/AR(1) umbral min,combinacion,2021-04-01 00:00:00,2021-05-01 00:00:00,1,13.277368414515923,22.552360048316363,9.27499163380044
Ingenuo,referencia,2021-05-01 00:00:00,2021-06-01 00:00:00,1,15.402785888200764,13.277368414515923,-2.1254174736848412
AR(1),Box-Jenkins,2021-05-01 00:00:00,2021-06-01 00:00:00,1,15.402785888200764,11.375333231609329,-4.027452656591436
Random Forest,aprendizaje,2021-05-01 00:00:00,2021-06-01 00:00:00,1,15.402785888200764,13.923780284847744,-1.47900560335302
LSTM(16) v12,red neuronal,2021-05-01 00:00:00,2021-06-01 00:00:00,1,15.402785888200764,9.850823672935622,-5.551962215265142
Comb. RF/AR(1) suave,combinacion,2021-05-01 00:00:00,2021-06-01 00:00:00,1,15.402785888200764,11.375333231609329,-4.027452656591436
Comb. RF/AR(1) dura,combinacion,2021-05-01 00:00:00,2021-06-01 00:00:00,1,15.402785888200764,11.375333231609329,-4.027452656591436
Comb. RF/ingenuo suave,combinacion,2021-05-01 00:00:00,2021-06-01 00:00:00,1,15.402785888200764,13.277368414515923,-2.1254174736848412
Comb. LSTM/AR(1) suave,combinacion,2021-05-01 00:00:00,2021-06-01 00:00:00,1,15.402785888200764,11.375333231609329,-4.027452656591436
Comb. RF/AR(1) umbral min,combinacion,2021-05-01 00:00:00,2021-06-01 00:00:00,1,15.402785888200764,11.375333231609329,-4.027452656591436
Ingenuo,referencia,2021-06-01 00:00:00,2021-07-01 00:00:00,1,13.192915812715,15.402785888200764,2.209870075485764
AR(1),Box-Jenkins,2021-06-01 00:00:00,2021-07-01 00:00:00,1,13.192915812715,13.247886300372492,0.05497048765749213
Random Forest,aprendizaje,2021-06-01 00:00:00,2021-07-01 00:00:00,1,13.192915812715,14.973720424923922,1.7808046122089216
LSTM(16) v12,red neuronal,2021-06-01 00:00:00,2021-07-01 00:00:00,1,13.192915812715,11.229195141353303,-1.9637206713616973
Comb. RF/AR(1) suave,combinacion,2021-06-01 00:00:00,2021-07-01 00:00:00,1,13.192915812715,13.247886300372492,0.05497048765749213
Comb. RF/AR(1) dura,combinacion,2021-06-01 00:00:00,2021-07-01 00:00:00,1,13.192915812715,13.247886300372492,0.05497048765749213
Comb. RF/ingenuo suave,combinacion,2021-06-01 00:00:00,2021-07-01 00:00:00,1,13.192915812715,15.402785888200764,2.209870075485764
Comb. LSTM/AR(1) suave,combinacion,2021-06-01 00:00:00,2021-07-01 00:00:00,1,13.192915812715,13.247886300372492,0.05497048765749213
Comb. RF/AR(1) umbral min,combinacion,2021-06-01 00:00:00,2021-07-01 00:00:00,1,13.192915812715,13.247886300372492,0.05497048765749213
Ingenuo,referencia,2021-07-01 00:00:00,2021-08-01 00:00:00,1,11.699017752583707,13.192915812715,1.4938980601312934
AR(1),Box-Jenkins,2021-07-01 00:00:00,2021-08-01 00:00:00,1,11.699017752583707,11.439178824953675,-0.2598389276300317
Random Forest,aprendizaje,2021-07-01 00:00:00,2021-08-01 00:00:00,1,11.699017752583707,12.373307528374017,0.6742897757903101
LSTM(16) v12,red neuronal,2021-07-01 00:00:00,2021-08-01 00:00:00,1,11.699017752583707,11.694476713901917,-0.0045410386817898996
Comb. RF/AR(1) suave,combinacion,2021-07-01 00:00:00,2021-08-01 00:00:00,1,11.699017752583707,11.439178824953675,-0.2598389276300317
Comb. RF/AR(1) dura,combinacion,2021-07-01 00:00:00,2021-08-01 00:00:00,1,11.699017752583707,11.439178824953675,-0.2598389276300317
Comb. RF/ingenuo suave,combinacion,2021-07-01 00:00:00,2021-08-01 00:00:00,1,11.699017752583707,13.192915812715,1.4938980601312934
Comb. LSTM/AR(1) suave,combinacion,2021-07-01 00:00:00,2021-08-01 00:00:00,1,11.699017752583707,11.439178824953675,-0.2598389276300317
Comb. RF/AR(1) umbral min,combinacion,2021-07-01 00:00:00,2021-08-01 00:00:00,1,11.699017752583707,11.439178824953675,-0.2598389276300317
Ingenuo,referencia,2021-08-01 00:00:00,2021-09-01 00:00:00,1,13.462959208917313,11.699017752583707,-1.7639414563336064
AR(1),Box-Jenkins,2021-08-01 00:00:00,2021-09-01 00:00:00,1,13.462959208917313,10.225082021534288,-3.2378771873830257
Random Forest,aprendizaje,2021-08-01 00:00:00,2021-09-01 00:00:00,1,13.462959208917313,11.590140240082514,-1.8728189688347996
LSTM(16) v12,red neuronal,2021-08-01 00:00:00,2021-09-01 00:00:00,1,13.462959208917313,11.741028353502895,-1.7219308554144188
Comb. RF/AR(1) suave,combinacion,2021-08-01 00:00:00,2021-09-01 00:00:00,1,13.462959208917313,10.225082021534288,-3.2378771873830257
Comb. RF/AR(1) dura,combinacion,2021-08-01 00:00:00,2021-09-01 00:00:00,1,13.462959208917313,10.225082021534288,-3.2378771873830257
Comb. RF/ingenuo suave,combinacion,2021-08-01 00:00:00,2021-09-01 00:00:00,1,13.462959208917313,11.699017752583707,-1.7639414563336064
Comb. LSTM/AR(1) suave,combinacion,2021-08-01 00:00:00,2021-09-01 00:00:00,1,13.462959208917313,10.225082021534288,-3.2378771873830257
Comb. RF/AR(1) umbral min,combinacion,2021-08-01 00:00:00,2021-09-01 00:00:00,1,13.462959208917313,10.225082021534288,-3.2378771873830257
Ingenuo,referencia,2021-09-01 00:00:00,2021-10-01 00:00:00,1,10.15877922403794,13.462959208917313,3.304179984879374
AR(1),Box-Jenkins,2021-09-01 00:00:00,2021-10-01 00:00:00,1,10.15877922403794,11.754546740025184,1.5957675159872444
Random Forest,aprendizaje,2021-09-01 00:00:00,2021-10-01 00:00:00,1,10.15877922403794,12.198989730892965,2.0402105068550256
LSTM(16) v12,red neuronal,2021-09-01 00:00:00,2021-10-01 00:00:00,1,10.15877922403794,11.870792005679698,1.712012781641759
Comb. RF/AR(1) suave,combinacion,2021-09-01 00:00:00,2021-10-01 00:00:00,1,10.15877922403794,11.754546740025184,1.5957675159872444
Comb. RF/AR(1) dura,combinacion,2021-09-01 00:00:00,2021-10-01 00:00:00,1,10.15877922403794,11.754546740025184,1.5957675159872444
Comb. RF/ingenuo suave,combinacion,2021-09-01 00:00:00,2021-10-01 00:00:00,1,10.15877922403794,13.462959208917313,3.304179984879374
Comb. LSTM/AR(1) suave,combinacion,2021-09-01 00:00:00,2021-10-01 00:00:00,1,10.15877922403794,11.754546740025184,1.5957675159872444
Comb. RF/AR(1) umbral min,combinacion,2021-09-01 00:00:00,2021-10-01 00:00:00,1,10.15877922403794,11.754546740025184,1.5957675159872444
Ingenuo,referencia,2021-10-01 00:00:00,2021-11-01 00:00:00,1,10.518652815673747,10.15877922403794,-0.35987359163580734
AR(1),Box-Jenkins,2021-10-01 00:00:00,2021-11-01 00:00:00,1,10.518652815673747,8.993654587459071,-1.5249982282146757
Random Forest,aprendizaje,2021-10-01 00:00:00,2021-11-01 00:00:00,1,10.518652815673747,9.838506197118695,-0.6801466185550513
LSTM(16) v12,red neuronal,2021-10-01 00:00:00,2021-11-01 00:00:00,1,10.518652815673747,11.288304241821642,0.7696514261478953
Comb. RF/AR(1) suave,combinacion,2021-10-01 00:00:00,2021-11-01 00:00:00,1,10.518652815673747,8.993654587459071,-1.5249982282146757
Comb. RF/AR(1) dura,combinacion,2021-10-01 00:00:00,2021-11-01 00:00:00,1,10.518652815673747,8.993654587459071,-1.5249982282146757
Comb. RF/ingenuo suave,combinacion,2021-10-01 00:00:00,2021-11-01 00:00:00,1,10.518652815673747,10.15877922403794,-0.35987359163580734
Comb. LSTM/AR(1) suave,combinacion,2021-10-01 00:00:00,2021-11-01 00:00:00,1,10.518652815673747,8.993654587459071,-1.5249982282146757
Comb. RF/AR(1) umbral min,combinacion,2021-10-01 00:00:00,2021-11-01 00:00:00,1,10.518652815673747,8.993654587459071,-1.5249982282146757
Ingenuo,referencia,2021-11-01 00:00:00,2021-12-01 00:00:00,1,10.282818380546143,10.518652815673747,0.23583443512760383
AR(1),Box-Jenkins,2021-11-01 00:00:00,2021-12-01 00:00:00,1,10.282818380546143,9.314749438981968,-0.9680689415641748
Random Forest,aprendizaje,2021-11-01 00:00:00,2021-12-01 00:00:00,1,10.282818380546143,8.732650450109118,-1.5501679304370253
LSTM(16) v12,red neuronal,2021-11-01 00:00:00,2021-12-01 00:00:00,1,10.282818380546143,10.76359181203237,0.4807734314862273
Comb. RF/AR(1) suave,combinacion,2021-11-01 00:00:00,2021-12-01 00:00:00,1,10.282818380546143,9.314749438981968,-0.9680689415641748
Comb. RF/AR(1) dura,combinacion,2021-11-01 00:00:00,2021-12-01 00:00:00,1,10.282818380546143,9.314749438981968,-0.9680689415641748
Comb. RF/ingenuo suave,combinacion,2021-11-01 00:00:00,2021-12-01 00:00:00,1,10.282818380546143,10.518652815673747,0.23583443512760383
Comb. LSTM/AR(1) suave,combinacion,2021-11-01 00:00:00,2021-12-01 00:00:00,1,10.282818380546143,9.314749438981968,-0.9680689415641748
Comb. RF/AR(1) umbral min,combinacion,2021-11-01 00:00:00,2021-12-01 00:00:00,1,10.282818380546143,9.314749438981968,-0.9680689415641748
Ingenuo,referencia,2021-12-01 00:00:00,2022-01-01 00:00:00,1,7.988335987557793,10.282818380546143,2.2944823929883498
AR(1),Box-Jenkins,2021-12-01 00:00:00,2022-01-01 00:00:00,1,7.988335987557793,9.136770943989175,1.148434956431382
Random Forest,aprendizaje,2021-12-01 00:00:00,2022-01-01 00:00:00,1,7.988335987557793,9.803365516933376,1.8150295293755825
LSTM(16) v12,red neuronal,2021-12-01 00:00:00,2022-01-01 00:00:00,1,7.988335987557793,10.148407980439025,2.1600719928812318
Comb. RF/AR(1) suave,combinacion,2021-12-01 00:00:00,2022-01-01 00:00:00,1,7.988335987557793,9.136770943989175,1.148434956431382
Comb. RF/AR(1) dura,combinacion,2021-12-01 00:00:00,2022-01-01 00:00:00,1,7.988335987557793,9.136770943989175,1.148434956431382
Comb. RF/ingenuo suave,combinacion,2021-12-01 00:00:00,2022-01-01 00:00:00,1,7.988335987557793,10.282818380546143,2.2944823929883498
Comb. LSTM/AR(1) suave,combinacion,2021-12-01 00:00:00,2022-01-01 00:00:00,1,7.988335987557793,9.136770943989175,1.148434956431382
Comb. RF/AR(1) umbral min,combinacion,2021-12-01 00:00:00,2022-01-01 00:00:00,1,7.988335987557793,9.136770943989175,1.148434956431382
Ingenuo,referencia,2022-01-01 00:00:00,2022-02-01 00:00:00,1,6.686076852153766,7.988335987557793,1.302259135404027
AR(1),Box-Jenkins,2022-01-01 00:00:00,2022-02-01 00:00:00,1,6.686076852153766,7.229388904057663,0.5433120519038965
Random Forest,aprendizaje,2022-01-01 00:00:00,2022-02-01 00:00:00,1,6.686076852153766,8.05784709886154,1.371770246707774
LSTM(16) v12,red neuronal,2022-01-01 00:00:00,2022-02-01 00:00:00,1,6.686076852153766,9.149334806301146,2.4632579541473802
Comb. RF/AR(1) suave,combinacion,2022-01-01 00:00:00,2022-02-01 00:00:00,1,6.686076852153766,8.05784709886154,1.371770246707774
Comb. RF/AR(1) dura,combinacion,2022-01-01 00:00:00,2022-02-01 00:00:00,1,6.686076852153766,8.05784709886154,1.371770246707774
Comb. RF/ingenuo suave,combinacion,2022-01-01 00:00:00,2022-02-01 00:00:00,1,6.686076852153766,8.05784709886154,1.371770246707774
Comb. LSTM/AR(1) suave,combinacion,2022-01-01 00:00:00,2022-02-01 00:00:00,1,6.686076852153766,9.149334806301146,2.4632579541473802
Comb. RF/AR(1) umbral min,combinacion,2022-01-01 00:00:00,2022-02-01 00:00:00,1,6.686076852153766,7.229388904057663,0.5433120519038965
Ingenuo,referencia,2022-02-01 00:00:00,2022-03-01 00:00:00,1,6.990866679970109,6.686076852153766,-0.304789827816343
AR(1),Box-Jenkins,2022-02-01 00:00:00,2022-03-01 00:00:00,1,6.990866679970109,6.152740440857062,-0.8381262391130475
Random Forest,aprendizaje,2022-02-01 00:00:00,2022-03-01 00:00:00,1,6.990866679970109,5.994451380423802,-0.9964152995463067
LSTM(16) v12,red neuronal,2022-02-01 00:00:00,2022-03-01 00:00:00,1,6.990866679970109,8.085146661473429,1.0942799815033197
Comb. RF/AR(1) suave,combinacion,2022-02-01 00:00:00,2022-03-01 00:00:00,1,6.990866679970109,5.994451380423802,-0.9964152995463067
Comb. RF/AR(1) dura,combinacion,2022-02-01 00:00:00,2022-03-01 00:00:00,1,6.990866679970109,5.994451380423802,-0.9964152995463067
Comb. RF/ingenuo suave,combinacion,2022-02-01 00:00:00,2022-03-01 00:00:00,1,6.990866679970109,5.994451380423802,-0.9964152995463067
Comb. LSTM/AR(1) suave,combinacion,2022-02-01 00:00:00,2022-03-01 00:00:00,1,6.990866679970109,8.085146661473429,1.0942799815033197
Comb. RF/AR(1) umbral min,combinacion,2022-02-01 00:00:00,2022-03-01 00:00:00,1,6.990866679970109,6.152740440857062,-0.8381262391130475
Ingenuo,referencia,2022-03-01 00:00:00,2022-04-01 00:00:00,1,10.424961295612967,6.990866679970109,-3.4340946156428576
AR(1),Box-Jenkins,2022-03-01 00:00:00,2022-04-01 00:00:00,1,10.424961295612967,6.40988353260302,-4.015077763009947
Random Forest,aprendizaje,2022-03-01 00:00:00,2022-04-01 00:00:00,1,10.424961295612967,6.559424292176968,-3.865537003435999
LSTM(16) v12,red neuronal,2022-03-01 00:00:00,2022-04-01 00:00:00,1,10.424961295612967,7.6328693732386474,-2.7920919223743192
Comb. RF/AR(1) suave,combinacion,2022-03-01 00:00:00,2022-04-01 00:00:00,1,10.424961295612967,6.559424292176968,-3.865537003435999
Comb. RF/AR(1) dura,combinacion,2022-03-01 00:00:00,2022-04-01 00:00:00,1,10.424961295612967,6.559424292176968,-3.865537003435999
Comb. RF/ingenuo suave,combinacion,2022-03-01 00:00:00,2022-04-01 00:00:00,1,10.424961295612967,6.559424292176968,-3.865537003435999
Comb. LSTM/AR(1) suave,combinacion,2022-03-01 00:00:00,2022-04-01 00:00:00,1,10.424961295612967,7.6328693732386474,-2.7920919223743192
Comb. RF/AR(1) umbral min,combinacion,2022-03-01 00:00:00,2022-04-01 00:00:00,1,10.424961295612967,6.40988353260302,-4.015077763009947
Ingenuo,referencia,2022-04-01 00:00:00,2022-05-01 00:00:00,1,16.753182568684455,10.424961295612967,-6.328221273071488
AR(1),Box-Jenkins,2022-04-01 00:00:00,2022-05-01 00:00:00,1,16.753182568684455,9.279629437139835,-7.4735531315446195
Random Forest,aprendizaje,2022-04-01 00:00:00,2022-05-01 00:00:00,1,16.753182568684455,7.314411424981063,-9.438771143703391
LSTM(16) v12,red neuronal,2022-04-01 00:00:00,2022-05-01 00:00:00,1,16.753182568684455,8.08246648230682,-8.670716086377634
Comb. RF/AR(1) suave,combinacion,2022-04-01 00:00:00,2022-05-01 00:00:00,1,16.753182568684455,7.314411424981063,-9.438771143703391
Comb. RF/AR(1) dura,combinacion,2022-04-01 00:00:00,2022-05-01 00:00:00,1,16.753182568684455,7.314411424981063,-9.438771143703391
Comb. RF/ingenuo suave,combinacion,2022-04-01 00:00:00,2022-05-01 00:00:00,1,16.753182568684455,7.314411424981063,-9.438771143703391
Comb. LSTM/AR(1) suave,combinacion,2022-04-01 00:00:00,2022-05-01 00:00:00,1,16.753182568684455,8.08246648230682,-8.670716086377634
Comb. RF/AR(1) umbral min,combinacion,2022-04-01 00:00:00,2022-05-01 00:00:00,1,16.753182568684455,9.279629437139835,-7.4735531315446195
Ingenuo,referencia,2022-05-01 00:00:00,2022-06-01 00:00:00,1,7.754332611409609,16.753182568684455,8.998849957274846
AR(1),Box-Jenkins,2022-05-01 00:00:00,2022-06-01 00:00:00,1,7.754332611409609,14.704958289383734,6.950625677974125
Random Forest,aprendizaje,2022-05-01 00:00:00,2022-06-01 00:00:00,1,7.754332611409609,12.605086593660547,4.850753982250938
LSTM(16) v12,red neuronal,2022-05-01 00:00:00,2022-06-01 00:00:00,1,7.754332611409609,9.264957067013128,1.5106244556035193
Comb. RF/AR(1) suave,combinacion,2022-05-01 00:00:00,2022-06-01 00:00:00,1,7.754332611409609,12.964553821046122,5.210221209636513
Comb. RF/AR(1) dura,combinacion,2022-05-01 00:00:00,2022-06-01 00:00:00,1,7.754332611409609,14.704958289383734,6.950625677974125
Comb. RF/ingenuo suave,combinacion,2022-05-01 00:00:00,2022-06-01 00:00:00,1,7.754332611409609,13.315179768452154,5.560847157042545
Comb. LSTM/AR(1) suave,combinacion,2022-05-01 00:00:00,2022-06-01 00:00:00,1,7.754332611409609,10.196205466790353,2.441872855380744
Comb. RF/AR(1) umbral min,combinacion,2022-05-01 00:00:00,2022-06-01 00:00:00,1,7.754332611409609,14.704958289383734,6.950625677974125
Ingenuo,referencia,2022-06-01 00:00:00,2022-07-01 00:00:00,1,5.976802368413026,7.754332611409609,1.7775302429965834
AR(1),Box-Jenkins,2022-06-01 00:00:00,2022-07-01 00:00:00,1,5.976802368413026,7.04116825266545,1.0643658842524246
Random Forest,aprendizaje,2022-06-01 00:00:00,2022-07-01 00:00:00,1,5.976802368413026,6.949043400249029,0.9722410318360035
LSTM(16) v12,red neuronal,2022-06-01 00:00:00,2022-07-01 00:00:00,1,5.976802368413026,8.807757211640018,2.8309548432269924
Comb. RF/AR(1) suave,combinacion,2022-06-01 00:00:00,2022-07-01 00:00:00,1,5.976802368413026,7.020414834923745,1.0436124665107194
Comb. RF/AR(1) dura,combinacion,2022-06-01 00:00:00,2022-07-01 00:00:00,1,5.976802368413026,7.04116825266545,1.0643658842524246
Comb. RF/ingenuo suave,combinacion,2022-06-01 00:00:00,2022-07-01 00:00:00,1,5.976802368413026,7.572921157673327,1.5961187892603013
Comb. LSTM/AR(1) suave,combinacion,2022-06-01 00:00:00,2022-07-01 00:00:00,1,5.976802368413026,7.439136419580498,1.4623340511674723
Comb. RF/AR(1) umbral min,combinacion,2022-06-01 00:00:00,2022-07-01 00:00:00,1,5.976802368413026,7.04116825266545,1.0643658842524246
Ingenuo,referencia,2022-07-01 00:00:00,2022-08-01 00:00:00,1,8.68520616002273,5.976802368413026,-2.7084037916097046
AR(1),Box-Jenkins,2022-07-01 00:00:00,2022-08-01 00:00:00,1,8.68520616002273,5.579910068037371,-3.105296091985359
Random Forest,aprendizaje,2022-07-01 00:00:00,2022-08-01 00:00:00,1,8.68520616002273,6.65086175127768,-2.03434440874505
LSTM(16) v12,red neuronal,2022-07-01 00:00:00,2022-08-01 00:00:00,1,8.68520616002273,7.484230939247251,-1.2009752207754794
Comb. RF/AR(1) suave,combinacion,2022-07-01 00:00:00,2022-08-01 00:00:00,1,8.68520616002273,5.897566248899822,-2.787639911122908
Comb. RF/AR(1) dura,combinacion,2022-07-01 00:00:00,2022-08-01 00:00:00,1,8.68520616002273,5.579910068037371,-3.105296091985359
Comb. RF/ingenuo suave,combinacion,2022-07-01 00:00:00,2022-08-01 00:00:00,1,8.68520616002273,6.176735878566761,-2.5084702814559687
Comb. LSTM/AR(1) suave,combinacion,2022-07-01 00:00:00,2022-08-01 00:00:00,1,8.68520616002273,6.144752819164033,-2.540453340858697
Comb. RF/AR(1) umbral min,combinacion,2022-07-01 00:00:00,2022-08-01 00:00:00,1,8.68520616002273,5.579910068037371,-3.105296091985359
Ingenuo,referencia,2022-08-01 00:00:00,2022-09-01 00:00:00,1,4.206454730095621,8.68520616002273,4.478751429927109
AR(1),Box-Jenkins,2022-08-01 00:00:00,2022-09-01 00:00:00,1,4.206454730095621,7.81559008716367,3.609135357068049
Random Forest,aprendizaje,2022-08-01 00:00:00,2022-09-01 00:00:00,1,4.206454730095621,6.802544346225353,2.596089616129732
LSTM(16) v12,red neuronal,2022-08-01 00:00:00,2022-09-01 00:00:00,1,4.206454730095621,8.053305527028954,3.8468507969333325
Comb. RF/AR(1) suave,combinacion,2022-08-01 00:00:00,2022-09-01 00:00:00,1,4.206454730095621,7.374346821176875,3.167892091081254
Comb. RF/AR(1) dura,combinacion,2022-08-01 00:00:00,2022-09-01 00:00:00,1,4.206454730095621,7.81559008716367,3.609135357068049
Comb. RF/ingenuo suave,combinacion,2022-08-01 00:00:00,2022-09-01 00:00:00,1,4.206454730095621,7.865192004789083,3.658737274693462
Comb. LSTM/AR(1) suave,combinacion,2022-08-01 00:00:00,2022-09-01 00:00:00,1,4.206454730095621,7.9191296736037575,3.7126749435081363
Comb. RF/AR(1) umbral min,combinacion,2022-08-01 00:00:00,2022-09-01 00:00:00,1,4.206454730095621,7.81559008716367,3.609135357068049
Ingenuo,referencia,2022-09-01 00:00:00,2022-10-01 00:00:00,1,4.103535149964266,4.206454730095621,0.10291958013135538
AR(1),Box-Jenkins,2022-09-01 00:00:00,2022-10-01 00:00:00,1,4.103535149964266,4.130357430720038,0.026822280755772532
Random Forest,aprendizaje,2022-09-01 00:00:00,2022-10-01 00:00:00,1,4.103535149964266,4.575247857856416,0.47171270789215036
LSTM(16) v12,red neuronal,2022-09-01 00:00:00,2022-10-01 00:00:00,1,4.103535149964266,5.71901484061794,1.6154796906536744
Comb. RF/AR(1) suave,combinacion,2022-09-01 00:00:00,2022-10-01 00:00:00,1,4.103535149964266,4.331557002776971,0.22802185281270493
Comb. RF/AR(1) dura,combinacion,2022-09-01 00:00:00,2022-10-01 00:00:00,1,4.103535149964266,4.130357430720038,0.026822280755772532
Comb. RF/ingenuo suave,combinacion,2022-09-01 00:00:00,2022-10-01 00:00:00,1,4.103535149964266,4.37323966174861,0.26970451178434374
Comb. LSTM/AR(1) suave,combinacion,2022-09-01 00:00:00,2022-10-01 00:00:00,1,4.103535149964266,4.848820161136466,0.7452850111722
Comb. RF/AR(1) umbral min,combinacion,2022-09-01 00:00:00,2022-10-01 00:00:00,1,4.103535149964266,4.130357430720038,0.026822280755772532
Ingenuo,referencia,2022-10-01 00:00:00,2022-11-01 00:00:00,1,0.11374940256343447,4.103535149964266,3.9897857474008314
AR(1),Box-Jenkins,2022-10-01 00:00:00,2022-11-01 00:00:00,1,0.11374940256343447,4.046401322321506,3.9326519197580714
Random Forest,aprendizaje,2022-10-01 00:00:00,2022-11-01 00:00:00,1,0.11374940256343447,3.3149399718643964,3.201190569300962
LSTM(16) v12,red neuronal,2022-10-01 00:00:00,2022-11-01 00:00:00,1,0.11374940256343447,4.56945125850655,4.455701855943116
Comb. RF/AR(1) suave,combinacion,2022-10-01 00:00:00,2022-11-01 00:00:00,1,0.11374940256343447,3.7780926154881778,3.6643432129247433
Comb. RF/AR(1) dura,combinacion,2022-10-01 00:00:00,2022-11-01 00:00:00,1,0.11374940256343447,4.046401322321506,3.9326519197580714
Comb. RF/ingenuo suave,combinacion,2022-10-01 00:00:00,2022-11-01 00:00:00,1,0.11374940256343447,3.8142690768918506,3.700519674328416
Comb. LSTM/AR(1) suave,combinacion,2022-10-01 00:00:00,2022-11-01 00:00:00,1,0.11374940256343447,4.2382622482601935,4.124512845696759
Comb. RF/AR(1) umbral min,combinacion,2022-10-01 00:00:00,2022-11-01 00:00:00,1,0.11374940256343447,4.046401322321506,3.9326519197580714
Ingenuo,referencia,2022-11-01 00:00:00,2022-12-01 00:00:00,1,0.5659254149769977,0.11374940256343447,-0.4521760124135632
AR(1),Box-Jenkins,2022-11-01 00:00:00,2022-12-01 00:00:00,1,0.5659254149769977,0.7784957151759838,0.21257030019898615
Random Forest,aprendizaje,2022-11-01 00:00:00,2022-12-01 00:00:00,1,0.5659254149769977,1.3033546372147908,0.7374292222377932
LSTM(16) v12,red neuronal,2022-11-01 00:00:00,2022-12-01 00:00:00,1,0.5659254149769977,0.5321943020876865,-0.03373111288931119
Comb. RF/AR(1) suave,combinacion,2022-11-01 00:00:00,2022-12-01 00:00:00,1,0.5659254149769977,1.0562592659074128,0.49033385093041515
Comb. RF/AR(1) dura,combinacion,2022-11-01 00:00:00,2022-12-01 00:00:00,1,0.5659254149769977,0.7784957151759838,0.21257030019898615
Comb. RF/ingenuo suave,combinacion,2022-11-01 00:00:00,2022-12-01 00:00:00,1,0.5659254149769977,0.7433070990619692,0.17738168408497157
Comb. LSTM/AR(1) suave,combinacion,2022-11-01 00:00:00,2022-12-01 00:00:00,1,0.5659254149769977,0.6481491550302166,0.08222374005321897
Comb. RF/AR(1) umbral min,combinacion,2022-11-01 00:00:00,2022-12-01 00:00:00,1,0.5659254149769977,0.7784957151759838,0.21257030019898615
Ingenuo,referencia,2022-12-01 00:00:00,2023-01-01 00:00:00,1,4.288948014042071,0.5659254149769977,-3.7230225990650734
AR(1),Box-Jenkins,2022-12-01 00:00:00,2023-01-01 00:00:00,1,4.288948014042071,1.145030732514141,-3.14391728152793
Random Forest,aprendizaje,2022-12-01 00:00:00,2023-01-01 00:00:00,1,4.288948014042071,1.0837330314675075,-3.2052149825745637
LSTM(16) v12,red neuronal,2022-12-01 00:00:00,2023-01-01 00:00:00,1,4.288948014042071,-0.12660208054474298,-4.4155500945868145
Comb. RF/AR(1) suave,combinacion,2022-12-01 00:00:00,2023-01-01 00:00:00,1,4.288948014042071,1.121233308620958,-3.1677147054211128
Comb. RF/AR(1) dura,combinacion,2022-12-01 00:00:00,2023-01-01 00:00:00,1,4.288948014042071,1.145030732514141,-3.14391728152793
Comb. RF/ingenuo suave,combinacion,2022-12-01 00:00:00,2023-01-01 00:00:00,1,4.288948014042071,0.7669523235615265,-3.5219956904805443
Comb. LSTM/AR(1) suave,combinacion,2022-12-01 00:00:00,2023-01-01 00:00:00,1,4.288948014042071,0.6513485132442732,-3.6375995007977977
Comb. RF/AR(1) umbral min,combinacion,2022-12-01 00:00:00,2023-01-01 00:00:00,1,4.288948014042071,1.145030732514141,-3.14391728152793
Ingenuo,referencia,2023-01-01 00:00:00,2023-02-01 00:00:00,1,2.478413285110781,4.288948014042071,1.81053472893129
AR(1),Box-Jenkins,2023-01-01 00:00:00,2023-02-01 00:00:00,1,2.478413285110781,4.191076610872981,1.7126633257622004
Random Forest,aprendizaje,2023-01-01 00:00:00,2023-02-01 00:00:00,1,2.478413285110781,2.352232547516999,-0.1261807375937818
LSTM(16) v12,red neuronal,2023-01-01 00:00:00,2023-02-01 00:00:00,1,2.478413285110781,3.398464612021969,0.9200513269111879
Comb. RF/AR(1) suave,combinacion,2023-01-01 00:00:00,2023-02-01 00:00:00,1,2.478413285110781,3.2689105709324444,0.7904972858216635
Comb. RF/AR(1) dura,combinacion,2023-01-01 00:00:00,2023-02-01 00:00:00,1,2.478413285110781,4.191076610872981,1.7126633257622004
Comb. RF/ingenuo suave,combinacion,2023-01-01 00:00:00,2023-02-01 00:00:00,1,2.478413285110781,3.3177002242770577,0.8392869391662767
Comb. LSTM/AR(1) suave,combinacion,2023-01-01 00:00:00,2023-02-01 00:00:00,1,2.478413285110781,3.7935878391193687,1.3151745540085877
Comb. RF/AR(1) umbral min,combinacion,2023-01-01 00:00:00,2023-02-01 00:00:00,1,2.478413285110781,4.191076610872981,1.7126633257622004
Ingenuo,referencia,2023-02-01 00:00:00,2023-03-01 00:00:00,1,1.4554773434255264,2.478413285110781,1.0229359416852546
AR(1),Box-Jenkins,2023-02-01 00:00:00,2023-03-01 00:00:00,1,1.4554773434255264,2.7126792529617036,1.2572019095361773
Random Forest,aprendizaje,2023-02-01 00:00:00,2023-03-01 00:00:00,1,1.4554773434255264,1.9054645439791182,0.44998720055359187
LSTM(16) v12,red neuronal,2023-02-01 00:00:00,2023-03-01 00:00:00,1,1.4554773434255264,2.9179474261631464,1.46247008273762
Comb. RF/AR(1) suave,combinacion,2023-02-01 00:00:00,2023-03-01 00:00:00,1,1.4554773434255264,1.9054645439791182,0.44998720055359187
Comb. RF/AR(1) dura,combinacion,2023-02-01 00:00:00,2023-03-01 00:00:00,1,1.4554773434255264,1.9054645439791182,0.44998720055359187
Comb. RF/ingenuo suave,combinacion,2023-02-01 00:00:00,2023-03-01 00:00:00,1,1.4554773434255264,1.9054645439791182,0.44998720055359187
Comb. LSTM/AR(1) suave,combinacion,2023-02-01 00:00:00,2023-03-01 00:00:00,1,1.4554773434255264,2.9179474261631464,1.46247008273762
Comb. RF/AR(1) umbral min,combinacion,2023-02-01 00:00:00,2023-03-01 00:00:00,1,1.4554773434255264,2.7126792529617036,1.2572019095361773
Ingenuo,referencia,2023-03-01 00:00:00,2023-04-01 00:00:00,1,-0.7366729780456271,1.4554773434255264,2.1921503214711535
AR(1),Box-Jenkins,2023-03-01 00:00:00,2023-04-01 00:00:00,1,-0.7366729780456271,1.8752380423534754,2.6119110203991025
Random Forest,aprendizaje,2023-03-01 00:00:00,2023-04-01 00:00:00,1,-0.7366729780456271,2.113477266809776,2.8501502448554032
LSTM(16) v12,red neuronal,2023-03-01 00:00:00,2023-04-01 00:00:00,1,-0.7366729780456271,2.2897656390067125,3.0264386170523396
Comb. RF/AR(1) suave,combinacion,2023-03-01 00:00:00,2023-04-01 00:00:00,1,-0.7366729780456271,2.113477266809776,2.8501502448554032
Comb. RF/AR(1) dura,combinacion,2023-03-01 00:00:00,2023-04-01 00:00:00,1,-0.7366729780456271,2.113477266809776,2.8501502448554032
Comb. RF/ingenuo suave,combinacion,2023-03-01 00:00:00,2023-04-01 00:00:00,1,-0.7366729780456271,2.113477266809776,2.8501502448554032
Comb. LSTM/AR(1) suave,combinacion,2023-03-01 00:00:00,2023-04-01 00:00:00,1,-0.7366729780456271,2.2897656390067125,3.0264386170523396
Comb. RF/AR(1) umbral min,combinacion,2023-03-01 00:00:00,2023-04-01 00:00:00,1,-0.7366729780456271,1.8752380423534754,2.6119110203991025
Ingenuo,referencia,2023-04-01 00:00:00,2023-05-01 00:00:00,1,0.29242184749149747,-0.7366729780456271,-1.0290948255371246
AR(1),Box-Jenkins,2023-04-01 00:00:00,2023-05-01 00:00:00,1,0.29242184749149747,0.076021636330453,-0.21640021116104446
Random Forest,aprendizaje,2023-04-01 00:00:00,2023-05-01 00:00:00,1,0.29242184749149747,1.0283063081781822,0.7358844606866848
LSTM(16) v12,red neuronal,2023-04-01 00:00:00,2023-05-01 00:00:00,1,0.29242184749149747,-0.40821180399975177,-0.7006336514912492
Comb. RF/AR(1) suave,combinacion,2023-04-01 00:00:00,2023-05-01 00:00:00,1,0.29242184749149747,1.0283063081781822,0.7358844606866848
Comb. RF/AR(1) dura,combinacion,2023-04-01 00:00:00,2023-05-01 00:00:00,1,0.29242184749149747,1.0283063081781822,0.7358844606866848
Comb. RF/ingenuo suave,combinacion,2023-04-01 00:00:00,2023-05-01 00:00:00,1,0.29242184749149747,1.0283063081781822,0.7358844606866848
Comb. LSTM/AR(1) suave,combinacion,2023-04-01 00:00:00,2023-05-01 00:00:00,1,0.29242184749149747,-0.40821180399975177,-0.7006336514912492
Comb. RF/AR(1) umbral min,combinacion,2023-04-01 00:00:00,2023-05-01 00:00:00,1,0.29242184749149747,0.076021636330453,-0.21640021116104446
Ingenuo,referencia,2023-05-01 00:00:00,2023-06-01 00:00:00,1,2.516000131533813,0.29242184749149747,-2.2235782840423157
AR(1),Box-Jenkins,2023-05-01 00:00:00,2023-06-01 00:00:00,1,2.516000131533813,0.9150647054282021,-1.600935426105611
Random Forest,aprendizaje,2023-05-01 00:00:00,2023-06-01 00:00:00,1,2.516000131533813,0.4574878890680313,-2.058512242465782
LSTM(16) v12,red neuronal,2023-05-01 00:00:00,2023-06-01 00:00:00,1,2.516000131533813,-0.42244706606740845,-2.9384471976012216
Comb. RF/AR(1) suave,combinacion,2023-05-01 00:00:00,2023-06-01 00:00:00,1,2.516000131533813,0.4574878890680313,-2.058512242465782
Comb. RF/AR(1) dura,combinacion,2023-05-01 00:00:00,2023-06-01 00:00:00,1,2.516000131533813,0.4574878890680313,-2.058512242465782
Comb. RF/ingenuo suave,combinacion,2023-05-01 00:00:00,2023-06-01 00:00:00,1,2.516000131533813,0.4574878890680313,-2.058512242465782
Comb. LSTM/AR(1) suave,combinacion,2023-05-01 00:00:00,2023-06-01 00:00:00,1,2.516000131533813,-0.42244706606740845,-2.9384471976012216
Comb. RF/AR(1) umbral min,combinacion,2023-05-01 00:00:00,2023-06-01 00:00:00,1,2.516000131533813,0.9150647054282021,-1.600935426105611
Ingenuo,referencia,2023-06-01 00:00:00,2023-07-01 00:00:00,1,0.6109304479767319,2.516000131533813,1.9050696835570813
AR(1),Box-Jenkins,2023-06-01 00:00:00,2023-07-01 00:00:00,1,0.6109304479767319,2.7327840605097675,2.1218536125330356
Random Forest,aprendizaje,2023-06-01 00:00:00,2023-07-01 00:00:00,1,0.6109304479767319,1.5432543725832912,0.9323239246065593
LSTM(16) v12,red neuronal,2023-06-01 00:00:00,2023-07-01 00:00:00,1,0.6109304479767319,0.8897249566540091,0.2787945086772772
Comb. RF/AR(1) suave,combinacion,2023-06-01 00:00:00,2023-07-01 00:00:00,1,0.6109304479767319,1.5432543725832912,0.9323239246065593
Comb. RF/AR(1) dura,combinacion,2023-06-01 00:00:00,2023-07-01 00:00:00,1,0.6109304479767319,1.5432543725832912,0.9323239246065593
Comb. RF/ingenuo suave,combinacion,2023-06-01 00:00:00,2023-07-01 00:00:00,1,0.6109304479767319,1.5432543725832912,0.9323239246065593
Comb. LSTM/AR(1) suave,combinacion,2023-06-01 00:00:00,2023-07-01 00:00:00,1,0.6109304479767319,0.8897249566540091,0.2787945086772772
Comb. RF/AR(1) umbral min,combinacion,2023-06-01 00:00:00,2023-07-01 00:00:00,1,0.6109304479767319,2.7327840605097675,2.1218536125330356
Ingenuo,referencia,2023-07-01 00:00:00,2023-08-01 00:00:00,1,0.6608515202382481,0.6109304479767319,-0.04992107226151621
AR(1),Box-Jenkins,2023-07-01 00:00:00,2023-08-01 00:00:00,1,0.6608515202382481,1.173729441954218,0.5128779217159698
Random Forest,aprendizaje,2023-07-01 00:00:00,2023-08-01 00:00:00,1,0.6608515202382481,1.1070486839576135,0.44619716371936535
LSTM(16) v12,red neuronal,2023-07-01 00:00:00,2023-08-01 00:00:00,1,0.6608515202382481,1.0050610558992195,0.34420953566097134
Comb. RF/AR(1) suave,combinacion,2023-07-01 00:00:00,2023-08-01 00:00:00,1,0.6608515202382481,1.1070486839576135,0.44619716371936535
Comb. RF/AR(1) dura,combinacion,2023-07-01 00:00:00,2023-08-01 00:00:00,1,0.6608515202382481,1.1070486839576135,0.44619716371936535
Comb. RF/ingenuo suave,combinacion,2023-07-01 00:00:00,2023-08-01 00:00:00,1,0.6608515202382481,1.1070486839576135,0.44619716371936535
Comb. LSTM/AR(1) suave,combinacion,2023-07-01 00:00:00,2023-08-01 00:00:00,1,0.6608515202382481,1.0050610558992195,0.34420953566097134
Comb. RF/AR(1) umbral min,combinacion,2023-07-01 00:00:00,2023-08-01 00:00:00,1,0.6608515202382481,1.173729441954218,0.5128779217159698
Ingenuo,referencia,2023-08-01 00:00:00,2023-09-01 00:00:00,1,-0.4739736853440091,0.6608515202382481,1.1348252055822572
AR(1),Box-Jenkins,2023-08-01 00:00:00,2023-09-01 00:00:00,1,-0.4739736853440091,1.2108051528679349,1.684778838211944
Random Forest,aprendizaje,2023-08-01 00:00:00,2023-09-01 00:00:00,1,-0.4739736853440091,1.127921598530519,1.6018952838745282
LSTM(16) v12,red neuronal,2023-08-01 00:00:00,2023-09-01 00:00:00,1,-0.4739736853440091,0.9953314646255969,1.469305149969606
Comb. RF/AR(1) suave,combinacion,2023-08-01 00:00:00,2023-09-01 00:00:00,1,-0.4739736853440091,1.127921598530519,1.6018952838745282
Comb. RF/AR(1) dura,combinacion,2023-08-01 00:00:00,2023-09-01 00:00:00,1,-0.4739736853440091,1.127921598530519,1.6018952838745282
Comb. RF/ingenuo suave,combinacion,2023-08-01 00:00:00,2023-09-01 00:00:00,1,-0.4739736853440091,1.127921598530519,1.6018952838745282
Comb. LSTM/AR(1) suave,combinacion,2023-08-01 00:00:00,2023-09-01 00:00:00,1,-0.4739736853440091,0.9953314646255969,1.469305149969606
Comb. RF/AR(1) umbral min,combinacion,2023-08-01 00:00:00,2023-09-01 00:00:00,1,-0.4739736853440091,1.2108051528679349,1.684778838211944
Ingenuo,referencia,2023-09-01 00:00:00,2023-10-01 00:00:00,1,-0.6547165073053418,-0.4739736853440091,0.18074282196133273
AR(1),Box-Jenkins,2023-09-01 00:00:00,2023-10-01 00:00:00,1,-0.6547165073053418,0.2754856674630228,0.9302021747683646
Random Forest,aprendizaje,2023-09-01 00:00:00,2023-10-01 00:00:00,1,-0.6547165073053418,1.7465921086765204,2.401308615981862
LSTM(16) v12,red neuronal,2023-09-01 00:00:00,2023-10-01 00:00:00,1,-0.6547165073053418,1.1376085737797923,1.792325081085134
Comb. RF/AR(1) suave,combinacion,2023-09-01 00:00:00,2023-10-01 00:00:00,1,-0.6547165073053418,1.7465921086765204,2.401308615981862
Comb. RF/AR(1) dura,combinacion,2023-09-01 00:00:00,2023-10-01 00:00:00,1,-0.6547165073053418,1.7465921086765204,2.401308615981862
Comb. RF/ingenuo suave,combinacion,2023-09-01 00:00:00,2023-10-01 00:00:00,1,-0.6547165073053418,1.7465921086765204,2.401308615981862
Comb. LSTM/AR(1) suave,combinacion,2023-09-01 00:00:00,2023-10-01 00:00:00,1,-0.6547165073053418,1.1376085737797923,1.792325081085134
Comb. RF/AR(1) umbral min,combinacion,2023-09-01 00:00:00,2023-10-01 00:00:00,1,-0.6547165073053418,0.2754856674630228,0.9302021747683646
Ingenuo,referencia,2023-10-01 00:00:00,2023-11-01 00:00:00,1,3.7186627535746197,-0.6547165073053418,-4.373379260879961
AR(1),Box-Jenkins,2023-10-01 00:00:00,2023-11-01 00:00:00,1,3.7186627535746197,0.1202932842788147,-3.598369469295805
Random Forest,aprendizaje,2023-10-01 00:00:00,2023-11-01 00:00:00,1,3.7186627535746197,1.9412853919395487,-1.777377361635071
LSTM(16) v12,red neuronal,2023-10-01 00:00:00,2023-11-01 00:00:00,1,3.7186627535746197,0.5957266197321505,-3.1229361338424693
Comb. RF/AR(1) suave,combinacion,2023-10-01 00:00:00,2023-11-01 00:00:00,1,3.7186627535746197,1.9412853919395487,-1.777377361635071
Comb. RF/AR(1) dura,combinacion,2023-10-01 00:00:00,2023-11-01 00:00:00,1,3.7186627535746197,1.9412853919395487,-1.777377361635071
Comb. RF/ingenuo suave,combinacion,2023-10-01 00:00:00,2023-11-01 00:00:00,1,3.7186627535746197,1.9412853919395487,-1.777377361635071
Comb. LSTM/AR(1) suave,combinacion,2023-10-01 00:00:00,2023-11-01 00:00:00,1,3.7186627535746197,0.5957266197321505,-3.1229361338424693
Comb. RF/AR(1) umbral min,combinacion,2023-10-01 00:00:00,2023-11-01 00:00:00,1,3.7186627535746197,0.1202932842788147,-3.598369469295805
Ingenuo,referencia,2023-11-01 00:00:00,2023-12-01 00:00:00,1,0.8278973363634146,3.7186627535746197,2.890765417211205
AR(1),Box-Jenkins,2023-11-01 00:00:00,2023-12-01 00:00:00,1,0.8278973363634146,3.7013351448677616,2.873437808504347
Random Forest,aprendizaje,2023-11-01 00:00:00,2023-12-01 00:00:00,1,0.8278973363634146,2.3784427737519263,1.5505454373885117
LSTM(16) v12,red neuronal,2023-11-01 00:00:00,2023-12-01 00:00:00,1,0.8278973363634146,2.557532817115116,1.7296354807517016
Comb. RF/AR(1) suave,combinacion,2023-11-01 00:00:00,2023-12-01 00:00:00,1,0.8278973363634146,2.3784427737519263,1.5505454373885117
Comb. RF/AR(1) dura,combinacion,2023-11-01 00:00:00,2023-12-01 00:00:00,1,0.8278973363634146,2.3784427737519263,1.5505454373885117
Comb. RF/ingenuo suave,combinacion,2023-11-01 00:00:00,2023-12-01 00:00:00,1,0.8278973363634146,2.3784427737519263,1.5505454373885117
Comb. LSTM/AR(1) suave,combinacion,2023-11-01 00:00:00,2023-12-01 00:00:00,1,0.8278973363634146,2.557532817115116,1.7296354807517016
Comb. RF/AR(1) umbral min,combinacion,2023-11-01 00:00:00,2023-12-01 00:00:00,1,0.8278973363634146,3.7013351448677616,2.873437808504347
Ingenuo,referencia,2023-12-01 00:00:00,2024-01-01 00:00:00,1,1.64003119213596,0.8278973363634146,-0.8121338557725455
AR(1),Box-Jenkins,2023-12-01 00:00:00,2024-01-01 00:00:00,1,1.64003119213596,1.3418411855050572,-0.2981900066309029
Random Forest,aprendizaje,2023-12-01 00:00:00,2024-01-01 00:00:00,1,1.64003119213596,0.9684164319916602,-0.6716147601442999
LSTM(16) v12,red neuronal,2023-12-01 00:00:00,2024-01-01 00:00:00,1,1.64003119213596,1.682123193200127,0.042092001064166995
Comb. RF/AR(1) suave,combinacion,2023-12-01 00:00:00,2024-01-01 00:00:00,1,1.64003119213596,0.9684164319916602,-0.6716147601442999
Comb. RF/AR(1) dura,combinacion,2023-12-01 00:00:00,2024-01-01 00:00:00,1,1.64003119213596,0.9684164319916602,-0.6716147601442999
Comb. RF/ingenuo suave,combinacion,2023-12-01 00:00:00,2024-01-01 00:00:00,1,1.64003119213596,0.9684164319916602,-0.6716147601442999
Comb. LSTM/AR(1) suave,combinacion,2023-12-01 00:00:00,2024-01-01 00:00:00,1,1.64003119213596,1.682123193200127,0.042092001064166995
Comb. RF/AR(1) umbral min,combinacion,2023-12-01 00:00:00,2024-01-01 00:00:00,1,1.64003119213596,1.3418411855050572,-0.2981900066309029
Ingenuo,referencia,2024-01-01 00:00:00,2024-02-01 00:00:00,1,2.262780790238894,1.64003119213596,-0.6227495981029341
AR(1),Box-Jenkins,2024-01-01 00:00:00,2024-02-01 00:00:00,1,2.262780790238894,2.0027079289204965,-0.2600728613183976
Random Forest,aprendizaje,2024-01-01 00:00:00,2024-02-01 00:00:00,1,2.262780790238894,1.8891501105738269,-0.37363067966506724
LSTM(16) v12,red neuronal,2024-01-01 00:00:00,2024-02-01 00:00:00,1,2.262780790238894,2.100428683753771,-0.16235210648512322
Comb. RF/AR(1) suave,combinacion,2024-01-01 00:00:00,2024-02-01 00:00:00,1,2.262780790238894,1.8891501105738269,-0.37363067966506724
Comb. RF/AR(1) dura,combinacion,2024-01-01 00:00:00,2024-02-01 00:00:00,1,2.262780790238894,1.8891501105738269,-0.37363067966506724
Comb. RF/ingenuo suave,combinacion,2024-01-01 00:00:00,2024-02-01 00:00:00,1,2.262780790238894,1.8891501105738269,-0.37363067966506724
Comb. LSTM/AR(1) suave,combinacion,2024-01-01 00:00:00,2024-02-01 00:00:00,1,2.262780790238894,2.100428683753771,-0.16235210648512322
Comb. RF/AR(1) umbral min,combinacion,2024-01-01 00:00:00,2024-02-01 00:00:00,1,2.262780790238894,2.0027079289204965,-0.2600728613183976
Ingenuo,referencia,2024-02-01 00:00:00,2024-03-01 00:00:00,1,-2.270542620912719,2.262780790238894,4.533323411151613
AR(1),Box-Jenkins,2024-02-01 00:00:00,2024-03-01 00:00:00,1,-2.270542620912719,2.509364249603095,4.779906870515814
Random Forest,aprendizaje,2024-02-01 00:00:00,2024-03-01 00:00:00,1,-2.270542620912719,2.4385233958002943,4.709066016713013
LSTM(16) v12,red neuronal,2024-02-01 00:00:00,2024-03-01 00:00:00,1,-2.270542620912719,2.464805772577287,4.735348393490006
Comb. RF/AR(1) suave,combinacion,2024-02-01 00:00:00,2024-03-01 00:00:00,1,-2.270542620912719,2.4385233958002943,4.709066016713013
Comb. RF/AR(1) dura,combinacion,2024-02-01 00:00:00,2024-03-01 00:00:00,1,-2.270542620912719,2.4385233958002943,4.709066016713013
Comb. RF/ingenuo suave,combinacion,2024-02-01 00:00:00,2024-03-01 00:00:00,1,-2.270542620912719,2.4385233958002943,4.709066016713013
Comb. LSTM/AR(1) suave,combinacion,2024-02-01 00:00:00,2024-03-01 00:00:00,1,-2.270542620912719,2.464805772577287,4.735348393490006
Comb. RF/AR(1) umbral min,combinacion,2024-02-01 00:00:00,2024-03-01 00:00:00,1,-2.270542620912719,2.509364249603095,4.779906870515814
Ingenuo,referencia,2024-03-01 00:00:00,2024-04-01 00:00:00,1,5.409986698638258,-2.270542620912719,-7.680529319550978
AR(1),Box-Jenkins,2024-03-01 00:00:00,2024-04-01 00:00:00,1,5.409986698638258,-1.1987468135950783,-6.608733512233337
Random Forest,aprendizaje,2024-03-01 00:00:00,2024-04-01 00:00:00,1,5.409986698638258,0.5455492380455947,-4.864437460592663
LSTM(16) v12,red neuronal,2024-03-01 00:00:00,2024-04-01 00:00:00,1,5.409986698638258,-0.6844692141420734,-6.094455912780331
Comb. RF/AR(1) suave,combinacion,2024-03-01 00:00:00,2024-04-01 00:00:00,1,5.409986698638258,0.5455492380455947,-4.864437460592663
Comb. RF/AR(1) dura,combinacion,2024-03-01 00:00:00,2024-04-01 00:00:00,1,5.409986698638258,0.5455492380455947,-4.864437460592663
Comb. RF/ingenuo suave,combinacion,2024-03-01 00:00:00,2024-04-01 00:00:00,1,5.409986698638258,0.5455492380455947,-4.864437460592663
Comb. LSTM/AR(1) suave,combinacion,2024-03-01 00:00:00,2024-04-01 00:00:00,1,5.409986698638258,-0.6844692141420734,-6.094455912780331
Comb. RF/AR(1) umbral min,combinacion,2024-03-01 00:00:00,2024-04-01 00:00:00,1,5.409986698638258,-1.1987468135950783,-6.608733512233337
Ingenuo,referencia,2024-04-01 00:00:00,2024-05-01 00:00:00,1,2.027986193076714,5.409986698638258,3.3820005055615443
AR(1),Box-Jenkins,2024-04-01 00:00:00,2024-05-01 00:00:00,1,2.027986193076714,5.058080354110245,3.0300941610335306
Random Forest,aprendizaje,2024-04-01 00:00:00,2024-05-01 00:00:00,1,2.027986193076714,4.21112662346089,2.183140430384176
LSTM(16) v12,red neuronal,2024-04-01 00:00:00,2024-05-01 00:00:00,1,2.027986193076714,2.785369866746608,0.757383673669894
Comb. RF/AR(1) suave,combinacion,2024-04-01 00:00:00,2024-05-01 00:00:00,1,2.027986193076714,4.550049049206066,2.5220628561293523
Comb. RF/AR(1) dura,combinacion,2024-04-01 00:00:00,2024-05-01 00:00:00,1,2.027986193076714,5.058080354110245,3.0300941610335306
Comb. RF/ingenuo suave,combinacion,2024-04-01 00:00:00,2024-05-01 00:00:00,1,2.027986193076714,4.690870144392823,2.6628839513161093
Comb. LSTM/AR(1) suave,combinacion,2024-04-01 00:00:00,2024-05-01 00:00:00,1,2.027986193076714,3.6948322417493387,1.6668460486726246
Comb. RF/AR(1) umbral min,combinacion,2024-04-01 00:00:00,2024-05-01 00:00:00,1,2.027986193076714,5.058080354110245,3.0300941610335306
Ingenuo,referencia,2024-05-01 00:00:00,2024-06-01 00:00:00,1,-2.0986513232682413,2.027986193076714,4.126637516344955
AR(1),Box-Jenkins,2024-05-01 00:00:00,2024-06-01 00:00:00,1,-2.0986513232682413,2.326102293044686,4.424753616312927
Random Forest,aprendizaje,2024-05-01 00:00:00,2024-06-01 00:00:00,1,-2.0986513232682413,2.796722674170821,4.895373997439062
LSTM(16) v12,red neuronal,2024-05-01 00:00:00,2024-06-01 00:00:00,1,-2.0986513232682413,2.130907141774178,4.22955846504242
Comb. RF/AR(1) suave,combinacion,2024-05-01 00:00:00,2024-06-01 00:00:00,1,-2.0986513232682413,2.631498848807855,4.730150172076096
Comb. RF/AR(1) dura,combinacion,2024-05-01 00:00:00,2024-06-01 00:00:00,1,-2.0986513232682413,2.326102293044686,4.424753616312927
Comb. RF/ingenuo suave,combinacion,2024-05-01 00:00:00,2024-06-01 00:00:00,1,-2.0986513232682413,2.5268372480477392,4.62548857131598
Comb. LSTM/AR(1) suave,combinacion,2024-05-01 00:00:00,2024-06-01 00:00:00,1,-2.0986513232682413,2.1994356009710447,4.298086924239286
Comb. RF/AR(1) umbral min,combinacion,2024-05-01 00:00:00,2024-06-01 00:00:00,1,-2.0986513232682413,2.326102293044686,4.424753616312927
Ingenuo,referencia,2024-06-01 00:00:00,2024-07-01 00:00:00,1,2.945873684210265,-2.0986513232682413,-5.044525007478507
AR(1),Box-Jenkins,2024-06-01 00:00:00,2024-07-01 00:00:00,1,2.945873684210265,-1.0164648061907795,-3.9623384904010446
Random Forest,aprendizaje,2024-06-01 00:00:00,2024-07-01 00:00:00,1,2.945873684210265,2.930928993601693,-0.014944690608571953
LSTM(16) v12,red neuronal,2024-06-01 00:00:00,2024-07-01 00:00:00,1,2.945873684210265,1.0135921624186817,-1.9322815217915834
Comb. RF/AR(1) suave,combinacion,2024-06-01 00:00:00,2024-07-01 00:00:00,1,2.945873684210265,2.1353563648700185,-0.8105173193402466
Comb. RF/AR(1) dura,combinacion,2024-06-01 00:00:00,2024-07-01 00:00:00,1,2.945873684210265,-1.0164648061907795,-3.9623384904010446
Comb. RF/ingenuo suave,combinacion,2024-06-01 00:00:00,2024-07-01 00:00:00,1,2.945873684210265,1.917248414197715,-1.02862527001255
Comb. LSTM/AR(1) suave,combinacion,2024-06-01 00:00:00,2024-07-01 00:00:00,1,2.945873684210265,0.604446827317686,-2.3414268568925793
Comb. RF/AR(1) umbral min,combinacion,2024-06-01 00:00:00,2024-07-01 00:00:00,1,2.945873684210265,-1.0164648061907795,-3.9623384904010446
Ingenuo,referencia,2024-07-01 00:00:00,2024-08-01 00:00:00,1,1.2261275321314935,2.945873684210265,1.7197461520787716
AR(1),Box-Jenkins,2024-07-01 00:00:00,2024-08-01 00:00:00,1,1.2261275321314935,3.0630806377911384,1.8369531056596449
Random Forest,aprendizaje,2024-07-01 00:00:00,2024-08-01 00:00:00,1,1.2261275321314935,1.8791625421283025,0.653035009996809
LSTM(16) v12,red neuronal,2024-07-01 00:00:00,2024-08-01 00:00:00,1,1.2261275321314935,1.4254067999954962,0.19927926786400274
Comb. RF/AR(1) suave,combinacion,2024-07-01 00:00:00,2024-08-01 00:00:00,1,1.2261275321314935,2.135629429458766,0.9095018973272726
Comb. RF/AR(1) dura,combinacion,2024-07-01 00:00:00,2024-08-01 00:00:00,1,1.2261275321314935,3.0630806377911384,1.8369531056596449
Comb. RF/ingenuo suave,combinacion,2024-07-01 00:00:00,2024-08-01 00:00:00,1,1.2261275321314935,2.110239410783916,0.8841118786524227
Comb. LSTM/AR(1) suave,combinacion,2024-07-01 00:00:00,2024-08-01 00:00:00,1,1.2261275321314935,1.7801687663685455,0.554041234237052
Comb. RF/AR(1) umbral min,combinacion,2024-07-01 00:00:00,2024-08-01 00:00:00,1,1.2261275321314935,3.0630806377911384,1.8369531056596449
Ingenuo,referencia,2024-08-01 00:00:00,2024-09-01 00:00:00,1,0.5923234177251269,1.2261275321314935,0.6338041144063666
AR(1),Box-Jenkins,2024-08-01 00:00:00,2024-09-01 00:00:00,1,0.5923234177251269,1.6789351353750965,1.0866117176499697
Random Forest,aprendizaje,2024-08-01 00:00:00,2024-09-01 00:00:00,1,0.5923234177251269,1.5543366603774496,0.9620132426523227
LSTM(16) v12,red neuronal,2024-08-01 00:00:00,2024-09-01 00:00:00,1,0.5923234177251269,2.721326945760908,2.1290035280357813
Comb. RF/AR(1) suave,combinacion,2024-08-01 00:00:00,2024-09-01 00:00:00,1,0.5923234177251269,1.5838882556977338,0.991564837972607
Comb. RF/AR(1) dura,combinacion,2024-08-01 00:00:00,2024-09-01 00:00:00,1,0.5923234177251269,1.6789351353750965,1.0866117176499697
Comb. RF/ingenuo suave,combinacion,2024-08-01 00:00:00,2024-09-01 00:00:00,1,0.5923234177251269,1.4764937867906671,0.8841703690655403
Comb. LSTM/AR(1) suave,combinacion,2024-08-01 00:00:00,2024-09-01 00:00:00,1,0.5923234177251269,2.474098069594634,1.8817746518695073
Comb. RF/AR(1) umbral min,combinacion,2024-08-01 00:00:00,2024-09-01 00:00:00,1,0.5923234177251269,1.6789351353750965,1.0866117176499697
Ingenuo,referencia,2024-09-01 00:00:00,2024-10-01 00:00:00,1,3.598788069074188,0.5923234177251269,-3.006464651349061
AR(1),Box-Jenkins,2024-09-01 00:00:00,2024-10-01 00:00:00,1,3.598788069074188,1.1654477545576865,-2.4333403145165016
Random Forest,aprendizaje,2024-09-01 00:00:00,2024-10-01 00:00:00,1,3.598788069074188,2.3457902819520733,-1.2529977871221147
LSTM(16) v12,red neuronal,2024-09-01 00:00:00,2024-10-01 00:00:00,1,3.598788069074188,2.6957632034544075,-0.9030248656197806
Comb. RF/AR(1) suave,combinacion,2024-09-01 00:00:00,2024-10-01 00:00:00,1,3.598788069074188,2.052342634551332,-1.5464454345228562
Comb. RF/AR(1) dura,combinacion,2024-09-01 00:00:00,2024-10-01 00:00:00,1,3.598788069074188,1.1654477545576865,-2.4333403145165016
Comb. RF/ingenuo suave,combinacion,2024-09-01 00:00:00,2024-10-01 00:00:00,1,3.598788069074188,1.9098568862127645,-1.6889311828614235
Comb. LSTM/AR(1) suave,combinacion,2024-09-01 00:00:00,2024-10-01 00:00:00,1,3.598788069074188,2.3153079899571254,-1.2834800791170626
Comb. RF/AR(1) umbral min,combinacion,2024-09-01 00:00:00,2024-10-01 00:00:00,1,3.598788069074188,1.1654477545576865,-2.4333403145165016
Ingenuo,referencia,2024-10-01 00:00:00,2024-11-01 00:00:00,1,0.41177685722004753,3.598788069074188,3.1870112118541405
AR(1),Box-Jenkins,2024-10-01 00:00:00,2024-11-01 00:00:00,1,0.41177685722004753,3.582903693240861,3.1711268360208136
Random Forest,aprendizaje,2024-10-01 00:00:00,2024-11-01 00:00:00,1,0.41177685722004753,0.6427317354931321,0.23095487827308459
LSTM(16) v12,red neuronal,2024-10-01 00:00:00,2024-11-01 00:00:00,1,0.41177685722004753,2.750678060761656,2.3389012035416084
Comb. RF/AR(1) suave,combinacion,2024-10-01 00:00:00,2024-11-01 00:00:00,1,0.41177685722004753,0.9502897262102008,0.5385128689901533
Comb. RF/AR(1) dura,combinacion,2024-10-01 00:00:00,2024-11-01 00:00:00,1,0.41177685722004753,3.582903693240861,3.1711268360208136
Comb. RF/ingenuo suave,combinacion,2024-10-01 00:00:00,2024-11-01 00:00:00,1,0.41177685722004753,0.9519513183841617,0.5401744611641142
Comb. LSTM/AR(1) suave,combinacion,2024-10-01 00:00:00,2024-11-01 00:00:00,1,0.41177685722004753,2.8377333918874648,2.4259565346674172
Comb. RF/AR(1) umbral min,combinacion,2024-10-01 00:00:00,2024-11-01 00:00:00,1,0.41177685722004753,3.582903693240861,3.1711268360208136
Ingenuo,referencia,2024-11-01 00:00:00,2024-12-01 00:00:00,1,3.61132888612552,0.41177685722004753,-3.1995520289054724
AR(1),Box-Jenkins,2024-11-01 00:00:00,2024-12-01 00:00:00,1,3.61132888612552,1.022650074064066,-2.588678812061454
Random Forest,aprendizaje,2024-11-01 00:00:00,2024-12-01 00:00:00,1,3.61132888612552,1.665464930325344,-1.945863955800176
LSTM(16) v12,red neuronal,2024-11-01 00:00:00,2024-12-01 00:00:00,1,3.61132888612552,1.2339776066979757,-2.377351279427544
Comb. RF/AR(1) suave,combinacion,2024-11-01 00:00:00,2024-12-01 00:00:00,1,3.61132888612552,1.6145600487447263,-1.9967688373807937
Comb. RF/AR(1) dura,combinacion,2024-11-01 00:00:00,2024-12-01 00:00:00,1,3.61132888612552,1.022650074064066,-2.588678812061454
Comb. RF/ingenuo suave,combinacion,2024-11-01 00:00:00,2024-12-01 00:00:00,1,3.61132888612552,1.5661846441296585,-2.045144241995861
Comb. LSTM/AR(1) suave,combinacion,2024-11-01 00:00:00,2024-12-01 00:00:00,1,3.61132888612552,1.2172424567264561,-2.3940864293990636
Comb. RF/AR(1) umbral min,combinacion,2024-11-01 00:00:00,2024-12-01 00:00:00,1,3.61132888612552,1.022650074064066,-2.588678812061454
Ingenuo,referencia,2024-12-01 00:00:00,2025-01-01 00:00:00,1,2.025554222663928,3.61132888612552,1.5857746634615921
AR(1),Box-Jenkins,2024-12-01 00:00:00,2025-01-01 00:00:00,1,2.025554222663928,3.5901330407502643,1.5645788180863365
Random Forest,aprendizaje,2024-12-01 00:00:00,2025-01-01 00:00:00,1,2.025554222663928,2.3174300846739153,0.2918758620099875
LSTM(16) v12,red neuronal,2024-12-01 00:00:00,2025-01-01 00:00:00,1,2.025554222663928,1.9885679821740476,-0.036986240489880196
Comb. RF/AR(1) suave,combinacion,2024-12-01 00:00:00,2025-01-01 00:00:00,1,2.025554222663928,2.3174300846739153,0.2918758620099875
Comb. RF/AR(1) dura,combinacion,2024-12-01 00:00:00,2025-01-01 00:00:00,1,2.025554222663928,2.3174300846739153,0.2918758620099875
Comb. RF/ingenuo suave,combinacion,2024-12-01 00:00:00,2025-01-01 00:00:00,1,2.025554222663928,2.3174300846739153,0.2918758620099875
Comb. LSTM/AR(1) suave,combinacion,2024-12-01 00:00:00,2025-01-01 00:00:00,1,2.025554222663928,1.9885679821740476,-0.036986240489880196
Comb. RF/AR(1) umbral min,combinacion,2024-12-01 00:00:00,2025-01-01 00:00:00,1,2.025554222663928,3.5901330407502643,1.5645788180863365
Ingenuo,referencia,2025-01-01 00:00:00,2025-02-01 00:00:00,1,1.1816208207961143,2.025554222663928,0.8439334018678135
AR(1),Box-Jenkins,2025-01-01 00:00:00,2025-02-01 00:00:00,1,1.1816208207961143,2.3191261639222804,1.1375053431261661
Random Forest,aprendizaje,2025-01-01 00:00:00,2025-02-01 00:00:00,1,1.1816208207961143,1.9848026263727696,0.8031818055766553
LSTM(16) v12,red neuronal,2025-01-01 00:00:00,2025-02-01 00:00:00,1,1.1816208207961143,1.7798017854962231,0.5981809647001088
Comb. RF/AR(1) suave,combinacion,2025-01-01 00:00:00,2025-02-01 00:00:00,1,1.1816208207961143,1.9848026263727696,0.8031818055766553
Comb. RF/AR(1) dura,combinacion,2025-01-01 00:00:00,2025-02-01 00:00:00,1,1.1816208207961143,1.9848026263727696,0.8031818055766553
Comb. RF/ingenuo suave,combinacion,2025-01-01 00:00:00,2025-02-01 00:00:00,1,1.1816208207961143,1.9848026263727696,0.8031818055766553
Comb. LSTM/AR(1) suave,combinacion,2025-01-01 00:00:00,2025-02-01 00:00:00,1,1.1816208207961143,1.7798017854962231,0.5981809647001088
Comb. RF/AR(1) umbral min,combinacion,2025-01-01 00:00:00,2025-02-01 00:00:00,1,1.1816208207961143,2.3191261639222804,1.1375053431261661
Ingenuo,referencia,2025-02-01 00:00:00,2025-03-01 00:00:00,1,4.492629808647175,1.1816208207961143,-3.3110089878510607
AR(1),Box-Jenkins,2025-02-01 00:00:00,2025-03-01 00:00:00,1,4.492629808647175,1.640547579045551,-2.852082229601624
Random Forest,aprendizaje,2025-02-01 00:00:00,2025-03-01 00:00:00,1,4.492629808647175,3.388414023459447,-1.1042157851877281
LSTM(16) v12,red neuronal,2025-02-01 00:00:00,2025-03-01 00:00:00,1,4.492629808647175,1.5762028229337637,-2.9164269857134113
Comb. RF/AR(1) suave,combinacion,2025-02-01 00:00:00,2025-03-01 00:00:00,1,4.492629808647175,3.388414023459447,-1.1042157851877281
Comb. RF/AR(1) dura,combinacion,2025-02-01 00:00:00,2025-03-01 00:00:00,1,4.492629808647175,3.388414023459447,-1.1042157851877281
Comb. RF/ingenuo suave,combinacion,2025-02-01 00:00:00,2025-03-01 00:00:00,1,4.492629808647175,3.388414023459447,-1.1042157851877281
Comb. LSTM/AR(1) suave,combinacion,2025-02-01 00:00:00,2025-03-01 00:00:00,1,4.492629808647175,1.5762028229337637,-2.9164269857134113
Comb. RF/AR(1) umbral min,combinacion,2025-02-01 00:00:00,2025-03-01 00:00:00,1,4.492629808647175,1.640547579045551,-2.852082229601624
Ingenuo,referencia,2025-03-01 00:00:00,2025-04-01 00:00:00,1,-0.09167105984454471,4.492629808647175,4.58430086849172
AR(1),Box-Jenkins,2025-03-01 00:00:00,2025-04-01 00:00:00,1,-0.09167105984454471,4.292203142754642,4.383874202599186
Random Forest,aprendizaje,2025-03-01 00:00:00,2025-04-01 00:00:00,1,-0.09167105984454471,1.818269831762056,1.9099408916066007
LSTM(16) v12,red neuronal,2025-03-01 00:00:00,2025-04-01 00:00:00,1,-0.09167105984454471,2.390634521015374,2.4823055808599186
Comb. RF/AR(1) suave,combinacion,2025-03-01 00:00:00,2025-04-01 00:00:00,1,-0.09167105984454471,1.818269831762056,1.9099408916066007
Comb. RF/AR(1) dura,combinacion,2025-03-01 00:00:00,2025-04-01 00:00:00,1,-0.09167105984454471,1.818269831762056,1.9099408916066007
Comb. RF/ingenuo suave,combinacion,2025-03-01 00:00:00,2025-04-01 00:00:00,1,-0.09167105984454471,1.818269831762056,1.9099408916066007
Comb. LSTM/AR(1) suave,combinacion,2025-03-01 00:00:00,2025-04-01 00:00:00,1,-0.09167105984454471,2.390634521015374,2.4823055808599186
Comb. RF/AR(1) umbral min,combinacion,2025-03-01 00:00:00,2025-04-01 00:00:00,1,-0.09167105984454471,4.292203142754642,4.383874202599186
Ingenuo,referencia,2025-04-01 00:00:00,2025-05-01 00:00:00,1,2.1527050085237143,-0.09167105984454471,-2.244376068368259
AR(1),Box-Jenkins,2025-04-01 00:00:00,2025-05-01 00:00:00,1,2.1527050085237143,0.6269127513551151,-1.5257922571685991
Random Forest,aprendizaje,2025-04-01 00:00:00,2025-05-01 00:00:00,1,2.1527050085237143,1.963689632835461,-0.18901537568825333
LSTM(16) v12,red neuronal,2025-04-01 00:00:00,2025-05-01 00:00:00,1,2.1527050085237143,1.8229539262918224,-0.32975108223189187
Comb. RF/AR(1) suave,combinacion,2025-04-01 00:00:00,2025-05-01 00:00:00,1,2.1527050085237143,1.963689632835461,-0.18901537568825333
Comb. RF/AR(1) dura,combinacion,2025-04-01 00:00:00,2025-05-01 00:00:00,1,2.1527050085237143,1.963689632835461,-0.18901537568825333
Comb. RF/ingenuo suave,combinacion,2025-04-01 00:00:00,2025-05-01 00:00:00,1,2.1527050085237143,1.963689632835461,-0.18901537568825333
Comb. LSTM/AR(1) suave,combinacion,2025-04-01 00:00:00,2025-05-01 00:00:00,1,2.1527050085237143,1.8229539262918224,-0.32975108223189187
Comb. RF/AR(1) umbral min,combinacion,2025-04-01 00:00:00,2025-05-01 00:00:00,1,2.1527050085237143,0.6269127513551151,-1.5257922571685991
Ingenuo,referencia,2025-05-01 00:00:00,2025-06-01 00:00:00,1,3.434797938137324,2.1527050085237143,-1.2820929296136097
AR(1),Box-Jenkins,2025-05-01 00:00:00,2025-06-01 00:00:00,1,3.434797938137324,2.419765786938653,-1.015032151198671
Random Forest,aprendizaje,2025-05-01 00:00:00,2025-06-01 00:00:00,1,3.434797938137324,3.0754157573020664,-0.3593821808352575
LSTM(16) v12,red neuronal,2025-05-01 00:00:00,2025-06-01 00:00:00,1,3.434797938137324,1.8281467451016582,-1.6066511930356657
Comb. RF/AR(1) suave,combinacion,2025-05-01 00:00:00,2025-06-01 00:00:00,1,3.434797938137324,3.0754157573020664,-0.3593821808352575
Comb. RF/AR(1) dura,combinacion,2025-05-01 00:00:00,2025-06-01 00:00:00,1,3.434797938137324,3.0754157573020664,-0.3593821808352575
Comb. RF/ingenuo suave,combinacion,2025-05-01 00:00:00,2025-06-01 00:00:00,1,3.434797938137324,3.0754157573020664,-0.3593821808352575
Comb. LSTM/AR(1) suave,combinacion,2025-05-01 00:00:00,2025-06-01 00:00:00,1,3.434797938137324,1.8281467451016582,-1.6066511930356657
Comb. RF/AR(1) umbral min,combinacion,2025-05-01 00:00:00,2025-06-01 00:00:00,1,3.434797938137324,2.419765786938653,-1.015032151198671
Ingenuo,referencia,2025-06-01 00:00:00,2025-07-01 00:00:00,1,4.809843187438023,3.434797938137324,-1.3750452493006993
AR(1),Box-Jenkins,2025-06-01 00:00:00,2025-07-01 00:00:00,1,4.809843187438023,3.4421469519432044,-1.3676962354948188
Random Forest,aprendizaje,2025-06-01 00:00:00,2025-07-01 00:00:00,1,4.809843187438023,1.372344240623087,-3.4374989468149364
LSTM(16) v12,red neuronal,2025-06-01 00:00:00,2025-07-01 00:00:00,1,4.809843187438023,2.123072297492513,-2.6867708899455103
Comb. RF/AR(1) suave,combinacion,2025-06-01 00:00:00,2025-07-01 00:00:00,1,4.809843187438023,1.372344240623087,-3.4374989468149364
Comb. RF/AR(1) dura,combinacion,2025-06-01 00:00:00,2025-07-01 00:00:00,1,4.809843187438023,1.372344240623087,-3.4374989468149364
Comb. RF/ingenuo suave,combinacion,2025-06-01 00:00:00,2025-07-01 00:00:00,1,4.809843187438023,1.372344240623087,-3.4374989468149364
Comb. LSTM/AR(1) suave,combinacion,2025-06-01 00:00:00,2025-07-01 00:00:00,1,4.809843187438023,2.123072297492513,-2.6867708899455103
Comb. RF/AR(1) umbral min,combinacion,2025-06-01 00:00:00,2025-07-01 00:00:00,1,4.809843187438023,3.4421469519432044,-1.3676962354948188
Ingenuo,referencia,2025-07-01 00:00:00,2025-08-01 00:00:00,1,2.9070466187174127,4.809843187438023,1.9027965687206105
AR(1),Box-Jenkins,2025-07-01 00:00:00,2025-08-01 00:00:00,1,2.9070466187174127,4.539390202692838,1.632343583975425
Random Forest,aprendizaje,2025-07-01 00:00:00,2025-08-01 00:00:00,1,2.9070466187174127,3.7906895170692576,0.883642898351845
LSTM(16) v12,red neuronal,2025-07-01 00:00:00,2025-08-01 00:00:00,1,2.9070466187174127,2.9440276676854404,0.036981048968027785
Comb. RF/AR(1) suave,combinacion,2025-07-01 00:00:00,2025-08-01 00:00:00,1,2.9070466187174127,3.7906895170692576,0.883642898351845
Comb. RF/AR(1) dura,combinacion,2025-07-01 00:00:00,2025-08-01 00:00:00,1,2.9070466187174127,3.7906895170692576,0.883642898351845
Comb. RF/ingenuo suave,combinacion,2025-07-01 00:00:00,2025-08-01 00:00:00,1,2.9070466187174127,3.7906895170692576,0.883642898351845
Comb. LSTM/AR(1) suave,combinacion,2025-07-01 00:00:00,2025-08-01 00:00:00,1,2.9070466187174127,2.9440276676854404,0.036981048968027785
Comb. RF/AR(1) umbral min,combinacion,2025-07-01 00:00:00,2025-08-01 00:00:00,1,2.9070466187174127,4.539390202692838,1.632343583975425
Ingenuo,referencia,2025-08-01 00:00:00,2025-09-01 00:00:00,1,3.946999699259268,2.9070466187174127,-1.0399530805418555
AR(1),Box-Jenkins,2025-08-01 00:00:00,2025-09-01 00:00:00,1,3.946999699259268,3.0224297906693844,-0.9245699085898837
Random Forest,aprendizaje,2025-08-01 00:00:00,2025-09-01 00:00:00,1,3.946999699259268,3.050396886067867,-0.896602813191401
LSTM(16) v12,red neuronal,2025-08-01 00:00:00,2025-09-01 00:00:00,1,3.946999699259268,2.935693662106006,-1.011306037153262
Comb. RF/AR(1) suave,combinacion,2025-08-01 00:00:00,2025-09-01 00:00:00,1,3.946999699259268,3.050396886067867,-0.896602813191401
Comb. RF/AR(1) dura,combinacion,2025-08-01 00:00:00,2025-09-01 00:00:00,1,3.946999699259268,3.050396886067867,-0.896602813191401
Comb. RF/ingenuo suave,combinacion,2025-08-01 00:00:00,2025-09-01 00:00:00,1,3.946999699259268,3.050396886067867,-0.896602813191401
Comb. LSTM/AR(1) suave,combinacion,2025-08-01 00:00:00,2025-09-01 00:00:00,1,3.946999699259268,2.935693662106006,-1.011306037153262
Comb. RF/AR(1) umbral min,combinacion,2025-08-01 00:00:00,2025-09-01 00:00:00,1,3.946999699259268,3.0224297906693844,-0.9245699085898837
Ingenuo,referencia,2025-09-01 00:00:00,2025-10-01 00:00:00,1,3.07646433434019,3.946999699259268,0.8705353649190783
AR(1),Box-Jenkins,2025-09-01 00:00:00,2025-10-01 00:00:00,1,3.07646433434019,3.8512453229779613,0.7747809886377715
Random Forest,aprendizaje,2025-09-01 00:00:00,2025-10-01 00:00:00,1,3.07646433434019,3.091750893191594,0.015286558851403953
LSTM(16) v12,red neuronal,2025-09-01 00:00:00,2025-10-01 00:00:00,1,3.07646433434019,3.357684541983016,0.2812202076428263
Comb. RF/AR(1) suave,combinacion,2025-09-01 00:00:00,2025-10-01 00:00:00,1,3.07646433434019,3.091750893191594,0.015286558851403953
Comb. RF/AR(1) dura,combinacion,2025-09-01 00:00:00,2025-10-01 00:00:00,1,3.07646433434019,3.091750893191594,0.015286558851403953
Comb. RF/ingenuo suave,combinacion,2025-09-01 00:00:00,2025-10-01 00:00:00,1,3.07646433434019,3.091750893191594,0.015286558851403953
Comb. LSTM/AR(1) suave,combinacion,2025-09-01 00:00:00,2025-10-01 00:00:00,1,3.07646433434019,3.357684541983016,0.2812202076428263
Comb. RF/AR(1) umbral min,combinacion,2025-09-01 00:00:00,2025-10-01 00:00:00,1,3.07646433434019,3.8512453229779613,0.7747809886377715
Ingenuo,referencia,2025-10-01 00:00:00,2025-11-01 00:00:00,1,2.4340002792755833,3.07646433434019,0.6424640550646066
AR(1),Box-Jenkins,2025-10-01 00:00:00,2025-11-01 00:00:00,1,2.4340002792755833,3.157548952503719,0.7235486732281355
Random Forest,aprendizaje,2025-10-01 00:00:00,2025-11-01 00:00:00,1,2.4340002792755833,2.620410562178475,0.18641028290289174
LSTM(16) v12,red neuronal,2025-10-01 00:00:00,2025-11-01 00:00:00,1,2.4340002792755833,3.2851796459880993,0.851179366712516
Comb. RF/AR(1) suave,combinacion,2025-10-01 00:00:00,2025-11-01 00:00:00,1,2.4340002792755833,2.620410562178475,0.18641028290289174
Comb. RF/AR(1) dura,combinacion,2025-10-01 00:00:00,2025-11-01 00:00:00,1,2.4340002792755833,2.620410562178475,0.18641028290289174
Comb. RF/ingenuo suave,combinacion,2025-10-01 00:00:00,2025-11-01 00:00:00,1,2.4340002792755833,2.620410562178475,0.18641028290289174
Comb. LSTM/AR(1) suave,combinacion,2025-10-01 00:00:00,2025-11-01 00:00:00,1,2.4340002792755833,3.2851796459880993,0.851179366712516
Comb. RF/AR(1) umbral min,combinacion,2025-10-01 00:00:00,2025-11-01 00:00:00,1,2.4340002792755833,3.157548952503719,0.7235486732281355
Ingenuo,referencia,2025-11-01 00:00:00,2025-12-01 00:00:00,1,0.7595052332500574,2.4340002792755833,1.674495046025526
AR(1),Box-Jenkins,2025-11-01 00:00:00,2025-12-01 00:00:00,1,0.7595052332500574,2.644924549823137,1.8854193165730795
Random Forest,aprendizaje,2025-11-01 00:00:00,2025-12-01 00:00:00,1,0.7595052332500574,3.9390980908930384,3.179592857642981
LSTM(16) v12,red neuronal,2025-11-01 00:00:00,2025-12-01 00:00:00,1,0.7595052332500574,2.9021080888649613,2.142602855614904
Comb. RF/AR(1) suave,combinacion,2025-11-01 00:00:00,2025-12-01 00:00:00,1,0.7595052332500574,3.9390980908930384,3.179592857642981
Comb. RF/AR(1) dura,combinacion,2025-11-01 00:00:00,2025-12-01 00:00:00,1,0.7595052332500574,3.9390980908930384,3.179592857642981
Comb. RF/ingenuo suave,combinacion,2025-11-01 00:00:00,2025-12-01 00:00:00,1,0.7595052332500574,3.9390980908930384,3.179592857642981
Comb. LSTM/AR(1) suave,combinacion,2025-11-01 00:00:00,2025-12-01 00:00:00,1,0.7595052332500574,2.9021080888649613,2.142602855614904
Comb. RF/AR(1) umbral min,combinacion,2025-11-01 00:00:00,2025-12-01 00:00:00,1,0.7595052332500574,2.644924549823137,1.8854193165730795
Ingenuo,referencia,2025-12-01 00:00:00,2026-01-01 00:00:00,1,0.9643027524466774,0.7595052332500574,-0.20479751919662004
AR(1),Box-Jenkins,2025-12-01 00:00:00,2026-01-01 00:00:00,1,0.9643027524466774,1.3077885070594868,0.3434857546128094
Random Forest,aprendizaje,2025-12-01 00:00:00,2026-01-01 00:00:00,1,0.9643027524466774,2.248619586814614,1.2843168343679365
LSTM(16) v12,red neuronal,2025-12-01 00:00:00,2026-01-01 00:00:00,1,0.9643027524466774,2.4310810225177035,1.4667782700710261
Comb. RF/AR(1) suave,combinacion,2025-12-01 00:00:00,2026-01-01 00:00:00,1,0.9643027524466774,2.248619586814614,1.2843168343679365
Comb. RF/AR(1) dura,combinacion,2025-12-01 00:00:00,2026-01-01 00:00:00,1,0.9643027524466774,2.248619586814614,1.2843168343679365
Comb. RF/ingenuo suave,combinacion,2025-12-01 00:00:00,2026-01-01 00:00:00,1,0.9643027524466774,2.248619586814614,1.2843168343679365
Comb. LSTM/AR(1) suave,combinacion,2025-12-01 00:00:00,2026-01-01 00:00:00,1,0.9643027524466774,2.4310810225177035,1.4667782700710261
Comb. RF/AR(1) umbral min,combinacion,2025-12-01 00:00:00,2026-01-01 00:00:00,1,0.9643027524466774,1.3077885070594868,0.3434857546128094
Ingenuo,referencia,2026-01-01 00:00:00,2026-02-01 00:00:00,1,1.308161702592514,0.9643027524466774,-0.3438589501458367
AR(1),Box-Jenkins,2026-01-01 00:00:00,2026-02-01 00:00:00,1,1.308161702592514,1.4683761245065718,0.16021442191405777
Random Forest,aprendizaje,2026-01-01 00:00:00,2026-02-01 00:00:00,1,1.308161702592514,2.4899290954626094,1.1817673928700954
LSTM(16) v12,red neuronal,2026-01-01 00:00:00,2026-02-01 00:00:00,1,1.308161702592514,2.6989722218602488,1.3908105192677347
Comb. RF/AR(1) suave,combinacion,2026-01-01 00:00:00,2026-02-01 00:00:00,1,1.308161702592514,2.4899290954626094,1.1817673928700954
Comb. RF/AR(1) dura,combinacion,2026-01-01 00:00:00,2026-02-01 00:00:00,1,1.308161702592514,2.4899290954626094,1.1817673928700954
Comb. RF/ingenuo suave,combinacion,2026-01-01 00:00:00,2026-02-01 00:00:00,1,1.308161702592514,2.4899290954626094,1.1817673928700954
Comb. LSTM/AR(1) suave,combinacion,2026-01-01 00:00:00,2026-02-01 00:00:00,1,1.308161702592514,2.6989722218602488,1.3908105192677347
Comb. RF/AR(1) umbral min,combinacion,2026-01-01 00:00:00,2026-02-01 00:00:00,1,1.308161702592514,1.4683761245065718,0.16021442191405777
Ingenuo,referencia,2026-02-01 00:00:00,2026-03-01 00:00:00,1,3.9388731435072266,1.308161702592514,-2.6307114409147125
AR(1),Box-Jenkins,2026-02-01 00:00:00,2026-03-01 00:00:00,1,3.9388731435072266,1.7404665836327742,-2.1984065598744524
Random Forest,aprendizaje,2026-02-01 00:00:00,2026-03-01 00:00:00,1,3.9388731435072266,1.2706084360911585,-2.668264707416068
LSTM(16) v12,red neuronal,2026-02-01 00:00:00,2026-03-01 00:00:00,1,3.9388731435072266,1.906382830590636,-2.0324903129165905
Comb. RF/AR(1) suave,combinacion,2026-02-01 00:00:00,2026-03-01 00:00:00,1,3.9388731435072266,1.2706084360911585,-2.668264707416068
Comb. RF/AR(1) dura,combinacion,2026-02-01 00:00:00,2026-03-01 00:00:00,1,3.9388731435072266,1.2706084360911585,-2.668264707416068
Comb. RF/ingenuo suave,combinacion,2026-02-01 00:00:00,2026-03-01 00:00:00,1,3.9388731435072266,1.2706084360911585,-2.668264707416068
Comb. LSTM/AR(1) suave,combinacion,2026-02-01 00:00:00,2026-03-01 00:00:00,1,3.9388731435072266,1.906382830590636,-2.0324903129165905
Comb. RF/AR(1) umbral min,combinacion,2026-02-01 00:00:00,2026-03-01 00:00:00,1,3.9388731435072266,1.7404665836327742,-2.1984065598744524
Ingenuo,referencia,2026-03-01 00:00:00,2026-04-01 00:00:00,1,3.1738694643026033,3.9388731435072266,0.7650036792046233
AR(1),Box-Jenkins,2026-03-01 00:00:00,2026-04-01 00:00:00,1,3.1738694643026033,3.8374234804579426,0.6635540161553393
Random Forest,aprendizaje,2026-03-01 00:00:00,2026-04-01 00:00:00,1,3.1738694643026033,3.2377367668130534,0.06386730251045014
LSTM(16) v12,red neuronal,2026-03-01 00:00:00,2026-04-01 00:00:00,1,3.1738694643026033,2.715335706746976,-0.4585337575556272
Comb. RF/AR(1) suave,combinacion,2026-03-01 00:00:00,2026-04-01 00:00:00,1,3.1738694643026033,3.2377367668130534,0.06386730251045014
Comb. RF/AR(1) dura,combinacion,2026-03-01 00:00:00,2026-04-01 00:00:00,1,3.1738694643026033,3.2377367668130534,0.06386730251045014
Comb. RF/ingenuo suave,combinacion,2026-03-01 00:00:00,2026-04-01 00:00:00,1,3.1738694643026033,3.2377367668130534,0.06386730251045014
Comb. LSTM/AR(1) suave,combinacion,2026-03-01 00:00:00,2026-04-01 00:00:00,1,3.1738694643026033,2.715335706746976,-0.4585337575556272
Comb. RF/AR(1) umbral min,combinacion,2026-03-01 00:00:00,2026-04-01 00:00:00,1,3.1738694643026033,3.8374234804579426,0.6635540161553393
Ingenuo,referencia,2026-04-01 00:00:00,2026-05-01 00:00:00,1,4.2415480986457865,3.1738694643026033,-1.0676786343431832
AR(1),Box-Jenkins,2026-04-01 00:00:00,2026-05-01 00:00:00,1,4.2415480986457865,3.2281911907711405,-1.013356907874646
Random Forest,aprendizaje,2026-04-01 00:00:00,2026-05-01 00:00:00,1,4.2415480986457865,2.3443266624617785,-1.897221436184008
LSTM(16) v12,red neuronal,2026-04-01 00:00:00,2026-05-01 00:00:00,1,4.2415480986457865,2.398338250721527,-1.8432098479242596
Comb. RF/AR(1) suave,combinacion,2026-04-01 00:00:00,2026-05-01 00:00:00,1,4.2415480986457865,2.3443266624617785,-1.897221436184008
Comb. RF/AR(1) dura,combinacion,2026-04-01 00:00:00,2026-05-01 00:00:00,1,4.2415480986457865,2.3443266624617785,-1.897221436184008
Comb. RF/ingenuo suave,combinacion,2026-04-01 00:00:00,2026-05-01 00:00:00,1,4.2415480986457865,2.3443266624617785,-1.897221436184008
Comb. LSTM/AR(1) suave,combinacion,2026-04-01 00:00:00,2026-05-01 00:00:00,1,4.2415480986457865,2.398338250721527,-1.8432098479242596
Comb. RF/AR(1) umbral min,combinacion,2026-04-01 00:00:00,2026-05-01 00:00:00,1,4.2415480986457865,3.2281911907711405,-1.013356907874646
Ingenuo,referencia,2026-05-01 00:00:00,2026-06-01 00:00:00,1,3.5125483951228276,4.2415480986457865,0.728999703522959
AR(1),Box-Jenkins,2026-05-01 00:00:00,2026-06-01 00:00:00,1,3.5125483951228276,4.078715628321239,0.5661672331984118
Random Forest,aprendizaje,2026-05-01 00:00:00,2026-06-01 00:00:00,1,3.5125483951228276,2.8800967024331805,-0.6324516926896471
LSTM(16) v12,red neuronal,2026-05-01 00:00:00,2026-06-01 00:00:00,1,3.5125483951228276,3.0524872635682243,-0.46006113155460326
Comb. RF/AR(1) suave,combinacion,2026-05-01 00:00:00,2026-06-01 00:00:00,1,3.5125483951228276,2.8800967024331805,-0.6324516926896471
Comb. RF/AR(1) dura,combinacion,2026-05-01 00:00:00,2026-06-01 00:00:00,1,3.5125483951228276,2.8800967024331805,-0.6324516926896471
Comb. RF/ingenuo suave,combinacion,2026-05-01 00:00:00,2026-06-01 00:00:00,1,3.5125483951228276,2.8800967024331805,-0.6324516926896471
Comb. LSTM/AR(1) suave,combinacion,2026-05-01 00:00:00,2026-06-01 00:00:00,1,3.5125483951228276,3.0524872635682243,-0.46006113155460326
Comb. RF/AR(1) umbral min,combinacion,2026-05-01 00:00:00,2026-06-01 00:00:00,1,3.5125483951228276,4.078715628321239,0.5661672331984118
