brazo,modelo,familia,origen,objetivo,paso,real,pronostico,error
A,Ingenuo,referencia,2015Q4,2016Q1,1,2.4690350506661796,2.1486955781197192,-0.32033947254646034
A,Deriva,referencia,2015Q4,2016Q1,1,2.4690350506661796,2.06119611896944,-0.4078389316967397
A,AR(1),Box-Jenkins,2015Q4,2016Q1,1,2.4690350506661796,2.623656507437901,0.15462145677172145
A,"ARMA(2,2)",Box-Jenkins,2015Q4,2016Q1,1,2.4690350506661796,2.6008300734065397,0.13179502274036015
A,"ARIMA(1,1,1)",Box-Jenkins,2015Q4,2016Q1,1,2.4690350506661796,2.072289079966116,-0.39674597070006357
A,Ridge sobre rezagos,regularizado,2015Q4,2016Q1,1,2.4690350506661796,1.8927074842556983,-0.5763275664104812
A,Random Forest,aprendizaje,2015Q4,2016Q1,1,2.4690350506661796,3.1122355199532388,0.6432004692870592
A,LSTM(16),red neuronal,2015Q4,2016Q1,1,2.4690350506661796,3.4508724490704035,0.9818373984042239
A,Comb. RF/AR(1) suave,combinacion,2015Q4,2016Q1,1,2.4690350506661796,3.1138300125814906,0.644794961915311
A,Comb. RF/AR(1) dura,combinacion,2015Q4,2016Q1,1,2.4690350506661796,3.1138300125814906,0.644794961915311
A,Comb. RF/ingenuo suave,combinacion,2015Q4,2016Q1,1,2.4690350506661796,3.1138300125814906,0.644794961915311
A,Comb. LSTM/AR(1) suave,combinacion,2015Q4,2016Q1,1,2.4690350506661796,3.703523437393688,1.2344883867275085
A,Comb. RF/AR(1) umbral min,combinacion,2015Q4,2016Q1,1,2.4690350506661796,2.623656507437901,0.15462145677172145
A,Ingenuo,referencia,2016Q1,2016Q2,1,2.3387224459939127,2.4690350506661796,0.1303126046722669
A,Deriva,referencia,2016Q1,2016Q2,1,2.3387224459939127,2.391731564808319,0.053009118814406175
A,AR(1),Box-Jenkins,2016Q1,2016Q2,1,2.3387224459939127,2.8599950360721436,0.5212725900782309
A,"ARMA(2,2)",Box-Jenkins,2016Q1,2016Q2,1,2.3387224459939127,2.376300992108253,0.037578546114340305
A,"ARIMA(1,1,1)",Box-Jenkins,2016Q1,2016Q2,1,2.3387224459939127,2.46793167232416,0.12920922633024734
A,Ridge sobre rezagos,regularizado,2016Q1,2016Q2,1,2.3387224459939127,3.2880931375447324,0.9493706915508198
A,Random Forest,aprendizaje,2016Q1,2016Q2,1,2.3387224459939127,3.7754457235550367,1.436723277561124
A,LSTM(16),red neuronal,2016Q1,2016Q2,1,2.3387224459939127,3.340103184112337,1.0013807381184243
A,Comb. RF/AR(1) suave,combinacion,2016Q1,2016Q2,1,2.3387224459939127,3.3509327856442264,1.0122103396503137
A,Comb. RF/AR(1) dura,combinacion,2016Q1,2016Q2,1,2.3387224459939127,3.3509327856442264,1.0122103396503137
A,Comb. RF/ingenuo suave,combinacion,2016Q1,2016Q2,1,2.3387224459939127,3.3509327856442264,1.0122103396503137
A,Comb. LSTM/AR(1) suave,combinacion,2016Q1,2016Q2,1,2.3387224459939127,3.537679831387069,1.1989573853931565
A,Comb. RF/AR(1) umbral min,combinacion,2016Q1,2016Q2,1,2.3387224459939127,2.8599950360721436,0.5212725900782309
A,Ingenuo,referencia,2016Q2,2016Q3,1,1.373699454669075,2.3387224459939127,0.9650229913248376
A,Deriva,referencia,2016Q2,2016Q3,1,1.373699454669075,2.260126054799115,0.88642660013004
A,AR(1),Box-Jenkins,2016Q2,2016Q3,1,1.373699454669075,2.734369459851114,1.360670005182039
A,"ARMA(2,2)",Box-Jenkins,2016Q2,2016Q3,1,1.373699454669075,2.795971896522234,1.422272441853159
A,"ARIMA(1,1,1)",Box-Jenkins,2016Q2,2016Q3,1,1.373699454669075,2.3328582051464073,0.9591587504773322
A,Ridge sobre rezagos,regularizado,2016Q2,2016Q3,1,1.373699454669075,2.8616207690806026,1.4879213144115275
A,Random Forest,aprendizaje,2016Q2,2016Q3,1,1.373699454669075,3.3839064155122713,2.0102069608431963
A,LSTM(16),red neuronal,2016Q2,2016Q3,1,1.373699454669075,3.311817012754107,1.938117558085032
A,Comb. RF/AR(1) suave,combinacion,2016Q2,2016Q3,1,1.373699454669075,3.7412644673360984,2.3675650126670233
A,Comb. RF/AR(1) dura,combinacion,2016Q2,2016Q3,1,1.373699454669075,3.7412644673360984,2.3675650126670233
A,Comb. RF/ingenuo suave,combinacion,2016Q2,2016Q3,1,1.373699454669075,3.7412644673360984,2.3675650126670233
A,Comb. LSTM/AR(1) suave,combinacion,2016Q2,2016Q3,1,1.373699454669075,3.462734035489911,2.089034580820836
A,Comb. RF/AR(1) umbral min,combinacion,2016Q2,2016Q3,1,1.373699454669075,3.6944226733833383,2.3207232187142632
A,Ingenuo,referencia,2016Q3,2016Q4,1,2.5820485593768705,1.373699454669075,-1.2083491047077954
A,Deriva,referencia,2016Q3,2016Q4,1,2.5820485593768705,1.273997668233086,-1.3080508911437845
A,AR(1),Box-Jenkins,2016Q3,2016Q4,1,2.5820485593768705,1.9066912002176304,-0.6753573591592401
A,"ARMA(2,2)",Box-Jenkins,2016Q3,2016Q4,1,2.5820485593768705,2.2531331256729263,-0.32891543370394416
A,"ARIMA(1,1,1)",Box-Jenkins,2016Q3,2016Q4,1,2.5820485593768705,1.3294196361967578,-1.2526289231801127
A,Ridge sobre rezagos,regularizado,2016Q3,2016Q4,1,2.5820485593768705,2.8544057456540575,0.27235718627718697
A,Random Forest,aprendizaje,2016Q3,2016Q4,1,2.5820485593768705,2.536983041339579,-0.04506551803729142
A,LSTM(16),red neuronal,2016Q3,2016Q4,1,2.5820485593768705,3.0434411276068722,0.46139256823000174
A,Comb. RF/AR(1) suave,combinacion,2016Q3,2016Q4,1,2.5820485593768705,3.1789275592793675,0.596878999902497
A,Comb. RF/AR(1) dura,combinacion,2016Q3,2016Q4,1,2.5820485593768705,3.1789275592793675,0.596878999902497
A,Comb. RF/ingenuo suave,combinacion,2016Q3,2016Q4,1,2.5820485593768705,3.1789275592793675,0.596878999902497
A,Comb. LSTM/AR(1) suave,combinacion,2016Q3,2016Q4,1,2.5820485593768705,3.153556962208507,0.5715084028316366
A,Comb. RF/AR(1) umbral min,combinacion,2016Q3,2016Q4,1,2.5820485593768705,3.1282906945779456,0.5462421352010751
A,Ingenuo,referencia,2016Q4,2017Q1,1,1.1875055265851087,2.5820485593768705,1.3945430327917618
A,Deriva,referencia,2016Q4,2017Q1,1,1.1875055265851087,2.512766561107016,1.3252610345219074
A,AR(1),Box-Jenkins,2016Q4,2017Q1,1,1.1875055265851087,2.8953220797640933,1.7078165531789846
A,"ARMA(2,2)",Box-Jenkins,2016Q4,2017Q1,1,1.1875055265851087,2.7304109051082444,1.5429053785231357
A,"ARIMA(1,1,1)",Box-Jenkins,2016Q4,2017Q1,1,1.1875055265851087,2.8785633039574865,1.6910577773723778
A,Ridge sobre rezagos,regularizado,2016Q4,2017Q1,1,1.1875055265851087,3.6286671317651336,2.441161605180025
A,Random Forest,aprendizaje,2016Q4,2017Q1,1,1.1875055265851087,2.815055313402013,1.6275497868169042
A,LSTM(16),red neuronal,2016Q4,2017Q1,1,1.1875055265851087,3.3172569533815177,2.129751426796409
A,Comb. RF/AR(1) suave,combinacion,2016Q4,2017Q1,1,1.1875055265851087,3.358997141044897,2.1714916144597884
A,Comb. RF/AR(1) dura,combinacion,2016Q4,2017Q1,1,1.1875055265851087,3.358997141044897,2.1714916144597884
A,Comb. RF/ingenuo suave,combinacion,2016Q4,2017Q1,1,1.1875055265851087,3.358997141044897,2.1714916144597884
A,Comb. LSTM/AR(1) suave,combinacion,2016Q4,2017Q1,1,1.1875055265851087,3.414175348520885,2.226669821935776
A,Comb. RF/AR(1) umbral min,combinacion,2016Q4,2017Q1,1,1.1875055265851087,3.309512478606762,2.1220069520216533
A,Ingenuo,referencia,2017Q1,2017Q2,1,1.3235952785685123,1.1875055265851087,-0.13608975198340367
A,Deriva,referencia,2017Q1,2017Q2,1,1.3235952785685123,1.0881039593488473,-0.23549131921966504
A,AR(1),Box-Jenkins,2017Q1,2017Q2,1,1.3235952785685123,1.7222345920646558,0.39863931349614345
A,"ARMA(2,2)",Box-Jenkins,2017Q1,2017Q2,1,1.3235952785685123,2.1329731795635873,0.809377900995075
A,"ARIMA(1,1,1)",Box-Jenkins,2017Q1,2017Q2,1,1.3235952785685123,1.17303655597032,-0.15055872259819236
A,Ridge sobre rezagos,regularizado,2017Q1,2017Q2,1,1.3235952785685123,2.335949909640483,1.0123546310719709
A,Random Forest,aprendizaje,2017Q1,2017Q2,1,1.3235952785685123,2.587953929498641,1.2643586509301286
A,LSTM(16),red neuronal,2017Q1,2017Q2,1,1.3235952785685123,3.0010207021136965,1.6774254235451842
A,Comb. RF/AR(1) suave,combinacion,2017Q1,2017Q2,1,1.3235952785685123,2.9050879166032852,1.581492638034773
A,Comb. RF/AR(1) dura,combinacion,2017Q1,2017Q2,1,1.3235952785685123,2.9050879166032852,1.581492638034773
A,Comb. RF/ingenuo suave,combinacion,2017Q1,2017Q2,1,1.3235952785685123,2.9050879166032852,1.581492638034773
A,Comb. LSTM/AR(1) suave,combinacion,2017Q1,2017Q2,1,1.3235952785685123,2.7214118292506706,1.3978165506821583
A,Comb. RF/AR(1) umbral min,combinacion,2017Q1,2017Q2,1,1.3235952785685123,2.6610194973404475,1.3374242187719352
A,Ingenuo,referencia,2017Q2,2017Q3,1,1.7211279491029075,1.3235952785685123,-0.3975326705343951
A,Deriva,referencia,2017Q2,2017Q3,1,1.7211279491029075,1.2294268517593545,-0.49170109734355294
A,AR(1),Box-Jenkins,2017Q2,2017Q3,1,1.7211279491029075,1.803078016780209,0.08195006767730151
A,"ARMA(2,2)",Box-Jenkins,2017Q2,2017Q3,1,1.7211279491029075,1.5358088709759543,-0.18531907812695314
A,"ARIMA(1,1,1)",Box-Jenkins,2017Q2,2017Q3,1,1.7211279491029075,1.3222157178802219,-0.3989122312226856
A,Ridge sobre rezagos,regularizado,2017Q2,2017Q3,1,1.7211279491029075,2.3842169293197344,0.6630889802168269
A,Random Forest,aprendizaje,2017Q2,2017Q3,1,1.7211279491029075,2.4400339963411435,0.718906047238236
A,LSTM(16),red neuronal,2017Q2,2017Q3,1,1.7211279491029075,1.232638451009409,-0.4884894980934984
A,Comb. RF/AR(1) suave,combinacion,2017Q2,2017Q3,1,1.7211279491029075,2.405925731846711,0.6847977827438037
A,Comb. RF/AR(1) dura,combinacion,2017Q2,2017Q3,1,1.7211279491029075,2.405925731846711,0.6847977827438037
A,Comb. RF/ingenuo suave,combinacion,2017Q2,2017Q3,1,1.7211279491029075,2.405925731846711,0.6847977827438037
A,Comb. LSTM/AR(1) suave,combinacion,2017Q2,2017Q3,1,1.7211279491029075,2.416760544146378,0.6956325950434707
A,Comb. RF/AR(1) umbral min,combinacion,2017Q2,2017Q3,1,1.7211279491029075,2.2253736910746356,0.5042457419717281
A,Ingenuo,referencia,2017Q3,2017Q4,1,1.3007349764224907,1.7211279491029075,0.42039297268041675
A,Deriva,referencia,2017Q3,2017Q4,1,1.3007349764224907,1.637648676583827,0.33691370016133626
A,AR(1),Box-Jenkins,2017Q3,2017Q4,1,1.3007349764224907,2.1166171529141247,0.815882176491634
A,"ARMA(2,2)",Box-Jenkins,2017Q3,2017Q4,1,1.3007349764224907,2.094477372778053,0.7937423963555621
A,"ARIMA(1,1,1)",Box-Jenkins,2017Q3,2017Q4,1,1.3007349764224907,1.7246318702974548,0.4238968938749641
A,Ridge sobre rezagos,regularizado,2017Q3,2017Q4,1,1.3007349764224907,2.195449963285929,0.8947149868634381
A,Random Forest,aprendizaje,2017Q3,2017Q4,1,1.3007349764224907,2.257209007956766,0.9564740315342752
A,LSTM(16),red neuronal,2017Q3,2017Q4,1,1.3007349764224907,1.5753723191611453,0.2746373427386546
A,Comb. RF/AR(1) suave,combinacion,2017Q3,2017Q4,1,1.3007349764224907,2.2909523109013517,0.990217334478861
A,Comb. RF/AR(1) dura,combinacion,2017Q3,2017Q4,1,1.3007349764224907,2.2909523109013517,0.990217334478861
A,Comb. RF/ingenuo suave,combinacion,2017Q3,2017Q4,1,1.3007349764224907,2.2909523109013517,0.990217334478861
A,Comb. LSTM/AR(1) suave,combinacion,2017Q3,2017Q4,1,1.3007349764224907,2.51538405684268,1.2146490804201893
A,Comb. RF/AR(1) umbral min,combinacion,2017Q3,2017Q4,1,1.3007349764224907,2.2551619650545867,0.954426988632096
A,Ingenuo,referencia,2017Q4,2018Q1,1,1.5863680479974107,1.3007349764224907,-0.28563307157492
A,Deriva,referencia,2017Q4,2018Q1,1,1.5863680479974107,1.2100873273042327,-0.376280720693178
A,AR(1),Box-Jenkins,2017Q4,2018Q1,1,1.5863680479974107,1.7357239250159333,0.1493558770185226
A,"ARMA(2,2)",Box-Jenkins,2017Q4,2018Q1,1,1.5863680479974107,2.196197733543906,0.6098296855464951
A,"ARIMA(1,1,1)",Box-Jenkins,2017Q4,2018Q1,1,1.5863680479974107,1.298164047517022,-0.28820400048038874
A,Ridge sobre rezagos,regularizado,2017Q4,2018Q1,1,1.5863680479974107,2.935253172328676,1.3488851243312654
A,Random Forest,aprendizaje,2017Q4,2018Q1,1,1.5863680479974107,2.049478352144477,0.4631103041470661
A,LSTM(16),red neuronal,2017Q4,2018Q1,1,1.5863680479974107,1.4418109348203627,-0.144557113177048
A,Comb. RF/AR(1) suave,combinacion,2017Q4,2018Q1,1,1.5863680479974107,1.8464886132031466,0.2601205652057359
A,Comb. RF/AR(1) dura,combinacion,2017Q4,2018Q1,1,1.5863680479974107,1.8464886132031466,0.2601205652057359
A,Comb. RF/ingenuo suave,combinacion,2017Q4,2018Q1,1,1.5863680479974107,1.8464886132031466,0.2601205652057359
A,Comb. LSTM/AR(1) suave,combinacion,2017Q4,2018Q1,1,1.5863680479974107,2.013422629374992,0.42705458137758123
A,Comb. RF/AR(1) umbral min,combinacion,2017Q4,2018Q1,1,1.5863680479974107,1.8442019703784656,0.25783392238105485
A,Ingenuo,referencia,2018Q1,2018Q2,1,2.636790708290948,1.5863680479974107,-1.0504226602935374
A,Deriva,referencia,2018Q1,2018Q2,1,2.636790708290948,1.5035595805602606,-1.1332311277306875
A,AR(1),Box-Jenkins,2018Q1,2018Q2,1,2.636790708290948,1.9595361521014143,-0.6772545561895338
A,"ARMA(2,2)",Box-Jenkins,2018Q1,2018Q2,1,2.636790708290948,2.0043083994662427,-0.6324823088247054
A,"ARIMA(1,1,1)",Box-Jenkins,2018Q1,2018Q2,1,2.636790708290948,1.5877143732628776,-1.0490763350280705
A,Ridge sobre rezagos,regularizado,2018Q1,2018Q2,1,2.636790708290948,2.2019978719974667,-0.4347928362934814
A,Random Forest,aprendizaje,2018Q1,2018Q2,1,2.636790708290948,1.910541263967884,-0.726249444323064
A,LSTM(16),red neuronal,2018Q1,2018Q2,1,2.636790708290948,2.3033357094574045,-0.33345499883354357
A,Comb. RF/AR(1) suave,combinacion,2018Q1,2018Q2,1,2.636790708290948,1.9327233881919759,-0.7040673200989722
A,Comb. RF/AR(1) dura,combinacion,2018Q1,2018Q2,1,2.636790708290948,1.9327233881919759,-0.7040673200989722
A,Comb. RF/ingenuo suave,combinacion,2018Q1,2018Q2,1,2.636790708290948,1.9327233881919759,-0.7040673200989722
A,Comb. LSTM/AR(1) suave,combinacion,2018Q1,2018Q2,1,2.636790708290948,1.5133839562750753,-1.1234067520158728
A,Comb. RF/AR(1) umbral min,combinacion,2018Q1,2018Q2,1,2.636790708290948,1.9334512698499968,-0.7033394384409513
A,Ingenuo,referencia,2018Q2,2018Q3,1,2.8578586109448967,2.636790708290948,-0.2210679026539486
A,Deriva,referencia,2018Q2,2018Q3,1,2.8578586109448967,2.577109406725853,-0.2807492042190436
A,AR(1),Box-Jenkins,2018Q2,2018Q3,1,2.8578586109448967,2.837426854797158,-0.02043175614773851
A,"ARMA(2,2)",Box-Jenkins,2018Q2,2018Q3,1,2.8578586109448967,2.849228383076861,-0.00863022786803569
A,"ARIMA(1,1,1)",Box-Jenkins,2018Q2,2018Q3,1,2.8578586109448967,2.8267078360286426,-0.031150774916254065
A,Ridge sobre rezagos,regularizado,2018Q2,2018Q3,1,2.8578586109448967,3.520093728670533,0.6622351177256363
A,Random Forest,aprendizaje,2018Q2,2018Q3,1,2.8578586109448967,2.085267130728853,-0.7725914802160436
A,LSTM(16),red neuronal,2018Q2,2018Q3,1,2.8578586109448967,2.3071086221201664,-0.5507499888247303
A,Comb. RF/AR(1) suave,combinacion,2018Q2,2018Q3,1,2.8578586109448967,2.2635460873250937,-0.594312523619803
A,Comb. RF/AR(1) dura,combinacion,2018Q2,2018Q3,1,2.8578586109448967,2.2635460873250937,-0.594312523619803
A,Comb. RF/ingenuo suave,combinacion,2018Q2,2018Q3,1,2.8578586109448967,2.2635460873250937,-0.594312523619803
A,Comb. LSTM/AR(1) suave,combinacion,2018Q2,2018Q3,1,2.8578586109448967,2.4456593602892642,-0.41219925065563245
A,Comb. RF/AR(1) umbral min,combinacion,2018Q2,2018Q3,1,2.8578586109448967,2.2635460873250937,-0.594312523619803
A,Ingenuo,referencia,2018Q3,2018Q4,1,2.9090066756355837,2.8578586109448967,-0.051148064690687
A,Deriva,referencia,2018Q3,2018Q4,1,2.9090066756355837,2.8037922934641824,-0.10521438217140133
A,AR(1),Box-Jenkins,2018Q3,2018Q4,1,2.9090066756355837,3.016036804905928,0.10703012927034417
A,"ARMA(2,2)",Box-Jenkins,2018Q3,2018Q4,1,2.9090066756355837,3.49054496175672,0.5815382861211362
A,"ARIMA(1,1,1)",Box-Jenkins,2018Q3,2018Q4,1,2.9090066756355837,3.00737215218712,0.09836547655153627
A,Ridge sobre rezagos,regularizado,2018Q3,2018Q4,1,2.9090066756355837,3.5066779785458015,0.5976713029102179
A,Random Forest,aprendizaje,2018Q3,2018Q4,1,2.9090066756355837,2.9557264167861947,0.04671974115061106
A,LSTM(16),red neuronal,2018Q3,2018Q4,1,2.9090066756355837,3.168743607878011,0.25973693224242744
A,Comb. RF/AR(1) suave,combinacion,2018Q3,2018Q4,1,2.9090066756355837,3.179118638201124,0.27011196256554015
A,Comb. RF/AR(1) dura,combinacion,2018Q3,2018Q4,1,2.9090066756355837,3.179118638201124,0.27011196256554015
A,Comb. RF/ingenuo suave,combinacion,2018Q3,2018Q4,1,2.9090066756355837,3.179118638201124,0.27011196256554015
A,Comb. LSTM/AR(1) suave,combinacion,2018Q3,2018Q4,1,2.9090066756355837,3.704107158071993,0.7951004824364092
A,Comb. RF/AR(1) umbral min,combinacion,2018Q3,2018Q4,1,2.9090066756355837,3.172169901824743,0.26316322618915944
A,Ingenuo,referencia,2018Q4,2019Q1,1,3.5060732857885357,2.9090066756355837,-0.597066610152952
A,Deriva,referencia,2018Q4,2019Q1,1,3.5060732857885357,2.8570033852562693,-0.6490699005322664
A,AR(1),Box-Jenkins,2018Q4,2019Q1,1,3.5060732857885357,3.054596365490048,-0.4514769202984876
A,"ARMA(2,2)",Box-Jenkins,2018Q4,2019Q1,1,3.5060732857885357,3.249554169002804,-0.2565191167857317
A,"ARIMA(1,1,1)",Box-Jenkins,2018Q4,2019Q1,1,3.5060732857885357,3.046550472948602,-0.4595228128399338
A,Ridge sobre rezagos,regularizado,2018Q4,2019Q1,1,3.5060732857885357,3.6307075717548023,0.12463428596626658
A,Random Forest,aprendizaje,2018Q4,2019Q1,1,3.5060732857885357,3.025835990087794,-0.4802372957007419
A,LSTM(16),red neuronal,2018Q4,2019Q1,1,3.5060732857885357,3.7609020355727645,0.25482874978422876
A,Comb. RF/AR(1) suave,combinacion,2018Q4,2019Q1,1,3.5060732857885357,3.154412162005331,-0.3516611237832046
A,Comb. RF/AR(1) dura,combinacion,2018Q4,2019Q1,1,3.5060732857885357,3.154412162005331,-0.3516611237832046
A,Comb. RF/ingenuo suave,combinacion,2018Q4,2019Q1,1,3.5060732857885357,3.154412162005331,-0.3516611237832046
A,Comb. LSTM/AR(1) suave,combinacion,2018Q4,2019Q1,1,3.5060732857885357,3.2736203392796943,-0.2324529465088414
A,Comb. RF/AR(1) umbral min,combinacion,2018Q4,2019Q1,1,3.5060732857885357,3.154412162005331,-0.3516611237832046
A,Ingenuo,referencia,2019Q1,2019Q2,1,3.0266176237080167,3.5060732857885357,0.47945566208051904
A,Deriva,referencia,2019Q1,2019Q2,1,3.0266176237080167,3.466552108880996,0.4399344851729792
A,AR(1),Box-Jenkins,2019Q1,2019Q2,1,3.0266176237080167,3.5452714763918154,0.5186538526837987
A,"ARMA(2,2)",Box-Jenkins,2019Q1,2019Q2,1,3.0266176237080167,3.373500935935893,0.3468833122278765
A,"ARIMA(1,1,1)",Box-Jenkins,2019Q1,2019Q2,1,3.0266176237080167,3.5421151751974813,0.5154975514894646
A,Ridge sobre rezagos,regularizado,2019Q1,2019Q2,1,3.0266176237080167,3.675804260456913,0.6491866367488965
A,Random Forest,aprendizaje,2019Q1,2019Q2,1,3.0266176237080167,3.4877773145571713,0.46115969084915465
A,LSTM(16),red neuronal,2019Q1,2019Q2,1,3.0266176237080167,3.5413304079916195,0.5147127842836028
A,Comb. RF/AR(1) suave,combinacion,2019Q1,2019Q2,1,3.0266176237080167,3.414114906600271,0.38749728289225427
A,Comb. RF/AR(1) dura,combinacion,2019Q1,2019Q2,1,3.0266176237080167,3.414114906600271,0.38749728289225427
A,Comb. RF/ingenuo suave,combinacion,2019Q1,2019Q2,1,3.0266176237080167,3.414114906600271,0.38749728289225427
A,Comb. LSTM/AR(1) suave,combinacion,2019Q1,2019Q2,1,3.0266176237080167,3.6113039948787247,0.584686371170708
A,Comb. RF/AR(1) umbral min,combinacion,2019Q1,2019Q2,1,3.0266176237080167,3.414114906600271,0.38749728289225427
A,Ingenuo,referencia,2019Q2,2019Q3,1,2.9376298505844334,3.0266176237080167,0.0889877731235833
A,Deriva,referencia,2019Q2,2019Q3,1,2.9376298505844334,2.9787957961368354,0.04116594555240205
A,AR(1),Box-Jenkins,2019Q2,2019Q3,1,2.9376298505844334,3.149272810846419,0.2116429602619858
A,"ARMA(2,2)",Box-Jenkins,2019Q2,2019Q3,1,2.9376298505844334,3.2764258628962293,0.3387960123117959
A,"ARIMA(1,1,1)",Box-Jenkins,2019Q2,2019Q3,1,2.9376298505844334,3.1424076067074957,0.20477775612306237
A,Ridge sobre rezagos,regularizado,2019Q2,2019Q3,1,2.9376298505844334,3.3241638316846975,0.38653398110026416
A,Random Forest,aprendizaje,2019Q2,2019Q3,1,2.9376298505844334,3.0677282844951663,0.13009843391073295
A,LSTM(16),red neuronal,2019Q2,2019Q3,1,2.9376298505844334,3.456451807749986,0.5188219571655526
A,Comb. RF/AR(1) suave,combinacion,2019Q2,2019Q3,1,2.9376298505844334,3.2034421803711437,0.2658123297867103
A,Comb. RF/AR(1) dura,combinacion,2019Q2,2019Q3,1,2.9376298505844334,3.2034421803711437,0.2658123297867103
A,Comb. RF/ingenuo suave,combinacion,2019Q2,2019Q3,1,2.9376298505844334,3.2034421803711437,0.2658123297867103
A,Comb. LSTM/AR(1) suave,combinacion,2019Q2,2019Q3,1,2.9376298505844334,3.309773046409649,0.3721431958252155
A,Comb. RF/AR(1) umbral min,combinacion,2019Q2,2019Q3,1,2.9376298505844334,3.2034421803711437,0.2658123297867103
A,Ingenuo,referencia,2019Q3,2019Q4,1,2.842192573572766,2.9376298505844334,0.09543727701166738
A,Deriva,referencia,2019Q3,2019Q4,1,2.842192573572766,2.889045690688208,0.04685311711544182
A,AR(1),Box-Jenkins,2019Q3,2019Q4,1,2.842192573572766,3.072959513137115,0.23076693956434902
A,"ARMA(2,2)",Box-Jenkins,2019Q3,2019Q4,1,2.842192573572766,3.0044892889525396,0.16229671537977364
A,"ARIMA(1,1,1)",Box-Jenkins,2019Q3,2019Q4,1,2.842192573572766,3.065548250319564,0.2233556767467979
A,Ridge sobre rezagos,regularizado,2019Q3,2019Q4,1,2.842192573572766,3.371450658953873,0.5292580853811071
A,Random Forest,aprendizaje,2019Q3,2019Q4,1,2.842192573572766,3.1120450818631884,0.2698525082904224
A,LSTM(16),red neuronal,2019Q3,2019Q4,1,2.842192573572766,2.8542814902859375,0.012088916713171471
A,Comb. RF/AR(1) suave,combinacion,2019Q3,2019Q4,1,2.842192573572766,3.2135013985524075,0.37130882497964146
A,Comb. RF/AR(1) dura,combinacion,2019Q3,2019Q4,1,2.842192573572766,3.2135013985524075,0.37130882497964146
A,Comb. RF/ingenuo suave,combinacion,2019Q3,2019Q4,1,2.842192573572766,3.2135013985524075,0.37130882497964146
A,Comb. LSTM/AR(1) suave,combinacion,2019Q3,2019Q4,1,2.842192573572766,3.068968546810905,0.22677597323813892
A,Comb. RF/AR(1) umbral min,combinacion,2019Q3,2019Q4,1,2.842192573572766,3.2018054914154206,0.3596129178426546
A,Ingenuo,referencia,2019Q4,2020Q1,1,0.11981840860062487,2.842192573572766,2.722374164972141
A,Deriva,referencia,2019Q4,2020Q1,1,0.11981840860062487,2.792756538819896,2.672938130219271
A,AR(1),Box-Jenkins,2019Q4,2020Q1,1,0.11981840860062487,2.9908866707227824,2.8710682621221575
A,"ARMA(2,2)",Box-Jenkins,2019Q4,2020Q1,1,0.11981840860062487,2.9058668552783415,2.7860484466777167
A,"ARIMA(1,1,1)",Box-Jenkins,2019Q4,2020Q1,1,0.11981840860062487,2.982893621453756,2.863075212853131
A,Ridge sobre rezagos,regularizado,2019Q4,2020Q1,1,0.11981840860062487,3.054064810930627,2.934246402330002
A,Random Forest,aprendizaje,2019Q4,2020Q1,1,0.11981840860062487,2.8572024680003167,2.737384059399692
A,LSTM(16),red neuronal,2019Q4,2020Q1,1,0.11981840860062487,2.840444340583022,2.720625931982397
A,Comb. RF/AR(1) suave,combinacion,2019Q4,2020Q1,1,0.11981840860062487,2.951463134746825,2.8316447261462003
A,Comb. RF/AR(1) dura,combinacion,2019Q4,2020Q1,1,0.11981840860062487,2.951463134746825,2.8316447261462003
A,Comb. RF/ingenuo suave,combinacion,2019Q4,2020Q1,1,0.11981840860062487,2.951463134746825,2.8316447261462003
A,Comb. LSTM/AR(1) suave,combinacion,2019Q4,2020Q1,1,0.11981840860062487,3.2823006042949694,3.1624821956943445
A,Comb. RF/AR(1) umbral min,combinacion,2019Q4,2020Q1,1,0.11981840860062487,2.956979790824882,2.837161382224257
A,Ingenuo,referencia,2020Q1,2020Q2,1,-16.668985414467386,0.11981840860062487,16.78880382306801
A,Deriva,referencia,2020Q1,2020Q2,1,-16.668985414467386,0.022651335808125075,16.69163675027551
A,AR(1),Box-Jenkins,2020Q1,2020Q2,1,-16.668985414467386,0.6953253060445743,17.36431072051196
A,"ARMA(2,2)",Box-Jenkins,2020Q1,2020Q2,1,-16.668985414467386,0.7847707873816239,17.45375620184901
A,"ARIMA(1,1,1)",Box-Jenkins,2020Q1,2020Q2,1,-16.668985414467386,0.572955961549952,17.241941376017337
A,Ridge sobre rezagos,regularizado,2020Q1,2020Q2,1,-16.668985414467386,0.8980820960390177,17.567067510506405
A,Random Forest,aprendizaje,2020Q1,2020Q2,1,-16.668985414467386,1.41323703707584,18.082222451543227
A,LSTM(16),red neuronal,2020Q1,2020Q2,1,-16.668985414467386,0.8917518463690088,17.560737260836394
A,Comb. RF/AR(1) suave,combinacion,2020Q1,2020Q2,1,-16.668985414467386,1.3229664377201018,17.991951852187487
A,Comb. RF/AR(1) dura,combinacion,2020Q1,2020Q2,1,-16.668985414467386,1.3229664377201018,17.991951852187487
A,Comb. RF/ingenuo suave,combinacion,2020Q1,2020Q2,1,-16.668985414467386,1.3229664377201018,17.991951852187487
A,Comb. LSTM/AR(1) suave,combinacion,2020Q1,2020Q2,1,-16.668985414467386,0.6443860306704012,17.313371445137786
A,Comb. RF/AR(1) umbral min,combinacion,2020Q1,2020Q2,1,-16.668985414467386,0.6953253060445743,17.36431072051196
A,Ingenuo,referencia,2020Q2,2020Q3,1,-9.187867580824038,-16.668985414467386,-7.4811178336433475
A,Deriva,referencia,2020Q2,2020Q3,1,-9.187867580824038,-17.05898821972086,-7.871120638896821
A,AR(1),Box-Jenkins,2020Q2,2020Q3,1,-9.187867580824038,-18.89403838383554,-9.706170803011501
A,"ARMA(2,2)",Box-Jenkins,2020Q2,2020Q3,1,-9.187867580824038,-25.33050777713035,-16.14264019630631
A,"ARIMA(1,1,1)",Box-Jenkins,2020Q2,2020Q3,1,-9.187867580824038,-25.490877970881417,-16.30301039005738
A,Ridge sobre rezagos,regularizado,2020Q2,2020Q3,1,-9.187867580824038,-26.330815845986077,-17.14294826516204
A,Random Forest,aprendizaje,2020Q2,2020Q3,1,-9.187867580824038,-9.840522660263442,-0.6526550794394037
A,LSTM(16),red neuronal,2020Q2,2020Q3,1,-9.187867580824038,-2.3828600985521424,6.805007482271896
A,Comb. RF/AR(1) suave,combinacion,2020Q2,2020Q3,1,-9.187867580824038,-18.89403838383554,-9.706170803011501
A,Comb. RF/AR(1) dura,combinacion,2020Q2,2020Q3,1,-9.187867580824038,-18.89403838383554,-9.706170803011501
A,Comb. RF/ingenuo suave,combinacion,2020Q2,2020Q3,1,-9.187867580824038,-16.668985414467386,-7.4811178336433475
A,Comb. LSTM/AR(1) suave,combinacion,2020Q2,2020Q3,1,-9.187867580824038,-18.89403838383554,-9.706170803011501
A,Comb. RF/AR(1) umbral min,combinacion,2020Q2,2020Q3,1,-9.187867580824038,-18.89403838383554,-9.706170803011501
A,Ingenuo,referencia,2020Q3,2020Q4,1,-3.4503573541964205,-9.187867580824038,-5.737510226627618
A,Deriva,referencia,2020Q3,2020Q4,1,-3.4503573541964205,-9.442161409544807,-5.991804055348387
A,AR(1),Box-Jenkins,2020Q3,2020Q4,1,-3.4503573541964205,-6.76676882289575,-3.316411468699329
A,"ARMA(2,2)",Box-Jenkins,2020Q3,2020Q4,1,-3.4503573541964205,-9.854325289178886,-6.403967934982466
A,"ARIMA(1,1,1)",Box-Jenkins,2020Q3,2020Q4,1,-3.4503573541964205,-10.393477641566685,-6.943120287370265
A,Ridge sobre rezagos,regularizado,2020Q3,2020Q4,1,-3.4503573541964205,-9.133982833197546,-5.683625479001126
A,Random Forest,aprendizaje,2020Q3,2020Q4,1,-3.4503573541964205,-10.13324624872393,-6.68288889452751
A,LSTM(16),red neuronal,2020Q3,2020Q4,1,-3.4503573541964205,-2.8554475676111375,0.594909786585283
A,Comb. RF/AR(1) suave,combinacion,2020Q3,2020Q4,1,-3.4503573541964205,-6.76676882289575,-3.316411468699329
A,Comb. RF/AR(1) dura,combinacion,2020Q3,2020Q4,1,-3.4503573541964205,-6.76676882289575,-3.316411468699329
A,Comb. RF/ingenuo suave,combinacion,2020Q3,2020Q4,1,-3.4503573541964205,-9.187867580824038,-5.737510226627618
A,Comb. LSTM/AR(1) suave,combinacion,2020Q3,2020Q4,1,-3.4503573541964205,-6.76676882289575,-3.316411468699329
A,Comb. RF/AR(1) umbral min,combinacion,2020Q3,2020Q4,1,-3.4503573541964205,-6.76676882289575,-3.316411468699329
A,Ingenuo,referencia,2020Q4,2021Q1,1,1.4145794457831595,-3.4503573541964205,-4.86493679997958
A,Deriva,referencia,2020Q4,2021Q1,1,1.4145794457831595,-3.603095181979082,-5.017674627762242
A,AR(1),Box-Jenkins,2020Q4,2021Q1,1,1.4145794457831595,-1.8480565647769236,-3.262636010560083
A,"ARMA(2,2)",Box-Jenkins,2020Q4,2021Q1,1,1.4145794457831595,-1.8778922289815145,-3.2924716747646743
A,"ARIMA(1,1,1)",Box-Jenkins,2020Q4,2021Q1,1,1.4145794457831595,-2.673935527339187,-4.088514973122347
A,Ridge sobre rezagos,regularizado,2020Q4,2021Q1,1,1.4145794457831595,-5.202669966268115,-6.617249412051274
A,Random Forest,aprendizaje,2020Q4,2021Q1,1,1.4145794457831595,-6.668072458711118,-8.082651904494277
A,LSTM(16),red neuronal,2020Q4,2021Q1,1,1.4145794457831595,-0.9739472194953813,-2.388526665278541
A,Comb. RF/AR(1) suave,combinacion,2020Q4,2021Q1,1,1.4145794457831595,-1.8480565647769236,-3.262636010560083
A,Comb. RF/AR(1) dura,combinacion,2020Q4,2021Q1,1,1.4145794457831595,-1.8480565647769236,-3.262636010560083
A,Comb. RF/ingenuo suave,combinacion,2020Q4,2021Q1,1,1.4145794457831595,-3.4503573541964205,-4.86493679997958
A,Comb. LSTM/AR(1) suave,combinacion,2020Q4,2021Q1,1,1.4145794457831595,-1.8480565647769236,-3.262636010560083
A,Comb. RF/AR(1) umbral min,combinacion,2020Q4,2021Q1,1,1.4145794457831595,-1.8480565647769236,-3.262636010560083
A,Ingenuo,referencia,2021Q1,2021Q2,1,17.802167074842302,1.4145794457831595,-16.38758762905914
A,Deriva,referencia,2021Q1,2021Q2,1,17.802167074842302,1.345469528463202,-16.4566975463791
A,AR(1),Box-Jenkins,2021Q1,2021Q2,1,17.802167074842302,1.8332225832579399,-15.968944491584363
A,"ARMA(2,2)",Box-Jenkins,2021Q1,2021Q2,1,17.802167074842302,3.1732937079194405,-14.62887336692286
A,"ARIMA(1,1,1)",Box-Jenkins,2021Q1,2021Q2,1,17.802167074842302,1.0815628030505215,-16.72060427179178
A,Ridge sobre rezagos,regularizado,2021Q1,2021Q2,1,17.802167074842302,6.522569940697188,-11.279597134145114
A,Random Forest,aprendizaje,2021Q1,2021Q2,1,17.802167074842302,2.0918647571169116,-15.71030231772539
A,LSTM(16),red neuronal,2021Q1,2021Q2,1,17.802167074842302,2.2515198837807486,-15.550647191061554
A,Comb. RF/AR(1) suave,combinacion,2021Q1,2021Q2,1,17.802167074842302,1.8332225832579399,-15.968944491584363
A,Comb. RF/AR(1) dura,combinacion,2021Q1,2021Q2,1,17.802167074842302,1.8332225832579399,-15.968944491584363
A,Comb. RF/ingenuo suave,combinacion,2021Q1,2021Q2,1,17.802167074842302,1.4145794457831595,-16.38758762905914
A,Comb. LSTM/AR(1) suave,combinacion,2021Q1,2021Q2,1,17.802167074842302,1.8332225832579399,-15.968944491584363
A,Comb. RF/AR(1) umbral min,combinacion,2021Q1,2021Q2,1,17.802167074842302,1.8332225832579399,-15.968944491584363
A,Ingenuo,referencia,2021Q2,2021Q3,1,12.788362963929046,17.802167074842302,5.013804110913256
A,Deriva,referencia,2021Q2,2021Q3,1,12.788362963929046,18.002839084512164,5.214476120583118
A,AR(1),Box-Jenkins,2021Q2,2021Q3,1,12.788362963929046,13.294213659478363,0.5058506955493165
A,"ARMA(2,2)",Box-Jenkins,2021Q2,2021Q3,1,12.788362963929046,19.702075089028213,6.913712125099167
A,"ARIMA(1,1,1)",Box-Jenkins,2021Q2,2021Q3,1,12.788362963929046,20.420152716439187,7.631789752510141
A,Ridge sobre rezagos,regularizado,2021Q2,2021Q3,1,12.788362963929046,15.921396793173923,3.1330338292448765
A,Random Forest,aprendizaje,2021Q2,2021Q3,1,12.788362963929046,11.040268721265994,-1.7480942426630524
A,LSTM(16),red neuronal,2021Q2,2021Q3,1,12.788362963929046,11.5566929116092,-1.2316700523198456
A,Comb. RF/AR(1) suave,combinacion,2021Q2,2021Q3,1,12.788362963929046,13.294213659478363,0.5058506955493165
A,Comb. RF/AR(1) dura,combinacion,2021Q2,2021Q3,1,12.788362963929046,13.294213659478363,0.5058506955493165
A,Comb. RF/ingenuo suave,combinacion,2021Q2,2021Q3,1,12.788362963929046,17.802167074842302,5.013804110913256
A,Comb. LSTM/AR(1) suave,combinacion,2021Q2,2021Q3,1,12.788362963929046,13.294213659478363,0.5058506955493165
A,Comb. RF/AR(1) umbral min,combinacion,2021Q2,2021Q3,1,12.788362963929046,13.294213659478363,0.5058506955493165
A,Ingenuo,referencia,2021Q3,2021Q4,1,10.32192884765195,12.788362963929046,2.466434116277096
A,Deriva,referencia,2021Q3,2021Q4,1,10.32192884765195,12.904930520041118,2.583001672389168
A,AR(1),Box-Jenkins,2021Q3,2021Q4,1,10.32192884765195,9.810224833380355,-0.5117040142715954
A,"ARMA(2,2)",Box-Jenkins,2021Q3,2021Q4,1,10.32192884765195,8.807128863469092,-1.5147999841828579
A,"ARIMA(1,1,1)",Box-Jenkins,2021Q3,2021Q4,1,10.32192884765195,9.8249673167002,-0.4969615309517508
A,Ridge sobre rezagos,regularizado,2021Q3,2021Q4,1,10.32192884765195,6.1062625794054375,-4.215666268246513
A,Random Forest,aprendizaje,2021Q3,2021Q4,1,10.32192884765195,9.344685950953567,-0.9772428966983835
A,LSTM(16),red neuronal,2021Q3,2021Q4,1,10.32192884765195,11.521398748890665,1.1994699012387144
A,Comb. RF/AR(1) suave,combinacion,2021Q3,2021Q4,1,10.32192884765195,9.810224833380355,-0.5117040142715954
A,Comb. RF/AR(1) dura,combinacion,2021Q3,2021Q4,1,10.32192884765195,9.810224833380355,-0.5117040142715954
A,Comb. RF/ingenuo suave,combinacion,2021Q3,2021Q4,1,10.32192884765195,12.788362963929046,2.466434116277096
A,Comb. LSTM/AR(1) suave,combinacion,2021Q3,2021Q4,1,10.32192884765195,9.810224833380355,-0.5117040142715954
A,Comb. RF/AR(1) umbral min,combinacion,2021Q3,2021Q4,1,10.32192884765195,9.810224833380355,-0.5117040142715954
A,Ingenuo,referencia,2021Q4,2022Q1,1,7.205119558269879,10.32192884765195,3.116809289382071
A,Deriva,referencia,2021Q4,2022Q1,1,7.205119558269879,10.397496377218161,3.192376818948282
A,AR(1),Box-Jenkins,2021Q4,2022Q1,1,7.205119558269879,8.186040896037309,0.9809213377674295
A,"ARMA(2,2)",Box-Jenkins,2021Q4,2022Q1,1,7.205119558269879,1.8727994494859441,-5.332320108783935
A,"ARIMA(1,1,1)",Box-Jenkins,2021Q4,2022Q1,1,7.205119558269879,8.195900929789339,0.9907813715194598
A,Ridge sobre rezagos,regularizado,2021Q4,2022Q1,1,7.205119558269879,3.5765251194672705,-3.6285944388026086
A,Random Forest,aprendizaje,2021Q4,2022Q1,1,7.205119558269879,7.894030481813749,0.6889109235438697
A,LSTM(16),red neuronal,2021Q4,2022Q1,1,7.205119558269879,9.989154619873489,2.7840350616036096
A,Comb. RF/AR(1) suave,combinacion,2021Q4,2022Q1,1,7.205119558269879,8.186040896037309,0.9809213377674295
A,Comb. RF/AR(1) dura,combinacion,2021Q4,2022Q1,1,7.205119558269879,8.186040896037309,0.9809213377674295
A,Comb. RF/ingenuo suave,combinacion,2021Q4,2022Q1,1,7.205119558269879,10.32192884765195,3.116809289382071
A,Comb. LSTM/AR(1) suave,combinacion,2021Q4,2022Q1,1,7.205119558269879,8.186040896037309,0.9809213377674295
A,Comb. RF/AR(1) umbral min,combinacion,2021Q4,2022Q1,1,7.205119558269879,8.186040896037309,0.9809213377674295
A,Ingenuo,referencia,2022Q1,2022Q2,1,11.532240700931684,7.205119558269879,-4.327121142661805
A,Deriva,referencia,2022Q1,2022Q2,1,11.532240700931684,7.230806200040024,-4.30143450089166
A,AR(1),Box-Jenkins,2022Q1,2022Q2,1,11.532240700931684,6.03907416529237,-5.493166535639314
A,"ARMA(2,2)",Box-Jenkins,2022Q1,2022Q2,1,11.532240700931684,3.1348728106024346,-8.39736789032925
A,"ARIMA(1,1,1)",Box-Jenkins,2022Q1,2022Q2,1,11.532240700931684,6.044089282320318,-5.488151418611366
A,Ridge sobre rezagos,regularizado,2022Q1,2022Q2,1,11.532240700931684,-4.483196260503986,-16.015436961435668
A,Random Forest,aprendizaje,2022Q1,2022Q2,1,11.532240700931684,5.194825881111446,-6.337414819820238
A,LSTM(16),red neuronal,2022Q1,2022Q2,1,11.532240700931684,7.064486731710031,-4.467753969221653
A,Comb. RF/AR(1) suave,combinacion,2022Q1,2022Q2,1,11.532240700931684,6.03907416529237,-5.493166535639314
A,Comb. RF/AR(1) dura,combinacion,2022Q1,2022Q2,1,11.532240700931684,6.03907416529237,-5.493166535639314
A,Comb. RF/ingenuo suave,combinacion,2022Q1,2022Q2,1,11.532240700931684,7.205119558269879,-4.327121142661805
A,Comb. LSTM/AR(1) suave,combinacion,2022Q1,2022Q2,1,11.532240700931684,6.03907416529237,-5.493166535639314
A,Comb. RF/AR(1) umbral min,combinacion,2022Q1,2022Q2,1,11.532240700931684,6.03907416529237,-5.493166535639314
A,Ingenuo,referencia,2022Q2,2022Q3,1,6.266027402765517,11.532240700931684,5.266213298166167
A,Deriva,referencia,2022Q2,2022Q3,1,6.266027402765517,11.624103258100162,5.358075855334644
A,AR(1),Box-Jenkins,2022Q2,2022Q3,1,6.266027402765517,9.159465736954182,2.893438334188665
A,"ARMA(2,2)",Box-Jenkins,2022Q2,2022Q3,1,6.266027402765517,7.406520166224604,1.1404927634590871
A,"ARIMA(1,1,1)",Box-Jenkins,2022Q2,2022Q3,1,6.266027402765517,9.170315111871727,2.9042877091062094
A,Ridge sobre rezagos,regularizado,2022Q2,2022Q3,1,6.266027402765517,16.913856062817818,10.647828660052301
A,Random Forest,aprendizaje,2022Q2,2022Q3,1,6.266027402765517,7.599232401059236,1.333204998293719
A,LSTM(16),red neuronal,2022Q2,2022Q3,1,6.266027402765517,8.396322394577739,2.130294991812222
A,Comb. RF/AR(1) suave,combinacion,2022Q2,2022Q3,1,6.266027402765517,9.159465736954182,2.893438334188665
A,Comb. RF/AR(1) dura,combinacion,2022Q2,2022Q3,1,6.266027402765517,9.159465736954182,2.893438334188665
A,Comb. RF/ingenuo suave,combinacion,2022Q2,2022Q3,1,6.266027402765517,11.532240700931684,5.266213298166167
A,Comb. LSTM/AR(1) suave,combinacion,2022Q2,2022Q3,1,6.266027402765517,9.159465736954182,2.893438334188665
A,Comb. RF/AR(1) umbral min,combinacion,2022Q2,2022Q3,1,6.266027402765517,9.159465736954182,2.893438334188665
A,Ingenuo,referencia,2022Q3,2022Q4,1,1.5210591721223965,6.266027402765517,4.744968230643121
A,Deriva,referencia,2022Q3,2022Q4,1,1.5210591721223965,6.276706992428925,4.755647820306528
A,AR(1),Box-Jenkins,2022Q3,2022Q4,1,1.5210591721223965,5.446956617758174,3.925897445635777
A,"ARMA(2,2)",Box-Jenkins,2022Q3,2022Q4,1,1.5210591721223965,3.296916691201409,1.7758575190790125
A,"ARIMA(1,1,1)",Box-Jenkins,2022Q3,2022Q4,1,1.5210591721223965,5.450235451983479,3.9291762798610828
A,Ridge sobre rezagos,regularizado,2022Q3,2022Q4,1,1.5210591721223965,8.39462297730011,6.873563805177713
A,Random Forest,aprendizaje,2022Q3,2022Q4,1,1.5210591721223965,5.64138638379321,4.120327211670814
A,LSTM(16),red neuronal,2022Q3,2022Q4,1,1.5210591721223965,5.66315577193987,4.1420965998174735
A,Comb. RF/AR(1) suave,combinacion,2022Q3,2022Q4,1,1.5210591721223965,5.446956617758174,3.925897445635777
A,Comb. RF/AR(1) dura,combinacion,2022Q3,2022Q4,1,1.5210591721223965,5.446956617758174,3.925897445635777
A,Comb. RF/ingenuo suave,combinacion,2022Q3,2022Q4,1,1.5210591721223965,6.266027402765517,4.744968230643121
A,Comb. LSTM/AR(1) suave,combinacion,2022Q3,2022Q4,1,1.5210591721223965,5.446956617758174,3.925897445635777
A,Comb. RF/AR(1) umbral min,combinacion,2022Q3,2022Q4,1,1.5210591721223965,5.446956617758174,3.925897445635777
A,Ingenuo,referencia,2022Q4,2023Q1,1,2.692614146519623,1.5210591721223965,-1.1715549743972264
A,Deriva,referencia,2022Q4,2023Q1,1,2.692614146519623,1.4607589435722739,-1.231855202947349
A,AR(1),Box-Jenkins,2022Q4,2023Q1,1,2.692614146519623,2.2242592972370603,-0.46835484928256266
A,"ARMA(2,2)",Box-Jenkins,2022Q4,2023Q1,1,2.692614146519623,-0.2504723897631501,-2.943086536282773
A,"ARIMA(1,1,1)",Box-Jenkins,2022Q4,2023Q1,1,2.692614146519623,2.221343065055043,-0.47127108146457974
A,Ridge sobre rezagos,regularizado,2022Q4,2023Q1,1,2.692614146519623,3.6454915124176033,0.9528773658979803
A,Random Forest,aprendizaje,2022Q4,2023Q1,1,2.692614146519623,3.7333165656257226,1.0407024191060996
A,LSTM(16),red neuronal,2022Q4,2023Q1,1,2.692614146519623,1.151107322748762,-1.541506823770861
A,Comb. RF/AR(1) suave,combinacion,2022Q4,2023Q1,1,2.692614146519623,2.2242592972370603,-0.46835484928256266
A,Comb. RF/AR(1) dura,combinacion,2022Q4,2023Q1,1,2.692614146519623,2.2242592972370603,-0.46835484928256266
A,Comb. RF/ingenuo suave,combinacion,2022Q4,2023Q1,1,2.692614146519623,1.5210591721223965,-1.1715549743972264
A,Comb. LSTM/AR(1) suave,combinacion,2022Q4,2023Q1,1,2.692614146519623,2.2242592972370603,-0.46835484928256266
A,Comb. RF/AR(1) umbral min,combinacion,2022Q4,2023Q1,1,2.692614146519623,2.2242592972370603,-0.46835484928256266
A,Ingenuo,referencia,2023Q1,2023Q2,1,0.703907950031879,2.692614146519623,1.988706196487744
A,Deriva,referencia,2023Q1,2023Q2,1,0.703907950031879,2.6504294356599023,1.9465214856280233
A,AR(1),Box-Jenkins,2023Q1,2023Q2,1,0.703907950031879,3.0085758976073844,2.3046679475755054
A,"ARMA(2,2)",Box-Jenkins,2023Q1,2023Q2,1,0.703907950031879,1.496012124599871,0.792104174567992
A,"ARIMA(1,1,1)",Box-Jenkins,2023Q1,2023Q2,1,0.703907950031879,3.007215705973047,2.303307755941168
A,Ridge sobre rezagos,regularizado,2023Q1,2023Q2,1,0.703907950031879,-4.148392332266068,-4.852300282297947
A,Random Forest,aprendizaje,2023Q1,2023Q2,1,0.703907950031879,3.2948837003552205,2.5909757503233415
A,LSTM(16),red neuronal,2023Q1,2023Q2,1,0.703907950031879,1.217343285090572,0.5134353350586931
A,Comb. RF/AR(1) suave,combinacion,2023Q1,2023Q2,1,0.703907950031879,3.0085758976073844,2.3046679475755054
A,Comb. RF/AR(1) dura,combinacion,2023Q1,2023Q2,1,0.703907950031879,3.0085758976073844,2.3046679475755054
A,Comb. RF/ingenuo suave,combinacion,2023Q1,2023Q2,1,0.703907950031879,2.692614146519623,1.988706196487744
A,Comb. LSTM/AR(1) suave,combinacion,2023Q1,2023Q2,1,0.703907950031879,3.0085758976073844,2.3046679475755054
A,Comb. RF/AR(1) umbral min,combinacion,2023Q1,2023Q2,1,0.703907950031879,3.0085758976073844,2.3046679475755054
A,Ingenuo,referencia,2023Q2,2023Q3,1,0.2667406614827117,0.703907950031879,0.4371672885491673
A,Deriva,referencia,2023Q2,2023Q3,1,0.2667406614827117,0.6335127828587089,0.36677212137599724
A,AR(1),Box-Jenkins,2023Q2,2023Q3,1,0.2667406614827117,1.6528951603422104,1.3861544988594987
A,"ARMA(2,2)",Box-Jenkins,2023Q2,2023Q3,1,0.2667406614827117,0.7250904294548876,0.45834976797217586
A,"ARIMA(1,1,1)",Box-Jenkins,2023Q2,2023Q3,1,0.2667406614827117,1.6490046068780062,1.3822639453952945
A,Ridge sobre rezagos,regularizado,2023Q2,2023Q3,1,0.2667406614827117,-0.20210304999090578,-0.4688437114736175
A,Random Forest,aprendizaje,2023Q2,2023Q3,1,0.2667406614827117,1.8185601821713462,1.5518195206886345
A,LSTM(16),red neuronal,2023Q2,2023Q3,1,0.2667406614827117,-0.4491442030688728,-0.7158848645515845
A,Comb. RF/AR(1) suave,combinacion,2023Q2,2023Q3,1,0.2667406614827117,1.7599732870039098,1.493232625521198
A,Comb. RF/AR(1) dura,combinacion,2023Q2,2023Q3,1,0.2667406614827117,1.6528951603422104,1.3861544988594987
A,Comb. RF/ingenuo suave,combinacion,2023Q2,2023Q3,1,0.2667406614827117,1.752435298766009,1.4856946372832973
A,Comb. LSTM/AR(1) suave,combinacion,2023Q2,2023Q3,1,0.2667406614827117,0.42379571008838957,0.15705504860567787
A,Comb. RF/AR(1) umbral min,combinacion,2023Q2,2023Q3,1,0.2667406614827117,1.6528951603422104,1.3861544988594987
A,Ingenuo,referencia,2023Q3,2023Q4,1,1.2964726436804686,0.2667406614827117,-1.0297319821977569
A,Deriva,referencia,2023Q3,2023Q4,1,1.2964726436804686,0.19110589257559882,-1.1053667511048697
A,AR(1),Box-Jenkins,2023Q3,2023Q4,1,1.2964726436804686,1.3318731276904225,0.03540048400995399
A,"ARMA(2,2)",Box-Jenkins,2023Q3,2023Q4,1,1.2964726436804686,0.9167880027683,-0.3796846409121686
A,"ARIMA(1,1,1)",Box-Jenkins,2023Q3,2023Q4,1,1.2964726436804686,1.3275100121021852,0.03103736842171667
A,Ridge sobre rezagos,regularizado,2023Q3,2023Q4,1,1.2964726436804686,0.7206740233982858,-0.5757986202821828
A,Random Forest,aprendizaje,2023Q3,2023Q4,1,1.2964726436804686,0.4504261180280232,-0.8460465256524454
A,LSTM(16),red neuronal,2023Q3,2023Q4,1,1.2964726436804686,1.9742227099120015,0.677750066231533
A,Comb. RF/AR(1) suave,combinacion,2023Q3,2023Q4,1,1.2964726436804686,0.7135371826511474,-0.5829354610293211
A,Comb. RF/AR(1) dura,combinacion,2023Q3,2023Q4,1,1.2964726436804686,1.3318731276904225,0.03540048400995399
A,Comb. RF/ingenuo suave,combinacion,2023Q3,2023Q4,1,1.2964726436804686,0.6622191844524514,-0.6342534592280171
A,Comb. LSTM/AR(1) suave,combinacion,2023Q3,2023Q4,1,1.2964726436804686,0.9046617213084966,-0.3918109223719719
A,Comb. RF/AR(1) umbral min,combinacion,2023Q3,2023Q4,1,1.2964726436804686,1.3318731276904225,0.03540048400995399
A,Ingenuo,referencia,2023Q4,2024Q1,1,0.47876438709488767,1.2964726436804686,0.8177082565855809
A,Deriva,referencia,2023Q4,2024Q1,1,0.47876438709488767,1.2364064205635652,0.7576420334686775
A,AR(1),Box-Jenkins,2023Q4,2024Q1,1,0.47876438709488767,2.018108278434925,1.5393438913400375
A,"ARMA(2,2)",Box-Jenkins,2023Q4,2024Q1,1,0.47876438709488767,2.168153582108643,1.6893891950137552
A,"ARIMA(1,1,1)",Box-Jenkins,2023Q4,2024Q1,1,0.47876438709488767,2.0151402040866477,1.53637581699176
A,Ridge sobre rezagos,regularizado,2023Q4,2024Q1,1,0.47876438709488767,1.911373276135601,1.4326088890407134
A,Random Forest,aprendizaje,2023Q4,2024Q1,1,0.47876438709488767,2.0804020896363067,1.601637702541419
A,LSTM(16),red neuronal,2023Q4,2024Q1,1,0.47876438709488767,2.865273572243211,2.3865091851483236
A,Comb. RF/AR(1) suave,combinacion,2023Q4,2024Q1,1,0.47876438709488767,2.226138747591875,1.7473743604969871
A,Comb. RF/AR(1) dura,combinacion,2023Q4,2024Q1,1,0.47876438709488767,2.018108278434925,1.5393438913400375
A,Comb. RF/ingenuo suave,combinacion,2023Q4,2024Q1,1,0.47876438709488767,2.195729155389492,1.7169647682946043
A,Comb. LSTM/AR(1) suave,combinacion,2023Q4,2024Q1,1,0.47876438709488767,2.486019131845216,2.007254744750328
A,Comb. RF/AR(1) umbral min,combinacion,2023Q4,2024Q1,1,0.47876438709488767,2.018108278434925,1.5393438913400375
A,Ingenuo,referencia,2024Q1,2024Q2,1,1.7046053106151149,0.47876438709488767,-1.2258409235202272
A,Deriva,referencia,2024Q1,2024Q2,1,1.7046053106151149,0.4081753579575859,-1.296429952657529
A,AR(1),Box-Jenkins,2024Q1,2024Q2,1,1.7046053106151149,1.4426215209662663,-0.2619837896488486
A,"ARMA(2,2)",Box-Jenkins,2024Q1,2024Q2,1,1.7046053106151149,1.8077006279520809,0.10309531733696597
A,"ARIMA(1,1,1)",Box-Jenkins,2024Q1,2024Q2,1,1.7046053106151149,1.438677952523554,-0.2659273580915609
A,Ridge sobre rezagos,regularizado,2024Q1,2024Q2,1,1.7046053106151149,0.9057385229543944,-0.7988667876607205
A,Random Forest,aprendizaje,2024Q1,2024Q2,1,1.7046053106151149,1.3888383191543874,-0.3157669914607275
A,LSTM(16),red neuronal,2024Q1,2024Q2,1,1.7046053106151149,2.4574133301510463,0.7528080195359315
A,Comb. RF/AR(1) suave,combinacion,2024Q1,2024Q2,1,1.7046053106151149,1.5768103948151635,-0.1277949157999514
A,Comb. RF/AR(1) dura,combinacion,2024Q1,2024Q2,1,1.7046053106151149,1.4426215209662663,-0.2619837896488486
A,Comb. RF/ingenuo suave,combinacion,2024Q1,2024Q2,1,1.7046053106151149,1.5313741468416744,-0.1732311637734405
A,Comb. LSTM/AR(1) suave,combinacion,2024Q1,2024Q2,1,1.7046053106151149,2.3871984030075852,0.6825930923924703
A,Comb. RF/AR(1) umbral min,combinacion,2024Q1,2024Q2,1,1.7046053106151149,1.4426215209662663,-0.2619837896488486
A,Ingenuo,referencia,2024Q2,2024Q3,1,1.5884072896499957,1.7046053106151149,0.11619802096511922
A,Deriva,referencia,2024Q2,2024Q3,1,1.5884072896499957,1.6517755958977793,0.06336830624778367
A,AR(1),Box-Jenkins,2024Q2,2024Q3,1,1.5884072896499957,2.2685782929698863,0.6801710033198907
A,"ARMA(2,2)",Box-Jenkins,2024Q2,2024Q3,1,1.5884072896499957,2.854853523753513,1.2664462341035172
A,"ARIMA(1,1,1)",Box-Jenkins,2024Q2,2024Q3,1,1.5884072896499957,2.2662464476497233,0.6778391579997276
A,Ridge sobre rezagos,regularizado,2024Q2,2024Q3,1,1.5884072896499957,2.440216692722223,0.8518094030722274
A,Random Forest,aprendizaje,2024Q2,2024Q3,1,1.5884072896499957,2.630375916594246,1.0419686269442505
A,LSTM(16),red neuronal,2024Q2,2024Q3,1,1.5884072896499957,2.744016320320646,1.1556090306706501
A,Comb. RF/AR(1) suave,combinacion,2024Q2,2024Q3,1,1.5884072896499957,2.3760243619932675,0.7876170723432718
A,Comb. RF/AR(1) dura,combinacion,2024Q2,2024Q3,1,1.5884072896499957,2.3760243619932675,0.7876170723432718
A,Comb. RF/ingenuo suave,combinacion,2024Q2,2024Q3,1,1.5884072896499957,2.3760243619932675,0.7876170723432718
A,Comb. LSTM/AR(1) suave,combinacion,2024Q2,2024Q3,1,1.5884072896499957,2.783132161969787,1.1947248723197914
A,Comb. RF/AR(1) umbral min,combinacion,2024Q2,2024Q3,1,1.5884072896499957,2.2685782929698863,0.6801710033198907
A,Ingenuo,referencia,2024Q3,2024Q4,1,2.5382919439563834,1.5884072896499957,-0.9498846543063877
A,Deriva,referencia,2024Q3,2024Q4,1,2.5382919439563834,1.534721246469852,-1.0035706974865313
A,AR(1),Box-Jenkins,2024Q3,2024Q4,1,2.5382919439563834,2.179764182960815,-0.3585277609955684
A,"ARMA(2,2)",Box-Jenkins,2024Q3,2024Q4,1,2.5382919439563834,2.828897687505165,0.29060574354878144
A,"ARIMA(1,1,1)",Box-Jenkins,2024Q3,2024Q4,1,2.5382919439563834,2.1773204876963406,-0.3609714562600428
A,Ridge sobre rezagos,regularizado,2024Q3,2024Q4,1,2.5382919439563834,3.085503499013485,0.5472115550571015
A,Random Forest,aprendizaje,2024Q3,2024Q4,1,2.5382919439563834,2.3874685713571018,-0.15082337259928158
A,LSTM(16),red neuronal,2024Q3,2024Q4,1,2.5382919439563834,2.727601913229109,0.1893099692727258
A,Comb. RF/AR(1) suave,combinacion,2024Q3,2024Q4,1,2.5382919439563834,2.2763898960740945,-0.2619020478822889
A,Comb. RF/AR(1) dura,combinacion,2024Q3,2024Q4,1,2.5382919439563834,2.2763898960740945,-0.2619020478822889
A,Comb. RF/ingenuo suave,combinacion,2024Q3,2024Q4,1,2.5382919439563834,2.2763898960740945,-0.2619020478822889
A,Comb. LSTM/AR(1) suave,combinacion,2024Q3,2024Q4,1,2.5382919439563834,2.6190310700851374,0.080739126128754
A,Comb. RF/AR(1) umbral min,combinacion,2024Q3,2024Q4,1,2.5382919439563834,2.179764182960815,-0.3585277609955684
A,Ingenuo,referencia,2024Q4,2025Q1,1,2.5817839482167315,2.5382919439563834,-0.04349200426034816
A,Deriva,referencia,2024Q4,2025Q1,1,2.5817839482167315,2.4979868434093935,-0.08379710480733804
A,AR(1),Box-Jenkins,2024Q4,2025Q1,1,2.5817839482167315,2.821724349514002,0.23994040129727034
A,"ARMA(2,2)",Box-Jenkins,2024Q4,2025Q1,1,2.5817839482167315,3.488542237550235,0.9067582893335033
A,"ARIMA(1,1,1)",Box-Jenkins,2024Q4,2025Q1,1,2.5817839482167315,2.8205058355303416,0.2387218873136101
A,Ridge sobre rezagos,regularizado,2024Q4,2025Q1,1,2.5817839482167315,3.769461000815665,1.1876770525989335
A,Random Forest,aprendizaje,2024Q4,2025Q1,1,2.5817839482167315,2.4202183973117517,-0.16156555090497982
A,LSTM(16),red neuronal,2024Q4,2025Q1,1,2.5817839482167315,3.125593727840862,0.5438097796241306
A,Comb. RF/AR(1) suave,combinacion,2024Q4,2025Q1,1,2.5817839482167315,2.4304113789447714,-0.15137256927196008
A,Comb. RF/AR(1) dura,combinacion,2024Q4,2025Q1,1,2.5817839482167315,2.4304113789447714,-0.15137256927196008
A,Comb. RF/ingenuo suave,combinacion,2024Q4,2025Q1,1,2.5817839482167315,2.4304113789447714,-0.15137256927196008
A,Comb. LSTM/AR(1) suave,combinacion,2024Q4,2025Q1,1,2.5817839482167315,3.108339156646646,0.5265552084299143
A,Comb. RF/AR(1) umbral min,combinacion,2024Q4,2025Q1,1,2.5817839482167315,2.771172946880989,0.18938899866425762
B,Ingenuo,referencia,2015Q4,2016Q1,1,2.7573121694995706,2.1849372507544818,-0.5723749187450888
B,Deriva,referencia,2015Q4,2016Q1,1,2.7573121694995706,2.111736100128365,-0.6455760693712054
B,AR(1),Box-Jenkins,2015Q4,2016Q1,1,2.7573121694995706,2.542600540259864,-0.21471162923970644
B,"ARMA(2,2)",Box-Jenkins,2015Q4,2016Q1,1,2.7573121694995706,3.0323990826609997,0.2750869131614291
B,"ARIMA(1,1,1)",Box-Jenkins,2015Q4,2016Q1,1,2.7573121694995706,1.985634787298323,-0.7716773822012475
B,Ridge sobre rezagos,regularizado,2015Q4,2016Q1,1,2.7573121694995706,2.446880553020292,-0.31043161647927864
B,Random Forest,aprendizaje,2015Q4,2016Q1,1,2.7573121694995706,3.42276789225709,0.6654557227575193
B,LSTM(16),red neuronal,2015Q4,2016Q1,1,2.7573121694995706,3.446677958590289,0.6893657890907186
B,Comb. RF/AR(1) suave,combinacion,2015Q4,2016Q1,1,2.7573121694995706,2.700776452612503,-0.05653571688706771
B,Comb. RF/AR(1) dura,combinacion,2015Q4,2016Q1,1,2.7573121694995706,2.700776452612503,-0.05653571688706771
B,Comb. RF/ingenuo suave,combinacion,2015Q4,2016Q1,1,2.7573121694995706,2.700776452612503,-0.05653571688706771
B,Comb. LSTM/AR(1) suave,combinacion,2015Q4,2016Q1,1,2.7573121694995706,3.6951821985447224,0.9378700290451518
B,Comb. RF/AR(1) umbral min,combinacion,2015Q4,2016Q1,1,2.7573121694995706,2.5928423815332264,-0.16446978796634415
B,Ingenuo,referencia,2016Q1,2016Q2,1,1.984188018293498,2.7573121694995706,0.7731241512060727
B,Deriva,referencia,2016Q1,2016Q2,1,1.984188018293498,2.7002504206077345,0.7160624023142366
B,AR(1),Box-Jenkins,2016Q1,2016Q2,1,1.984188018293498,3.020697218652057,1.0365092003585592
B,"ARMA(2,2)",Box-Jenkins,2016Q1,2016Q2,1,1.984188018293498,2.3828029706245326,0.3986149523310347
B,"ARIMA(1,1,1)",Box-Jenkins,2016Q1,2016Q2,1,1.984188018293498,2.80098500440092,0.816796986107422
B,Ridge sobre rezagos,regularizado,2016Q1,2016Q2,1,1.984188018293498,3.173995112683848,1.1898070943903503
B,Random Forest,aprendizaje,2016Q1,2016Q2,1,1.984188018293498,3.4350137852607556,1.4508257669672577
B,LSTM(16),red neuronal,2016Q1,2016Q2,1,1.984188018293498,3.405651779704426,1.4214637614109282
B,Comb. RF/AR(1) suave,combinacion,2016Q1,2016Q2,1,1.984188018293498,3.6096657722737304,1.6254777539802325
B,Comb. RF/AR(1) dura,combinacion,2016Q1,2016Q2,1,1.984188018293498,3.6096657722737304,1.6254777539802325
B,Comb. RF/ingenuo suave,combinacion,2016Q1,2016Q2,1,1.984188018293498,3.6096657722737304,1.6254777539802325
B,Comb. LSTM/AR(1) suave,combinacion,2016Q1,2016Q2,1,1.984188018293498,3.6247192984647194,1.6405312801712215
B,Comb. RF/AR(1) umbral min,combinacion,2016Q1,2016Q2,1,1.984188018293498,3.2135464101379894,1.2293583918444915
B,Ingenuo,referencia,2016Q2,2016Q3,1,1.4174413612997094,1.984188018293498,0.5667466569937885
B,Deriva,referencia,2016Q2,2016Q3,1,1.4174413612997094,1.909661332759851,0.4922199714601416
B,AR(1),Box-Jenkins,2016Q2,2016Q3,1,1.4174413612997094,2.339003137731022,0.9215617764313127
B,"ARMA(2,2)",Box-Jenkins,2016Q2,2016Q3,1,1.4174413612997094,2.367967395307803,0.9505260340080937
B,"ARIMA(1,1,1)",Box-Jenkins,2016Q2,2016Q3,1,1.4174413612997094,1.9001678991689441,0.4827265378692347
B,Ridge sobre rezagos,regularizado,2016Q2,2016Q3,1,1.4174413612997094,2.453983672246911,1.0365423109472016
B,Random Forest,aprendizaje,2016Q2,2016Q3,1,1.4174413612997094,3.0986786535820112,1.6812372922823018
B,LSTM(16),red neuronal,2016Q2,2016Q3,1,1.4174413612997094,3.180155913590538,1.7627145522908285
B,Comb. RF/AR(1) suave,combinacion,2016Q2,2016Q3,1,1.4174413612997094,3.3897750449405724,1.972333683640863
B,Comb. RF/AR(1) dura,combinacion,2016Q2,2016Q3,1,1.4174413612997094,3.3897750449405724,1.972333683640863
B,Comb. RF/ingenuo suave,combinacion,2016Q2,2016Q3,1,1.4174413612997094,3.3897750449405724,1.972333683640863
B,Comb. LSTM/AR(1) suave,combinacion,2016Q2,2016Q3,1,1.4174413612997094,3.3744647448541776,1.9570233835544681
B,Comb. RF/AR(1) umbral min,combinacion,2016Q2,2016Q3,1,1.4174413612997094,3.3897750449405724,1.972333683640863
B,Ingenuo,referencia,2016Q3,2016Q4,1,2.6053913974628973,1.4174413612997094,-1.1879500361631878
B,Deriva,referencia,2016Q3,2016Q4,1,2.6053913974628973,1.3311951526360593,-1.274196244826838
B,AR(1),Box-Jenkins,2016Q3,2016Q4,1,2.6053913974628973,1.8083795202574817,-0.7970118772054156
B,"ARMA(2,2)",Box-Jenkins,2016Q3,2016Q4,1,2.6053913974628973,2.1584933887681537,-0.4468980086947436
B,"ARIMA(1,1,1)",Box-Jenkins,2016Q3,2016Q4,1,2.6053913974628973,1.3322072486900942,-1.273184148772803
B,Ridge sobre rezagos,regularizado,2016Q3,2016Q4,1,2.6053913974628973,2.8343204331141885,0.2289290356512912
B,Random Forest,aprendizaje,2016Q3,2016Q4,1,2.6053913974628973,2.1194690501447586,-0.48592234731813866
B,LSTM(16),red neuronal,2016Q3,2016Q4,1,2.6053913974628973,2.9568652055541214,0.3514738080912241
B,Comb. RF/AR(1) suave,combinacion,2016Q3,2016Q4,1,2.6053913974628973,2.7787707992215176,0.17337940175862032
B,Comb. RF/AR(1) dura,combinacion,2016Q3,2016Q4,1,2.6053913974628973,2.7787707992215176,0.17337940175862032
B,Comb. RF/ingenuo suave,combinacion,2016Q3,2016Q4,1,2.6053913974628973,2.7787707992215176,0.17337940175862032
B,Comb. LSTM/AR(1) suave,combinacion,2016Q3,2016Q4,1,2.6053913974628973,3.0902566388910793,0.484865241428182
B,Comb. RF/AR(1) umbral min,combinacion,2016Q3,2016Q4,1,2.6053913974628973,2.7787707992215176,0.17337940175862032
B,Ingenuo,referencia,2016Q4,2017Q1,1,1.0745193372710737,2.6053913974628973,1.5308720601918235
B,Deriva,referencia,2016Q4,2017Q1,1,1.0745193372710737,2.5487776596091734,1.4742583223380996
B,AR(1),Box-Jenkins,2016Q4,2017Q1,1,1.0745193372710737,2.8463935574203267,1.771874220149253
B,"ARMA(2,2)",Box-Jenkins,2016Q4,2017Q1,1,1.0745193372710737,2.7816181797701107,1.707098842499037
B,"ARIMA(1,1,1)",Box-Jenkins,2016Q4,2017Q1,1,1.0745193372710737,2.7233111549872033,1.6487918177161296
B,Ridge sobre rezagos,regularizado,2016Q4,2017Q1,1,1.0745193372710737,3.465769242415195,2.391249905144121
B,Random Forest,aprendizaje,2016Q4,2017Q1,1,1.0745193372710737,2.6734080143008034,1.5988886770297297
B,LSTM(16),red neuronal,2016Q4,2017Q1,1,1.0745193372710737,3.2659971569473174,2.1914778196762437
B,Comb. RF/AR(1) suave,combinacion,2016Q4,2017Q1,1,1.0745193372710737,3.3323473476951824,2.2578280104241086
B,Comb. RF/AR(1) dura,combinacion,2016Q4,2017Q1,1,1.0745193372710737,3.3323473476951824,2.2578280104241086
B,Comb. RF/ingenuo suave,combinacion,2016Q4,2017Q1,1,1.0745193372710737,3.3323473476951824,2.2578280104241086
B,Comb. LSTM/AR(1) suave,combinacion,2016Q4,2017Q1,1,1.0745193372710737,3.509354850666973,2.434835513395899
B,Comb. RF/AR(1) umbral min,combinacion,2016Q4,2017Q1,1,1.0745193372710737,3.3150732260235385,2.2405538887524648
B,Ingenuo,referencia,2017Q1,2017Q2,1,1.733924781770102,1.0745193372710737,-0.6594054444990283
B,Deriva,referencia,2017Q1,2017Q2,1,1.733924781770102,0.9843997284551205,-0.7495250533149815
B,AR(1),Box-Jenkins,2017Q1,2017Q2,1,1.733924781770102,1.4883468219591316,-0.24557795981097041
B,"ARMA(2,2)",Box-Jenkins,2017Q1,2017Q2,1,1.733924781770102,1.0357386756527036,-0.6981861061173984
B,"ARIMA(1,1,1)",Box-Jenkins,2017Q1,2017Q2,1,1.733924781770102,1.4733408801450405,-0.2605839016250615
B,Ridge sobre rezagos,regularizado,2017Q1,2017Q2,1,1.733924781770102,2.3548193322971525,0.6208945505270504
B,Random Forest,aprendizaje,2017Q1,2017Q2,1,1.733924781770102,1.8686146495172375,0.13468986774713554
B,LSTM(16),red neuronal,2017Q1,2017Q2,1,1.733924781770102,2.509584647000915,0.7756598652308129
B,Comb. RF/AR(1) suave,combinacion,2017Q1,2017Q2,1,1.733924781770102,2.214013252874175,0.48008847110407293
B,Comb. RF/AR(1) dura,combinacion,2017Q1,2017Q2,1,1.733924781770102,2.214013252874175,0.48008847110407293
B,Comb. RF/ingenuo suave,combinacion,2017Q1,2017Q2,1,1.733924781770102,2.214013252874175,0.48008847110407293
B,Comb. LSTM/AR(1) suave,combinacion,2017Q1,2017Q2,1,1.733924781770102,2.575341414469924,0.841416632699822
B,Comb. RF/AR(1) umbral min,combinacion,2017Q1,2017Q2,1,1.733924781770102,2.043877527520045,0.30995274574994314
B,Ingenuo,referencia,2017Q2,2017Q3,1,1.5875185888487797,1.733924781770102,0.1464061929213223
B,Deriva,referencia,2017Q2,2017Q3,1,1.5875185888487797,1.6604612852500371,0.07294269640125739
B,AR(1),Box-Jenkins,2017Q2,2017Q3,1,1.5875185888487797,2.0595217177317027,0.47200312888292295
B,"ARMA(2,2)",Box-Jenkins,2017Q2,2017Q3,1,1.5875185888487797,1.4466489180710906,-0.14086967077768908
B,"ARIMA(1,1,1)",Box-Jenkins,2017Q2,2017Q3,1,1.5875185888487797,2.0609780966108078,0.47345950776202805
B,Ridge sobre rezagos,regularizado,2017Q2,2017Q3,1,1.5875185888487797,2.6948075463635233,1.1072889575147435
B,Random Forest,aprendizaje,2017Q2,2017Q3,1,1.5875185888487797,1.963304515137101,0.3757859262883212
B,LSTM(16),red neuronal,2017Q2,2017Q3,1,1.5875185888487797,1.4288863711939346,-0.15863221765484514
B,Comb. RF/AR(1) suave,combinacion,2017Q2,2017Q3,1,1.5875185888487797,2.074797155187456,0.4872785663386763
B,Comb. RF/AR(1) dura,combinacion,2017Q2,2017Q3,1,1.5875185888487797,2.074797155187456,0.4872785663386763
B,Comb. RF/ingenuo suave,combinacion,2017Q2,2017Q3,1,1.5875185888487797,2.074797155187456,0.4872785663386763
B,Comb. LSTM/AR(1) suave,combinacion,2017Q2,2017Q3,1,1.5875185888487797,2.6456537267759366,1.0581351379271569
B,Comb. RF/AR(1) umbral min,combinacion,2017Q2,2017Q3,1,1.5875185888487797,2.0709690911361394,0.48345050228735964
B,Ingenuo,referencia,2017Q3,2017Q4,1,1.1473936362750292,1.5875185888487797,0.4401249525737505
B,Deriva,referencia,2017Q3,2017Q4,1,1.1473936362750292,1.5124693815373833,0.3650757452623541
B,AR(1),Box-Jenkins,2017Q3,2017Q4,1,1.1473936362750292,1.9108444240032874,0.7634507877282581
B,"ARMA(2,2)",Box-Jenkins,2017Q3,2017Q4,1,1.1473936362750292,1.9252258532921496,0.7778322170171204
B,"ARIMA(1,1,1)",Box-Jenkins,2017Q3,2017Q4,1,1.1473936362750292,1.898869051338188,0.7514754150631588
B,Ridge sobre rezagos,regularizado,2017Q3,2017Q4,1,1.1473936362750292,1.9924789445396192,0.8450853082645899
B,Random Forest,aprendizaje,2017Q3,2017Q4,1,1.1473936362750292,1.7393644546725842,0.5919708183975549
B,LSTM(16),red neuronal,2017Q3,2017Q4,1,1.1473936362750292,1.497347939744738,0.3499543034697088
B,Comb. RF/AR(1) suave,combinacion,2017Q3,2017Q4,1,1.1473936362750292,1.8501432509518645,0.7027496146768353
B,Comb. RF/AR(1) dura,combinacion,2017Q3,2017Q4,1,1.1473936362750292,1.8501432509518645,0.7027496146768353
B,Comb. RF/ingenuo suave,combinacion,2017Q3,2017Q4,1,1.1473936362750292,1.8501432509518645,0.7027496146768353
B,Comb. LSTM/AR(1) suave,combinacion,2017Q3,2017Q4,1,1.1473936362750292,2.600323233910877,1.4529295976358476
B,Comb. RF/AR(1) umbral min,combinacion,2017Q3,2017Q4,1,1.1473936362750292,1.8640369923805442,0.716643356105515
B,Ingenuo,referencia,2017Q4,2018Q1,1,2.1373919999862823,1.1473936362750292,-0.989998363711253
B,Deriva,referencia,2017Q4,2018Q1,1,2.1373919999862823,1.0645768599154974,-1.0728151400707848
B,AR(1),Box-Jenkins,2017Q4,2018Q1,1,2.1373919999862823,1.4937371320193105,-0.6436548679669718
B,"ARMA(2,2)",Box-Jenkins,2017Q4,2018Q1,1,2.1373919999862823,2.034548207169286,-0.10284379281699607
B,"ARIMA(1,1,1)",Box-Jenkins,2017Q4,2018Q1,1,2.1373919999862823,1.1173285835944047,-1.0200634163918776
B,Ridge sobre rezagos,regularizado,2017Q4,2018Q1,1,2.1373919999862823,2.658717432801962,0.5213254328156798
B,Random Forest,aprendizaje,2017Q4,2018Q1,1,2.1373919999862823,1.683030652222756,-0.4543613477635262
B,LSTM(16),red neuronal,2017Q4,2018Q1,1,2.1373919999862823,1.314231940708774,-0.8231600592775083
B,Comb. RF/AR(1) suave,combinacion,2017Q4,2018Q1,1,2.1373919999862823,1.675473421562841,-0.4619185784234412
B,Comb. RF/AR(1) dura,combinacion,2017Q4,2018Q1,1,2.1373919999862823,1.675473421562841,-0.4619185784234412
B,Comb. RF/ingenuo suave,combinacion,2017Q4,2018Q1,1,2.1373919999862823,1.675473421562841,-0.4619185784234412
B,Comb. LSTM/AR(1) suave,combinacion,2017Q4,2018Q1,1,2.1373919999862823,2.000205644053136,-0.13718635593314632
B,Comb. RF/AR(1) umbral min,combinacion,2017Q4,2018Q1,1,2.1373919999862823,1.6529900923873775,-0.4844019075989048
B,Ingenuo,referencia,2018Q1,2018Q2,1,2.076512595659885,2.1373919999862823,0.06087940432639716
B,Deriva,referencia,2018Q1,2018Q2,1,2.076512595659885,2.076925539044892,0.0004129433850068587
B,AR(1),Box-Jenkins,2018Q1,2018Q2,1,2.076512595659885,2.369993424909577,0.29348082924969177
B,"ARMA(2,2)",Box-Jenkins,2018Q1,2018Q2,1,2.076512595659885,2.137825312600979,0.06131271694109408
B,"ARIMA(1,1,1)",Box-Jenkins,2018Q1,2018Q2,1,2.076512595659885,2.190694758677817,0.11418216301793205
B,Ridge sobre rezagos,regularizado,2018Q1,2018Q2,1,2.076512595659885,2.536418928334947,0.45990633267506187
B,Random Forest,aprendizaje,2018Q1,2018Q2,1,2.076512595659885,1.8368652702764123,-0.23964732538347278
B,LSTM(16),red neuronal,2018Q1,2018Q2,1,2.076512595659885,2.9257685134978515,0.8492559178379664
B,Comb. RF/AR(1) suave,combinacion,2018Q1,2018Q2,1,2.076512595659885,1.8974449185662379,-0.17906767709364724
B,Comb. RF/AR(1) dura,combinacion,2018Q1,2018Q2,1,2.076512595659885,1.8974449185662379,-0.17906767709364724
B,Comb. RF/ingenuo suave,combinacion,2018Q1,2018Q2,1,2.076512595659885,1.8974449185662379,-0.17906767709364724
B,Comb. LSTM/AR(1) suave,combinacion,2018Q1,2018Q2,1,2.076512595659885,2.163838946605394,0.08732635094550911
B,Comb. RF/AR(1) umbral min,combinacion,2018Q1,2018Q2,1,2.076512595659885,1.959296421885613,-0.11721617377427207
B,Ingenuo,referencia,2018Q2,2018Q3,1,2.9536008271958236,2.076512595659885,-0.8770882315359385
B,Deriva,referencia,2018Q2,2018Q3,1,2.9536008271958236,2.0160377073024742,-0.9375631198933494
B,AR(1),Box-Jenkins,2018Q2,2018Q3,1,2.9536008271958236,2.307466595891352,-0.6461342313044716
B,"ARMA(2,2)",Box-Jenkins,2018Q2,2018Q3,1,2.9536008271958236,2.4308450775848263,-0.5227557496109974
B,"ARIMA(1,1,1)",Box-Jenkins,2018Q2,2018Q3,1,2.9536008271958236,2.083430259774372,-0.8701705674214515
B,Ridge sobre rezagos,regularizado,2018Q2,2018Q3,1,2.9536008271958236,3.2337018738963157,0.2801010467004921
B,Random Forest,aprendizaje,2018Q2,2018Q3,1,2.9536008271958236,1.7765131753551486,-1.177087651840675
B,LSTM(16),red neuronal,2018Q2,2018Q3,1,2.9536008271958236,2.211466435147761,-0.7421343920480625
B,Comb. RF/AR(1) suave,combinacion,2018Q2,2018Q3,1,2.9536008271958236,1.869708480997671,-1.0838923461981527
B,Comb. RF/AR(1) dura,combinacion,2018Q2,2018Q3,1,2.9536008271958236,1.869708480997671,-1.0838923461981527
B,Comb. RF/ingenuo suave,combinacion,2018Q2,2018Q3,1,2.9536008271958236,1.869708480997671,-1.0838923461981527
B,Comb. LSTM/AR(1) suave,combinacion,2018Q2,2018Q3,1,2.9536008271958236,2.731776583524298,-0.22182424367152542
B,Comb. RF/AR(1) umbral min,combinacion,2018Q2,2018Q3,1,2.9536008271958236,2.005662689419955,-0.9479381377758687
B,Ingenuo,referencia,2018Q3,2018Q4,1,2.8842713172924306,2.9536008271958236,0.06932950990339304
B,Deriva,referencia,2018Q3,2018Q4,1,2.8842713172924306,2.9118772012362797,0.027605883943849108
B,AR(1),Box-Jenkins,2018Q3,2018Q4,1,2.8842713172924306,3.069212551578093,0.18494123428566223
B,"ARMA(2,2)",Box-Jenkins,2018Q3,2018Q4,1,2.8842713172924306,3.173977536658496,0.28970621936606555
B,"ARIMA(1,1,1)",Box-Jenkins,2018Q3,2018Q4,1,2.8842713172924306,3.0075992470361244,0.12332792974369378
B,Ridge sobre rezagos,regularizado,2018Q3,2018Q4,1,2.8842713172924306,3.5891673301247407,0.7048960128323101
B,Random Forest,aprendizaje,2018Q3,2018Q4,1,2.8842713172924306,2.8832425008467575,-0.0010288164456730975
B,LSTM(16),red neuronal,2018Q3,2018Q4,1,2.8842713172924306,2.94707439149027,0.06280307419783959
B,Comb. RF/AR(1) suave,combinacion,2018Q3,2018Q4,1,2.8842713172924306,3.1388248722026244,0.2545535549101938
B,Comb. RF/AR(1) dura,combinacion,2018Q3,2018Q4,1,2.8842713172924306,3.1388248722026244,0.2545535549101938
B,Comb. RF/ingenuo suave,combinacion,2018Q3,2018Q4,1,2.8842713172924306,3.1388248722026244,0.2545535549101938
B,Comb. LSTM/AR(1) suave,combinacion,2018Q3,2018Q4,1,2.8842713172924306,3.1641036765379846,0.27983235924555405
B,Comb. RF/AR(1) umbral min,combinacion,2018Q3,2018Q4,1,2.8842713172924306,3.11713175145731,0.23286043416487923
B,Ingenuo,referencia,2018Q4,2019Q1,1,2.9562463538721495,2.8842713172924306,-0.07197503657971893
B,Deriva,referencia,2018Q4,2019Q1,1,2.9562463538721495,2.84200639949085,-0.1142399543812993
B,AR(1),Box-Jenkins,2018Q4,2019Q1,1,2.9562463538721495,3.0063569150692184,0.050110561197068915
B,"ARMA(2,2)",Box-Jenkins,2018Q4,2019Q1,1,2.9562463538721495,3.387926618125162,0.4316802642530124
B,"ARIMA(1,1,1)",Box-Jenkins,2018Q4,2019Q1,1,2.9562463538721495,2.891226083406008,-0.06502027046614156
B,Ridge sobre rezagos,regularizado,2018Q4,2019Q1,1,2.9562463538721495,3.3376396413576774,0.3813932874855279
B,Random Forest,aprendizaje,2018Q4,2019Q1,1,2.9562463538721495,3.0364835679659414,0.08023721409379192
B,LSTM(16),red neuronal,2018Q4,2019Q1,1,2.9562463538721495,3.216461969067648,0.26021561519549863
B,Comb. RF/AR(1) suave,combinacion,2018Q4,2019Q1,1,2.9562463538721495,3.0490280464206823,0.09278169254853275
B,Comb. RF/AR(1) dura,combinacion,2018Q4,2019Q1,1,2.9562463538721495,3.0490280464206823,0.09278169254853275
B,Comb. RF/ingenuo suave,combinacion,2018Q4,2019Q1,1,2.9562463538721495,3.0490280464206823,0.09278169254853275
B,Comb. LSTM/AR(1) suave,combinacion,2018Q4,2019Q1,1,2.9562463538721495,3.03769903965781,0.08145268578566034
B,Comb. RF/AR(1) umbral min,combinacion,2018Q4,2019Q1,1,2.9562463538721495,3.0344351360768327,0.07818878220468317
B,Ingenuo,referencia,2019Q1,2019Q2,1,3.482909017523328,2.9562463538721495,-0.5266626636511784
B,Deriva,referencia,2019Q1,2019Q2,1,3.482909017523328,2.91617835827021,-0.566730659253118
B,AR(1),Box-Jenkins,2019Q1,2019Q2,1,3.482909017523328,3.065767312219218,-0.41714170530410977
B,"ARMA(2,2)",Box-Jenkins,2019Q1,2019Q2,1,3.482909017523328,3.0282421487906115,-0.45466686873271644
B,"ARIMA(1,1,1)",Box-Jenkins,2019Q1,2019Q2,1,3.482909017523328,2.961940649493998,-0.52096836802933
B,Ridge sobre rezagos,regularizado,2019Q1,2019Q2,1,3.482909017523328,3.565717441294679,0.08280842377135089
B,Random Forest,aprendizaje,2019Q1,2019Q2,1,3.482909017523328,2.857461345315371,-0.6254476722079567
B,LSTM(16),red neuronal,2019Q1,2019Q2,1,3.482909017523328,3.00320841229308,-0.47970060523024793
B,Comb. RF/AR(1) suave,combinacion,2019Q1,2019Q2,1,3.482909017523328,2.987985107665431,-0.494923909857897
B,Comb. RF/AR(1) dura,combinacion,2019Q1,2019Q2,1,3.482909017523328,2.987985107665431,-0.494923909857897
B,Comb. RF/ingenuo suave,combinacion,2019Q1,2019Q2,1,3.482909017523328,2.987985107665431,-0.494923909857897
B,Comb. LSTM/AR(1) suave,combinacion,2019Q1,2019Q2,1,3.482909017523328,3.1157236426665573,-0.3671853748567706
B,Comb. RF/AR(1) umbral min,combinacion,2019Q1,2019Q2,1,3.482909017523328,2.987985107665431,-0.494923909857897
B,Ingenuo,referencia,2019Q2,2019Q3,1,3.0537923562364844,3.482909017523328,0.42911666128684356
B,Deriva,referencia,2019Q2,2019Q3,1,3.0537923562364844,3.4535340532280507,0.39974169699156636
B,AR(1),Box-Jenkins,2019Q2,2019Q3,1,3.0537923562364844,3.5180160892709624,0.46422373303447806
B,"ARMA(2,2)",Box-Jenkins,2019Q2,2019Q3,1,3.0537923562364844,3.280438001440099,0.22664564520361452
B,"ARIMA(1,1,1)",Box-Jenkins,2019Q2,2019Q3,1,3.0537923562364844,3.5151001081829087,0.46130775194642437
B,Ridge sobre rezagos,regularizado,2019Q2,2019Q3,1,3.0537923562364844,3.3574080239201542,0.3036156676836699
B,Random Forest,aprendizaje,2019Q2,2019Q3,1,3.0537923562364844,3.2461892573692257,0.19239690113274133
B,LSTM(16),red neuronal,2019Q2,2019Q3,1,3.0537923562364844,3.929423412369386,0.8756310561329017
B,Comb. RF/AR(1) suave,combinacion,2019Q2,2019Q3,1,3.0537923562364844,3.193704289124008,0.1399119328875238
B,Comb. RF/AR(1) dura,combinacion,2019Q2,2019Q3,1,3.0537923562364844,3.193704289124008,0.1399119328875238
B,Comb. RF/ingenuo suave,combinacion,2019Q2,2019Q3,1,3.0537923562364844,3.193704289124008,0.1399119328875238
B,Comb. LSTM/AR(1) suave,combinacion,2019Q2,2019Q3,1,3.0537923562364844,3.8701435301232796,0.8163511738867952
B,Comb. RF/AR(1) umbral min,combinacion,2019Q2,2019Q3,1,3.0537923562364844,3.193704289124008,0.1399119328875238
B,Ingenuo,referencia,2019Q3,2019Q4,1,2.7838828741452826,3.0537923562364844,0.2699094820912018
B,Deriva,referencia,2019Q3,2019Q4,1,2.7838828741452826,3.017014767922845,0.23313189377756238
B,AR(1),Box-Jenkins,2019Q3,2019Q4,1,2.7838828741452826,3.1480332380459233,0.3641503639006407
B,"ARMA(2,2)",Box-Jenkins,2019Q3,2019Q4,1,2.7838828741452826,3.5023881474511276,0.718505273305845
B,"ARIMA(1,1,1)",Box-Jenkins,2019Q3,2019Q4,1,2.7838828741452826,3.036433146936846,0.2525502727915634
B,Ridge sobre rezagos,regularizado,2019Q3,2019Q4,1,2.7838828741452826,3.7166424953608415,0.9327596212155589
B,Random Forest,aprendizaje,2019Q3,2019Q4,1,2.7838828741452826,3.0128944980129413,0.22901162386765872
B,LSTM(16),red neuronal,2019Q3,2019Q4,1,2.7838828741452826,3.2382583907445195,0.4543755165992369
B,Comb. RF/AR(1) suave,combinacion,2019Q3,2019Q4,1,2.7838828741452826,3.096865020565107,0.3129821464198246
B,Comb. RF/AR(1) dura,combinacion,2019Q3,2019Q4,1,2.7838828741452826,3.096865020565107,0.3129821464198246
B,Comb. RF/ingenuo suave,combinacion,2019Q3,2019Q4,1,2.7838828741452826,3.096865020565107,0.3129821464198246
B,Comb. LSTM/AR(1) suave,combinacion,2019Q3,2019Q4,1,2.7838828741452826,3.4387742620989004,0.6548913879536178
B,Comb. RF/AR(1) umbral min,combinacion,2019Q3,2019Q4,1,2.7838828741452826,3.096865020565107,0.3129821464198246
B,Ingenuo,referencia,2019Q4,2020Q1,1,-0.10850053800636195,2.7838828741452826,2.8923834121516445
B,Deriva,referencia,2019Q4,2020Q1,1,-0.10850053800636195,2.7428665241265966,2.8513670621329585
B,AR(1),Box-Jenkins,2019Q4,2020Q1,1,-0.10850053800636195,2.912795232217466,3.021295770223828
B,"ARMA(2,2)",Box-Jenkins,2019Q4,2020Q1,1,-0.10850053800636195,2.911206632313463,3.019707170319825
B,"ARIMA(1,1,1)",Box-Jenkins,2019Q4,2020Q1,1,-0.10850053800636195,2.764920137790908,2.87342067579727
B,Ridge sobre rezagos,regularizado,2019Q4,2020Q1,1,-0.10850053800636195,3.055195419559039,3.163695957565401
B,Random Forest,aprendizaje,2019Q4,2020Q1,1,-0.10850053800636195,2.571452478480133,2.679953016486495
B,LSTM(16),red neuronal,2019Q4,2020Q1,1,-0.10850053800636195,3.2103370038489545,3.3188375418553164
B,Comb. RF/AR(1) suave,combinacion,2019Q4,2020Q1,1,-0.10850053800636195,2.818770501844921,2.927271039851283
B,Comb. RF/AR(1) dura,combinacion,2019Q4,2020Q1,1,-0.10850053800636195,2.818770501844921,2.927271039851283
B,Comb. RF/ingenuo suave,combinacion,2019Q4,2020Q1,1,-0.10850053800636195,2.818770501844921,2.927271039851283
B,Comb. LSTM/AR(1) suave,combinacion,2019Q4,2020Q1,1,-0.10850053800636195,2.767793991713588,2.87629452971995
B,Comb. RF/AR(1) umbral min,combinacion,2019Q4,2020Q1,1,-0.10850053800636195,2.8199406745470825,2.9284412125534445
B,Ingenuo,referencia,2020Q1,2020Q2,1,-16.631791410552722,-0.10850053800636195,16.52329087254636
B,Deriva,referencia,2020Q1,2020Q2,1,-16.631791410552722,-0.20043415699170805,16.431357253561014
B,AR(1),Box-Jenkins,2020Q1,2020Q2,1,-16.631791410552722,0.3607769391107144,16.992568349663436
B,"ARMA(2,2)",Box-Jenkins,2020Q1,2020Q2,1,-16.631791410552722,0.09161491496629204,16.723406325519015
B,"ARIMA(1,1,1)",Box-Jenkins,2020Q1,2020Q2,1,-16.631791410552722,0.25565521391628243,16.887446624469003
B,Ridge sobre rezagos,regularizado,2020Q1,2020Q2,1,-16.631791410552722,0.15459591990148214,16.786387330454204
B,Random Forest,aprendizaje,2020Q1,2020Q2,1,-16.631791410552722,1.4660047262997669,18.097796136852487
B,LSTM(16),red neuronal,2020Q1,2020Q2,1,-16.631791410552722,0.5971209494879082,17.22891236004063
B,Comb. RF/AR(1) suave,combinacion,2020Q1,2020Q2,1,-16.631791410552722,1.300794963602562,17.932586374155285
B,Comb. RF/AR(1) dura,combinacion,2020Q1,2020Q2,1,-16.631791410552722,0.3607769391107144,16.992568349663436
B,Comb. RF/ingenuo suave,combinacion,2020Q1,2020Q2,1,-16.631791410552722,1.2618521506572438,17.893643561209966
B,Comb. LSTM/AR(1) suave,combinacion,2020Q1,2020Q2,1,-16.631791410552722,0.6657487524943999,17.297540163047124
B,Comb. RF/AR(1) umbral min,combinacion,2020Q1,2020Q2,1,-16.631791410552722,0.3607769391107144,16.992568349663436
B,Ingenuo,referencia,2020Q2,2020Q3,1,-8.929055044023348,-16.631791410552722,-7.702736366529374
B,Deriva,referencia,2020Q2,2020Q3,1,-8.929055044023348,-17.01199445503914,-8.082939411015792
B,AR(1),Box-Jenkins,2020Q2,2020Q3,1,-8.929055044023348,-20.102329791178054,-11.173274747154705
B,"ARMA(2,2)",Box-Jenkins,2020Q2,2020Q3,1,-8.929055044023348,-31.698949694089638,-22.76989465006629
B,"ARIMA(1,1,1)",Box-Jenkins,2020Q2,2020Q3,1,-8.929055044023348,-28.39007084270364,-19.461015798680293
B,Ridge sobre rezagos,regularizado,2020Q2,2020Q3,1,-8.929055044023348,-30.594769432418403,-21.665714388395052
B,Random Forest,aprendizaje,2020Q2,2020Q3,1,-8.929055044023348,-9.88176688082424,-0.9527118368008907
B,LSTM(16),red neuronal,2020Q2,2020Q3,1,-8.929055044023348,-2.180492719190298,6.748562324833051
B,Comb. RF/AR(1) suave,combinacion,2020Q2,2020Q3,1,-8.929055044023348,-20.102329791178054,-11.173274747154705
B,Comb. RF/AR(1) dura,combinacion,2020Q2,2020Q3,1,-8.929055044023348,-20.102329791178054,-11.173274747154705
B,Comb. RF/ingenuo suave,combinacion,2020Q2,2020Q3,1,-8.929055044023348,-16.631791410552722,-7.702736366529374
B,Comb. LSTM/AR(1) suave,combinacion,2020Q2,2020Q3,1,-8.929055044023348,-20.102329791178054,-11.173274747154705
B,Comb. RF/AR(1) umbral min,combinacion,2020Q2,2020Q3,1,-8.929055044023348,-20.102329791178054,-11.173274747154705
B,Ingenuo,referencia,2020Q3,2020Q4,1,-3.461144018552298,-8.929055044023348,-5.46791102547105
B,Deriva,referencia,2020Q3,2020Q4,1,-3.461144018552298,-9.169897064181907,-5.708753045629608
B,AR(1),Box-Jenkins,2020Q3,2020Q4,1,-3.461144018552298,-6.676236483747551,-3.215092465195253
B,"ARMA(2,2)",Box-Jenkins,2020Q3,2020Q4,1,-3.461144018552298,-5.913761850324371,-2.452617831772073
B,"ARIMA(1,1,1)",Box-Jenkins,2020Q3,2020Q4,1,-3.461144018552298,-10.677002584879379,-7.21585856632708
B,Ridge sobre rezagos,regularizado,2020Q3,2020Q4,1,-3.461144018552298,-10.688785907559408,-7.22764188900711
B,Random Forest,aprendizaje,2020Q3,2020Q4,1,-3.461144018552298,-10.26404017705687,-6.802896158504572
B,LSTM(16),red neuronal,2020Q3,2020Q4,1,-3.461144018552298,-3.0793367720243507,0.3818072465279472
B,Comb. RF/AR(1) suave,combinacion,2020Q3,2020Q4,1,-3.461144018552298,-6.676236483747551,-3.215092465195253
B,Comb. RF/AR(1) dura,combinacion,2020Q3,2020Q4,1,-3.461144018552298,-6.676236483747551,-3.215092465195253
B,Comb. RF/ingenuo suave,combinacion,2020Q3,2020Q4,1,-3.461144018552298,-8.929055044023348,-5.46791102547105
B,Comb. LSTM/AR(1) suave,combinacion,2020Q3,2020Q4,1,-3.461144018552298,-6.676236483747551,-3.215092465195253
B,Comb. RF/AR(1) umbral min,combinacion,2020Q3,2020Q4,1,-3.461144018552298,-6.676236483747551,-3.215092465195253
B,Ingenuo,referencia,2020Q4,2021Q1,1,1.6971978125463139,-3.461144018552298,-5.158341831098612
B,Deriva,referencia,2020Q4,2021Q1,1,1.6971978125463139,-3.605227512513744,-5.302425325060058
B,AR(1),Box-Jenkins,2020Q4,2021Q1,1,1.6971978125463139,-1.925281529286631,-3.622479341832945
B,"ARMA(2,2)",Box-Jenkins,2020Q4,2021Q1,1,1.6971978125463139,-2.279556942846384,-3.976754755392698
B,"ARIMA(1,1,1)",Box-Jenkins,2020Q4,2021Q1,1,1.6971978125463139,-2.736503016851856,-4.43370082939817
B,Ridge sobre rezagos,regularizado,2020Q4,2021Q1,1,1.6971978125463139,-5.014139450004912,-6.7113372625512255
B,Random Forest,aprendizaje,2020Q4,2021Q1,1,1.6971978125463139,-6.718319465076061,-8.415517277622374
B,LSTM(16),red neuronal,2020Q4,2021Q1,1,1.6971978125463139,-1.7023081632004824,-3.3995059757467962
B,Comb. RF/AR(1) suave,combinacion,2020Q4,2021Q1,1,1.6971978125463139,-1.925281529286631,-3.622479341832945
B,Comb. RF/AR(1) dura,combinacion,2020Q4,2021Q1,1,1.6971978125463139,-1.925281529286631,-3.622479341832945
B,Comb. RF/ingenuo suave,combinacion,2020Q4,2021Q1,1,1.6971978125463139,-3.461144018552298,-5.158341831098612
B,Comb. LSTM/AR(1) suave,combinacion,2020Q4,2021Q1,1,1.6971978125463139,-1.925281529286631,-3.622479341832945
B,Comb. RF/AR(1) umbral min,combinacion,2020Q4,2021Q1,1,1.6971978125463139,-1.925281529286631,-3.622479341832945
B,Ingenuo,referencia,2021Q1,2021Q2,1,17.854867520359452,1.6971978125463139,-16.157669707813138
B,Deriva,referencia,2021Q1,2021Q2,1,17.854867520359452,1.6414880740025355,-16.213379446356917
B,AR(1),Box-Jenkins,2021Q1,2021Q2,1,17.854867520359452,2.035738949770698,-15.819128570588754
B,"ARMA(2,2)",Box-Jenkins,2021Q1,2021Q2,1,17.854867520359452,3.6168722330740786,-14.237995287285374
B,"ARIMA(1,1,1)",Box-Jenkins,2021Q1,2021Q2,1,17.854867520359452,1.2943161026739767,-16.560551417685474
B,Ridge sobre rezagos,regularizado,2021Q1,2021Q2,1,17.854867520359452,10.351717183298389,-7.503150337061063
B,Random Forest,aprendizaje,2021Q1,2021Q2,1,17.854867520359452,1.7082451294961716,-16.146622390863282
B,LSTM(16),red neuronal,2021Q1,2021Q2,1,17.854867520359452,1.7741356574921472,-16.080731862867303
B,Comb. RF/AR(1) suave,combinacion,2021Q1,2021Q2,1,17.854867520359452,2.035738949770698,-15.819128570588754
B,Comb. RF/AR(1) dura,combinacion,2021Q1,2021Q2,1,17.854867520359452,2.035738949770698,-15.819128570588754
B,Comb. RF/ingenuo suave,combinacion,2021Q1,2021Q2,1,17.854867520359452,1.6971978125463139,-16.157669707813138
B,Comb. LSTM/AR(1) suave,combinacion,2021Q1,2021Q2,1,17.854867520359452,2.035738949770698,-15.819128570588754
B,Comb. RF/AR(1) umbral min,combinacion,2021Q1,2021Q2,1,17.854867520359452,2.035738949770698,-15.819128570588754
B,Ingenuo,referencia,2021Q2,2021Q3,1,12.863933671210148,17.854867520359452,4.990933849149304
B,Deriva,referencia,2021Q2,2021Q3,1,12.863933671210148,18.064950887493655,5.201017216283507
B,AR(1),Box-Jenkins,2021Q2,2021Q3,1,12.863933671210148,13.53329207290025,0.6693584016901024
B,"ARMA(2,2)",Box-Jenkins,2021Q2,2021Q3,1,12.863933671210148,19.7092487953929,6.845315124182751
B,"ARIMA(1,1,1)",Box-Jenkins,2021Q2,2021Q3,1,12.863933671210148,20.85737388438445,7.993440213174303
B,Ridge sobre rezagos,regularizado,2021Q2,2021Q3,1,12.863933671210148,11.156281307484312,-1.7076523637258365
B,Random Forest,aprendizaje,2021Q2,2021Q3,1,12.863933671210148,11.083799677112877,-1.7801339940972714
B,LSTM(16),red neuronal,2021Q2,2021Q3,1,12.863933671210148,11.186712263987651,-1.677221407222497
B,Comb. RF/AR(1) suave,combinacion,2021Q2,2021Q3,1,12.863933671210148,13.53329207290025,0.6693584016901024
B,Comb. RF/AR(1) dura,combinacion,2021Q2,2021Q3,1,12.863933671210148,13.53329207290025,0.6693584016901024
B,Comb. RF/ingenuo suave,combinacion,2021Q2,2021Q3,1,12.863933671210148,17.854867520359452,4.990933849149304
B,Comb. LSTM/AR(1) suave,combinacion,2021Q2,2021Q3,1,12.863933671210148,13.53329207290025,0.6693584016901024
B,Comb. RF/AR(1) umbral min,combinacion,2021Q2,2021Q3,1,12.863933671210148,13.53329207290025,0.6693584016901024
B,Ingenuo,referencia,2021Q3,2021Q4,1,10.155962558474796,12.863933671210148,2.7079711127353523
B,Deriva,referencia,2021Q3,2021Q4,1,10.155962558474796,12.990129663888167,2.8341671054133712
B,AR(1),Box-Jenkins,2021Q3,2021Q4,1,10.155962558474796,9.97349958027812,-0.18246297819667667
B,"ARMA(2,2)",Box-Jenkins,2021Q3,2021Q4,1,10.155962558474796,8.703581355011087,-1.452381203463709
B,"ARIMA(1,1,1)",Box-Jenkins,2021Q3,2021Q4,1,10.155962558474796,9.972483913542067,-0.18347864493272859
B,Ridge sobre rezagos,regularizado,2021Q3,2021Q4,1,10.155962558474796,6.841429175758186,-3.3145333827166095
B,Random Forest,aprendizaje,2021Q3,2021Q4,1,10.155962558474796,9.47504513555834,-0.6809174229164565
B,LSTM(16),red neuronal,2021Q3,2021Q4,1,10.155962558474796,12.06658651146011,1.9106239529853148
B,Comb. RF/AR(1) suave,combinacion,2021Q3,2021Q4,1,10.155962558474796,9.97349958027812,-0.18246297819667667
B,Comb. RF/AR(1) dura,combinacion,2021Q3,2021Q4,1,10.155962558474796,9.97349958027812,-0.18246297819667667
B,Comb. RF/ingenuo suave,combinacion,2021Q3,2021Q4,1,10.155962558474796,12.863933671210148,2.7079711127353523
B,Comb. LSTM/AR(1) suave,combinacion,2021Q3,2021Q4,1,10.155962558474796,9.97349958027812,-0.18246297819667667
B,Comb. RF/AR(1) umbral min,combinacion,2021Q3,2021Q4,1,10.155962558474796,9.97349958027812,-0.18246297819667667
B,Ingenuo,referencia,2021Q4,2022Q1,1,7.078827374919716,10.155962558474796,3.0771351835550798
B,Deriva,referencia,2021Q4,2022Q1,1,7.078827374919716,10.237171771701808,3.158344396782092
B,AR(1),Box-Jenkins,2021Q4,2022Q1,1,7.078827374919716,8.134337083443672,1.0555097085239558
B,"ARMA(2,2)",Box-Jenkins,2021Q4,2022Q1,1,7.078827374919716,7.950341294043781,0.8715139191240651
B,"ARIMA(1,1,1)",Box-Jenkins,2021Q4,2022Q1,1,7.078827374919716,9.943527032313812,2.8646996573940955
B,Ridge sobre rezagos,regularizado,2021Q4,2022Q1,1,7.078827374919716,5.153961413501237,-1.9248659614184795
B,Random Forest,aprendizaje,2021Q4,2022Q1,1,7.078827374919716,8.278614935121048,1.1997875602013321
B,LSTM(16),red neuronal,2021Q4,2022Q1,1,7.078827374919716,10.599615066451488,3.5207876915317717
B,Comb. RF/AR(1) suave,combinacion,2021Q4,2022Q1,1,7.078827374919716,8.134337083443672,1.0555097085239558
B,Comb. RF/AR(1) dura,combinacion,2021Q4,2022Q1,1,7.078827374919716,8.134337083443672,1.0555097085239558
B,Comb. RF/ingenuo suave,combinacion,2021Q4,2022Q1,1,7.078827374919716,10.155962558474796,3.0771351835550798
B,Comb. LSTM/AR(1) suave,combinacion,2021Q4,2022Q1,1,7.078827374919716,8.134337083443672,1.0555097085239558
B,Comb. RF/AR(1) umbral min,combinacion,2021Q4,2022Q1,1,7.078827374919716,8.134337083443672,1.0555097085239558
B,Ingenuo,referencia,2022Q1,2022Q2,1,11.429270185926388,7.078827374919716,-4.350442811006672
B,Deriva,referencia,2022Q1,2022Q2,1,11.429270185926388,7.110687456947009,-4.318582728979379
B,AR(1),Box-Jenkins,2022Q1,2022Q2,1,11.429270185926388,5.987884670747594,-5.441385515178794
B,"ARMA(2,2)",Box-Jenkins,2022Q1,2022Q2,1,11.429270185926388,3.305234096948619,-8.12403608897777
B,"ARIMA(1,1,1)",Box-Jenkins,2022Q1,2022Q2,1,11.429270185926388,5.987548618810201,-5.441721567116187
B,Ridge sobre rezagos,regularizado,2022Q1,2022Q2,1,11.429270185926388,-6.451371045003871,-17.88064123093026
B,Random Forest,aprendizaje,2022Q1,2022Q2,1,11.429270185926388,6.010928682609246,-5.418341503317142
B,LSTM(16),red neuronal,2022Q1,2022Q2,1,11.429270185926388,6.983985378755234,-4.445284807171154
B,Comb. RF/AR(1) suave,combinacion,2022Q1,2022Q2,1,11.429270185926388,5.987884670747594,-5.441385515178794
B,Comb. RF/AR(1) dura,combinacion,2022Q1,2022Q2,1,11.429270185926388,5.987884670747594,-5.441385515178794
B,Comb. RF/ingenuo suave,combinacion,2022Q1,2022Q2,1,11.429270185926388,7.078827374919716,-4.350442811006672
B,Comb. LSTM/AR(1) suave,combinacion,2022Q1,2022Q2,1,11.429270185926388,5.987884670747594,-5.441385515178794
B,Comb. RF/AR(1) umbral min,combinacion,2022Q1,2022Q2,1,11.429270185926388,5.987884670747594,-5.441385515178794
B,Ingenuo,referencia,2022Q2,2022Q3,1,6.172467035595552,11.429270185926388,5.2568031503308355
B,Deriva,referencia,2022Q2,2022Q3,1,6.172467035595552,11.527570002245671,5.355102966650119
B,AR(1),Box-Jenkins,2022Q2,2022Q3,1,6.172467035595552,9.151090732000673,2.978623696405121
B,"ARMA(2,2)",Box-Jenkins,2022Q2,2022Q3,1,6.172467035595552,7.462898251952994,1.2904312163574412
B,"ARIMA(1,1,1)",Box-Jenkins,2022Q2,2022Q3,1,6.172467035595552,9.150364202168548,2.977897166572996
B,Ridge sobre rezagos,regularizado,2022Q2,2022Q3,1,6.172467035595552,17.851337686505158,11.678870650909605
B,Random Forest,aprendizaje,2022Q2,2022Q3,1,6.172467035595552,8.102716328820422,1.93024929322487
B,LSTM(16),red neuronal,2022Q2,2022Q3,1,6.172467035595552,8.524567557412185,2.3521005218166327
B,Comb. RF/AR(1) suave,combinacion,2022Q2,2022Q3,1,6.172467035595552,9.151090732000673,2.978623696405121
B,Comb. RF/AR(1) dura,combinacion,2022Q2,2022Q3,1,6.172467035595552,9.151090732000673,2.978623696405121
B,Comb. RF/ingenuo suave,combinacion,2022Q2,2022Q3,1,6.172467035595552,11.429270185926388,5.2568031503308355
B,Comb. LSTM/AR(1) suave,combinacion,2022Q2,2022Q3,1,6.172467035595552,9.151090732000673,2.978623696405121
B,Comb. RF/AR(1) umbral min,combinacion,2022Q2,2022Q3,1,6.172467035595552,9.151090732000673,2.978623696405121
B,Ingenuo,referencia,2022Q3,2022Q4,1,1.4412877557891557,6.172467035595552,4.731179279806397
B,Deriva,referencia,2022Q3,2022Q4,1,1.4412877557891557,6.189628928177712,4.748341172388557
B,AR(1),Box-Jenkins,2022Q3,2022Q4,1,1.4412877557891557,5.406247489191321,3.964959733402165
B,"ARMA(2,2)",Box-Jenkins,2022Q3,2022Q4,1,1.4412877557891557,3.265956225213523,1.8246684694243673
B,"ARIMA(1,1,1)",Box-Jenkins,2022Q3,2022Q4,1,1.4412877557891557,5.4060277360668945,3.9647399802777388
B,Ridge sobre rezagos,regularizado,2022Q3,2022Q4,1,1.4412877557891557,8.749091448633694,7.307803692844538
B,Random Forest,aprendizaje,2022Q3,2022Q4,1,1.4412877557891557,5.858781545288413,4.417493789499257
B,LSTM(16),red neuronal,2022Q3,2022Q4,1,1.4412877557891557,6.008771243655108,4.567483487865952
B,Comb. RF/AR(1) suave,combinacion,2022Q3,2022Q4,1,1.4412877557891557,5.406247489191321,3.964959733402165
B,Comb. RF/AR(1) dura,combinacion,2022Q3,2022Q4,1,1.4412877557891557,5.406247489191321,3.964959733402165
B,Comb. RF/ingenuo suave,combinacion,2022Q3,2022Q4,1,1.4412877557891557,6.172467035595552,4.731179279806397
B,Comb. LSTM/AR(1) suave,combinacion,2022Q3,2022Q4,1,1.4412877557891557,5.406247489191321,3.964959733402165
B,Comb. RF/AR(1) umbral min,combinacion,2022Q3,2022Q4,1,1.4412877557891557,5.406247489191321,3.964959733402165
B,Ingenuo,referencia,2022Q4,2023Q1,1,2.6576699946787574,1.4412877557891557,-1.2163822388896017
B,Deriva,referencia,2022Q4,2023Q1,1,2.6576699946787574,1.387578884604322,-1.2700911100744354
B,AR(1),Box-Jenkins,2022Q4,2023Q1,1,2.6576699946787574,2.1614736883109273,-0.4961963063678301
B,"ARMA(2,2)",Box-Jenkins,2022Q4,2023Q1,1,2.6576699946787574,-0.2849227658519282,-2.942592760530686
B,"ARIMA(1,1,1)",Box-Jenkins,2022Q4,2023Q1,1,2.6576699946787574,2.1616815137569723,-0.49598848092178516
B,Ridge sobre rezagos,regularizado,2022Q4,2023Q1,1,2.6576699946787574,3.526828672695423,0.8691586780166656
B,Random Forest,aprendizaje,2022Q4,2023Q1,1,2.6576699946787574,1.9635444882537205,-0.6941255064250369
B,LSTM(16),red neuronal,2022Q4,2023Q1,1,2.6576699946787574,-0.07021470620433323,-2.7278847008830907
B,Comb. RF/AR(1) suave,combinacion,2022Q4,2023Q1,1,2.6576699946787574,2.1614736883109273,-0.4961963063678301
B,Comb. RF/AR(1) dura,combinacion,2022Q4,2023Q1,1,2.6576699946787574,2.1614736883109273,-0.4961963063678301
B,Comb. RF/ingenuo suave,combinacion,2022Q4,2023Q1,1,2.6576699946787574,1.4412877557891557,-1.2163822388896017
B,Comb. LSTM/AR(1) suave,combinacion,2022Q4,2023Q1,1,2.6576699946787574,2.1614736883109273,-0.4961963063678301
B,Comb. RF/AR(1) umbral min,combinacion,2022Q4,2023Q1,1,2.6576699946787574,2.1614736883109273,-0.4961963063678301
B,Ingenuo,referencia,2023Q1,2023Q2,1,0.6715475962001394,2.6576699946787574,1.986122398478618
B,Deriva,referencia,2023Q1,2023Q2,1,0.6715475962001394,2.622638933936195,1.9510913377360555
B,AR(1),Box-Jenkins,2023Q1,2023Q2,1,0.6715475962001394,2.9841414053525748,2.3125938091524354
B,"ARMA(2,2)",Box-Jenkins,2023Q1,2023Q2,1,0.6715475962001394,1.5567180853954559,0.8851704891953165
B,"ARIMA(1,1,1)",Box-Jenkins,2023Q1,2023Q2,1,0.6715475962001394,2.984239934069038,2.312692337868899
B,Ridge sobre rezagos,regularizado,2023Q1,2023Q2,1,0.6715475962001394,-4.120193418941269,-4.791741015141408
B,Random Forest,aprendizaje,2023Q1,2023Q2,1,0.6715475962001394,2.1939322972681383,1.522384701067999
B,LSTM(16),red neuronal,2023Q1,2023Q2,1,0.6715475962001394,1.2430424240789213,0.5714948278787819
B,Comb. RF/AR(1) suave,combinacion,2023Q1,2023Q2,1,0.6715475962001394,2.9841414053525748,2.3125938091524354
B,Comb. RF/AR(1) dura,combinacion,2023Q1,2023Q2,1,0.6715475962001394,2.9841414053525748,2.3125938091524354
B,Comb. RF/ingenuo suave,combinacion,2023Q1,2023Q2,1,0.6715475962001394,2.6576699946787574,1.986122398478618
B,Comb. LSTM/AR(1) suave,combinacion,2023Q1,2023Q2,1,0.6715475962001394,2.9841414053525748,2.3125938091524354
B,Comb. RF/AR(1) umbral min,combinacion,2023Q1,2023Q2,1,0.6715475962001394,2.9841414053525748,2.3125938091524354
B,Ingenuo,referencia,2023Q2,2023Q3,1,0.23668217586965135,0.6715475962001394,0.43486542033048803
B,Deriva,referencia,2023Q2,2023Q3,1,0.23668217586965135,0.6082398494034309,0.37155767353377955
B,AR(1),Box-Jenkins,2023Q2,2023Q3,1,0.23668217586965135,1.6166713197985272,1.3799891439288758
B,"ARMA(2,2)",Box-Jenkins,2023Q2,2023Q3,1,0.23668217586965135,0.7420453412417326,0.5053631653720813
B,"ARIMA(1,1,1)",Box-Jenkins,2023Q2,2023Q3,1,0.23668217586965135,1.6169427536369196,1.3802605777672683
B,Ridge sobre rezagos,regularizado,2023Q2,2023Q3,1,0.23668217586965135,-6.661502983762446e-05,-0.23674879089948897
B,Random Forest,aprendizaje,2023Q2,2023Q3,1,0.23668217586965135,1.5676600069041975,1.3309778310345461
B,LSTM(16),red neuronal,2023Q2,2023Q3,1,0.23668217586965135,0.49084000536885597,0.2541578294992046
B,Comb. RF/AR(1) suave,combinacion,2023Q2,2023Q3,1,0.23668217586965135,1.27089566739679,1.0342134915271386
B,Comb. RF/AR(1) dura,combinacion,2023Q2,2023Q3,1,0.23668217586965135,1.6166713197985272,1.3799891439288758
B,Comb. RF/ingenuo suave,combinacion,2023Q2,2023Q3,1,0.23668217586965135,1.2172950788507124,0.9806129029810611
B,Comb. LSTM/AR(1) suave,combinacion,2023Q2,2023Q3,1,0.23668217586965135,1.7101007731118807,1.4734185972422293
B,Comb. RF/AR(1) umbral min,combinacion,2023Q2,2023Q3,1,0.23668217586965135,1.6166713197985272,1.3799891439288758
B,Ingenuo,referencia,2023Q3,2023Q4,1,1.3452326334443043,0.23668217586965135,-1.108550457574653
B,Deriva,referencia,2023Q3,2023Q4,1,1.3452326334443043,0.16806646230817465,-1.1771661711361296
B,AR(1),Box-Jenkins,2023Q3,2023Q4,1,1.3452326334443043,1.294048363344229,-0.05118427010007531
B,"ARMA(2,2)",Box-Jenkins,2023Q3,2023Q4,1,1.3452326334443043,0.9232922245153673,-0.421940408928937
B,"ARIMA(1,1,1)",Box-Jenkins,2023Q3,2023Q4,1,1.3452326334443043,1.294350792567605,-0.050881840876699336
B,Ridge sobre rezagos,regularizado,2023Q3,2023Q4,1,1.3452326334443043,0.8289460969724716,-0.5162865364718328
B,Random Forest,aprendizaje,2023Q3,2023Q4,1,1.3452326334443043,0.6782946011033057,-0.6669380323409986
B,LSTM(16),red neuronal,2023Q3,2023Q4,1,1.3452326334443043,1.6919769027556464,0.34674426931134206
B,Comb. RF/AR(1) suave,combinacion,2023Q3,2023Q4,1,1.3452326334443043,0.49188262591220633,-0.853350007532098
B,Comb. RF/AR(1) dura,combinacion,2023Q3,2023Q4,1,1.3452326334443043,1.294048363344229,-0.05118427010007531
B,Comb. RF/ingenuo suave,combinacion,2023Q3,2023Q4,1,1.3452326334443043,0.4353733984730309,-0.9098592349712734
B,Comb. LSTM/AR(1) suave,combinacion,2023Q3,2023Q4,1,1.3452326334443043,1.0857805685930921,-0.2594520648512122
B,Comb. RF/AR(1) umbral min,combinacion,2023Q3,2023Q4,1,1.3452326334443043,1.294048363344229,-0.05118427010007531
B,Ingenuo,referencia,2023Q4,2024Q1,1,0.7674425122822681,1.3452326334443043,0.5777901211620362
B,Deriva,referencia,2023Q4,2024Q1,1,0.7674425122822681,1.293196725110097,0.525754212827829
B,AR(1),Box-Jenkins,2023Q4,2024Q1,1,0.7674425122822681,2.042072102991093,1.274629590708825
B,"ARMA(2,2)",Box-Jenkins,2023Q4,2024Q1,1,0.7674425122822681,2.2376786817040775,1.4702361694218093
B,"ARIMA(1,1,1)",Box-Jenkins,2023Q4,2024Q1,1,0.7674425122822681,2.0422850090154503,1.2748424967331822
B,Ridge sobre rezagos,regularizado,2023Q4,2024Q1,1,0.7674425122822681,1.8691059834888595,1.1016634712065914
B,Random Forest,aprendizaje,2023Q4,2024Q1,1,0.7674425122822681,1.1698047849954947,0.40236227271322655
B,LSTM(16),red neuronal,2023Q4,2024Q1,1,0.7674425122822681,2.990166717025311,2.222724204743043
B,Comb. RF/AR(1) suave,combinacion,2023Q4,2024Q1,1,0.7674425122822681,1.2281144696412551,0.460671957358987
B,Comb. RF/AR(1) dura,combinacion,2023Q4,2024Q1,1,0.7674425122822681,2.042072102991093,1.274629590708825
B,Comb. RF/ingenuo suave,combinacion,2023Q4,2024Q1,1,0.7674425122822681,1.1990680616193548,0.43162554933708663
B,Comb. LSTM/AR(1) suave,combinacion,2023Q4,2024Q1,1,0.7674425122822681,2.5892618434966437,1.8218193312143756
B,Comb. RF/AR(1) umbral min,combinacion,2023Q4,2024Q1,1,0.7674425122822681,2.042072102991093,1.274629590708825
B,Ingenuo,referencia,2024Q1,2024Q2,1,1.3791731709176247,0.7674425122822681,-0.6117306586353566
B,Deriva,referencia,2024Q1,2024Q2,1,1.3791731709176247,0.7081044621032299,-0.6710687088143948
B,AR(1),Box-Jenkins,2024Q1,2024Q2,1,1.3791731709176247,1.628748311517251,0.24957514059962627
B,"ARMA(2,2)",Box-Jenkins,2024Q1,2024Q2,1,1.3791731709176247,2.0235331323691215,0.6443599614514968
B,"ARIMA(1,1,1)",Box-Jenkins,2024Q1,2024Q2,1,1.3791731709176247,1.6289936780189154,0.24982050710129067
B,Ridge sobre rezagos,regularizado,2024Q1,2024Q2,1,1.3791731709176247,1.2471292083489751,-0.1320439625686496
B,Random Forest,aprendizaje,2024Q1,2024Q2,1,1.3791731709176247,1.5571719176698764,0.1779987467522517
B,LSTM(16),red neuronal,2024Q1,2024Q2,1,1.3791731709176247,2.671873190262367,1.2927000193447422
B,Comb. RF/AR(1) suave,combinacion,2024Q1,2024Q2,1,1.3791731709176247,1.6510282569349057,0.27185508601728103
B,Comb. RF/AR(1) dura,combinacion,2024Q1,2024Q2,1,1.3791731709176247,1.628748311517251,0.24957514059962627
B,Comb. RF/ingenuo suave,combinacion,2024Q1,2024Q2,1,1.3791731709176247,1.5972836907616976,0.21811051984407293
B,Comb. LSTM/AR(1) suave,combinacion,2024Q1,2024Q2,1,1.3791731709176247,2.5950630824489784,1.2158899115313537
B,Comb. RF/AR(1) umbral min,combinacion,2024Q1,2024Q2,1,1.3791731709176247,1.628748311517251,0.24957514059962627
B,Ingenuo,referencia,2024Q2,2024Q3,1,1.646671834715141,1.3791731709176247,-0.2674986637975163
B,Deriva,referencia,2024Q2,2024Q3,1,1.646671834715141,1.3290278427771398,-0.3176439919380012
B,AR(1),Box-Jenkins,2024Q2,2024Q3,1,1.646671834715141,2.03764618677896,0.3909743520638189
B,"ARMA(2,2)",Box-Jenkins,2024Q2,2024Q3,1,1.646671834715141,2.5943718975431427,0.9477000628280017
B,"ARIMA(1,1,1)",Box-Jenkins,2024Q2,2024Q3,1,1.646671834715141,2.0378354960413914,0.39116366132625036
B,Ridge sobre rezagos,regularizado,2024Q2,2024Q3,1,1.646671834715141,2.212259449553901,0.5655876148387602
B,Random Forest,aprendizaje,2024Q2,2024Q3,1,1.646671834715141,2.0359590691877694,0.38928723447262836
B,LSTM(16),red neuronal,2024Q2,2024Q3,1,1.646671834715141,2.543011560582063,0.8963397258669219
B,Comb. RF/AR(1) suave,combinacion,2024Q2,2024Q3,1,1.646671834715141,1.7716115578875193,0.12493972317237834
B,Comb. RF/AR(1) dura,combinacion,2024Q2,2024Q3,1,1.646671834715141,1.7716115578875193,0.12493972317237834
B,Comb. RF/ingenuo suave,combinacion,2024Q2,2024Q3,1,1.646671834715141,1.7716115578875193,0.12493972317237834
B,Comb. LSTM/AR(1) suave,combinacion,2024Q2,2024Q3,1,1.646671834715141,2.559216026036033,0.912544191320892
B,Comb. RF/AR(1) umbral min,combinacion,2024Q2,2024Q3,1,1.646671834715141,2.03764618677896,0.3909743520638189
B,Ingenuo,referencia,2024Q3,2024Q4,1,2.6092237465990653,1.646671834715141,-0.9625519118839243
B,Deriva,referencia,2024Q3,2024Q4,1,2.6092237465990653,1.6008189929521968,-1.0084047536468685
B,AR(1),Box-Jenkins,2024Q3,2024Q4,1,2.6092237465990653,2.212093305795846,-0.39713044080321946
B,"ARMA(2,2)",Box-Jenkins,2024Q3,2024Q4,1,2.6092237465990653,2.8491985083639086,0.23997476176484334
B,"ARIMA(1,1,1)",Box-Jenkins,2024Q3,2024Q4,1,2.6092237465990653,2.2122579848624384,-0.3969657617366269
B,Ridge sobre rezagos,regularizado,2024Q3,2024Q4,1,2.6092237465990653,3.0620195422067376,0.45279579560767225
B,Random Forest,aprendizaje,2024Q3,2024Q4,1,2.6092237465990653,2.338351815240165,-0.2708719313589003
B,LSTM(16),red neuronal,2024Q3,2024Q4,1,2.6092237465990653,2.6879605278701533,0.07873678127108796
B,Comb. RF/AR(1) suave,combinacion,2024Q3,2024Q4,1,2.6092237465990653,1.8884812008417586,-0.7207425457573067
B,Comb. RF/AR(1) dura,combinacion,2024Q3,2024Q4,1,2.6092237465990653,1.8884812008417586,-0.7207425457573067
B,Comb. RF/ingenuo suave,combinacion,2024Q3,2024Q4,1,2.6092237465990653,1.8884812008417586,-0.7207425457573067
B,Comb. LSTM/AR(1) suave,combinacion,2024Q3,2024Q4,1,2.6092237465990653,2.580893083168504,-0.02833066343056112
B,Comb. RF/AR(1) umbral min,combinacion,2024Q3,2024Q4,1,2.6092237465990653,2.212093305795846,-0.39713044080321946
B,Ingenuo,referencia,2024Q4,2025Q1,1,2.4399951395960517,2.6092237465990653,0.16922860700301356
B,Deriva,referencia,2024Q4,2025Q1,1,2.4399951395960517,2.5768163015514127,0.13682116195536098
B,AR(1),Box-Jenkins,2024Q4,2025Q1,1,2.4399951395960517,2.869681101472615,0.4296859618765634
B,"ARMA(2,2)",Box-Jenkins,2024Q4,2025Q1,1,2.4399951395960517,3.544373986001213,1.1043788464051612
B,"ARIMA(1,1,1)",Box-Jenkins,2024Q4,2025Q1,1,2.4399951395960517,2.869758603838612,0.4297634642425603
B,Ridge sobre rezagos,regularizado,2024Q4,2025Q1,1,2.4399951395960517,3.743502526379572,1.30350738678352
B,Random Forest,aprendizaje,2024Q4,2025Q1,1,2.4399951395960517,2.148345056856342,-0.29165008273970994
B,LSTM(16),red neuronal,2024Q4,2025Q1,1,2.4399951395960517,3.1806075855748093,0.7406124459787575
B,Comb. RF/AR(1) suave,combinacion,2024Q4,2025Q1,1,2.4399951395960517,2.0342827215121226,-0.4057124180839291
B,Comb. RF/AR(1) dura,combinacion,2024Q4,2025Q1,1,2.4399951395960517,2.0342827215121226,-0.4057124180839291
B,Comb. RF/ingenuo suave,combinacion,2024Q4,2025Q1,1,2.4399951395960517,2.0342827215121226,-0.4057124180839291
B,Comb. LSTM/AR(1) suave,combinacion,2024Q4,2025Q1,1,2.4399951395960517,3.126432713150957,0.6864375735549051
B,Comb. RF/AR(1) umbral min,combinacion,2024Q4,2025Q1,1,2.4399951395960517,2.4719371601169753,0.03194202052092354
C,Ingenuo,referencia,2015Q4,2016Q1,1,2.5179614056105137,2.0351113199631676,-0.4828500856473461
C,Deriva,referencia,2015Q4,2016Q1,1,2.5179614056105137,1.9222303780334191,-0.5957310275770946
C,AR(1),Box-Jenkins,2015Q4,2016Q1,1,2.5179614056105137,2.411269226959633,-0.10669217865088054
C,"ARMA(2,2)",Box-Jenkins,2015Q4,2016Q1,1,2.5179614056105137,3.0728851818553276,0.5549237762448138
C,"ARIMA(1,1,1)",Box-Jenkins,2015Q4,2016Q1,1,2.5179614056105137,1.8535915167087458,-0.664369888901768
C,Ridge sobre rezagos,regularizado,2015Q4,2016Q1,1,2.5179614056105137,2.0566516262775325,-0.46130977933298123
C,Random Forest,aprendizaje,2015Q4,2016Q1,1,2.5179614056105137,3.7340004415124204,1.2160390359019067
C,LSTM(16),red neuronal,2015Q4,2016Q1,1,2.5179614056105137,3.4052823534162555,0.8873209478057418
C,Comb. RF/AR(1) suave,combinacion,2015Q4,2016Q1,1,2.5179614056105137,3.802061247436003,1.2840998418254892
C,Comb. RF/AR(1) dura,combinacion,2015Q4,2016Q1,1,2.5179614056105137,3.802061247436003,1.2840998418254892
C,Comb. RF/ingenuo suave,combinacion,2015Q4,2016Q1,1,2.5179614056105137,3.802061247436003,1.2840998418254892
C,Comb. LSTM/AR(1) suave,combinacion,2015Q4,2016Q1,1,2.5179614056105137,3.6195206128242354,1.1015592072137217
C,Comb. RF/AR(1) umbral min,combinacion,2015Q4,2016Q1,1,2.5179614056105137,2.445081014587813,-0.07288039102270094
C,Ingenuo,referencia,2016Q1,2016Q2,1,2.1488090225340484,2.5179614056105137,0.36915238307646536
C,Deriva,referencia,2016Q1,2016Q2,1,2.1488090225340484,2.4199737393701923,0.27116471683614396
C,AR(1),Box-Jenkins,2016Q1,2016Q2,1,2.1488090225340484,2.8097866397246216,0.6609776171905732
C,"ARMA(2,2)",Box-Jenkins,2016Q1,2016Q2,1,2.1488090225340484,2.109454479470105,-0.03935454306394348
C,"ARIMA(1,1,1)",Box-Jenkins,2016Q1,2016Q2,1,2.1488090225340484,2.5269878162213497,0.37817879368730134
C,Ridge sobre rezagos,regularizado,2016Q1,2016Q2,1,2.1488090225340484,3.2053349711407733,1.0565259486067249
C,Random Forest,aprendizaje,2016Q1,2016Q2,1,2.1488090225340484,3.2553034234589933,1.1064944009249449
C,LSTM(16),red neuronal,2016Q1,2016Q2,1,2.1488090225340484,3.348105090851379,1.1992960683173308
C,Comb. RF/AR(1) suave,combinacion,2016Q1,2016Q2,1,2.1488090225340484,3.7790327921739415,1.6302237696398931
C,Comb. RF/AR(1) dura,combinacion,2016Q1,2016Q2,1,2.1488090225340484,3.7790327921739415,1.6302237696398931
C,Comb. RF/ingenuo suave,combinacion,2016Q1,2016Q2,1,2.1488090225340484,3.7790327921739415,1.6302237696398931
C,Comb. LSTM/AR(1) suave,combinacion,2016Q1,2016Q2,1,2.1488090225340484,3.600575586638672,1.4517665641046236
C,Comb. RF/AR(1) umbral min,combinacion,2016Q1,2016Q2,1,2.1488090225340484,2.8728306296140476,0.7240216070799992
C,Ingenuo,referencia,2016Q2,2016Q3,1,1.4072812938285884,2.1488090225340484,0.74152772870546
C,Deriva,referencia,2016Q2,2016Q3,1,1.4072812938285884,2.044207582712358,0.6369262888837697
C,AR(1),Box-Jenkins,2016Q2,2016Q3,1,1.4072812938285884,2.476679724531463,1.0693984307028748
C,"ARMA(2,2)",Box-Jenkins,2016Q2,2016Q3,1,1.4072812938285884,2.3443993245258037,0.9371180306972153
C,"ARIMA(1,1,1)",Box-Jenkins,2016Q2,2016Q3,1,1.4072812938285884,2.1073040410753308,0.7000227472467424
C,Ridge sobre rezagos,regularizado,2016Q2,2016Q3,1,1.4072812938285884,2.7493883228856637,1.3421070290570754
C,Random Forest,aprendizaje,2016Q2,2016Q3,1,1.4072812938285884,3.36802581535489,1.9607445215263017
C,LSTM(16),red neuronal,2016Q2,2016Q3,1,1.4072812938285884,3.2509575019449986,1.8436762081164102
C,Comb. RF/AR(1) suave,combinacion,2016Q2,2016Q3,1,1.4072812938285884,3.598535132475482,2.191253838646894
C,Comb. RF/AR(1) dura,combinacion,2016Q2,2016Q3,1,1.4072812938285884,3.598535132475482,2.191253838646894
C,Comb. RF/ingenuo suave,combinacion,2016Q2,2016Q3,1,1.4072812938285884,3.598535132475482,2.191253838646894
C,Comb. LSTM/AR(1) suave,combinacion,2016Q2,2016Q3,1,1.4072812938285884,3.429898869436818,2.02261757560823
C,Comb. RF/AR(1) umbral min,combinacion,2016Q2,2016Q3,1,1.4072812938285884,3.598535132475482,2.191253838646894
C,Ingenuo,referencia,2016Q3,2016Q4,1,2.284162540770285,1.4072812938285884,-0.8768812469416964
C,Deriva,referencia,2016Q3,2016Q4,1,2.284162540770285,1.287514942366808,-0.9966475984034768
C,AR(1),Box-Jenkins,2016Q3,2016Q4,1,2.284162540770285,1.8035144786130366,-0.4806480621572482
C,"ARMA(2,2)",Box-Jenkins,2016Q3,2016Q4,1,2.284162540770285,2.332861236725069,0.04869869595478438
C,"ARIMA(1,1,1)",Box-Jenkins,2016Q3,2016Q4,1,2.284162540770285,1.3039524275692453,-0.9802101132010395
C,Ridge sobre rezagos,regularizado,2016Q3,2016Q4,1,2.284162540770285,2.91204852607531,0.6278859853050252
C,Random Forest,aprendizaje,2016Q3,2016Q4,1,2.284162540770285,2.5041305546621353,0.2199680138918505
C,LSTM(16),red neuronal,2016Q3,2016Q4,1,2.284162540770285,2.9948156893231443,0.7106531485528595
C,Comb. RF/AR(1) suave,combinacion,2016Q3,2016Q4,1,2.284162540770285,2.830726955173814,0.5465644144035293
C,Comb. RF/AR(1) dura,combinacion,2016Q3,2016Q4,1,2.284162540770285,2.830726955173814,0.5465644144035293
C,Comb. RF/ingenuo suave,combinacion,2016Q3,2016Q4,1,2.284162540770285,2.830726955173814,0.5465644144035293
C,Comb. LSTM/AR(1) suave,combinacion,2016Q3,2016Q4,1,2.284162540770285,2.6923685383244926,0.40820599755420783
C,Comb. RF/AR(1) umbral min,combinacion,2016Q3,2016Q4,1,2.284162540770285,2.830726955173814,0.5465644144035293
C,Ingenuo,referencia,2016Q4,2017Q1,1,1.190333209175054,2.284162540770285,1.0938293315952308
C,Deriva,referencia,2016Q4,2017Q1,1,1.190333209175054,2.187574040434167,0.9972408312591128
C,AR(1),Box-Jenkins,2016Q4,2017Q1,1,1.190333209175054,2.55981378118662,1.369480572011566
C,"ARMA(2,2)",Box-Jenkins,2016Q4,2017Q1,1,1.190333209175054,2.3994893863775566,1.2091561772025026
C,"ARIMA(1,1,1)",Box-Jenkins,2016Q4,2017Q1,1,1.190333209175054,2.35333161104619,1.162998401871136
C,Ridge sobre rezagos,regularizado,2016Q4,2017Q1,1,1.190333209175054,3.1348225899332203,1.9444893807581662
C,Random Forest,aprendizaje,2016Q4,2017Q1,1,1.190333209175054,2.4192108285311007,1.2288776193560467
C,LSTM(16),red neuronal,2016Q4,2017Q1,1,1.190333209175054,3.2108127275033276,2.0204795183282735
C,Comb. RF/AR(1) suave,combinacion,2016Q4,2017Q1,1,1.190333209175054,3.030864714797111,1.840531505622057
C,Comb. RF/AR(1) dura,combinacion,2016Q4,2017Q1,1,1.190333209175054,3.030864714797111,1.840531505622057
C,Comb. RF/ingenuo suave,combinacion,2016Q4,2017Q1,1,1.190333209175054,3.030864714797111,1.840531505622057
C,Comb. LSTM/AR(1) suave,combinacion,2016Q4,2017Q1,1,1.190333209175054,3.090989363345094,1.90065615417004
C,Comb. RF/AR(1) umbral min,combinacion,2016Q4,2017Q1,1,1.190333209175054,3.0239593877893682,1.8336261786143142
C,Ingenuo,referencia,2017Q1,2017Q2,1,1.2680395949557388,1.190333209175054,-0.07770638578068478
C,Deriva,referencia,2017Q1,2017Q2,1,1.2680395949557388,1.071080144492138,-0.19695945046360075
C,AR(1),Box-Jenkins,2017Q1,2017Q2,1,1.2680395949557388,1.5820505196559411,0.3140109247002023
C,"ARMA(2,2)",Box-Jenkins,2017Q1,2017Q2,1,1.2680395949557388,1.9416455898677554,0.6736059949120166
C,"ARIMA(1,1,1)",Box-Jenkins,2017Q1,2017Q2,1,1.2680395949557388,1.0984784812586534,-0.16956111369708537
C,Ridge sobre rezagos,regularizado,2017Q1,2017Q2,1,1.2680395949557388,2.419746531772462,1.1517069368167232
C,Random Forest,aprendizaje,2017Q1,2017Q2,1,1.2680395949557388,1.9947756428313137,0.7267360478755749
C,LSTM(16),red neuronal,2017Q1,2017Q2,1,1.2680395949557388,1.78587692484468,0.5178373298889412
C,Comb. RF/AR(1) suave,combinacion,2017Q1,2017Q2,1,1.2680395949557388,2.1702342818012177,0.9021946868454789
C,Comb. RF/AR(1) dura,combinacion,2017Q1,2017Q2,1,1.2680395949557388,2.1702342818012177,0.9021946868454789
C,Comb. RF/ingenuo suave,combinacion,2017Q1,2017Q2,1,1.2680395949557388,2.1702342818012177,0.9021946868454789
C,Comb. LSTM/AR(1) suave,combinacion,2017Q1,2017Q2,1,1.2680395949557388,2.4186857229668353,1.1506461280110964
C,Comb. RF/AR(1) umbral min,combinacion,2017Q1,2017Q2,1,1.2680395949557388,2.123452873596185,0.8554132786404463
C,Ingenuo,referencia,2017Q2,2017Q3,1,1.6614360553568686,1.2680395949557388,-0.39339646040112974
C,Deriva,referencia,2017Q2,2017Q3,1,1.6614360553568686,1.1531634069497916,-0.508272648407077
C,AR(1),Box-Jenkins,2017Q2,2017Q3,1,1.6614360553568686,1.6264787550131525,-0.034957300343716025
C,"ARMA(2,2)",Box-Jenkins,2017Q2,2017Q3,1,1.6614360553568686,1.2145082875917046,-0.44692776776516396
C,"ARIMA(1,1,1)",Box-Jenkins,2017Q2,2017Q3,1,1.6614360553568686,1.2468564934548878,-0.41457956190198075
C,Ridge sobre rezagos,regularizado,2017Q2,2017Q3,1,1.6614360553568686,2.2330729715106896,0.5716369161538211
C,Random Forest,aprendizaje,2017Q2,2017Q3,1,1.6614360553568686,1.972617653067049,0.3111815977101804
C,LSTM(16),red neuronal,2017Q2,2017Q3,1,1.6614360553568686,1.4278826742679365,-0.2335533810889321
C,Comb. RF/AR(1) suave,combinacion,2017Q2,2017Q3,1,1.6614360553568686,1.791679879894615,0.1302438245377464
C,Comb. RF/AR(1) dura,combinacion,2017Q2,2017Q3,1,1.6614360553568686,1.791679879894615,0.1302438245377464
C,Comb. RF/ingenuo suave,combinacion,2017Q2,2017Q3,1,1.6614360553568686,1.791679879894615,0.1302438245377464
C,Comb. LSTM/AR(1) suave,combinacion,2017Q2,2017Q3,1,1.6614360553568686,2.4007534943802735,0.739317439023405
C,Comb. RF/AR(1) umbral min,combinacion,2017Q2,2017Q3,1,1.6614360553568686,1.758106686897635,0.09667063154076638
C,Ingenuo,referencia,2017Q3,2017Q4,1,1.316538387957289,1.6614360553568686,0.3448976673995796
C,Deriva,referencia,2017Q3,2017Q4,1,1.316538387957289,1.5576092727510753,0.24107088479378636
C,AR(1),Box-Jenkins,2017Q3,2017Q4,1,1.316538387957289,1.9602468968287061,0.6437085088714172
C,"ARMA(2,2)",Box-Jenkins,2017Q3,2017Q4,1,1.316538387957289,1.8883700713119203,0.5718316833546313
C,"ARIMA(1,1,1)",Box-Jenkins,2017Q3,2017Q4,1,1.316538387957289,1.6938339723804319,0.3772955844231429
C,Ridge sobre rezagos,regularizado,2017Q3,2017Q4,1,1.316538387957289,2.300547958192466,0.9840095702351772
C,Random Forest,aprendizaje,2017Q3,2017Q4,1,1.316538387957289,1.7987930838582444,0.4822546959009555
C,LSTM(16),red neuronal,2017Q3,2017Q4,1,1.316538387957289,2.143040709885583,0.8265023219282939
C,Comb. RF/AR(1) suave,combinacion,2017Q3,2017Q4,1,1.316538387957289,1.7082278694040618,0.39168948144677285
C,Comb. RF/AR(1) dura,combinacion,2017Q3,2017Q4,1,1.316538387957289,1.7082278694040618,0.39168948144677285
C,Comb. RF/ingenuo suave,combinacion,2017Q3,2017Q4,1,1.316538387957289,1.7082278694040618,0.39168948144677285
C,Comb. LSTM/AR(1) suave,combinacion,2017Q3,2017Q4,1,1.316538387957289,2.694826413290493,1.378288025333204
C,Comb. RF/AR(1) umbral min,combinacion,2017Q3,2017Q4,1,1.316538387957289,1.7265019896301341,0.4099636016728452
C,Ingenuo,referencia,2017Q4,2018Q1,1,1.7665257614006835,1.316538387957289,-0.44998737344339457
C,Deriva,referencia,2017Q4,2018Q1,1,1.7665257614006835,1.2075824375899258,-0.5589433238107577
C,AR(1),Box-Jenkins,2017Q4,2018Q1,1,1.7665257614006835,1.6356620090909746,-0.13086375230970893
C,"ARMA(2,2)",Box-Jenkins,2017Q4,2018Q1,1,1.7665257614006835,2.441264753235619,0.6747389918349356
C,"ARIMA(1,1,1)",Box-Jenkins,2017Q4,2018Q1,1,1.7665257614006835,1.2930950032217576,-0.4734307581789259
C,Ridge sobre rezagos,regularizado,2017Q4,2018Q1,1,1.7665257614006835,2.71030155006579,0.9437757886651066
C,Random Forest,aprendizaje,2017Q4,2018Q1,1,1.7665257614006835,1.5628507505933962,-0.20367501080728734
C,LSTM(16),red neuronal,2017Q4,2018Q1,1,1.7665257614006835,1.1855921922378547,-0.5809335691628288
C,Comb. RF/AR(1) suave,combinacion,2017Q4,2018Q1,1,1.7665257614006835,1.605700791984684,-0.16082496941599955
C,Comb. RF/AR(1) dura,combinacion,2017Q4,2018Q1,1,1.7665257614006835,1.605700791984684,-0.16082496941599955
C,Comb. RF/ingenuo suave,combinacion,2017Q4,2018Q1,1,1.7665257614006835,1.605700791984684,-0.16082496941599955
C,Comb. LSTM/AR(1) suave,combinacion,2017Q4,2018Q1,1,1.7665257614006835,1.9125964625745158,0.14607070117383225
C,Comb. RF/AR(1) umbral min,combinacion,2017Q4,2018Q1,1,1.7665257614006835,1.605700791984684,-0.16082496941599955
C,Ingenuo,referencia,2018Q1,2018Q2,1,2.762306284798255,1.7665257614006835,-0.9957805233975714
C,Deriva,referencia,2018Q1,2018Q2,1,2.762306284798255,1.669214463612711,-1.0930918211855438
C,AR(1),Box-Jenkins,2018Q1,2018Q2,1,2.762306284798255,2.024523093776091,-0.7377831910221637
C,"ARMA(2,2)",Box-Jenkins,2018Q1,2018Q2,1,2.762306284798255,2.0887802915490448,-0.6735259932492101
C,"ARIMA(1,1,1)",Box-Jenkins,2018Q1,2018Q2,1,2.762306284798255,1.8023184295254542,-0.9599878552728007
C,Ridge sobre rezagos,regularizado,2018Q1,2018Q2,1,2.762306284798255,2.506833268080177,-0.25547301671807787
C,Random Forest,aprendizaje,2018Q1,2018Q2,1,2.762306284798255,1.6948862891108663,-1.0674199956873887
C,LSTM(16),red neuronal,2018Q1,2018Q2,1,2.762306284798255,1.9317308384741412,-0.8305754463241137
C,Comb. RF/AR(1) suave,combinacion,2018Q1,2018Q2,1,2.762306284798255,1.697556298333923,-1.064749986464332
C,Comb. RF/AR(1) dura,combinacion,2018Q1,2018Q2,1,2.762306284798255,1.697556298333923,-1.064749986464332
C,Comb. RF/ingenuo suave,combinacion,2018Q1,2018Q2,1,2.762306284798255,1.697556298333923,-1.064749986464332
C,Comb. LSTM/AR(1) suave,combinacion,2018Q1,2018Q2,1,2.762306284798255,2.225073112639964,-0.5372331721582908
C,Comb. RF/AR(1) umbral min,combinacion,2018Q1,2018Q2,1,2.762306284798255,1.6986632486949023,-1.0636430361033526
C,Ingenuo,referencia,2018Q2,2018Q3,1,2.9364946780351397,2.762306284798255,-0.17418839323688484
C,Deriva,referencia,2018Q2,2018Q3,1,2.9364946780351397,2.687302983361008,-0.24919169467413171
C,AR(1),Box-Jenkins,2018Q2,2018Q3,1,2.9364946780351397,2.8936161782002103,-0.04287849983492942
C,"ARMA(2,2)",Box-Jenkins,2018Q2,2018Q3,1,2.9364946780351397,2.694874172980355,-0.24162050505478483
C,"ARIMA(1,1,1)",Box-Jenkins,2018Q2,2018Q3,1,2.9364946780351397,2.8833153507542195,-0.05317932728092023
C,Ridge sobre rezagos,regularizado,2018Q2,2018Q3,1,2.9364946780351397,3.557038902949777,0.6205442249146373
C,Random Forest,aprendizaje,2018Q2,2018Q3,1,2.9364946780351397,2.658851113083522,-0.2776435649516178
C,LSTM(16),red neuronal,2018Q2,2018Q3,1,2.9364946780351397,2.838427492327554,-0.09806718570758566
C,Comb. RF/AR(1) suave,combinacion,2018Q2,2018Q3,1,2.9364946780351397,2.746479650509367,-0.1900150275257726
C,Comb. RF/AR(1) dura,combinacion,2018Q2,2018Q3,1,2.9364946780351397,2.746479650509367,-0.1900150275257726
C,Comb. RF/ingenuo suave,combinacion,2018Q2,2018Q3,1,2.9364946780351397,2.746479650509367,-0.1900150275257726
C,Comb. LSTM/AR(1) suave,combinacion,2018Q2,2018Q3,1,2.9364946780351397,3.197426368525185,0.2609316904900454
C,Comb. RF/AR(1) umbral min,combinacion,2018Q2,2018Q3,1,2.9364946780351397,2.7585074672690113,-0.17798721076612845
C,Ingenuo,referencia,2018Q3,2018Q4,1,2.784033066328706,2.9364946780351397,0.1524616117064337
C,Deriva,referencia,2018Q3,2018Q4,1,2.784033066328706,2.8664752104913753,0.08244214416266926
C,AR(1),Box-Jenkins,2018Q3,2018Q4,1,2.784033066328706,3.0413037629530413,0.2572706966243352
C,"ARMA(2,2)",Box-Jenkins,2018Q3,2018Q4,1,2.784033066328706,3.714559788087195,0.9305267217584889
C,"ARIMA(1,1,1)",Box-Jenkins,2018Q3,2018Q4,1,2.784033066328706,3.0326461424585474,0.2486130761298413
C,Ridge sobre rezagos,regularizado,2018Q3,2018Q4,1,2.784033066328706,3.7299239095379564,0.9458908432092503
C,Random Forest,aprendizaje,2018Q3,2018Q4,1,2.784033066328706,3.0203504501503167,0.2363173838216106
C,LSTM(16),red neuronal,2018Q3,2018Q4,1,2.784033066328706,3.3995097229123292,0.6154766565836232
C,Comb. RF/AR(1) suave,combinacion,2018Q3,2018Q4,1,2.784033066328706,3.1858292791335687,0.40179621280486266
C,Comb. RF/AR(1) dura,combinacion,2018Q3,2018Q4,1,2.784033066328706,3.1858292791335687,0.40179621280486266
C,Comb. RF/ingenuo suave,combinacion,2018Q3,2018Q4,1,2.784033066328706,3.1858292791335687,0.40179621280486266
C,Comb. LSTM/AR(1) suave,combinacion,2018Q3,2018Q4,1,2.784033066328706,3.804317663224679,1.0202845968959728
C,Comb. RF/AR(1) umbral min,combinacion,2018Q3,2018Q4,1,2.784033066328706,3.1617858402425885,0.3777527739138824
C,Ingenuo,referencia,2018Q4,2019Q1,1,3.537414440203701,2.784033066328706,-0.753381373874995
C,Deriva,referencia,2018Q4,2019Q1,1,3.537414440203701,2.712397086154301,-0.8250173540493999
C,AR(1),Box-Jenkins,2018Q4,2019Q1,1,3.537414440203701,2.906597606410398,-0.6308168337933031
C,"ARMA(2,2)",Box-Jenkins,2018Q4,2019Q1,1,3.537414440203701,3.2928082672348635,-0.24460617296883758
C,"ARIMA(1,1,1)",Box-Jenkins,2018Q4,2019Q1,1,3.537414440203701,2.8969569710699274,-0.6404574691337737
C,Ridge sobre rezagos,regularizado,2018Q4,2019Q1,1,3.537414440203701,3.476798946340879,-0.060615493862822056
C,Random Forest,aprendizaje,2018Q4,2019Q1,1,3.537414440203701,2.885820099115191,-0.6515943410885101
C,LSTM(16),red neuronal,2018Q4,2019Q1,1,3.537414440203701,3.1620259865807583,-0.3753884536229428
C,Comb. RF/AR(1) suave,combinacion,2018Q4,2019Q1,1,3.537414440203701,3.0022016837852536,-0.5352127564184475
C,Comb. RF/AR(1) dura,combinacion,2018Q4,2019Q1,1,3.537414440203701,3.0022016837852536,-0.5352127564184475
C,Comb. RF/ingenuo suave,combinacion,2018Q4,2019Q1,1,3.537414440203701,3.0022016837852536,-0.5352127564184475
C,Comb. LSTM/AR(1) suave,combinacion,2018Q4,2019Q1,1,3.537414440203701,3.107712562904287,-0.4297018772994141
C,Comb. RF/AR(1) umbral min,combinacion,2018Q4,2019Q1,1,3.537414440203701,2.987005551540559,-0.5504088886631422
C,Ingenuo,referencia,2019Q1,2019Q2,1,3.061708121756679,3.537414440203701,0.47570631844702227
C,Deriva,referencia,2019Q1,2019Q2,1,3.061708121756679,3.4816441783764,0.4199360566197212
C,AR(1),Box-Jenkins,2019Q1,2019Q2,1,3.061708121756679,3.554806440916944,0.49309831916026514
C,"ARMA(2,2)",Box-Jenkins,2019Q1,2019Q2,1,3.061708121756679,2.9932651106098365,-0.06844301114684237
C,"ARIMA(1,1,1)",Box-Jenkins,2019Q1,2019Q2,1,3.061708121756679,3.551267218304315,0.48955909654763596
C,Ridge sobre rezagos,regularizado,2019Q1,2019Q2,1,3.061708121756679,3.6208493089123204,0.5591411871556415
C,Random Forest,aprendizaje,2019Q1,2019Q2,1,3.061708121756679,3.499555440743632,0.43784731898695295
C,LSTM(16),red neuronal,2019Q1,2019Q2,1,3.061708121756679,3.436842977022291,0.3751348552656122
C,Comb. RF/AR(1) suave,combinacion,2019Q1,2019Q2,1,3.061708121756679,3.4120180653240966,0.35030994356741774
C,Comb. RF/AR(1) dura,combinacion,2019Q1,2019Q2,1,3.061708121756679,3.4120180653240966,0.35030994356741774
C,Comb. RF/ingenuo suave,combinacion,2019Q1,2019Q2,1,3.061708121756679,3.4120180653240966,0.35030994356741774
C,Comb. LSTM/AR(1) suave,combinacion,2019Q1,2019Q2,1,3.061708121756679,3.463602760600981,0.4018946388443023
C,Comb. RF/AR(1) umbral min,combinacion,2019Q1,2019Q2,1,3.061708121756679,3.4120180653240966,0.35030994356741774
C,Ingenuo,referencia,2019Q2,2019Q3,1,3.184636479616887,3.061708121756679,-0.12292835786020806
C,Deriva,referencia,2019Q2,2019Q3,1,3.184636479616887,2.998014538106364,-0.18662194151052303
C,AR(1),Box-Jenkins,2019Q2,2019Q3,1,3.184636479616887,3.1454007957275314,-0.0392356838893555
C,"ARMA(2,2)",Box-Jenkins,2019Q2,2019Q3,1,3.184636479616887,3.317570507045308,0.13293402742842098
C,"ARIMA(1,1,1)",Box-Jenkins,2019Q2,2019Q3,1,3.184636479616887,3.138236112904167,-0.046400366712719965
C,Ridge sobre rezagos,regularizado,2019Q2,2019Q3,1,3.184636479616887,3.3879950044049885,0.20335852478810157
C,Random Forest,aprendizaje,2019Q2,2019Q3,1,3.184636479616887,3.036516343079561,-0.14812013653732592
C,LSTM(16),red neuronal,2019Q2,2019Q3,1,3.184636479616887,3.217988976249854,0.03335249663296702
C,Comb. RF/AR(1) suave,combinacion,2019Q2,2019Q3,1,3.184636479616887,3.1454824519912417,-0.03915402762564524
C,Comb. RF/AR(1) dura,combinacion,2019Q2,2019Q3,1,3.184636479616887,3.1454824519912417,-0.03915402762564524
C,Comb. RF/ingenuo suave,combinacion,2019Q2,2019Q3,1,3.184636479616887,3.1454824519912417,-0.03915402762564524
C,Comb. LSTM/AR(1) suave,combinacion,2019Q2,2019Q3,1,3.184636479616887,3.362968593396491,0.17833211377960412
C,Comb. RF/AR(1) umbral min,combinacion,2019Q2,2019Q3,1,3.184636479616887,3.1454824519912417,-0.03915402762564524
C,Ingenuo,referencia,2019Q3,2019Q4,1,2.970527588191585,3.184636479616887,0.21410889142530198
C,Deriva,referencia,2019Q3,2019Q4,1,2.970527588191585,3.124398857846397,0.1538712696548119
C,AR(1),Box-Jenkins,2019Q3,2019Q4,1,2.970527588191585,3.249527811483861,0.27900022329227614
C,"ARMA(2,2)",Box-Jenkins,2019Q3,2019Q4,1,2.970527588191585,3.433385782831541,0.4628581946399559
C,"ARIMA(1,1,1)",Box-Jenkins,2019Q3,2019Q4,1,2.970527588191585,3.2434718204418065,0.2729442322502216
C,Ridge sobre rezagos,regularizado,2019Q3,2019Q4,1,2.970527588191585,3.7333071581213813,0.7627795699297963
C,Random Forest,aprendizaje,2019Q3,2019Q4,1,2.970527588191585,3.1456430573402963,0.17511546914871134
C,LSTM(16),red neuronal,2019Q3,2019Q4,1,2.970527588191585,3.1291154342834706,0.1585878460918857
C,Comb. RF/AR(1) suave,combinacion,2019Q3,2019Q4,1,2.970527588191585,3.192486577611645,0.22195898942005998
C,Comb. RF/AR(1) dura,combinacion,2019Q3,2019Q4,1,2.970527588191585,3.192486577611645,0.22195898942005998
C,Comb. RF/ingenuo suave,combinacion,2019Q3,2019Q4,1,2.970527588191585,3.192486577611645,0.22195898942005998
C,Comb. LSTM/AR(1) suave,combinacion,2019Q3,2019Q4,1,2.970527588191585,3.246674936776266,0.27614734858468104
C,Comb. RF/AR(1) umbral min,combinacion,2019Q3,2019Q4,1,2.970527588191585,3.1975015979225936,0.22697400973100867
C,Ingenuo,referencia,2019Q4,2020Q1,1,0.3521841985471008,2.970527588191585,2.618343389644484
C,Deriva,referencia,2019Q4,2020Q1,1,0.3521841985471008,2.9074923069728253,2.5553081084257245
C,AR(1),Box-Jenkins,2019Q4,2020Q1,1,0.3521841985471008,3.063737087163235,2.711552888616134
C,"ARMA(2,2)",Box-Jenkins,2019Q4,2020Q1,1,0.3521841985471008,3.0774652044331354,2.7252810058860346
C,"ARIMA(1,1,1)",Box-Jenkins,2019Q4,2020Q1,1,0.3521841985471008,3.056151246662751,2.70396704811565
C,Ridge sobre rezagos,regularizado,2019Q4,2020Q1,1,0.3521841985471008,3.1024375129239745,2.7502533143768737
C,Random Forest,aprendizaje,2019Q4,2020Q1,1,0.3521841985471008,3.073276307702932,2.721092109155831
C,LSTM(16),red neuronal,2019Q4,2020Q1,1,0.3521841985471008,3.2660596252327405,2.9138754266856397
C,Comb. RF/AR(1) suave,combinacion,2019Q4,2020Q1,1,0.3521841985471008,3.114185911509009,2.7620017129619083
C,Comb. RF/AR(1) dura,combinacion,2019Q4,2020Q1,1,0.3521841985471008,3.114185911509009,2.7620017129619083
C,Comb. RF/ingenuo suave,combinacion,2019Q4,2020Q1,1,0.3521841985471008,3.114185911509009,2.7620017129619083
C,Comb. LSTM/AR(1) suave,combinacion,2019Q4,2020Q1,1,0.3521841985471008,3.331792822505257,2.979608623958156
C,Comb. RF/AR(1) umbral min,combinacion,2019Q4,2020Q1,1,0.3521841985471008,3.108210487353898,2.756026288806797
C,Ingenuo,referencia,2020Q1,2020Q2,1,-16.670953356238204,0.3521841985471008,17.023137554785304
C,Deriva,referencia,2020Q1,2020Q2,1,-16.670953356238204,0.2435184153921676,16.91447177163037
C,AR(1),Box-Jenkins,2020Q1,2020Q2,1,-16.670953356238204,0.7758229656519261,17.44677632189013
C,"ARMA(2,2)",Box-Jenkins,2020Q1,2020Q2,1,-16.670953356238204,0.6244027686558253,17.29535612489403
C,"ARIMA(1,1,1)",Box-Jenkins,2020Q1,2020Q2,1,-16.670953356238204,0.7158782694554113,17.386831625693617
C,Ridge sobre rezagos,regularizado,2020Q1,2020Q2,1,-16.670953356238204,1.0174467264005838,17.688400082638786
C,Random Forest,aprendizaje,2020Q1,2020Q2,1,-16.670953356238204,1.539153900587345,18.210107256825548
C,LSTM(16),red neuronal,2020Q1,2020Q2,1,-16.670953356238204,0.9710062812215172,17.64195963745972
C,Comb. RF/AR(1) suave,combinacion,2020Q1,2020Q2,1,-16.670953356238204,1.4006844018968458,18.07163775813505
C,Comb. RF/AR(1) dura,combinacion,2020Q1,2020Q2,1,-16.670953356238204,1.4006844018968458,18.07163775813505
C,Comb. RF/ingenuo suave,combinacion,2020Q1,2020Q2,1,-16.670953356238204,1.4006844018968458,18.07163775813505
C,Comb. LSTM/AR(1) suave,combinacion,2020Q1,2020Q2,1,-16.670953356238204,1.2081890402093767,17.87914239644758
C,Comb. RF/AR(1) umbral min,combinacion,2020Q1,2020Q2,1,-16.670953356238204,0.7758229656519261,17.44677632189013
C,Ingenuo,referencia,2020Q2,2020Q3,1,-9.001985105639731,-16.670953356238204,-7.668968250598473
C,Deriva,referencia,2020Q2,2020Q3,1,-9.001985105639731,-17.07636425819367,-8.07437915255394
C,AR(1),Box-Jenkins,2020Q2,2020Q3,1,-9.001985105639731,-18.84106982935501,-9.83908472371528
C,"ARMA(2,2)",Box-Jenkins,2020Q2,2020Q3,1,-9.001985105639731,-30.31783925252276,-21.315854146883026
C,"ARIMA(1,1,1)",Box-Jenkins,2020Q2,2020Q3,1,-9.001985105639731,-27.689267734514218,-18.687282628874485
C,Ridge sobre rezagos,regularizado,2020Q2,2020Q3,1,-9.001985105639731,-28.20489263247589,-19.202907526836157
C,Random Forest,aprendizaje,2020Q2,2020Q3,1,-9.001985105639731,-6.994545804490646,2.007439301149085
C,LSTM(16),red neuronal,2020Q2,2020Q3,1,-9.001985105639731,-3.248642391486498,5.7533427141532325
C,Comb. RF/AR(1) suave,combinacion,2020Q2,2020Q3,1,-9.001985105639731,-18.84106982935501,-9.83908472371528
C,Comb. RF/AR(1) dura,combinacion,2020Q2,2020Q3,1,-9.001985105639731,-18.84106982935501,-9.83908472371528
C,Comb. RF/ingenuo suave,combinacion,2020Q2,2020Q3,1,-9.001985105639731,-16.670953356238204,-7.668968250598473
C,Comb. LSTM/AR(1) suave,combinacion,2020Q2,2020Q3,1,-9.001985105639731,-18.84106982935501,-9.83908472371528
C,Comb. RF/AR(1) umbral min,combinacion,2020Q2,2020Q3,1,-9.001985105639731,-18.84106982935501,-9.83908472371528
C,Ingenuo,referencia,2020Q3,2020Q4,1,-3.360834684034675,-9.001985105639731,-5.641150421605056
C,Deriva,referencia,2020Q3,2020Q4,1,-3.360834684034675,-9.268182573930474,-5.907347889895799
C,AR(1),Box-Jenkins,2020Q3,2020Q4,1,-3.360834684034675,-6.6684658795797,-3.3076311955450253
C,"ARMA(2,2)",Box-Jenkins,2020Q3,2020Q4,1,-3.360834684034675,-15.81375176745426,-12.452917083419585
C,"ARIMA(1,1,1)",Box-Jenkins,2020Q3,2020Q4,1,-3.360834684034675,-11.060023691916783,-7.699189007882108
C,Ridge sobre rezagos,regularizado,2020Q3,2020Q4,1,-3.360834684034675,-11.874751237256714,-8.513916553222039
C,Random Forest,aprendizaje,2020Q3,2020Q4,1,-3.360834684034675,-11.038245094411879,-7.677410410377204
C,LSTM(16),red neuronal,2020Q3,2020Q4,1,-3.360834684034675,-4.931925456833705,-1.57109077279903
C,Comb. RF/AR(1) suave,combinacion,2020Q3,2020Q4,1,-3.360834684034675,-6.6684658795797,-3.3076311955450253
C,Comb. RF/AR(1) dura,combinacion,2020Q3,2020Q4,1,-3.360834684034675,-6.6684658795797,-3.3076311955450253
C,Comb. RF/ingenuo suave,combinacion,2020Q3,2020Q4,1,-3.360834684034675,-9.001985105639731,-5.641150421605056
C,Comb. LSTM/AR(1) suave,combinacion,2020Q3,2020Q4,1,-3.360834684034675,-6.6684658795797,-3.3076311955450253
C,Comb. RF/AR(1) umbral min,combinacion,2020Q3,2020Q4,1,-3.360834684034675,-6.6684658795797,-3.3076311955450253
C,Ingenuo,referencia,2020Q4,2021Q1,1,1.5522532268370748,-3.360834684034675,-4.91308791087175
C,Deriva,referencia,2020Q4,2021Q1,1,1.5522532268370748,-3.5269076118187095,-5.079160838655785
C,AR(1),Box-Jenkins,2020Q4,2021Q1,1,1.5522532268370748,-1.8159008402816896,-3.3681540671187644
C,"ARMA(2,2)",Box-Jenkins,2020Q4,2021Q1,1,1.5522532268370748,-1.317921776093862,-2.870175002930937
C,"ARIMA(1,1,1)",Box-Jenkins,2020Q4,2021Q1,1,1.5522532268370748,-2.5509001226141073,-4.103153349451182
C,Ridge sobre rezagos,regularizado,2020Q4,2021Q1,1,1.5522532268370748,-4.941420230008028,-6.493673456845102
C,Random Forest,aprendizaje,2020Q4,2021Q1,1,1.5522532268370748,-5.8644348181153285,-7.416688044952403
C,LSTM(16),red neuronal,2020Q4,2021Q1,1,1.5522532268370748,-2.018933093856247,-3.5711863206933216
C,Comb. RF/AR(1) suave,combinacion,2020Q4,2021Q1,1,1.5522532268370748,-1.8159008402816896,-3.3681540671187644
C,Comb. RF/AR(1) dura,combinacion,2020Q4,2021Q1,1,1.5522532268370748,-1.8159008402816896,-3.3681540671187644
C,Comb. RF/ingenuo suave,combinacion,2020Q4,2021Q1,1,1.5522532268370748,-3.360834684034675,-4.91308791087175
C,Comb. LSTM/AR(1) suave,combinacion,2020Q4,2021Q1,1,1.5522532268370748,-1.8159008402816896,-3.3681540671187644
C,Comb. RF/AR(1) umbral min,combinacion,2020Q4,2021Q1,1,1.5522532268370748,-1.8159008402816896,-3.3681540671187644
C,Ingenuo,referencia,2021Q1,2021Q2,1,18.511553553531268,1.5522532268370748,-16.959300326694194
C,Deriva,referencia,2021Q1,2021Q2,1,18.511553553531268,1.4708329796973034,-17.040720573833966
C,AR(1),Box-Jenkins,2021Q1,2021Q2,1,18.511553553531268,1.9338990663930264,-16.57765448713824
C,"ARMA(2,2)",Box-Jenkins,2021Q1,2021Q2,1,18.511553553531268,3.3720771325926204,-15.139476420938648
C,"ARIMA(1,1,1)",Box-Jenkins,2021Q1,2021Q2,1,18.511553553531268,1.2589104977229932,-17.252643055808274
C,Ridge sobre rezagos,regularizado,2021Q1,2021Q2,1,18.511553553531268,6.43490583185015,-12.076647721681118
C,Random Forest,aprendizaje,2021Q1,2021Q2,1,18.511553553531268,2.450838410948165,-16.060715142583103
C,LSTM(16),red neuronal,2021Q1,2021Q2,1,18.511553553531268,3.4904650422484806,-15.021088511282787
C,Comb. RF/AR(1) suave,combinacion,2021Q1,2021Q2,1,18.511553553531268,1.9338990663930264,-16.57765448713824
C,Comb. RF/AR(1) dura,combinacion,2021Q1,2021Q2,1,18.511553553531268,1.9338990663930264,-16.57765448713824
C,Comb. RF/ingenuo suave,combinacion,2021Q1,2021Q2,1,18.511553553531268,1.5522532268370748,-16.959300326694194
C,Comb. LSTM/AR(1) suave,combinacion,2021Q1,2021Q2,1,18.511553553531268,1.9338990663930264,-16.57765448713824
C,Comb. RF/AR(1) umbral min,combinacion,2021Q1,2021Q2,1,18.511553553531268,1.9338990663930264,-16.57765448713824
C,Ingenuo,referencia,2021Q2,2021Q3,1,13.47373460853445,18.511553553531268,5.037818944996818
C,Deriva,referencia,2021Q2,2021Q3,1,13.47373460853445,18.709489381372382,5.235754772837932
C,AR(1),Box-Jenkins,2021Q2,2021Q3,1,13.47373460853445,13.91576049024179,0.44202588170734103
C,"ARMA(2,2)",Box-Jenkins,2021Q2,2021Q3,1,13.47373460853445,20.580658785572226,7.106924177037776
C,"ARIMA(1,1,1)",Box-Jenkins,2021Q2,2021Q3,1,13.47373460853445,21.430130401969894,7.956395793435444
C,Ridge sobre rezagos,regularizado,2021Q2,2021Q3,1,13.47373460853445,16.97222225847698,3.498487649942529
C,Random Forest,aprendizaje,2021Q2,2021Q3,1,13.47373460853445,11.012275238702285,-2.4614593698321645
C,LSTM(16),red neuronal,2021Q2,2021Q3,1,13.47373460853445,12.059057964089916,-1.4146766444445333
C,Comb. RF/AR(1) suave,combinacion,2021Q2,2021Q3,1,13.47373460853445,13.91576049024179,0.44202588170734103
C,Comb. RF/AR(1) dura,combinacion,2021Q2,2021Q3,1,13.47373460853445,13.91576049024179,0.44202588170734103
C,Comb. RF/ingenuo suave,combinacion,2021Q2,2021Q3,1,13.47373460853445,18.511553553531268,5.037818944996818
C,Comb. LSTM/AR(1) suave,combinacion,2021Q2,2021Q3,1,13.47373460853445,13.91576049024179,0.44202588170734103
C,Comb. RF/AR(1) umbral min,combinacion,2021Q2,2021Q3,1,13.47373460853445,13.91576049024179,0.44202588170734103
C,Ingenuo,referencia,2021Q3,2021Q4,1,11.120603437553878,13.47373460853445,2.3531311709805713
C,Deriva,referencia,2021Q3,2021Q4,1,11.120603437553878,13.587222778749144,2.4666193411952655
C,AR(1),Box-Jenkins,2021Q3,2021Q4,1,11.120603437553878,10.384232001554189,-0.7363714359996898
C,"ARMA(2,2)",Box-Jenkins,2021Q3,2021Q4,1,11.120603437553878,7.885412750918723,-3.235190686635155
C,"ARIMA(1,1,1)",Box-Jenkins,2021Q3,2021Q4,1,11.120603437553878,13.572150737597322,2.451547300043444
C,Ridge sobre rezagos,regularizado,2021Q3,2021Q4,1,11.120603437553878,5.088052059886666,-6.032551377667213
C,Random Forest,aprendizaje,2021Q3,2021Q4,1,11.120603437553878,8.054782875141493,-3.0658205624123855
C,LSTM(16),red neuronal,2021Q3,2021Q4,1,11.120603437553878,12.396508171320807,1.2759047337669287
C,Comb. RF/AR(1) suave,combinacion,2021Q3,2021Q4,1,11.120603437553878,10.384232001554189,-0.7363714359996898
C,Comb. RF/AR(1) dura,combinacion,2021Q3,2021Q4,1,11.120603437553878,10.384232001554189,-0.7363714359996898
C,Comb. RF/ingenuo suave,combinacion,2021Q3,2021Q4,1,11.120603437553878,13.47373460853445,2.3531311709805713
C,Comb. LSTM/AR(1) suave,combinacion,2021Q3,2021Q4,1,11.120603437553878,10.384232001554189,-0.7363714359996898
C,Comb. RF/AR(1) umbral min,combinacion,2021Q3,2021Q4,1,11.120603437553878,10.384232001554189,-0.7363714359996898
C,Ingenuo,referencia,2021Q4,2022Q1,1,8.11285056606732,11.120603437553878,3.0077528714865593
C,Deriva,referencia,2021Q4,2022Q1,1,8.11285056606732,11.194938919813094,3.0820883537457746
C,AR(1),Box-Jenkins,2021Q4,2022Q1,1,8.11285056606732,8.837647505916147,0.7247969398488276
C,"ARMA(2,2)",Box-Jenkins,2021Q4,2022Q1,1,8.11285056606732,2.4241820759672237,-5.6886684901000955
C,"ARIMA(1,1,1)",Box-Jenkins,2021Q4,2022Q1,1,8.11285056606732,8.848945782245817,0.7360952161784979
C,Ridge sobre rezagos,regularizado,2021Q4,2022Q1,1,8.11285056606732,4.009732175701659,-4.10311839036566
C,Random Forest,aprendizaje,2021Q4,2022Q1,1,8.11285056606732,7.487673650237487,-0.6251769158298321
C,LSTM(16),red neuronal,2021Q4,2022Q1,1,8.11285056606732,10.823686332019408,2.7108357659520887
C,Comb. RF/AR(1) suave,combinacion,2021Q4,2022Q1,1,8.11285056606732,8.837647505916147,0.7247969398488276
C,Comb. RF/AR(1) dura,combinacion,2021Q4,2022Q1,1,8.11285056606732,8.837647505916147,0.7247969398488276
C,Comb. RF/ingenuo suave,combinacion,2021Q4,2022Q1,1,8.11285056606732,11.120603437553878,3.0077528714865593
C,Comb. LSTM/AR(1) suave,combinacion,2021Q4,2022Q1,1,8.11285056606732,8.837647505916147,0.7247969398488276
C,Comb. RF/AR(1) umbral min,combinacion,2021Q4,2022Q1,1,8.11285056606732,8.837647505916147,0.7247969398488276
C,Ingenuo,referencia,2022Q1,2022Q2,1,12.125063242378786,8.11285056606732,-4.012212676311467
C,Deriva,referencia,2022Q1,2022Q2,1,12.125063242378786,8.139028417799256,-3.98603482457953
C,AR(1),Box-Jenkins,2022Q1,2022Q2,1,12.125063242378786,6.739412699678423,-5.385650542700363
C,"ARMA(2,2)",Box-Jenkins,2022Q1,2022Q2,1,12.125063242378786,4.076643102186913,-8.048420140191872
C,"ARIMA(1,1,1)",Box-Jenkins,2022Q1,2022Q2,1,12.125063242378786,6.745720172738331,-5.379343069640456
C,Ridge sobre rezagos,regularizado,2022Q1,2022Q2,1,12.125063242378786,-4.060545389707827,-16.185608632086613
C,Random Forest,aprendizaje,2022Q1,2022Q2,1,12.125063242378786,6.020267090575213,-6.104796151803574
C,LSTM(16),red neuronal,2022Q1,2022Q2,1,12.125063242378786,7.398585582754383,-4.726477659624403
C,Comb. RF/AR(1) suave,combinacion,2022Q1,2022Q2,1,12.125063242378786,6.739412699678423,-5.385650542700363
C,Comb. RF/AR(1) dura,combinacion,2022Q1,2022Q2,1,12.125063242378786,6.739412699678423,-5.385650542700363
C,Comb. RF/ingenuo suave,combinacion,2022Q1,2022Q2,1,12.125063242378786,8.11285056606732,-4.012212676311467
C,Comb. LSTM/AR(1) suave,combinacion,2022Q1,2022Q2,1,12.125063242378786,6.739412699678423,-5.385650542700363
C,Comb. RF/AR(1) umbral min,combinacion,2022Q1,2022Q2,1,12.125063242378786,6.739412699678423,-5.385650542700363
C,Ingenuo,referencia,2022Q2,2022Q3,1,7.3785598284938025,12.125063242378786,4.746503413884984
C,Deriva,referencia,2022Q2,2022Q3,1,7.3785598284938025,12.212564706796561,4.834004878302759
C,AR(1),Box-Jenkins,2022Q2,2022Q3,1,7.3785598284938025,9.71664434869783,2.3380845202040277
C,"ARMA(2,2)",Box-Jenkins,2022Q2,2022Q3,1,7.3785598284938025,7.742792400504529,0.36423257201072623
C,"ARIMA(1,1,1)",Box-Jenkins,2022Q2,2022Q3,1,7.3785598284938025,9.728483755057226,2.3499239265634237
C,Ridge sobre rezagos,regularizado,2022Q2,2022Q3,1,7.3785598284938025,17.001653746906328,9.623093918412525
C,Random Forest,aprendizaje,2022Q2,2022Q3,1,7.3785598284938025,8.742874516962692,1.3643146884688893
C,LSTM(16),red neuronal,2022Q2,2022Q3,1,7.3785598284938025,8.556392532058368,1.1778327035645653
C,Comb. RF/AR(1) suave,combinacion,2022Q2,2022Q3,1,7.3785598284938025,9.71664434869783,2.3380845202040277
C,Comb. RF/AR(1) dura,combinacion,2022Q2,2022Q3,1,7.3785598284938025,9.71664434869783,2.3380845202040277
C,Comb. RF/ingenuo suave,combinacion,2022Q2,2022Q3,1,7.3785598284938025,12.125063242378786,4.746503413884984
C,Comb. LSTM/AR(1) suave,combinacion,2022Q2,2022Q3,1,7.3785598284938025,9.71664434869783,2.3380845202040277
C,Comb. RF/AR(1) umbral min,combinacion,2022Q2,2022Q3,1,7.3785598284938025,9.71664434869783,2.3380845202040277
C,Ingenuo,referencia,2022Q3,2022Q4,1,2.1697093913129795,7.3785598284938025,5.208850437180823
C,Deriva,referencia,2022Q3,2022Q4,1,2.1697093913129795,7.392818794755476,5.223109403442496
C,AR(1),Box-Jenkins,2022Q3,2022Q4,1,2.1697093913129795,6.3014238176753254,4.131714426362346
C,"ARMA(2,2)",Box-Jenkins,2022Q3,2022Q4,1,2.1697093913129795,3.9848274249741023,1.8151180336611228
C,"ARIMA(1,1,1)",Box-Jenkins,2022Q3,2022Q4,1,2.1697093913129795,6.306090508387312,4.1363811170743325
C,Ridge sobre rezagos,regularizado,2022Q3,2022Q4,1,2.1697093913129795,9.764387649157605,7.594678257844626
C,Random Forest,aprendizaje,2022Q3,2022Q4,1,2.1697093913129795,6.591650657969996,4.421941266657017
C,LSTM(16),red neuronal,2022Q3,2022Q4,1,2.1697093913129795,6.883977894688321,4.714268503375342
C,Comb. RF/AR(1) suave,combinacion,2022Q3,2022Q4,1,2.1697093913129795,6.3014238176753254,4.131714426362346
C,Comb. RF/AR(1) dura,combinacion,2022Q3,2022Q4,1,2.1697093913129795,6.3014238176753254,4.131714426362346
C,Comb. RF/ingenuo suave,combinacion,2022Q3,2022Q4,1,2.1697093913129795,7.3785598284938025,5.208850437180823
C,Comb. LSTM/AR(1) suave,combinacion,2022Q3,2022Q4,1,2.1697093913129795,6.3014238176753254,4.131714426362346
C,Comb. RF/AR(1) umbral min,combinacion,2022Q3,2022Q4,1,2.1697093913129795,6.3014238176753254,4.131714426362346
C,Ingenuo,referencia,2022Q4,2023Q1,1,2.5244079786520324,2.1697093913129795,-0.3546985873390529
C,Deriva,referencia,2022Q4,2023Q1,1,2.5244079786520324,2.1060115008068543,-0.4183964778451781
C,AR(1),Box-Jenkins,2022Q4,2023Q1,1,2.5244079786520324,2.67789351176602,0.1534855331139875
C,"ARMA(2,2)",Box-Jenkins,2022Q4,2023Q1,1,2.5244079786520324,-0.052146496956407384,-2.5765544756084395
C,"ARIMA(1,1,1)",Box-Jenkins,2022Q4,2023Q1,1,2.5244079786520324,2.675557635132838,0.15114965648080547
C,Ridge sobre rezagos,regularizado,2022Q4,2023Q1,1,2.5244079786520324,3.9025448032285013,1.378136824576469
C,Random Forest,aprendizaje,2022Q4,2023Q1,1,2.5244079786520324,3.6189881131087933,1.094580134456761
C,LSTM(16),red neuronal,2022Q4,2023Q1,1,2.5244079786520324,0.46293780487910263,-2.0614701737729297
C,Comb. RF/AR(1) suave,combinacion,2022Q4,2023Q1,1,2.5244079786520324,2.67789351176602,0.1534855331139875
C,Comb. RF/AR(1) dura,combinacion,2022Q4,2023Q1,1,2.5244079786520324,2.67789351176602,0.1534855331139875
C,Comb. RF/ingenuo suave,combinacion,2022Q4,2023Q1,1,2.5244079786520324,2.1697093913129795,-0.3546985873390529
C,Comb. LSTM/AR(1) suave,combinacion,2022Q4,2023Q1,1,2.5244079786520324,2.67789351176602,0.1534855331139875
C,Comb. RF/AR(1) umbral min,combinacion,2022Q4,2023Q1,1,2.5244079786520324,2.67789351176602,0.1534855331139875
C,Ingenuo,referencia,2023Q1,2023Q2,1,0.34466429771420337,2.5244079786520324,2.179743680937829
C,Deriva,referencia,2023Q1,2023Q2,1,0.34466429771420337,2.4668629775259836,2.1221986798117802
C,AR(1),Box-Jenkins,2023Q1,2023Q2,1,0.34466429771420337,2.91547272774795,2.570808430033747
C,"ARMA(2,2)",Box-Jenkins,2023Q1,2023Q2,1,0.34466429771420337,1.0132529027594463,0.668588605045243
C,"ARIMA(1,1,1)",Box-Jenkins,2023Q1,2023Q2,1,0.34466429771420337,2.9136422666058035,2.5689779688916
C,Ridge sobre rezagos,regularizado,2023Q1,2023Q2,1,0.34466429771420337,-4.954249049934907,-5.29891334764911
C,Random Forest,aprendizaje,2023Q1,2023Q2,1,0.34466429771420337,2.454112110615857,2.109447812901654
C,LSTM(16),red neuronal,2023Q1,2023Q2,1,0.34466429771420337,0.031213489277297946,-0.3134508084369054
C,Comb. RF/AR(1) suave,combinacion,2023Q1,2023Q2,1,0.34466429771420337,2.91547272774795,2.570808430033747
C,Comb. RF/AR(1) dura,combinacion,2023Q1,2023Q2,1,0.34466429771420337,2.91547272774795,2.570808430033747
C,Comb. RF/ingenuo suave,combinacion,2023Q1,2023Q2,1,0.34466429771420337,2.5244079786520324,2.179743680937829
C,Comb. LSTM/AR(1) suave,combinacion,2023Q1,2023Q2,1,0.34466429771420337,2.91547272774795,2.570808430033747
C,Comb. RF/AR(1) umbral min,combinacion,2023Q1,2023Q2,1,0.34466429771420337,2.91547272774795,2.570808430033747
C,Ingenuo,referencia,2023Q2,2023Q3,1,-0.6568707152320497,0.34466429771420337,1.001535012946253
C,Deriva,referencia,2023Q2,2023Q3,1,-0.6568707152320497,0.2563627939821866,0.9132335092142363
C,AR(1),Box-Jenkins,2023Q2,2023Q3,1,-0.6568707152320497,1.393118003144595,2.0499887183766448
C,"ARMA(2,2)",Box-Jenkins,2023Q2,2023Q3,1,-0.6568707152320497,0.11258878989858168,0.7694595051306313
C,"ARIMA(1,1,1)",Box-Jenkins,2023Q2,2023Q3,1,-0.6568707152320497,1.3884475760714956,2.0453182913035453
C,Ridge sobre rezagos,regularizado,2023Q2,2023Q3,1,-0.6568707152320497,-0.8961146704431613,-0.23924395521111164
C,Random Forest,aprendizaje,2023Q2,2023Q3,1,-0.6568707152320497,-2.179717103872593,-1.5228463886405432
C,LSTM(16),red neuronal,2023Q2,2023Q3,1,-0.6568707152320497,-0.7553565365737396,-0.09848582134168993
C,Comb. RF/AR(1) suave,combinacion,2023Q2,2023Q3,1,-0.6568707152320497,-4.532419339893736,-3.8755486246616866
C,Comb. RF/AR(1) dura,combinacion,2023Q2,2023Q3,1,-0.6568707152320497,1.393118003144595,2.0499887183766448
C,Comb. RF/ingenuo suave,combinacion,2023Q2,2023Q3,1,-0.6568707152320497,-4.579136293146141,-3.9222655779140916
C,Comb. LSTM/AR(1) suave,combinacion,2023Q2,2023Q3,1,-0.6568707152320497,0.9846837930138846,1.6415545082459344
C,Comb. RF/AR(1) umbral min,combinacion,2023Q2,2023Q3,1,-0.6568707152320497,1.393118003144595,2.0499887183766448
C,Ingenuo,referencia,2023Q3,2023Q4,1,0.6785669864562527,-0.6568707152320497,-1.3354377016883023
C,Deriva,referencia,2023Q3,2023Q4,1,0.6785669864562527,-0.7582184119528412,-1.436785398409094
C,AR(1),Box-Jenkins,2023Q3,2023Q4,1,0.6785669864562527,0.6597346086827602,-0.018832377773492448
C,"ARMA(2,2)",Box-Jenkins,2023Q3,2023Q4,1,0.6785669864562527,-0.021994489739096457,-0.7005614761953491
C,"ARIMA(1,1,1)",Box-Jenkins,2023Q3,2023Q4,1,0.6785669864562527,0.6538547406249929,-0.02471224583125975
C,Ridge sobre rezagos,regularizado,2023Q3,2023Q4,1,0.6785669864562527,-0.12536240786608532,-0.803929394322338
C,Random Forest,aprendizaje,2023Q3,2023Q4,1,0.6785669864562527,-0.4240332649748691,-1.1026002514311217
C,LSTM(16),red neuronal,2023Q3,2023Q4,1,0.6785669864562527,0.7688819280812522,0.09031494162499953
C,Comb. RF/AR(1) suave,combinacion,2023Q3,2023Q4,1,0.6785669864562527,-0.9771568157612579,-1.6557238022175107
C,Comb. RF/AR(1) dura,combinacion,2023Q3,2023Q4,1,0.6785669864562527,0.6597346086827602,-0.018832377773492448
C,Comb. RF/ingenuo suave,combinacion,2023Q3,2023Q4,1,0.6785669864562527,-0.9865354699714373,-1.66510245642769
C,Comb. LSTM/AR(1) suave,combinacion,2023Q3,2023Q4,1,0.6785669864562527,-0.19864400040352623,-0.8772109868597789
C,Comb. RF/AR(1) umbral min,combinacion,2023Q3,2023Q4,1,0.6785669864562527,0.6597346086827602,-0.018832377773492448
C,Ingenuo,referencia,2023Q4,2024Q1,1,0.23712874421830676,0.6785669864562527,0.4414382422379459
C,Deriva,referencia,2023Q4,2024Q1,1,0.23712874421830676,0.597455703797561,0.3603269595792542
C,AR(1),Box-Jenkins,2023Q4,2024Q1,1,0.23712874421830676,1.5748150715847287,1.337686327366422
C,"ARMA(2,2)",Box-Jenkins,2023Q4,2024Q1,1,0.23712874421830676,1.6319578099386916,1.3948290657203848
C,"ARIMA(1,1,1)",Box-Jenkins,2023Q4,2024Q1,1,0.23712874421830676,1.5708205226235192,1.3336917784052125
C,Ridge sobre rezagos,regularizado,2023Q4,2024Q1,1,0.23712874421830676,1.3328324155502336,1.0957036713319268
C,Random Forest,aprendizaje,2023Q4,2024Q1,1,0.23712874421830676,0.8934463427706627,0.6563175985523559
C,LSTM(16),red neuronal,2023Q4,2024Q1,1,0.23712874421830676,2.677699844050509,2.4405710998322023
C,Comb. RF/AR(1) suave,combinacion,2023Q4,2024Q1,1,0.23712874421830676,1.3074296756715655,1.0703009314532588
C,Comb. RF/AR(1) dura,combinacion,2023Q4,2024Q1,1,0.23712874421830676,1.5748150715847287,1.337686327366422
C,Comb. RF/ingenuo suave,combinacion,2023Q4,2024Q1,1,0.23712874421830676,1.283505662124733,1.0463769179064262
C,Comb. LSTM/AR(1) suave,combinacion,2023Q4,2024Q1,1,0.23712874421830676,2.218352290915748,1.981223546697441
C,Comb. RF/AR(1) umbral min,combinacion,2023Q4,2024Q1,1,0.23712874421830676,1.5748150715847287,1.337686327366422
C,Ingenuo,referencia,2024Q1,2024Q2,1,1.7121108980354904,0.23712874421830676,-1.4749821538171837
C,Deriva,referencia,2024Q1,2024Q2,1,1.7121108980354904,0.15101292045434767,-1.5610979775811429
C,AR(1),Box-Jenkins,2024Q1,2024Q2,1,1.7121108980354904,1.2437824863496525,-0.46832841168583794
C,"ARMA(2,2)",Box-Jenkins,2024Q1,2024Q2,1,1.7121108980354904,1.6697575976503798,-0.04235330038511065
C,"ARIMA(1,1,1)",Box-Jenkins,2024Q1,2024Q2,1,1.7121108980354904,1.2393014906510875,-0.4728094073844029
C,Ridge sobre rezagos,regularizado,2024Q1,2024Q2,1,1.7121108980354904,0.7804686792067854,-0.931642218828705
C,Random Forest,aprendizaje,2024Q1,2024Q2,1,1.7121108980354904,-1.9632568635787735,-3.6753677616142637
C,LSTM(16),red neuronal,2024Q1,2024Q2,1,1.7121108980354904,2.9955519947269575,1.283441096691467
C,Comb. RF/AR(1) suave,combinacion,2024Q1,2024Q2,1,1.7121108980354904,-0.7834174512495902,-2.4955283492850806
C,Comb. RF/AR(1) dura,combinacion,2024Q1,2024Q2,1,1.7121108980354904,1.2437824863496525,-0.46832841168583794
C,Comb. RF/ingenuo suave,combinacion,2024Q1,2024Q2,1,1.7121108980354904,-0.8554112838187051,-2.5675221818541956
C,Comb. LSTM/AR(1) suave,combinacion,2024Q1,2024Q2,1,1.7121108980354904,2.7968561310682087,1.0847452330327183
C,Comb. RF/AR(1) umbral min,combinacion,2024Q1,2024Q2,1,1.7121108980354904,1.2437824863496525,-0.46832841168583794
C,Ingenuo,referencia,2024Q2,2024Q3,1,1.8120251948611443,1.7121108980354904,-0.09991429682565389
C,Deriva,referencia,2024Q2,2024Q3,1,1.8120251948611443,1.6473799780740128,-0.1646452167871315
C,AR(1),Box-Jenkins,2024Q2,2024Q3,1,1.8120251948611443,2.266832697655879,0.4548075027947345
C,"ARMA(2,2)",Box-Jenkins,2024Q2,2024Q3,1,1.8120251948611443,2.979949497685104,1.1679243028239599
C,"ARIMA(1,1,1)",Box-Jenkins,2024Q2,2024Q3,1,1.8120251948611443,2.2643241708396182,0.4522989759784739
C,Ridge sobre rezagos,regularizado,2024Q2,2024Q3,1,1.8120251948611443,2.618382135233832,0.8063569403726878
C,Random Forest,aprendizaje,2024Q2,2024Q3,1,1.8120251948611443,2.107144468519657,0.29511927365851287
C,LSTM(16),red neuronal,2024Q2,2024Q3,1,1.8120251948611443,3.398821897258401,1.5867967023972565
C,Comb. RF/AR(1) suave,combinacion,2024Q2,2024Q3,1,1.8120251948611443,2.38889433168903,0.5768691368278858
C,Comb. RF/AR(1) dura,combinacion,2024Q2,2024Q3,1,1.8120251948611443,2.38889433168903,0.5768691368278858
C,Comb. RF/ingenuo suave,combinacion,2024Q2,2024Q3,1,1.8120251948611443,2.38889433168903,0.5768691368278858
C,Comb. LSTM/AR(1) suave,combinacion,2024Q2,2024Q3,1,1.8120251948611443,3.152495870704062,1.3404706758429175
C,Comb. RF/AR(1) umbral min,combinacion,2024Q2,2024Q3,1,1.8120251948611443,2.266832697655879,0.4548075027947345
C,Ingenuo,referencia,2024Q3,2024Q4,1,2.639143067272398,1.8120251948611443,-0.8271178724112538
C,Deriva,referencia,2024Q3,2024Q4,1,2.639143067272398,1.749519210261655,-0.8896238570107431
C,AR(1),Box-Jenkins,2024Q3,2024Q4,1,2.639143067272398,2.3281379728828857,-0.3110050943895124
C,"ARMA(2,2)",Box-Jenkins,2024Q3,2024Q4,1,2.639143067272398,3.1127756255808365,0.4736325583084384
C,"ARIMA(1,1,1)",Box-Jenkins,2024Q3,2024Q4,1,2.639143067272398,2.3257904420376407,-0.3133526252347574
C,Ridge sobre rezagos,regularizado,2024Q3,2024Q4,1,2.639143067272398,3.2617378450854044,0.6225947778130063
C,Random Forest,aprendizaje,2024Q3,2024Q4,1,2.639143067272398,2.7199379874610083,0.08079492018861023
C,LSTM(16),red neuronal,2024Q3,2024Q4,1,2.639143067272398,3.110699451123466,0.4715563838510679
C,Comb. RF/AR(1) suave,combinacion,2024Q3,2024Q4,1,2.639143067272398,2.5646513286088837,-0.07449173866351444
C,Comb. RF/AR(1) dura,combinacion,2024Q3,2024Q4,1,2.639143067272398,2.5646513286088837,-0.07449173866351444
C,Comb. RF/ingenuo suave,combinacion,2024Q3,2024Q4,1,2.639143067272398,2.5646513286088837,-0.07449173866351444
C,Comb. LSTM/AR(1) suave,combinacion,2024Q3,2024Q4,1,2.639143067272398,3.2370244753161592,0.5978814080437611
C,Comb. RF/AR(1) umbral min,combinacion,2024Q3,2024Q4,1,2.639143067272398,2.3281379728828857,-0.3110050943895124
C,Ingenuo,referencia,2024Q4,2025Q1,1,2.682211192974293,2.639143067272398,-0.043068125701895
C,Deriva,referencia,2024Q4,2025Q1,1,2.682211192974293,2.5884987340997188,-0.09371245887457436
C,AR(1),Box-Jenkins,2024Q4,2025Q1,1,2.682211192974293,2.901089638672358,0.2188784456980648
C,"ARMA(2,2)",Box-Jenkins,2024Q4,2025Q1,1,2.682211192974293,3.6701703162918182,0.9879591233175251
C,"ARIMA(1,1,1)",Box-Jenkins,2024Q4,2025Q1,1,2.682211192974293,2.8998294560458553,0.21761826307156218
C,Ridge sobre rezagos,regularizado,2024Q4,2025Q1,1,2.682211192974293,3.987562725950561,1.305351532976268
C,Random Forest,aprendizaje,2024Q4,2025Q1,1,2.682211192974293,3.14795914153133,0.46574794855703683
C,LSTM(16),red neuronal,2024Q4,2025Q1,1,2.682211192974293,3.382288417228415,0.7000772242541218
C,Comb. RF/AR(1) suave,combinacion,2024Q4,2025Q1,1,2.682211192974293,2.9146423427349446,0.2324311497606515
C,Comb. RF/AR(1) dura,combinacion,2024Q4,2025Q1,1,2.682211192974293,2.9146423427349446,0.2324311497606515
C,Comb. RF/ingenuo suave,combinacion,2024Q4,2025Q1,1,2.682211192974293,2.9146423427349446,0.2324311497606515
C,Comb. LSTM/AR(1) suave,combinacion,2024Q4,2025Q1,1,2.682211192974293,3.2461288062551015,0.5639176132808084
C,Comb. RF/AR(1) umbral min,combinacion,2024Q4,2025Q1,1,2.682211192974293,2.901089638672358,0.2188784456980648
