modelo,familia,origen,paso,real,pronostico,error,iso3
Ingenuo,referencia,2014Q4,1,0.333100876090886,-2.559075373418651,-2.892176249509537,ARG
Deriva,referencia,2014Q4,1,0.333100876090886,-2.8342819881318366,-3.1673828642227226,ARG
AR(1),Box-Jenkins,2014Q4,1,0.333100876090886,-1.821260382509646,-2.154361258600532,ARG
"ARMA(2,2)",Box-Jenkins,2014Q4,1,0.333100876090886,-1.9462339503890862,-2.279334826479972,ARG
"ARIMA(1,1,1)",Box-Jenkins,2014Q4,1,0.333100876090886,-2.0485375130193444,-2.3816383891102304,ARG
Ridge sobre rezagos,regularizado,2014Q4,1,0.333100876090886,0.18105401139324373,-0.15204686469764228,ARG
Random Forest,aprendizaje,2014Q4,1,0.333100876090886,-0.8682021055976287,-1.2013029816885146,ARG
LSTM(16),red neuronal,2014Q4,1,0.333100876090886,0.20103086331732722,-0.1320700127735588,ARG
Comb. RF/AR(1) suave,combinacion,2014Q4,1,0.333100876090886,-1.6433634070657879,-1.9764642831566739,ARG
Comb. RF/AR(1) dura,combinacion,2014Q4,1,0.333100876090886,-1.6433634070657879,-1.9764642831566739,ARG
Comb. RF/ingenuo suave,combinacion,2014Q4,1,0.333100876090886,-1.6433634070657879,-1.9764642831566739,ARG
Comb. LSTM/AR(1) suave,combinacion,2014Q4,1,0.333100876090886,0.49453641459069964,0.16143553849981362,ARG
Comb. 50/50 RF-AR(1),combinacion,2014Q4,1,0.333100876090886,-1.821260382509646,-2.154361258600532,ARG
Ingenuo,referencia,2015Q1,1,3.701294414394729,0.333100876090886,-3.368193538303843,ARG
Deriva,referencia,2015Q1,1,3.701294414394729,0.13707883298326842,-3.5642155814114607,ARG
AR(1),Box-Jenkins,2015Q1,1,3.701294414394729,0.7234246253318719,-2.977869789062857,ARG
"ARMA(2,2)",Box-Jenkins,2015Q1,1,3.701294414394729,2.178414965704709,-1.52287944869002,ARG
"ARIMA(1,1,1)",Box-Jenkins,2015Q1,1,3.701294414394729,1.4550951899685005,-2.2461992244262285,ARG
Ridge sobre rezagos,regularizado,2015Q1,1,3.701294414394729,2.499399299985366,-1.2018951144093633,ARG
Random Forest,aprendizaje,2015Q1,1,3.701294414394729,1.3363129730484438,-2.364981441346285,ARG
LSTM(16),red neuronal,2015Q1,1,3.701294414394729,2.4976410760042898,-1.2036533383904393,ARG
Comb. RF/AR(1) suave,combinacion,2015Q1,1,3.701294414394729,0.7321823746879069,-2.9691120397068222,ARG
Comb. RF/AR(1) dura,combinacion,2015Q1,1,3.701294414394729,0.7321823746879069,-2.9691120397068222,ARG
Comb. RF/ingenuo suave,combinacion,2015Q1,1,3.701294414394729,0.7321823746879069,-2.9691120397068222,ARG
Comb. LSTM/AR(1) suave,combinacion,2015Q1,1,3.701294414394729,2.416616099755163,-1.284678314639566,ARG
Comb. 50/50 RF-AR(1),combinacion,2015Q1,1,3.701294414394729,0.7239637329688642,-2.977330681425865,ARG
Ingenuo,referencia,2015Q2,1,4.33248639088355,3.701294414394729,-0.6311919764888207,ARG
Deriva,referencia,2015Q2,1,4.33248639088355,3.5922044586386104,-0.7402819322449394,ARG
AR(1),Box-Jenkins,2015Q2,1,4.33248639088355,3.6166644478367393,-0.7158219430468105,ARG
"ARMA(2,2)",Box-Jenkins,2015Q2,1,4.33248639088355,7.476858663494314,3.144372272610764,ARG
"ARIMA(1,1,1)",Box-Jenkins,2015Q2,1,4.33248639088355,5.0543706206345735,0.7218842297510237,ARG
Ridge sobre rezagos,regularizado,2015Q2,1,4.33248639088355,6.001132329786886,1.6686459389033361,ARG
Random Forest,aprendizaje,2015Q2,1,4.33248639088355,3.3128138190215894,-1.0196725718619604,ARG
LSTM(16),red neuronal,2015Q2,1,4.33248639088355,5.316710355065387,0.9842239641818376,ARG
Comb. RF/AR(1) suave,combinacion,2015Q2,1,4.33248639088355,2.8819280029878,-1.4505583878957498,ARG
Comb. RF/AR(1) dura,combinacion,2015Q2,1,4.33248639088355,2.8819280029878,-1.4505583878957498,ARG
Comb. RF/ingenuo suave,combinacion,2015Q2,1,4.33248639088355,2.8819280029878,-1.4505583878957498,ARG
Comb. LSTM/AR(1) suave,combinacion,2015Q2,1,4.33248639088355,5.592445982924761,1.259959592041211,ARG
Comb. 50/50 RF-AR(1),combinacion,2015Q2,1,4.33248639088355,3.2317289045112845,-1.1007574863722653,ARG
Ingenuo,referencia,2015Q3,1,2.588896087402004,4.33248639088355,1.7435903034815459,ARG
Deriva,referencia,2015Q3,1,2.588896087402004,4.241022195418977,1.6521261080169731,ARG
AR(1),Box-Jenkins,2015Q3,1,2.588896087402004,4.157004865689659,1.5681087782876553,ARG
"ARMA(2,2)",Box-Jenkins,2015Q3,1,2.588896087402004,6.534081639327553,3.945185551925549,ARG
"ARIMA(1,1,1)",Box-Jenkins,2015Q3,1,2.588896087402004,4.555915646777653,1.9670195593756494,ARG
Ridge sobre rezagos,regularizado,2015Q3,1,2.588896087402004,5.302187822670087,2.7132917352680828,ARG
Random Forest,aprendizaje,2015Q3,1,2.588896087402004,2.3176935116614445,-0.2712025757405594,ARG
LSTM(16),red neuronal,2015Q3,1,2.588896087402004,5.850292280203811,3.261396192801807,ARG
Comb. RF/AR(1) suave,combinacion,2015Q3,1,2.588896087402004,2.931951840996071,0.34305575359406726,ARG
Comb. RF/AR(1) dura,combinacion,2015Q3,1,2.588896087402004,2.931951840996071,0.34305575359406726,ARG
Comb. RF/ingenuo suave,combinacion,2015Q3,1,2.588896087402004,2.931951840996071,0.34305575359406726,ARG
Comb. LSTM/AR(1) suave,combinacion,2015Q3,1,2.588896087402004,4.169748558632044,1.58085247123004,ARG
Comb. 50/50 RF-AR(1),combinacion,2015Q3,1,2.588896087402004,3.795956050057673,1.207059962655669,ARG
Ingenuo,referencia,2015Q4,1,0.3793263748892661,2.588896087402004,2.209569712512738,ARG
Deriva,referencia,2015Q4,1,0.3793263748892661,2.459010354541688,2.079683979652422,ARG
AR(1),Box-Jenkins,2015Q4,1,0.3793263748892661,2.6757472413173593,2.296420866428093,ARG
"ARMA(2,2)",Box-Jenkins,2015Q4,1,0.3793263748892661,-0.2574392527031819,-0.636765627592448,ARG
"ARIMA(1,1,1)",Box-Jenkins,2015Q4,1,0.3793263748892661,1.8745291263419404,1.4952027514526742,ARG
Ridge sobre rezagos,regularizado,2015Q4,1,0.3793263748892661,2.1292119940398484,1.7498856191505823,ARG
Random Forest,aprendizaje,2015Q4,1,0.3793263748892661,0.5392917127100604,0.15996533782079425,ARG
LSTM(16),red neuronal,2015Q4,1,0.3793263748892661,1.4266669781401036,1.0473406032508374,ARG
Comb. RF/AR(1) suave,combinacion,2015Q4,1,0.3793263748892661,1.179239355763982,0.7999129808747159,ARG
Comb. RF/AR(1) dura,combinacion,2015Q4,1,0.3793263748892661,1.179239355763982,0.7999129808747159,ARG
Comb. RF/ingenuo suave,combinacion,2015Q4,1,0.3793263748892661,1.179239355763982,0.7999129808747159,ARG
Comb. LSTM/AR(1) suave,combinacion,2015Q4,1,0.3793263748892661,1.1386472072634253,0.7593208323741591,ARG
Comb. 50/50 RF-AR(1),combinacion,2015Q4,1,0.3793263748892661,2.136123520069432,1.7567971451801658,ARG
Ingenuo,referencia,2016Q1,1,-3.7744433279202294,0.3793263748892661,4.1537697028094955,ARG
Deriva,referencia,2016Q1,1,-3.7744433279202294,0.2021750970368497,3.976618424957079,ARG
AR(1),Box-Jenkins,2016Q1,1,-3.7744433279202294,0.785560163555503,4.560003491475732,ARG
"ARMA(2,2)",Box-Jenkins,2016Q1,1,-3.7744433279202294,-3.1271119373992873,0.6473313905209421,ARG
"ARIMA(1,1,1)",Box-Jenkins,2016Q1,1,-3.7744433279202294,-0.48527030403146054,3.289173023888769,ARG
Ridge sobre rezagos,regularizado,2016Q1,1,-3.7744433279202294,-0.6553030811752478,3.1191402467449816,ARG
Random Forest,aprendizaje,2016Q1,1,-3.7744433279202294,-0.9404759378646755,2.833967390055554,ARG
LSTM(16),red neuronal,2016Q1,1,-3.7744433279202294,-3.2458115929188827,0.5286317350013467,ARG
Comb. RF/AR(1) suave,combinacion,2016Q1,1,-3.7744433279202294,-0.8331125237388565,2.941330804181373,ARG
Comb. RF/AR(1) dura,combinacion,2016Q1,1,-3.7744433279202294,-0.8331125237388565,2.941330804181373,ARG
Comb. RF/ingenuo suave,combinacion,2016Q1,1,-3.7744433279202294,-0.8331125237388565,2.941330804181373,ARG
Comb. LSTM/AR(1) suave,combinacion,2016Q1,1,-3.7744433279202294,-1.895049890726649,1.8793934371935803,ARG
Comb. 50/50 RF-AR(1),combinacion,2016Q1,1,-3.7744433279202294,0.2037230059121286,3.978166333832358,ARG
Ingenuo,referencia,2016Q2,1,-3.3259762439694307,-3.7744433279202294,-0.4484670839507987,ARG
Deriva,referencia,2016Q2,1,-3.3259762439694307,-4.039963904105026,-0.713987660135595,ARG
AR(1),Box-Jenkins,2016Q2,1,-3.3259762439694307,-2.853118652980866,0.4728575909885646,ARG
"ARMA(2,2)",Box-Jenkins,2016Q2,1,-3.3259762439694307,-2.658252980926128,0.6677232630433028,ARG
"ARIMA(1,1,1)",Box-Jenkins,2016Q2,1,-3.3259762439694307,-5.506174598928323,-2.180198354958892,ARG
Ridge sobre rezagos,regularizado,2016Q2,1,-3.3259762439694307,-3.9306863737590807,-0.60471012978965,ARG
Random Forest,aprendizaje,2016Q2,1,-3.3259762439694307,-3.0844712603472857,0.241504983622145,ARG
LSTM(16),red neuronal,2016Q2,1,-3.3259762439694307,-7.058680044503204,-3.732703800533773,ARG
Comb. RF/AR(1) suave,combinacion,2016Q2,1,-3.3259762439694307,-2.9618572488393777,0.36411899513005297,ARG
Comb. RF/AR(1) dura,combinacion,2016Q2,1,-3.3259762439694307,-2.9618572488393777,0.36411899513005297,ARG
Comb. RF/ingenuo suave,combinacion,2016Q2,1,-3.3259762439694307,-2.9618572488393777,0.36411899513005297,ARG
Comb. LSTM/AR(1) suave,combinacion,2016Q2,1,-3.3259762439694307,-5.618519299408744,-2.2925430554393134,ARG
Comb. 50/50 RF-AR(1),combinacion,2016Q2,1,-3.3259762439694307,-2.853118652980866,0.4728575909885646,ARG
Ingenuo,referencia,2016Q3,1,-1.5340017582319732,-3.3259762439694307,-1.7919744857374575,ARG
Deriva,referencia,2016Q3,1,-1.5340017582319732,-3.575975349281714,-2.0419735910497407,ARG
AR(1),Box-Jenkins,2016Q3,1,-1.5340017582319732,-2.503097369300272,-0.9690956110682989,ARG
"ARMA(2,2)",Box-Jenkins,2016Q3,1,-1.5340017582319732,-0.9008206966275354,0.6331810616044378,ARG
"ARIMA(1,1,1)",Box-Jenkins,2016Q3,1,-1.5340017582319732,-3.0622776922632102,-1.528275934031237,ARG
Ridge sobre rezagos,regularizado,2016Q3,1,-1.5340017582319732,-1.708849910647738,-0.1748481524157648,ARG
Random Forest,aprendizaje,2016Q3,1,-1.5340017582319732,-2.7440346214078395,-1.2100328631758663,ARG
LSTM(16),red neuronal,2016Q3,1,-1.5340017582319732,-2.7677160525692717,-1.2337142943372985,ARG
Comb. RF/AR(1) suave,combinacion,2016Q3,1,-1.5340017582319732,-2.4449327280784368,-0.9109309698464636,ARG
Comb. RF/AR(1) dura,combinacion,2016Q3,1,-1.5340017582319732,-2.4449327280784368,-0.9109309698464636,ARG
Comb. RF/ingenuo suave,combinacion,2016Q3,1,-1.5340017582319732,-2.4449327280784368,-0.9109309698464636,ARG
Comb. LSTM/AR(1) suave,combinacion,2016Q3,1,-1.5340017582319732,-2.802910455065179,-1.268908696833206,ARG
Comb. 50/50 RF-AR(1),combinacion,2016Q3,1,-1.5340017582319732,-2.503097369300272,-0.9690956110682989,ARG
Ingenuo,referencia,2016Q4,1,0.17207023650265274,-1.5340017582319732,-1.706071994734626,ARG
Deriva,referencia,2016Q4,1,0.17207023650265274,-1.7405546169261767,-1.9126248534288295,ARG
AR(1),Box-Jenkins,2016Q4,1,0.17207023650265274,-0.9459386461574216,-1.1180088826600745,ARG
"ARMA(2,2)",Box-Jenkins,2016Q4,1,0.17207023650265274,0.7304843574543438,0.5584141209516911,ARG
"ARIMA(1,1,1)",Box-Jenkins,2016Q4,1,0.17207023650265274,-0.8212524661866983,-0.9933227026893511,ARG
Ridge sobre rezagos,regularizado,2016Q4,1,0.17207023650265274,1.0625578374704165,0.8904876009677638,ARG
Random Forest,aprendizaje,2016Q4,1,0.17207023650265274,-0.3744745897679898,-0.5465448262706425,ARG
LSTM(16),red neuronal,2016Q4,1,0.17207023650265274,1.1076021520656991,0.9355319155630464,ARG
Comb. RF/AR(1) suave,combinacion,2016Q4,1,0.17207023650265274,-0.3452313033064133,-0.517301539809066,ARG
Comb. RF/AR(1) dura,combinacion,2016Q4,1,0.17207023650265274,-0.3452313033064133,-0.517301539809066,ARG
Comb. RF/ingenuo suave,combinacion,2016Q4,1,0.17207023650265274,-0.3452313033064133,-0.517301539809066,ARG
Comb. LSTM/AR(1) suave,combinacion,2016Q4,1,0.17207023650265274,2.2468201437831334,2.0747499072804807,ARG
Comb. 50/50 RF-AR(1),combinacion,2016Q4,1,0.17207023650265274,-0.9459386461574216,-1.1180088826600745,ARG
Ingenuo,referencia,2017Q1,1,2.8901279152798054,0.17207023650265274,-2.7180576787771527,ARG
Deriva,referencia,2017Q1,1,2.8901279152798054,0.005363728921549876,-2.8847641863582556,ARG
AR(1),Box-Jenkins,2017Q1,1,2.8901279152798054,0.5225339793085615,-2.367593935971244,ARG
"ARMA(2,2)",Box-Jenkins,2017Q1,1,2.8901279152798054,1.8076514377571165,-1.082476477522689,ARG
"ARIMA(1,1,1)",Box-Jenkins,2017Q1,1,2.8901279152798054,0.8249704540144818,-2.065157461265324,ARG
Ridge sobre rezagos,regularizado,2017Q1,1,2.8901279152798054,3.0852147512020505,0.19508683592224507,ARG
Random Forest,aprendizaje,2017Q1,1,2.8901279152798054,3.71762495840519,0.8274970431253847,ARG
LSTM(16),red neuronal,2017Q1,1,2.8901279152798054,3.4687373592406434,0.578609443960838,ARG
Comb. RF/AR(1) suave,combinacion,2017Q1,1,2.8901279152798054,2.990601521086222,0.10047360580641662,ARG
Comb. RF/AR(1) dura,combinacion,2017Q1,1,2.8901279152798054,2.990601521086222,0.10047360580641662,ARG
Comb. RF/ingenuo suave,combinacion,2017Q1,1,2.8901279152798054,2.990601521086222,0.10047360580641662,ARG
Comb. LSTM/AR(1) suave,combinacion,2017Q1,1,2.8901279152798054,3.8255962879453023,0.9354683726654969,ARG
Comb. 50/50 RF-AR(1),combinacion,2017Q1,1,2.8901279152798054,0.5225339793085615,-2.367593935971244,ARG
Ingenuo,referencia,2017Q2,1,3.9625951133169357,2.8901279152798054,-1.0724671980371303,ARG
Deriva,referencia,2017Q2,1,3.9625951133169357,2.78229414619581,-1.1803009671211258,ARG
AR(1),Box-Jenkins,2017Q2,1,3.9625951133169357,2.8461131386876035,-1.1164819746293322,ARG
"ARMA(2,2)",Box-Jenkins,2017Q2,1,3.9625951133169357,3.8447489135050885,-0.11784619981184719,ARG
"ARIMA(1,1,1)",Box-Jenkins,2017Q2,1,3.9625951133169357,3.994007044797402,0.03141193148046639,ARG
Ridge sobre rezagos,regularizado,2017Q2,1,3.9625951133169357,3.9989019200819564,0.03630680676502074,ARG
Random Forest,aprendizaje,2017Q2,1,3.9625951133169357,3.390625716521562,-0.5719693967953736,ARG
LSTM(16),red neuronal,2017Q2,1,3.9625951133169357,3.278939221118269,-0.6836558921986668,ARG
Comb. RF/AR(1) suave,combinacion,2017Q2,1,3.9625951133169357,3.3357137945915394,-0.6268813187253963,ARG
Comb. RF/AR(1) dura,combinacion,2017Q2,1,3.9625951133169357,3.3357137945915394,-0.6268813187253963,ARG
Comb. RF/ingenuo suave,combinacion,2017Q2,1,3.9625951133169357,3.3357137945915394,-0.6268813187253963,ARG
Comb. LSTM/AR(1) suave,combinacion,2017Q2,1,3.9625951133169357,4.119315472964109,0.15672035964717335,ARG
Comb. 50/50 RF-AR(1),combinacion,2017Q2,1,3.9625951133169357,2.8461131386876035,-1.1164819746293322,ARG
Ingenuo,referencia,2017Q3,1,4.278150410523884,3.9625951133169357,-0.31555529720694864,ARG
Deriva,referencia,2017Q3,1,4.278150410523884,3.8783673635753626,-0.39978304694852174,ARG
AR(1),Box-Jenkins,2017Q3,1,4.278150410523884,3.7598704316434386,-0.5182799788804457,ARG
"ARMA(2,2)",Box-Jenkins,2017Q3,1,4.278150410523884,5.202826260133094,0.9246758496092093,ARG
"ARIMA(1,1,1)",Box-Jenkins,2017Q3,1,4.278150410523884,4.342142993128899,0.06399258260501473,ARG
Ridge sobre rezagos,regularizado,2017Q3,1,4.278150410523884,4.076836736272005,-0.20131367425187907,ARG
Random Forest,aprendizaje,2017Q3,1,4.278150410523884,2.118515456615759,-2.1596349539081254,ARG
LSTM(16),red neuronal,2017Q3,1,4.278150410523884,1.384642900596975,-2.893507509926909,ARG
Comb. RF/AR(1) suave,combinacion,2017Q3,1,4.278150410523884,2.5263761630723893,-1.751774247451495,ARG
Comb. RF/AR(1) dura,combinacion,2017Q3,1,4.278150410523884,2.5263761630723893,-1.751774247451495,ARG
Comb. RF/ingenuo suave,combinacion,2017Q3,1,4.278150410523884,2.5263761630723893,-1.751774247451495,ARG
Comb. LSTM/AR(1) suave,combinacion,2017Q3,1,4.278150410523884,2.218641463261709,-2.0595089472621755,ARG
Comb. 50/50 RF-AR(1),combinacion,2017Q3,1,4.278150410523884,3.7598704316434386,-0.5182799788804457,ARG
Ingenuo,referencia,2017Q4,1,2.7055209126837454,4.278150410523884,1.572629497840139,ARG
Deriva,referencia,2017Q4,1,2.7055209126837454,4.201761544055811,1.496240631372066,ARG
AR(1),Box-Jenkins,2017Q4,1,2.7055209126837454,4.032533868993054,1.327012956309309,ARG
"ARMA(2,2)",Box-Jenkins,2017Q4,1,2.7055209126837454,4.2126403320856145,1.507119419401869,ARG
"ARIMA(1,1,1)",Box-Jenkins,2017Q4,1,2.7055209126837454,4.385935655542484,1.6804147428587388,ARG
Ridge sobre rezagos,regularizado,2017Q4,1,2.7055209126837454,3.6601243106976824,0.954603398013937,ARG
Random Forest,aprendizaje,2017Q4,1,2.7055209126837454,0.9677437115857805,-1.7377772010979649,ARG
LSTM(16),red neuronal,2017Q4,1,2.7055209126837454,1.1492634425844401,-1.5562574700993053,ARG
Comb. RF/AR(1) suave,combinacion,2017Q4,1,2.7055209126837454,1.3378430827420227,-1.3676778299417227,ARG
Comb. RF/AR(1) dura,combinacion,2017Q4,1,2.7055209126837454,1.3378430827420227,-1.3676778299417227,ARG
Comb. RF/ingenuo suave,combinacion,2017Q4,1,2.7055209126837454,1.3378430827420227,-1.3676778299417227,ARG
Comb. LSTM/AR(1) suave,combinacion,2017Q4,1,2.7055209126837454,3.873786359308589,1.1682654466248437,ARG
Comb. 50/50 RF-AR(1),combinacion,2017Q4,1,2.7055209126837454,4.032533868993054,1.327012956309309,ARG
Ingenuo,referencia,2018Q1,1,-2.5203683768823315,2.7055209126837454,5.2258892895660765,ARG
Deriva,referencia,2018Q1,1,-2.5203683768823315,2.600358187920056,5.120726564802387,ARG
AR(1),Box-Jenkins,2018Q1,1,-2.5203683768823315,2.7001509767502605,5.220519353632592,ARG
"ARMA(2,2)",Box-Jenkins,2018Q1,1,-2.5203683768823315,1.3965743419921686,3.9169427188745,ARG
"ARIMA(1,1,1)",Box-Jenkins,2018Q1,1,-2.5203683768823315,2.0341048086711466,4.554473185553478,ARG
Ridge sobre rezagos,regularizado,2018Q1,1,-2.5203683768823315,1.778834956683038,4.299203333565369,ARG
Random Forest,aprendizaje,2018Q1,1,-2.5203683768823315,-1.5287395253611142,0.9916288515212173,ARG
LSTM(16),red neuronal,2018Q1,1,-2.5203683768823315,2.5715423584902593,5.091910735372591,ARG
Comb. RF/AR(1) suave,combinacion,2018Q1,1,-2.5203683768823315,-0.7187469298532929,1.8016214470290386,ARG
Comb. RF/AR(1) dura,combinacion,2018Q1,1,-2.5203683768823315,-0.7187469298532929,1.8016214470290386,ARG
Comb. RF/ingenuo suave,combinacion,2018Q1,1,-2.5203683768823315,-0.7187469298532929,1.8016214470290386,ARG
Comb. LSTM/AR(1) suave,combinacion,2018Q1,1,-2.5203683768823315,2.082563003678703,4.602931380561035,ARG
Comb. 50/50 RF-AR(1),combinacion,2018Q1,1,-2.5203683768823315,2.7001509767502605,5.220519353632592,ARG
Ingenuo,referencia,2018Q2,1,-4.054359392395924,-2.5203683768823315,1.533991015513592,ARG
Deriva,referencia,2018Q2,1,-4.054359392395924,-2.7221485840007826,1.332210808395141,ARG
AR(1),Box-Jenkins,2018Q2,1,-4.054359392395924,-1.750122679669796,2.3042367127261274,ARG
"ARMA(2,2)",Box-Jenkins,2018Q2,1,-4.054359392395924,-4.174432318717368,-0.12007292632144484,ARG
"ARIMA(1,1,1)",Box-Jenkins,2018Q2,1,-4.054359392395924,-4.761070905694606,-0.7067115132986821,ARG
Ridge sobre rezagos,regularizado,2018Q2,1,-4.054359392395924,-3.4926139992234067,0.5617453931725169,ARG
Random Forest,aprendizaje,2018Q2,1,-4.054359392395924,-2.98358273905817,1.0707766533377536,ARG
LSTM(16),red neuronal,2018Q2,1,-4.054359392395924,-5.465839797743712,-1.4114804053477883,ARG
Comb. RF/AR(1) suave,combinacion,2018Q2,1,-4.054359392395924,-3.176757012510942,0.8776023798849817,ARG
Comb. RF/AR(1) dura,combinacion,2018Q2,1,-4.054359392395924,-3.176757012510942,0.8776023798849817,ARG
Comb. RF/ingenuo suave,combinacion,2018Q2,1,-4.054359392395924,-3.176757012510942,0.8776023798849817,ARG
Comb. LSTM/AR(1) suave,combinacion,2018Q2,1,-4.054359392395924,-4.055598608450602,-0.0012392160546781383,ARG
Comb. 50/50 RF-AR(1),combinacion,2018Q2,1,-4.054359392395924,-1.750122679669796,2.3042367127261274,ARG
Ingenuo,referencia,2018Q3,1,-6.4424515010295895,-4.054359392395924,2.388092108633666,ARG
Deriva,referencia,2018Q3,1,-6.4424515010295895,-4.280810170040211,2.1616413309893785,ARG
AR(1),Box-Jenkins,2018Q3,1,-6.4424515010295895,-3.1332286259535636,3.309222875076026,ARG
"ARMA(2,2)",Box-Jenkins,2018Q3,1,-6.4424515010295895,-5.9892550750170415,0.45319642601254806,ARG
"ARIMA(1,1,1)",Box-Jenkins,2018Q3,1,-6.4424515010295895,-4.522744834815018,1.9197066662145712,ARG
Ridge sobre rezagos,regularizado,2018Q3,1,-6.4424515010295895,-4.117945029947387,2.324506471082202,ARG
Random Forest,aprendizaje,2018Q3,1,-6.4424515010295895,-2.7959977711124657,3.646453729917124,ARG
LSTM(16),red neuronal,2018Q3,1,-6.4424515010295895,-5.930995792029585,0.5114557090000043,ARG
Comb. RF/AR(1) suave,combinacion,2018Q3,1,-6.4424515010295895,-2.905998135791003,3.5364533652385863,ARG
Comb. RF/AR(1) dura,combinacion,2018Q3,1,-6.4424515010295895,-2.905998135791003,3.5364533652385863,ARG
Comb. RF/ingenuo suave,combinacion,2018Q3,1,-6.4424515010295895,-2.905998135791003,3.5364533652385863,ARG
Comb. LSTM/AR(1) suave,combinacion,2018Q3,1,-6.4424515010295895,-3.5343134999345,2.9081380010950895,ARG
Comb. 50/50 RF-AR(1),combinacion,2018Q3,1,-6.4424515010295895,-3.1332286259535636,3.309222875076026,ARG
Ingenuo,referencia,2018Q4,1,-5.599458523003776,-6.4424515010295895,-0.8429929780258139,ARG
Deriva,referencia,2018Q4,1,-5.599458523003776,-6.708204848328229,-1.1087463253244536,ARG
AR(1),Box-Jenkins,2018Q4,1,-5.599458523003776,-5.346337403891005,0.25312111911277047,ARG
"ARMA(2,2)",Box-Jenkins,2018Q4,1,-5.599458523003776,-4.162563588427448,1.436894934576328,ARG
"ARIMA(1,1,1)",Box-Jenkins,2018Q4,1,-5.599458523003776,-7.44813508498651,-1.8486765619827343,ARG
Ridge sobre rezagos,regularizado,2018Q4,1,-5.599458523003776,-5.146648536630238,0.45280998637353775,ARG
Random Forest,aprendizaje,2018Q4,1,-5.599458523003776,-4.32020763381691,1.2792508891868657,ARG
LSTM(16),red neuronal,2018Q4,1,-5.599458523003776,-4.189441927182463,1.410016595821313,ARG
Comb. RF/AR(1) suave,combinacion,2018Q4,1,-5.599458523003776,-3.1369825694655176,2.462475953538258,ARG
Comb. RF/AR(1) dura,combinacion,2018Q4,1,-5.599458523003776,-3.1369825694655176,2.462475953538258,ARG
Comb. RF/ingenuo suave,combinacion,2018Q4,1,-5.599458523003776,-3.1369825694655176,2.462475953538258,ARG
Comb. LSTM/AR(1) suave,combinacion,2018Q4,1,-5.599458523003776,-4.548255229770026,1.0512032932337494,ARG
Comb. 50/50 RF-AR(1),combinacion,2018Q4,1,-5.599458523003776,-5.346337403891005,0.25312111911277047,ARG
Ingenuo,referencia,2019Q1,1,-0.9301960588073976,-5.599458523003776,-4.669262464196378,ARG
Deriva,referencia,2019Q1,1,-0.9301960588073976,-5.845412828778764,-4.915216769971367,ARG
AR(1),Box-Jenkins,2019Q1,1,-0.9301960588073976,-4.641092069185086,-3.710896010377688,ARG
"ARMA(2,2)",Box-Jenkins,2019Q1,1,-0.9301960588073976,-2.369732244879679,-1.4395361860722815,ARG
"ARIMA(1,1,1)",Box-Jenkins,2019Q1,1,-0.9301960588073976,-5.192873206817994,-4.262677148010597,ARG
Ridge sobre rezagos,regularizado,2019Q1,1,-0.9301960588073976,-2.3984701546375535,-1.468274095830156,ARG
Random Forest,aprendizaje,2019Q1,1,-0.9301960588073976,0.5068361829810493,1.437032241788447,ARG
LSTM(16),red neuronal,2019Q1,1,-0.9301960588073976,-1.3656811267058946,-0.43548506789849695,ARG
Comb. RF/AR(1) suave,combinacion,2019Q1,1,-0.9301960588073976,0.4886083898880186,1.418804448695416,ARG
Comb. RF/AR(1) dura,combinacion,2019Q1,1,-0.9301960588073976,0.4886083898880186,1.418804448695416,ARG
Comb. RF/ingenuo suave,combinacion,2019Q1,1,-0.9301960588073976,0.4886083898880186,1.418804448695416,ARG
Comb. LSTM/AR(1) suave,combinacion,2019Q1,1,-0.9301960588073976,-1.2056602024876453,-0.27546414368024763,ARG
Comb. 50/50 RF-AR(1),combinacion,2019Q1,1,-0.9301960588073976,-4.641092069185086,-3.710896010377688,ARG
Ingenuo,referencia,2019Q2,1,-0.7287903255236761,-0.9301960588073976,-0.20140573328372158,ARG
Deriva,referencia,2019Q2,1,-0.7287903255236761,-1.089918491424994,-0.3611281659013179,ARG
AR(1),Box-Jenkins,2019Q2,1,-0.7287903255236761,-0.5041551228952487,0.2246352026284274,ARG
"ARMA(2,2)",Box-Jenkins,2019Q2,1,-0.7287903255236761,1.3458295414329788,2.074619866956655,ARG
"ARIMA(1,1,1)",Box-Jenkins,2019Q2,1,-0.7287903255236761,1.073113485147072,1.8019038106707481,ARG
Ridge sobre rezagos,regularizado,2019Q2,1,-0.7287903255236761,2.0071646252930853,2.7359549508167613,ARG
Random Forest,aprendizaje,2019Q2,1,-0.7287903255236761,2.821202602919033,3.549992928442709,ARG
LSTM(16),red neuronal,2019Q2,1,-0.7287903255236761,2.7597449486124566,3.4885352741361326,ARG
Comb. RF/AR(1) suave,combinacion,2019Q2,1,-0.7287903255236761,2.435061929301875,3.163852254825551,ARG
Comb. RF/AR(1) dura,combinacion,2019Q2,1,-0.7287903255236761,2.435061929301875,3.163852254825551,ARG
Comb. RF/ingenuo suave,combinacion,2019Q2,1,-0.7287903255236761,2.435061929301875,3.163852254825551,ARG
Comb. LSTM/AR(1) suave,combinacion,2019Q2,1,-0.7287903255236761,4.263713201920202,4.992503527443878,ARG
Comb. 50/50 RF-AR(1),combinacion,2019Q2,1,-0.7287903255236761,-0.5041551228952487,0.2246352026284274,ARG
Ingenuo,referencia,2019Q3,1,-0.5588148584051988,-0.7287903255236761,-0.16997546711847722,ARG
Deriva,referencia,2019Q3,1,-0.5588148584051988,-0.8822864104533186,-0.3234715520481197,ARG
AR(1),Box-Jenkins,2019Q3,1,-0.5588148584051988,-0.34048106265785905,0.2183337957473398,ARG
"ARMA(2,2)",Box-Jenkins,2019Q3,1,-0.5588148584051988,2.174080060782098,2.732894919187297,ARG
"ARIMA(1,1,1)",Box-Jenkins,2019Q3,1,-0.5588148584051988,-0.832998134277833,-0.27418327587263414,ARG
Ridge sobre rezagos,regularizado,2019Q3,1,-0.5588148584051988,1.8275772041942713,2.3863920625994703,ARG
Random Forest,aprendizaje,2019Q3,1,-0.5588148584051988,1.4312952979469906,1.9901101563521895,ARG
LSTM(16),red neuronal,2019Q3,1,-0.5588148584051988,2.387319638789603,2.946134497194802,ARG
Comb. RF/AR(1) suave,combinacion,2019Q3,1,-0.5588148584051988,1.3010752747277843,1.8598901331329831,ARG
Comb. RF/AR(1) dura,combinacion,2019Q3,1,-0.5588148584051988,1.3010752747277843,1.8598901331329831,ARG
Comb. RF/ingenuo suave,combinacion,2019Q3,1,-0.5588148584051988,1.3010752747277843,1.8598901331329831,ARG
Comb. LSTM/AR(1) suave,combinacion,2019Q3,1,-0.5588148584051988,2.7070985849600344,3.2659134433652333,ARG
Comb. 50/50 RF-AR(1),combinacion,2019Q3,1,-0.5588148584051988,-0.34048106265785905,0.2183337957473398,ARG
Ingenuo,referencia,2019Q4,1,-5.292535872793036,-0.5588148584051988,4.733721014387838,ARG
Deriva,referencia,2019Q4,1,-5.292535872793036,-0.7068283746560597,4.585707498136976,ARG
AR(1),Box-Jenkins,2019Q4,1,-5.292535872793036,-0.2026885462486694,5.0898473265443664,ARG
"ARMA(2,2)",Box-Jenkins,2019Q4,1,-5.292535872793036,-0.8977712649384171,4.3947646078546185,ARG
"ARIMA(1,1,1)",Box-Jenkins,2019Q4,1,-5.292535872793036,-0.4788484597673988,4.8136874130256375,ARG
Ridge sobre rezagos,regularizado,2019Q4,1,-5.292535872793036,-0.23402031378596733,5.058515559007069,ARG
Random Forest,aprendizaje,2019Q4,1,-5.292535872793036,0.6142419901670796,5.906777862960116,ARG
LSTM(16),red neuronal,2019Q4,1,-5.292535872793036,-0.3988310498646639,4.893704822928372,ARG
Comb. RF/AR(1) suave,combinacion,2019Q4,1,-5.292535872793036,0.6682879298795286,5.960823802672564,ARG
Comb. RF/AR(1) dura,combinacion,2019Q4,1,-5.292535872793036,0.6682879298795286,5.960823802672564,ARG
Comb. RF/ingenuo suave,combinacion,2019Q4,1,-5.292535872793036,0.6682879298795286,5.960823802672564,ARG
Comb. LSTM/AR(1) suave,combinacion,2019Q4,1,-5.292535872793036,-1.5114817365572244,3.7810541362358117,ARG
Comb. 50/50 RF-AR(1),combinacion,2019Q4,1,-5.292535872793036,-0.2026885462486694,5.0898473265443664,ARG
Ingenuo,referencia,2020Q1,1,-19.1233362951126,-5.292535872793036,13.830800422319566,ARG
Deriva,referencia,2020Q1,1,-19.1233362951126,-5.51697784734618,13.606358447766421,ARG
AR(1),Box-Jenkins,2020Q1,1,-19.1233362951126,-4.338388323271399,14.784947971841202,ARG
"ARMA(2,2)",Box-Jenkins,2020Q1,1,-19.1233362951126,-7.331328194782565,11.792008100330037,ARG
"ARIMA(1,1,1)",Box-Jenkins,2020Q1,1,-19.1233362951126,-7.275386391467606,11.847949903644995,ARG
Ridge sobre rezagos,regularizado,2020Q1,1,-19.1233362951126,-7.030352125989755,12.092984169122847,ARG
Random Forest,aprendizaje,2020Q1,1,-19.1233362951126,-3.239236006972215,15.884100288140386,ARG
LSTM(16),red neuronal,2020Q1,1,-19.1233362951126,-6.832079562439651,12.29125673267295,ARG
Comb. RF/AR(1) suave,combinacion,2020Q1,1,-19.1233362951126,-3.108244279964171,16.01509201514843,ARG
Comb. RF/AR(1) dura,combinacion,2020Q1,1,-19.1233362951126,-3.108244279964171,16.01509201514843,ARG
Comb. RF/ingenuo suave,combinacion,2020Q1,1,-19.1233362951126,-3.108244279964171,16.01509201514843,ARG
Comb. LSTM/AR(1) suave,combinacion,2020Q1,1,-19.1233362951126,-6.459813704709246,12.663522590403355,ARG
Comb. 50/50 RF-AR(1),combinacion,2020Q1,1,-19.1233362951126,-4.338388323271399,14.784947971841202,ARG
Ingenuo,referencia,2020Q2,1,-10.408817729660935,-19.1233362951126,-8.714518565451666,ARG
Deriva,referencia,2020Q2,1,-10.408817729660935,-19.570833326186506,-9.16201559652557,ARG
AR(1),Box-Jenkins,2020Q2,1,-10.408817729660935,-17.697790576794013,-7.288972847133078,ARG
"ARMA(2,2)",Box-Jenkins,2020Q2,1,-10.408817729660935,-24.3582224601032,-13.949404730442264,ARG
"ARIMA(1,1,1)",Box-Jenkins,2020Q2,1,-10.408817729660935,-26.16226028749811,-15.753442557837175,ARG
Ridge sobre rezagos,regularizado,2020Q2,1,-10.408817729660935,-23.374855573685917,-12.966037844024981,ARG
Random Forest,aprendizaje,2020Q2,1,-10.408817729660935,-11.450554187494136,-1.041736457833201,ARG
LSTM(16),red neuronal,2020Q2,1,-10.408817729660935,-11.899207213376293,-1.490389483715358,ARG
Comb. RF/AR(1) suave,combinacion,2020Q2,1,-10.408817729660935,-17.07849063243421,-6.669672902773275,ARG
Comb. RF/AR(1) dura,combinacion,2020Q2,1,-10.408817729660935,-17.697790576794013,-7.288972847133078,ARG
Comb. RF/ingenuo suave,combinacion,2020Q2,1,-10.408817729660935,-18.372908595255325,-7.96409086559439,ARG
Comb. LSTM/AR(1) suave,combinacion,2020Q2,1,-10.408817729660935,-17.195655124711237,-6.786837395050302,ARG
Comb. 50/50 RF-AR(1),combinacion,2020Q2,1,-10.408817729660935,-17.697790576794013,-7.288972847133078,ARG
Ingenuo,referencia,2020Q3,1,-4.675271119477786,-10.408817729660935,-5.733546610183149,ARG
Deriva,referencia,2020Q3,1,-4.675271119477786,-10.70854031562959,-6.033269196151803,ARG
AR(1),Box-Jenkins,2020Q3,1,-4.675271119477786,-8.769208158828901,-4.093937039351115,ARG
"ARMA(2,2)",Box-Jenkins,2020Q3,1,-4.675271119477786,-14.693409984057457,-10.01813886457967,ARG
"ARIMA(1,1,1)",Box-Jenkins,2020Q3,1,-4.675271119477786,-2.714614125249657,1.9606569942281293,ARG
Ridge sobre rezagos,regularizado,2020Q3,1,-4.675271119477786,-8.54686165827307,-3.8715905387952834,ARG
Random Forest,aprendizaje,2020Q3,1,-4.675271119477786,-6.770998016662298,-2.0957268971845116,ARG
LSTM(16),red neuronal,2020Q3,1,-4.675271119477786,-4.298122498596234,0.37714862088155243,ARG
Comb. RF/AR(1) suave,combinacion,2020Q3,1,-4.675271119477786,-8.753138035862758,-4.077866916384972,ARG
Comb. RF/AR(1) dura,combinacion,2020Q3,1,-4.675271119477786,-8.769208158828901,-4.093937039351115,ARG
Comb. RF/ingenuo suave,combinacion,2020Q3,1,-4.675271119477786,-10.378693190169665,-5.703422070691879,ARG
Comb. LSTM/AR(1) suave,combinacion,2020Q3,1,-4.675271119477786,-8.743782284000135,-4.068511164522349,ARG
Comb. 50/50 RF-AR(1),combinacion,2020Q3,1,-4.675271119477786,-8.769208158828901,-4.093937039351115,ARG
Ingenuo,referencia,2020Q4,1,3.1658836989722383,-4.675271119477786,-7.841154818450025,ARG
Deriva,referencia,2020Q4,1,3.1658836989722383,-4.8792275277297446,-8.045111226701984,ARG
AR(1),Box-Jenkins,2020Q4,1,3.1658836989722383,-3.7246087524404565,-6.890492451412695,ARG
"ARMA(2,2)",Box-Jenkins,2020Q4,1,3.1658836989722383,8.087300530370015,4.921416831397777,ARG
"ARIMA(1,1,1)",Box-Jenkins,2020Q4,1,3.1658836989722383,-8.455147857391895,-11.621031556364134,ARG
Ridge sobre rezagos,regularizado,2020Q4,1,3.1658836989722383,1.1243949008431242,-2.041488798129114,ARG
Random Forest,aprendizaje,2020Q4,1,3.1658836989722383,-2.9147937054151125,-6.080677404387351,ARG
LSTM(16),red neuronal,2020Q4,1,3.1658836989722383,4.71295185190689,1.547068152934652,ARG
Comb. RF/AR(1) suave,combinacion,2020Q4,1,3.1658836989722383,-3.6822277728396196,-6.848111471811858,ARG
Comb. RF/AR(1) dura,combinacion,2020Q4,1,3.1658836989722383,-3.7246087524404565,-6.890492451412695,ARG
Comb. RF/ingenuo suave,combinacion,2020Q4,1,3.1658836989722383,-4.576838639214009,-7.7427223381862476,ARG
Comb. LSTM/AR(1) suave,combinacion,2020Q4,1,3.1658836989722383,-3.1546254811934404,-6.320509180165679,ARG
Comb. 50/50 RF-AR(1),combinacion,2020Q4,1,3.1658836989722383,-3.7246087524404565,-6.890492451412695,ARG
Ingenuo,referencia,2021Q1,1,20.487001696202345,3.1658836989722383,-17.321117997230107,ARG
Deriva,referencia,2021Q1,1,20.487001696202345,3.0876321536374984,-17.39936954256485,ARG
AR(1),Box-Jenkins,2021Q1,1,20.487001696202345,2.8175936061252407,-17.669408090077106,ARG
"ARMA(2,2)",Box-Jenkins,2021Q1,1,20.487001696202345,10.132398280980446,-10.354603415221899,ARG
"ARIMA(1,1,1)",Box-Jenkins,2021Q1,1,20.487001696202345,5.407578079889344,-15.079423616313,ARG
Ridge sobre rezagos,regularizado,2021Q1,1,20.487001696202345,12.60446873051443,-7.882532965687915,ARG
Random Forest,aprendizaje,2021Q1,1,20.487001696202345,3.3522863639612823,-17.13471533224106,ARG
LSTM(16),red neuronal,2021Q1,1,20.487001696202345,9.707269448564297,-10.779732247638048,ARG
Comb. RF/AR(1) suave,combinacion,2021Q1,1,20.487001696202345,3.0248362812914227,-17.46216541491092,ARG
Comb. RF/AR(1) dura,combinacion,2021Q1,1,20.487001696202345,2.8175936061252407,-17.669408090077106,ARG
Comb. RF/ingenuo suave,combinacion,2021Q1,1,20.487001696202345,3.3149624031971694,-17.172039293005177,ARG
Comb. LSTM/AR(1) suave,combinacion,2021Q1,1,20.487001696202345,4.039057831842646,-16.4479438643597,ARG
Comb. 50/50 RF-AR(1),combinacion,2021Q1,1,20.487001696202345,2.8175936061252407,-17.669408090077106,ARG
Ingenuo,referencia,2021Q2,1,11.09239710591865,20.487001696202345,9.394604590283695,ARG
Deriva,referencia,2021Q2,1,11.09239710591865,20.676432759214755,9.584035653296105,ARG
AR(1),Box-Jenkins,2021Q2,1,11.09239710591865,17.229229174552813,6.136832068634163,ARG
"ARMA(2,2)",Box-Jenkins,2021Q2,1,11.09239710591865,19.82404865825001,8.73165155233136,ARG
"ARIMA(1,1,1)",Box-Jenkins,2021Q2,1,11.09239710591865,27.886303977680242,16.793906871761592,ARG
Ridge sobre rezagos,regularizado,2021Q2,1,11.09239710591865,17.237403972609172,6.145006866690522,ARG
Random Forest,aprendizaje,2021Q2,1,11.09239710591865,10.951965449335445,-0.1404316565832051,ARG
LSTM(16),red neuronal,2021Q2,1,11.09239710591865,14.939652054024746,3.8472549481060963,ARG
Comb. RF/AR(1) suave,combinacion,2021Q2,1,11.09239710591865,17.229229174552813,6.136832068634163,ARG
Comb. RF/AR(1) dura,combinacion,2021Q2,1,11.09239710591865,17.229229174552813,6.136832068634163,ARG
Comb. RF/ingenuo suave,combinacion,2021Q2,1,11.09239710591865,20.487001696202345,9.394604590283695,ARG
Comb. LSTM/AR(1) suave,combinacion,2021Q2,1,11.09239710591865,17.229229174552813,6.136832068634163,ARG
Comb. 50/50 RF-AR(1),combinacion,2021Q2,1,11.09239710591865,17.229229174552813,6.136832068634163,ARG
Ingenuo,referencia,2021Q3,1,8.466908428780485,11.09239710591865,2.625488677138165,ARG
Deriva,referencia,2021Q3,1,8.466908428780485,11.136615507517485,2.669707078737,ARG
AR(1),Box-Jenkins,2021Q3,1,8.466908428780485,9.110962966214453,0.6440545374339681,ARG
"ARMA(2,2)",Box-Jenkins,2021Q3,1,8.466908428780485,6.981154949874844,-1.4857534789056412,ARG
"ARIMA(1,1,1)",Box-Jenkins,2021Q3,1,8.466908428780485,7.398703072273785,-1.0682053565066996,ARG
Ridge sobre rezagos,regularizado,2021Q3,1,8.466908428780485,6.575674749380881,-1.8912336793996039,ARG
Random Forest,aprendizaje,2021Q3,1,8.466908428780485,9.723994837284438,1.2570864085039535,ARG
LSTM(16),red neuronal,2021Q3,1,8.466908428780485,12.978810536334372,4.511902107553887,ARG
Comb. RF/AR(1) suave,combinacion,2021Q3,1,8.466908428780485,9.110962966214453,0.6440545374339681,ARG
Comb. RF/AR(1) dura,combinacion,2021Q3,1,8.466908428780485,9.110962966214453,0.6440545374339681,ARG
Comb. RF/ingenuo suave,combinacion,2021Q3,1,8.466908428780485,11.09239710591865,2.625488677138165,ARG
Comb. LSTM/AR(1) suave,combinacion,2021Q3,1,8.466908428780485,9.110962966214453,0.6440545374339681,ARG
Comb. 50/50 RF-AR(1),combinacion,2021Q3,1,8.466908428780485,9.110962966214453,0.6440545374339681,ARG
Ingenuo,referencia,2021Q4,1,7.381545898914665,8.466908428780485,1.0853625298658196,ARG
Deriva,referencia,2021Q4,1,7.381545898914665,8.471280456069811,1.089734557155146,ARG
AR(1),Box-Jenkins,2021Q4,1,7.381545898914665,7.053601647350444,-0.32794425156422147,ARG
"ARMA(2,2)",Box-Jenkins,2021Q4,1,7.381545898914665,0.9033368494560126,-6.478209049458653,ARG
"ARIMA(1,1,1)",Box-Jenkins,2021Q4,1,7.381545898914665,10.85254340856775,3.470997509653084,ARG
Ridge sobre rezagos,regularizado,2021Q4,1,7.381545898914665,2.278549789320118,-5.102996109594548,ARG
Random Forest,aprendizaje,2021Q4,1,7.381545898914665,9.02208244158403,1.6405365426693654,ARG
LSTM(16),red neuronal,2021Q4,1,7.381545898914665,9.405137992612271,2.023592093697606,ARG
Comb. RF/AR(1) suave,combinacion,2021Q4,1,7.381545898914665,7.200114890223547,-0.18143100869111883,ARG
Comb. RF/AR(1) dura,combinacion,2021Q4,1,7.381545898914665,7.053601647350444,-0.32794425156422147,ARG
Comb. RF/ingenuo suave,combinacion,2021Q4,1,7.381545898914665,8.390046940328629,1.0085010414139637,ARG
Comb. LSTM/AR(1) suave,combinacion,2021Q4,1,7.381545898914665,7.459235524774792,0.07768962586012673,ARG
Comb. 50/50 RF-AR(1),combinacion,2021Q4,1,7.381545898914665,7.053601647350444,-0.32794425156422147,ARG
Ingenuo,referencia,2022Q1,1,9.09349012604126,7.381545898914665,-1.7119442271265948,ARG
Deriva,referencia,2022Q1,1,9.09349012604126,7.369892418010534,-1.7235977080307263,ARG
AR(1),Box-Jenkins,2022Q1,1,9.09349012604126,6.222691840697687,-2.8707982853435734,ARG
"ARMA(2,2)",Box-Jenkins,2022Q1,1,9.09349012604126,4.356032334363455,-4.737457791677805,ARG
"ARIMA(1,1,1)",Box-Jenkins,2022Q1,1,9.09349012604126,4.616392197381636,-4.477097928659624,ARG
Ridge sobre rezagos,regularizado,2022Q1,1,9.09349012604126,-5.258083290480334,-14.351573416521594,ARG
Random Forest,aprendizaje,2022Q1,1,9.09349012604126,5.816817028214566,-3.276673097826694,ARG
LSTM(16),red neuronal,2022Q1,1,9.09349012604126,6.443451899117783,-2.650038226923477,ARG
Comb. RF/AR(1) suave,combinacion,2022Q1,1,9.09349012604126,6.222691840697687,-2.8707982853435734,ARG
Comb. RF/AR(1) dura,combinacion,2022Q1,1,9.09349012604126,6.222691840697687,-2.8707982853435734,ARG
Comb. RF/ingenuo suave,combinacion,2022Q1,1,9.09349012604126,7.381545898914665,-1.7119442271265948,ARG
Comb. LSTM/AR(1) suave,combinacion,2022Q1,1,9.09349012604126,6.222691840697687,-2.8707982853435734,ARG
Comb. 50/50 RF-AR(1),combinacion,2022Q1,1,9.09349012604126,6.222691840697687,-2.8707982853435734,ARG
Ingenuo,referencia,2022Q2,1,6.118723622086764,9.09349012604126,2.9747665039544966,ARG
Deriva,referencia,2022Q2,1,6.118723622086764,9.10681632206511,2.9880926999783473,ARG
AR(1),Box-Jenkins,2022Q2,1,6.118723622086764,7.621953728063572,1.503230105976808,ARG
"ARMA(2,2)",Box-Jenkins,2022Q2,1,6.118723622086764,11.95608885846809,5.837365236381327,ARG
"ARIMA(1,1,1)",Box-Jenkins,2022Q2,1,6.118723622086764,12.427377124540236,6.308653502453472,ARG
Ridge sobre rezagos,regularizado,2022Q2,1,6.118723622086764,18.31624586731871,12.197522245231946,ARG
Random Forest,aprendizaje,2022Q2,1,6.118723622086764,7.576821715283663,1.4580980931968996,ARG
LSTM(16),red neuronal,2022Q2,1,6.118723622086764,6.840750325404948,0.7220267033181846,ARG
Comb. RF/AR(1) suave,combinacion,2022Q2,1,6.118723622086764,7.621953728063572,1.503230105976808,ARG
Comb. RF/AR(1) dura,combinacion,2022Q2,1,6.118723622086764,7.621953728063572,1.503230105976808,ARG
Comb. RF/ingenuo suave,combinacion,2022Q2,1,6.118723622086764,9.09349012604126,2.9747665039544966,ARG
Comb. LSTM/AR(1) suave,combinacion,2022Q2,1,6.118723622086764,7.621953728063572,1.503230105976808,ARG
Comb. 50/50 RF-AR(1),combinacion,2022Q2,1,6.118723622086764,7.621953728063572,1.503230105976808,ARG
Ingenuo,referencia,2022Q3,1,1.6890270420085285,6.118723622086764,4.429696580078235,ARG
Deriva,referencia,2022Q3,1,1.6890270420085285,6.089362779539495,4.400335737530966,ARG
AR(1),Box-Jenkins,2022Q3,1,1.6890270420085285,5.271591394523145,3.5825643525146162,ARG
"ARMA(2,2)",Box-Jenkins,2022Q3,1,1.6890270420085285,7.678535809690571,5.989508767682042,ARG
"ARIMA(1,1,1)",Box-Jenkins,2022Q3,1,1.6890270420085285,1.9163403057081743,0.22731326369964577,ARG
Ridge sobre rezagos,regularizado,2022Q3,1,1.6890270420085285,7.2628347359534695,5.573807693944941,ARG
Random Forest,aprendizaje,2022Q3,1,1.6890270420085285,5.11322336923964,3.424196327231112,ARG
LSTM(16),red neuronal,2022Q3,1,1.6890270420085285,5.021775636920093,3.332748594911565,ARG
Comb. RF/AR(1) suave,combinacion,2022Q3,1,1.6890270420085285,5.271591394523145,3.5825643525146162,ARG
Comb. RF/AR(1) dura,combinacion,2022Q3,1,1.6890270420085285,5.271591394523145,3.5825643525146162,ARG
Comb. RF/ingenuo suave,combinacion,2022Q3,1,1.6890270420085285,6.118723622086764,4.429696580078235,ARG
Comb. LSTM/AR(1) suave,combinacion,2022Q3,1,1.6890270420085285,5.271591394523145,3.5825643525146162,ARG
Comb. 50/50 RF-AR(1),combinacion,2022Q3,1,1.6890270420085285,5.271591394523145,3.5825643525146162,ARG
Ingenuo,referencia,2022Q4,1,0.14581085415998896,1.6890270420085285,1.5432161878485395,ARG
Deriva,referencia,2022Q4,1,0.14581085415998896,1.5976896397777247,1.4518787856177358,ARG
AR(1),Box-Jenkins,2022Q4,1,0.14581085415998896,1.7895928200976834,1.6437819659376944,ARG
"ARMA(2,2)",Box-Jenkins,2022Q4,1,0.14581085415998896,-5.121093863798283,-5.266904717958272,ARG
"ARIMA(1,1,1)",Box-Jenkins,2022Q4,1,0.14581085415998896,4.092633364290117,3.9468225101301284,ARG
Ridge sobre rezagos,regularizado,2022Q4,1,0.14581085415998896,0.3104863605361996,0.16467550637621065,ARG
Random Forest,aprendizaje,2022Q4,1,0.14581085415998896,-1.2976120418520307,-1.4434228960120197,ARG
LSTM(16),red neuronal,2022Q4,1,0.14581085415998896,-2.5617154846858847,-2.7075263388458737,ARG
Comb. RF/AR(1) suave,combinacion,2022Q4,1,0.14581085415998896,1.7895928200976834,1.6437819659376944,ARG
Comb. RF/AR(1) dura,combinacion,2022Q4,1,0.14581085415998896,1.7895928200976834,1.6437819659376944,ARG
Comb. RF/ingenuo suave,combinacion,2022Q4,1,0.14581085415998896,1.6890270420085285,1.5432161878485395,ARG
Comb. LSTM/AR(1) suave,combinacion,2022Q4,1,0.14581085415998896,1.7895928200976834,1.6437819659376944,ARG
Comb. 50/50 RF-AR(1),combinacion,2022Q4,1,0.14581085415998896,1.7895928200976834,1.6437819659376944,ARG
Ingenuo,referencia,2023Q1,1,-4.176875919912659,0.14581085415998896,4.322686774072648,ARG
Deriva,referencia,2023Q1,1,-4.176875919912659,0.03430846879560562,4.211184388708264,ARG
AR(1),Box-Jenkins,2023Q1,1,-4.176875919912659,0.5755717362353492,4.752447656148008,ARG
"ARMA(2,2)",Box-Jenkins,2023Q1,1,-4.176875919912659,-5.146871322169879,-0.9699954022572204,ARG
"ARIMA(1,1,1)",Box-Jenkins,2023Q1,1,-4.176875919912659,-2.7234105185893576,1.4534654013233013,ARG
Ridge sobre rezagos,regularizado,2023Q1,1,-4.176875919912659,-3.2569414337175484,0.9199344861951104,ARG
Random Forest,aprendizaje,2023Q1,1,-4.176875919912659,-2.642736114036443,1.5341398058762157,ARG
LSTM(16),red neuronal,2023Q1,1,-4.176875919912659,-4.328796477736061,-0.1519205578234022,ARG
Comb. RF/AR(1) suave,combinacion,2023Q1,1,-4.176875919912659,0.5103418474089595,4.687217767321618,ARG
Comb. RF/AR(1) dura,combinacion,2023Q1,1,-4.176875919912659,0.5755717362353492,4.752447656148008,ARG
Comb. RF/ingenuo suave,combinacion,2023Q1,1,-4.176875919912659,0.09053737984794004,4.267413299760599,ARG
Comb. LSTM/AR(1) suave,combinacion,2023Q1,1,-4.176875919912659,0.4666444412022033,4.643520361114862,ARG
Comb. 50/50 RF-AR(1),combinacion,2023Q1,1,-4.176875919912659,0.5755717362353492,4.752447656148008,ARG
Ingenuo,referencia,2023Q2,1,-1.4563003835718291,-4.176875919912659,-2.7205755363408297,ARG
Deriva,referencia,2023Q2,1,-1.4563003835718291,-4.3460657626566075,-2.8897653790847784,ARG
AR(1),Box-Jenkins,2023Q2,1,-1.4563003835718291,-2.8497120501431596,-1.3934116665713305,ARG
"ARMA(2,2)",Box-Jenkins,2023Q2,1,-1.4563003835718291,2.1521751274746013,3.6084755110464304,ARG
"ARIMA(1,1,1)",Box-Jenkins,2023Q2,1,-1.4563003835718291,-2.9777775053500433,-1.5214771217782141,ARG
Ridge sobre rezagos,regularizado,2023Q2,1,-1.4563003835718291,-4.023543509345741,-2.5672431257739117,ARG
Random Forest,aprendizaje,2023Q2,1,-1.4563003835718291,-5.7215642558271655,-4.265263872255336,ARG
LSTM(16),red neuronal,2023Q2,1,-1.4563003835718291,-6.10509256523922,-4.648792181667391,ARG
Comb. RF/AR(1) suave,combinacion,2023Q2,1,-1.4563003835718291,-4.393484428408076,-2.937184044836247,ARG
Comb. RF/AR(1) dura,combinacion,2023Q2,1,-1.4563003835718291,-4.393484428408076,-2.937184044836247,ARG
Comb. RF/ingenuo suave,combinacion,2023Q2,1,-1.4563003835718291,-4.393484428408076,-2.937184044836247,ARG
Comb. LSTM/AR(1) suave,combinacion,2023Q2,1,-1.4563003835718291,-6.030709307274844,-4.5744089237030146,ARG
Comb. 50/50 RF-AR(1),combinacion,2023Q2,1,-1.4563003835718291,-2.8497120501431596,-1.3934116665713305,ARG
Ingenuo,referencia,2023Q3,1,-1.8965214467298264,-1.4563003835718291,0.44022106315799725,ARG
Deriva,referencia,2023Q3,1,-1.8965214467298264,-1.5864393428146322,0.3100821039151942,ARG
AR(1),Box-Jenkins,2023Q3,1,-1.8965214467298264,-0.7099650879096251,1.1865563588202013,ARG
"ARMA(2,2)",Box-Jenkins,2023Q3,1,-1.8965214467298264,3.0104823596146906,4.907003806344517,ARG
"ARIMA(1,1,1)",Box-Jenkins,2023Q3,1,-1.8965214467298264,-1.5833937983395574,0.31312764839026896,ARG
Ridge sobre rezagos,regularizado,2023Q3,1,-1.8965214467298264,0.16638057620732227,2.0629020229371484,ARG
Random Forest,aprendizaje,2023Q3,1,-1.8965214467298264,-1.321894424579207,0.5746270221506193,ARG
LSTM(16),red neuronal,2023Q3,1,-1.8965214467298264,0.32140705602489206,2.2179285027547184,ARG
Comb. RF/AR(1) suave,combinacion,2023Q3,1,-1.8965214467298264,-1.1723695667673324,0.724151879962494,ARG
Comb. RF/AR(1) dura,combinacion,2023Q3,1,-1.8965214467298264,-1.1723695667673324,0.724151879962494,ARG
Comb. RF/ingenuo suave,combinacion,2023Q3,1,-1.8965214467298264,-1.1723695667673324,0.724151879962494,ARG
Comb. LSTM/AR(1) suave,combinacion,2023Q3,1,-1.8965214467298264,-0.2639822542438375,1.6325391924859889,ARG
Comb. 50/50 RF-AR(1),combinacion,2023Q3,1,-1.8965214467298264,-0.7099650879096251,1.1865563588202013,ARG
Ingenuo,referencia,2023Q4,1,-4.4415800904689,-1.8965214467298264,2.5450586437390736,ARG
Deriva,referencia,2023Q4,1,-4.4415800904689,-2.030794834024832,2.410785256444068,ARG
AR(1),Box-Jenkins,2023Q4,1,-4.4415800904689,-1.0720157801212205,3.3695643103476796,ARG
"ARMA(2,2)",Box-Jenkins,2023Q4,1,-4.4415800904689,-2.992312485947084,1.449267604521816,ARG
"ARIMA(1,1,1)",Box-Jenkins,2023Q4,1,-4.4415800904689,-1.9435553406744466,2.498024749794453,ARG
Ridge sobre rezagos,regularizado,2023Q4,1,-4.4415800904689,-1.191250114239504,3.250329976229396,ARG
Random Forest,aprendizaje,2023Q4,1,-4.4415800904689,0.46437117591751226,4.905951266386412,ARG
LSTM(16),red neuronal,2023Q4,1,-4.4415800904689,2.3004607076563586,6.742040798125259,ARG
Comb. RF/AR(1) suave,combinacion,2023Q4,1,-4.4415800904689,-0.016352393759584118,4.425227696709316,ARG
Comb. RF/AR(1) dura,combinacion,2023Q4,1,-4.4415800904689,-0.016352393759584118,4.425227696709316,ARG
Comb. RF/ingenuo suave,combinacion,2023Q4,1,-4.4415800904689,-0.016352393759584118,4.425227696709316,ARG
Comb. LSTM/AR(1) suave,combinacion,2023Q4,1,-4.4415800904689,0.1525502844116584,4.594130374880558,ARG
Comb. 50/50 RF-AR(1),combinacion,2023Q4,1,-4.4415800904689,-1.0720157801212205,3.3695643103476796,ARG
Ingenuo,referencia,2024Q1,1,-2.8291802814980893,-4.4415800904689,-1.6123998089708107,ARG
Deriva,referencia,2024Q1,1,-2.8291802814980893,-4.607574336401328,-1.7783940549032384,ARG
AR(1),Box-Jenkins,2024Q1,1,-2.8291802814980893,-3.1164869652491562,-0.28730668375106694,ARG
"ARMA(2,2)",Box-Jenkins,2024Q1,1,-2.8291802814980893,-6.3350379186763375,-3.505857637178248,ARG
"ARIMA(1,1,1)",Box-Jenkins,2024Q1,1,-2.8291802814980893,-5.392285281897608,-2.5631050003995184,ARG
Ridge sobre rezagos,regularizado,2024Q1,1,-2.8291802814980893,-2.331121280749014,0.4980590007490755,ARG
Random Forest,aprendizaje,2024Q1,1,-2.8291802814980893,-0.3678573854366212,2.461322896061468,ARG
LSTM(16),red neuronal,2024Q1,1,-2.8291802814980893,-1.7472732282384351,1.0819070532596542,ARG
Comb. RF/AR(1) suave,combinacion,2024Q1,1,-2.8291802814980893,-0.6742311621629495,2.1549491193351398,ARG
Comb. RF/AR(1) dura,combinacion,2024Q1,1,-2.8291802814980893,-0.6742311621629495,2.1549491193351398,ARG
Comb. RF/ingenuo suave,combinacion,2024Q1,1,-2.8291802814980893,-0.6742311621629495,2.1549491193351398,ARG
Comb. LSTM/AR(1) suave,combinacion,2024Q1,1,-2.8291802814980893,-1.3802646168846646,1.4489156646134247,ARG
Comb. 50/50 RF-AR(1),combinacion,2024Q1,1,-2.8291802814980893,-3.1164869652491562,-0.28730668375106694,ARG
Ingenuo,referencia,2024Q2,1,-1.1550829998603795,-2.8291802814980893,-1.6740972816377098,ARG
Deriva,referencia,2024Q2,1,-1.1550829998603795,-2.9720785007434616,-1.816995500883082,ARG
AR(1),Box-Jenkins,2024Q2,1,-1.1550829998603795,-1.8546320671940217,-0.6995490673336422,ARG
"ARMA(2,2)",Box-Jenkins,2024Q2,1,-1.1550829998603795,-0.6459662338114898,0.5091167660488898,ARG
"ARIMA(1,1,1)",Box-Jenkins,2024Q2,1,-1.1550829998603795,-1.2751676050380514,-0.12008460517767183,ARG
Ridge sobre rezagos,regularizado,2024Q2,1,-1.1550829998603795,-3.1978090776446884,-2.042726077784309,ARG
Random Forest,aprendizaje,2024Q2,1,-1.1550829998603795,-1.3767171023054308,-0.22163410244505122,ARG
LSTM(16),red neuronal,2024Q2,1,-1.1550829998603795,-0.9750497998382675,0.1800332000221121,ARG
Comb. RF/AR(1) suave,combinacion,2024Q2,1,-1.1550829998603795,-1.7242452088122735,-0.569162208951894,ARG
Comb. RF/AR(1) dura,combinacion,2024Q2,1,-1.1550829998603795,-1.7242452088122735,-0.569162208951894,ARG
Comb. RF/ingenuo suave,combinacion,2024Q2,1,-1.1550829998603795,-1.7242452088122735,-0.569162208951894,ARG
Comb. LSTM/AR(1) suave,combinacion,2024Q2,1,-1.1550829998603795,-0.7090859073116906,0.4459970925486889,ARG
Comb. 50/50 RF-AR(1),combinacion,2024Q2,1,-1.1550829998603795,-1.8546320671940217,-0.6995490673336422,ARG
Ingenuo,referencia,2024Q3,1,3.1389476156918006,-1.1550829998603795,-4.29403061555218,ARG
Deriva,referencia,2024Q3,1,3.1389476156918006,-1.2746864049918663,-4.413634020683666,ARG
AR(1),Box-Jenkins,2024Q3,1,3.1389476156918006,-0.5399806457044949,-3.6789282613962957,ARG
"ARMA(2,2)",Box-Jenkins,2024Q3,1,3.1389476156918006,4.740072124221064,1.6011245085292636,ARG
"ARIMA(1,1,1)",Box-Jenkins,2024Q3,1,3.1389476156918006,-2.039832325546847,-5.1787799412386475,ARG
Ridge sobre rezagos,regularizado,2024Q3,1,3.1389476156918006,0.7160611724745327,-2.422886443217268,ARG
Random Forest,aprendizaje,2024Q3,1,3.1389476156918006,-1.6300495504010877,-4.7689971660928885,ARG
LSTM(16),red neuronal,2024Q3,1,3.1389476156918006,0.17103976031538637,-2.9679078553764144,ARG
Comb. RF/AR(1) suave,combinacion,2024Q3,1,3.1389476156918006,-1.9172517242274416,-5.056199339919242,ARG
Comb. RF/AR(1) dura,combinacion,2024Q3,1,3.1389476156918006,-1.9172517242274416,-5.056199339919242,ARG
Comb. RF/ingenuo suave,combinacion,2024Q3,1,3.1389476156918006,-1.9172517242274416,-5.056199339919242,ARG
Comb. LSTM/AR(1) suave,combinacion,2024Q3,1,3.1389476156918006,0.39025793752512405,-2.7486896781666763,ARG
Comb. 50/50 RF-AR(1),combinacion,2024Q3,1,3.1389476156918006,-0.5399806457044949,-3.6789282613962957,ARG
Ingenuo,referencia,2024Q4,1,5.896047280611638,3.1389476156918006,-2.7570996649198376,ARG
Deriva,referencia,2024Q4,1,5.896047280611638,3.075212995632259,-2.8208342849793793,ARG
AR(1),Box-Jenkins,2024Q4,1,5.896047280611638,2.837675375846155,-3.058371904765483,ARG
"ARMA(2,2)",Box-Jenkins,2024Q4,1,5.896047280611638,3.844211681223821,-2.0518355993878172,ARG
"ARIMA(1,1,1)",Box-Jenkins,2024Q4,1,5.896047280611638,5.632812912249353,-0.2632343683622853,ARG
Ridge sobre rezagos,regularizado,2024Q4,1,5.896047280611638,5.302190045322237,-0.5938572352894012,ARG
Random Forest,aprendizaje,2024Q4,1,5.896047280611638,4.41018588836461,-1.4858613922470285,ARG
LSTM(16),red neuronal,2024Q4,1,5.896047280611638,2.6346034414874655,-3.2614438391241727,ARG
Comb. RF/AR(1) suave,combinacion,2024Q4,1,5.896047280611638,3.389711847262407,-2.506335433349231,ARG
Comb. RF/AR(1) dura,combinacion,2024Q4,1,5.896047280611638,3.389711847262407,-2.506335433349231,ARG
Comb. RF/ingenuo suave,combinacion,2024Q4,1,5.896047280611638,3.389711847262407,-2.506335433349231,ARG
Comb. LSTM/AR(1) suave,combinacion,2024Q4,1,5.896047280611638,2.564969310883554,-3.331077969728084,ARG
Comb. 50/50 RF-AR(1),combinacion,2024Q4,1,5.896047280611638,2.837675375846155,-3.058371904765483,ARG
Ingenuo,referencia,2006Q4,1,5.118245227148455,4.851285000375816,-0.266960226772639,BRA
Deriva,referencia,2006Q4,1,5.118245227148455,4.8463953622598375,-0.2718498648886172,BRA
AR(1),Box-Jenkins,2006Q4,1,5.118245227148455,4.197976544038565,-0.9202686831098896,BRA
"ARMA(2,2)",Box-Jenkins,2006Q4,1,5.118245227148455,4.380341509242275,-0.73790371790618,BRA
"ARIMA(1,1,1)",Box-Jenkins,2006Q4,1,5.118245227148455,4.851786818367854,-0.26645840878060056,BRA
Ridge sobre rezagos,regularizado,2006Q4,1,5.118245227148455,3.3364724648840296,-1.781772762264425,BRA
Random Forest,aprendizaje,2006Q4,1,5.118245227148455,3.993902407596917,-1.1243428195515377,BRA
LSTM(16),red neuronal,2006Q4,1,5.118245227148455,3.4287336448194785,-1.6895115823289761,BRA
Comb. RF/AR(1) suave,combinacion,2006Q4,1,5.118245227148455,3.506096680351672,-1.6121485467967824,BRA
Comb. RF/AR(1) dura,combinacion,2006Q4,1,5.118245227148455,3.506096680351672,-1.6121485467967824,BRA
Comb. RF/ingenuo suave,combinacion,2006Q4,1,5.118245227148455,3.506096680351672,-1.6121485467967824,BRA
Comb. LSTM/AR(1) suave,combinacion,2006Q4,1,5.118245227148455,3.7187091283010774,-1.3995360988473773,BRA
Comb. 50/50 RF-AR(1),combinacion,2006Q4,1,5.118245227148455,3.8587138676833543,-1.2595313594651003,BRA
Ingenuo,referencia,2007Q1,1,6.546764039328012,5.118245227148455,-1.4285188121795578,BRA
Deriva,referencia,2007Q1,1,6.546764039328012,5.120151835654692,-1.4266122036733204,BRA
AR(1),Box-Jenkins,2007Q1,1,6.546764039328012,4.4323379693127,-2.1144260700153126,BRA
"ARMA(2,2)",Box-Jenkins,2007Q1,1,6.546764039328012,4.382087312940559,-2.1646767263874533,BRA
"ARIMA(1,1,1)",Box-Jenkins,2007Q1,1,6.546764039328012,5.126487233878294,-1.4202768054497188,BRA
Ridge sobre rezagos,regularizado,2007Q1,1,6.546764039328012,4.833052700355088,-1.7137113389729244,BRA
Random Forest,aprendizaje,2007Q1,1,6.546764039328012,4.233877267013531,-2.3128867723144815,BRA
LSTM(16),red neuronal,2007Q1,1,6.546764039328012,3.690717339971026,-2.8560466993569866,BRA
Comb. RF/AR(1) suave,combinacion,2007Q1,1,6.546764039328012,3.841291573607602,-2.7054724657204106,BRA
Comb. RF/AR(1) dura,combinacion,2007Q1,1,6.546764039328012,3.841291573607602,-2.7054724657204106,BRA
Comb. RF/ingenuo suave,combinacion,2007Q1,1,6.546764039328012,3.841291573607602,-2.7054724657204106,BRA
Comb. LSTM/AR(1) suave,combinacion,2007Q1,1,6.546764039328012,3.564141375671543,-2.9826226636564694,BRA
Comb. 50/50 RF-AR(1),combinacion,2007Q1,1,6.546764039328012,4.17624744456289,-2.3705165947651228,BRA
Ingenuo,referencia,2007Q2,1,5.886683524192748,6.546764039328012,0.660080515135264,BRA
Deriva,referencia,2007Q2,1,5.886683524192748,6.583466067436039,0.6967825432432901,BRA
AR(1),Box-Jenkins,2007Q2,1,5.886683524192748,5.593142396333859,-0.2935411278588891,BRA
"ARMA(2,2)",Box-Jenkins,2007Q2,1,5.886683524192748,5.536358344029844,-0.3503251801629048,BRA
"ARIMA(1,1,1)",Box-Jenkins,2007Q2,1,5.886683524192748,6.597008930984097,0.7103254067913483,BRA
Ridge sobre rezagos,regularizado,2007Q2,1,5.886683524192748,5.190414318227194,-0.6962692059655549,BRA
Random Forest,aprendizaje,2007Q2,1,5.886683524192748,4.209355087144494,-1.6773284370482546,BRA
LSTM(16),red neuronal,2007Q2,1,5.886683524192748,4.858158649833664,-1.0285248743590847,BRA
Comb. RF/AR(1) suave,combinacion,2007Q2,1,5.886683524192748,3.866169603466771,-2.0205139207259775,BRA
Comb. RF/AR(1) dura,combinacion,2007Q2,1,5.886683524192748,3.866169603466771,-2.0205139207259775,BRA
Comb. RF/ingenuo suave,combinacion,2007Q2,1,5.886683524192748,3.866169603466771,-2.0205139207259775,BRA
Comb. LSTM/AR(1) suave,combinacion,2007Q2,1,5.886683524192748,4.052988656190134,-1.8336948680026142,BRA
Comb. 50/50 RF-AR(1),combinacion,2007Q2,1,5.886683524192748,4.746588675453581,-1.1400948487391673,BRA
Ingenuo,referencia,2007Q3,1,6.2215009371010765,5.886683524192748,-0.3348174129083281,BRA
Deriva,referencia,2007Q3,1,6.2215009371010765,5.906795491747363,-0.3147054453537139,BRA
AR(1),Box-Jenkins,2007Q3,1,6.2215009371010765,5.1315661408738205,-1.089934796227256,BRA
"ARMA(2,2)",Box-Jenkins,2007Q3,1,6.2215009371010765,5.667000037455053,-0.5545008996460234,BRA
"ARIMA(1,1,1)",Box-Jenkins,2007Q3,1,6.2215009371010765,5.872625019417813,-0.3488759176832632,BRA
Ridge sobre rezagos,regularizado,2007Q3,1,6.2215009371010765,5.017806584530877,-1.2036943525701993,BRA
Random Forest,aprendizaje,2007Q3,1,6.2215009371010765,4.048853578700992,-2.1726473584000843,BRA
LSTM(16),red neuronal,2007Q3,1,6.2215009371010765,5.5562607662778,-0.6652401708232762,BRA
Comb. RF/AR(1) suave,combinacion,2007Q3,1,6.2215009371010765,3.7945866845565415,-2.426914252544535,BRA
Comb. RF/AR(1) dura,combinacion,2007Q3,1,6.2215009371010765,3.7945866845565415,-2.426914252544535,BRA
Comb. RF/ingenuo suave,combinacion,2007Q3,1,6.2215009371010765,3.7945866845565415,-2.426914252544535,BRA
Comb. LSTM/AR(1) suave,combinacion,2007Q3,1,6.2215009371010765,4.965989965660642,-1.2555109714404349,BRA
Comb. 50/50 RF-AR(1),combinacion,2007Q3,1,6.2215009371010765,4.269141750365225,-1.9523591867358512,BRA
Ingenuo,referencia,2007Q4,1,5.622406299367277,6.2215009371010765,0.5990946377337991,BRA
Deriva,referencia,2007Q4,1,5.622406299367277,6.248931635942986,0.6265253365757086,BRA
AR(1),Box-Jenkins,2007Q4,1,5.622406299367277,5.454235532385545,-0.16817076698173228,BRA
"ARMA(2,2)",Box-Jenkins,2007Q4,1,5.622406299367277,4.99767060588589,-0.6247356934813872,BRA
"ARIMA(1,1,1)",Box-Jenkins,2007Q4,1,5.622406299367277,6.22826046092193,0.6058541615546522,BRA
Ridge sobre rezagos,regularizado,2007Q4,1,5.622406299367277,5.8343431475782435,0.21193684821096603,BRA
Random Forest,aprendizaje,2007Q4,1,5.622406299367277,5.499084816765732,-0.12332148260154518,BRA
LSTM(16),red neuronal,2007Q4,1,5.622406299367277,5.242122024842773,-0.3802842745245041,BRA
Comb. RF/AR(1) suave,combinacion,2007Q4,1,5.622406299367277,5.242354687097865,-0.38005161226941286,BRA
Comb. RF/AR(1) dura,combinacion,2007Q4,1,5.622406299367277,5.242354687097865,-0.38005161226941286,BRA
Comb. RF/ingenuo suave,combinacion,2007Q4,1,5.622406299367277,5.242354687097865,-0.38005161226941286,BRA
Comb. LSTM/AR(1) suave,combinacion,2007Q4,1,5.622406299367277,5.70938550141688,0.0869792020496023,BRA
Comb. 50/50 RF-AR(1),combinacion,2007Q4,1,5.622406299367277,5.324079996675456,-0.29832630269182125,BRA
Ingenuo,referencia,2008Q1,1,5.958790194164676,5.622406299367277,-0.3363838947973985,BRA
Deriva,referencia,2008Q1,1,5.958790194164676,5.6355977860142845,-0.3231924081503914,BRA
AR(1),Box-Jenkins,2008Q1,1,5.958790194164676,5.012117745943334,-0.9466724482213422,BRA
"ARMA(2,2)",Box-Jenkins,2008Q1,1,5.958790194164676,4.266039238238498,-1.6927509559261775,BRA
"ARIMA(1,1,1)",Box-Jenkins,2008Q1,1,5.958790194164676,5.6104645360192835,-0.3483256581453924,BRA
Ridge sobre rezagos,regularizado,2008Q1,1,5.958790194164676,4.738483630517747,-1.220306563646929,BRA
Random Forest,aprendizaje,2008Q1,1,5.958790194164676,4.94056365585177,-1.0182265383129057,BRA
LSTM(16),red neuronal,2008Q1,1,5.958790194164676,4.953959082354966,-1.0048311118097102,BRA
Comb. RF/AR(1) suave,combinacion,2008Q1,1,5.958790194164676,4.701763775051511,-1.2570264191131653,BRA
Comb. RF/AR(1) dura,combinacion,2008Q1,1,5.958790194164676,4.701763775051511,-1.2570264191131653,BRA
Comb. RF/ingenuo suave,combinacion,2008Q1,1,5.958790194164676,4.701763775051511,-1.2570264191131653,BRA
Comb. LSTM/AR(1) suave,combinacion,2008Q1,1,5.958790194164676,5.27225255472349,-0.6865376394411857,BRA
Comb. 50/50 RF-AR(1),combinacion,2008Q1,1,5.958790194164676,4.823598684774994,-1.1351915093896823,BRA
Ingenuo,referencia,2008Q2,1,6.56676430720613,5.958790194164676,-0.607974113041454,BRA
Deriva,referencia,2008Q2,1,6.56676430720613,5.979163734326137,-0.5876005728799933,BRA
AR(1),Box-Jenkins,2008Q2,1,6.56676430720613,5.318237261325423,-1.2485270458807065,BRA
"ARMA(2,2)",Box-Jenkins,2008Q2,1,6.56676430720613,5.045002399114525,-1.5217619080916052,BRA
"ARIMA(1,1,1)",Box-Jenkins,2008Q2,1,6.56676430720613,5.964432637178744,-0.602331670027386,BRA
Ridge sobre rezagos,regularizado,2008Q2,1,6.56676430720613,5.416640612077892,-1.1501236951282383,BRA
Random Forest,aprendizaje,2008Q2,1,6.56676430720613,4.828860782542491,-1.737903524663639,BRA
LSTM(16),red neuronal,2008Q2,1,6.56676430720613,5.302402407776387,-1.2643618994297432,BRA
Comb. RF/AR(1) suave,combinacion,2008Q2,1,6.56676430720613,4.916879360560873,-1.6498849466452565,BRA
Comb. RF/AR(1) dura,combinacion,2008Q2,1,6.56676430720613,4.916879360560873,-1.6498849466452565,BRA
Comb. RF/ingenuo suave,combinacion,2008Q2,1,6.56676430720613,4.916879360560873,-1.6498849466452565,BRA
Comb. LSTM/AR(1) suave,combinacion,2008Q2,1,6.56676430720613,5.3003712144959945,-1.2663930927101354,BRA
Comb. 50/50 RF-AR(1),combinacion,2008Q2,1,6.56676430720613,5.08918368605479,-1.4775806211513398,BRA
Ingenuo,referencia,2008Q3,1,1.0403338798862682,6.56676430720613,5.526430427319862,BRA
Deriva,referencia,2008Q3,1,1.0403338798862682,6.599911772864981,5.559577892978713,BRA
AR(1),Box-Jenkins,2008Q3,1,1.0403338798862682,5.863348102505034,4.823014222618766,BRA
"ARMA(2,2)",Box-Jenkins,2008Q3,1,1.0403338798862682,6.132389684989419,5.092055805103151,BRA
"ARIMA(1,1,1)",Box-Jenkins,2008Q3,1,1.0403338798862682,6.57934029914628,5.539006419260012,BRA
Ridge sobre rezagos,regularizado,2008Q3,1,1.0403338798862682,6.284821896593073,5.244488016706804,BRA
Random Forest,aprendizaje,2008Q3,1,1.0403338798862682,5.402779251551835,4.362445371665567,BRA
LSTM(16),red neuronal,2008Q3,1,1.0403338798862682,6.17641730774644,5.1360834278601715,BRA
Comb. RF/AR(1) suave,combinacion,2008Q3,1,1.0403338798862682,5.613902986337675,4.573569106451407,BRA
Comb. RF/AR(1) dura,combinacion,2008Q3,1,1.0403338798862682,5.613902986337675,4.573569106451407,BRA
Comb. RF/ingenuo suave,combinacion,2008Q3,1,1.0403338798862682,5.613902986337675,4.573569106451407,BRA
Comb. LSTM/AR(1) suave,combinacion,2008Q3,1,1.0403338798862682,6.70577941040253,5.665445530516262,BRA
Comb. 50/50 RF-AR(1),combinacion,2008Q3,1,1.0403338798862682,5.613902986337675,4.573569106451407,BRA
Ingenuo,referencia,2008Q4,1,-1.6365086936255047,1.0403338798862682,2.676842573511773,BRA
Deriva,referencia,2008Q4,1,-1.6365086936255047,0.9551924542051472,2.5917011478306518,BRA
AR(1),Box-Jenkins,2008Q4,1,-1.6365086936255047,1.5789307840017597,3.2154394776272643,BRA
"ARMA(2,2)",Box-Jenkins,2008Q4,1,-1.6365086936255047,2.8008332174447608,4.437341911070265,BRA
"ARIMA(1,1,1)",Box-Jenkins,2008Q4,1,-1.6365086936255047,1.1351472973900931,2.7716559910155976,BRA
Ridge sobre rezagos,regularizado,2008Q4,1,-1.6365086936255047,1.6799024461977465,3.316411139823251,BRA
Random Forest,aprendizaje,2008Q4,1,-1.6365086936255047,1.4765099974251592,3.113018691050664,BRA
LSTM(16),red neuronal,2008Q4,1,-1.6365086936255047,2.1097014821820546,3.746210175807559,BRA
Comb. RF/AR(1) suave,combinacion,2008Q4,1,-1.6365086936255047,1.7150862773444118,3.3515949709699164,BRA
Comb. RF/AR(1) dura,combinacion,2008Q4,1,-1.6365086936255047,1.5789307840017597,3.2154394776272643,BRA
Comb. RF/ingenuo suave,combinacion,2008Q4,1,-1.6365086936255047,1.4493976503489652,3.08590634397447,BRA
Comb. LSTM/AR(1) suave,combinacion,2008Q4,1,-1.6365086936255047,1.141327828473566,2.7778365220990704,BRA
Comb. 50/50 RF-AR(1),combinacion,2008Q4,1,-1.6365086936255047,1.5789307840017597,3.2154394776272643,BRA
Ingenuo,referencia,2009Q1,1,-1.8397067282775126,-1.6365086936255047,0.20319803465200792,BRA
Deriva,referencia,2009Q1,1,-1.8397067282775126,-1.7756438932197642,0.06406283505774835,BRA
AR(1),Box-Jenkins,2009Q1,1,-1.8397067282775126,-0.5429230406721849,1.2967836876053278,BRA
"ARMA(2,2)",Box-Jenkins,2009Q1,1,-1.8397067282775126,-3.604545391421789,-1.7648386631442765,BRA
"ARIMA(1,1,1)",Box-Jenkins,2009Q1,1,-1.8397067282775126,-1.940905982306325,-0.10119925402881247,BRA
Ridge sobre rezagos,regularizado,2009Q1,1,-1.8397067282775126,-2.1048096396909726,-0.26510291141346,BRA
Random Forest,aprendizaje,2009Q1,1,-1.8397067282775126,0.4049575238915664,2.244664252169079,BRA
LSTM(16),red neuronal,2009Q1,1,-1.8397067282775126,-1.5460450295950103,0.29366169868250225,BRA
Comb. RF/AR(1) suave,combinacion,2009Q1,1,-1.8397067282775126,-0.22413302847919955,1.615573699798313,BRA
Comb. RF/AR(1) dura,combinacion,2009Q1,1,-1.8397067282775126,-0.5429230406721849,1.2967836876053278,BRA
Comb. RF/ingenuo suave,combinacion,2009Q1,1,-1.8397067282775126,-0.777814631705213,1.0618920965722995,BRA
Comb. LSTM/AR(1) suave,combinacion,2009Q1,1,-1.8397067282775126,-0.6679530068327815,1.1717537214447311,BRA
Comb. 50/50 RF-AR(1),combinacion,2009Q1,1,-1.8397067282775126,-0.5429230406721849,1.2967836876053278,BRA
Ingenuo,referencia,2009Q2,1,-1.1432051895252981,-1.8397067282775126,-0.6965015387522144,BRA
Deriva,referencia,2009Q2,1,-1.1432051895252981,-1.980149332668869,-0.8369441431435709,BRA
AR(1),Box-Jenkins,2009Q2,1,-1.1432051895252981,-0.8330109709559409,0.31019421856935725,BRA
"ARMA(2,2)",Box-Jenkins,2009Q2,1,-1.1432051895252981,-2.5383005680448125,-1.3950953785195144,BRA
"ARIMA(1,1,1)",Box-Jenkins,2009Q2,1,-1.1432051895252981,-1.881073838675075,-0.7378686491497768,BRA
Ridge sobre rezagos,regularizado,2009Q2,1,-1.1432051895252981,-2.733527842345627,-1.590322652820329,BRA
Random Forest,aprendizaje,2009Q2,1,-1.1432051895252981,-0.10390291195337308,1.0393022775719252,BRA
LSTM(16),red neuronal,2009Q2,1,-1.1432051895252981,-1.0602054731313628,0.08299971639393533,BRA
Comb. RF/AR(1) suave,combinacion,2009Q2,1,-1.1432051895252981,-0.33555683487311627,0.8076483546521819,BRA
Comb. RF/AR(1) dura,combinacion,2009Q2,1,-1.1432051895252981,-0.8330109709559409,0.31019421856935725,BRA
Comb. RF/ingenuo suave,combinacion,2009Q2,1,-1.1432051895252981,-0.8545862206306064,0.28861896889469174,BRA
Comb. LSTM/AR(1) suave,combinacion,2009Q2,1,-1.1432051895252981,-0.7464492997030328,0.3967558898222654,BRA
Comb. 50/50 RF-AR(1),combinacion,2009Q2,1,-1.1432051895252981,-0.8330109709559409,0.31019421856935725,BRA
Ingenuo,referencia,2009Q3,1,5.375665575237165,-1.1432051895252981,-6.518870764762463,BRA
Deriva,referencia,2009Q3,1,5.375665575237165,-1.2669089110537832,-6.642574486290949,BRA
AR(1),Box-Jenkins,2009Q3,1,5.375665575237165,-0.32562108183127814,-5.701286657068444,BRA
"ARMA(2,2)",Box-Jenkins,2009Q3,1,5.375665575237165,1.3384101328521785,-4.0372554423849865,BRA
"ARIMA(1,1,1)",Box-Jenkins,2009Q3,1,5.375665575237165,-1.0793244692731563,-6.454990044510321,BRA
Ridge sobre rezagos,regularizado,2009Q3,1,5.375665575237165,1.7527908166325865,-3.6228747586045786,BRA
Random Forest,aprendizaje,2009Q3,1,5.375665575237165,-0.22474611602843358,-5.600411691265599,BRA
LSTM(16),red neuronal,2009Q3,1,5.375665575237165,0.3426961742729051,-5.0329694009642605,BRA
Comb. RF/AR(1) suave,combinacion,2009Q3,1,5.375665575237165,0.003401989137203326,-5.372263586099962,BRA
Comb. RF/AR(1) dura,combinacion,2009Q3,1,5.375665575237165,-0.32562108183127814,-5.701286657068444,BRA
Comb. RF/ingenuo suave,combinacion,2009Q3,1,5.375665575237165,-0.4042023599625172,-5.7798679351996824,BRA
Comb. LSTM/AR(1) suave,combinacion,2009Q3,1,5.375665575237165,0.0667494626020442,-5.308916112635121,BRA
Comb. 50/50 RF-AR(1),combinacion,2009Q3,1,5.375665575237165,-0.32562108183127814,-5.701286657068444,BRA
Ingenuo,referencia,2009Q4,1,9.116413846568383,5.375665575237165,-3.740748271331218,BRA
Deriva,referencia,2009Q4,1,9.116413846568383,5.382208412263404,-3.734205434304979,BRA
AR(1),Box-Jenkins,2009Q4,1,9.116413846568383,4.641443332513381,-4.474970514055002,BRA
"ARMA(2,2)",Box-Jenkins,2009Q4,1,9.116413846568383,7.003286789665267,-2.1131270569031164,BRA
"ARIMA(1,1,1)",Box-Jenkins,2009Q4,1,9.116413846568383,6.185655604496809,-2.9307582420715743,BRA
Ridge sobre rezagos,regularizado,2009Q4,1,9.116413846568383,8.5682461187393,-0.5481677278290835,BRA
Random Forest,aprendizaje,2009Q4,1,9.116413846568383,4.04296593908592,-5.073447907482463,BRA
LSTM(16),red neuronal,2009Q4,1,9.116413846568383,6.598903239837563,-2.51751060673082,BRA
Comb. RF/AR(1) suave,combinacion,2009Q4,1,9.116413846568383,4.641443332513381,-4.474970514055002,BRA
Comb. RF/AR(1) dura,combinacion,2009Q4,1,9.116413846568383,4.641443332513381,-4.474970514055002,BRA
Comb. RF/ingenuo suave,combinacion,2009Q4,1,9.116413846568383,5.375665575237165,-3.740748271331218,BRA
Comb. LSTM/AR(1) suave,combinacion,2009Q4,1,9.116413846568383,4.641443332513381,-4.474970514055002,BRA
Comb. 50/50 RF-AR(1),combinacion,2009Q4,1,9.116413846568383,4.641443332513381,-4.474970514055002,BRA
Ingenuo,referencia,2010Q1,1,8.507234413885989,9.116413846568383,0.609179432682394,BRA
Deriva,referencia,2010Q1,1,8.507234413885989,9.194768326562025,0.6875339126760363,BRA
AR(1),Box-Jenkins,2010Q1,1,8.507234413885989,7.549140520136452,-0.9580938937495374,BRA
"ARMA(2,2)",Box-Jenkins,2010Q1,1,8.507234413885989,9.543620499510677,1.036386085624688,BRA
"ARIMA(1,1,1)",Box-Jenkins,2010Q1,1,8.507234413885989,9.971020481245192,1.4637860673592034,BRA
Ridge sobre rezagos,regularizado,2010Q1,1,8.507234413885989,9.45947583463278,0.9522414207467911,BRA
Random Forest,aprendizaje,2010Q1,1,8.507234413885989,5.984360322631077,-2.522874091254912,BRA
LSTM(16),red neuronal,2010Q1,1,8.507234413885989,8.809930695876051,0.3026962819900625,BRA
Comb. RF/AR(1) suave,combinacion,2010Q1,1,8.507234413885989,7.5313706147743025,-0.9758637991116865,BRA
Comb. RF/AR(1) dura,combinacion,2010Q1,1,8.507234413885989,7.549140520136452,-0.9580938937495374,BRA
Comb. RF/ingenuo suave,combinacion,2010Q1,1,8.507234413885989,9.082600312540883,0.5753658986548942,BRA
Comb. LSTM/AR(1) suave,combinacion,2010Q1,1,8.507234413885989,7.566288706449494,-0.9409457074364953,BRA
Comb. 50/50 RF-AR(1),combinacion,2010Q1,1,8.507234413885989,7.549140520136452,-0.9580938937495374,BRA
Ingenuo,referencia,2010Q2,1,6.966524365674509,8.507234413885989,1.54071004821148,BRA
Deriva,referencia,2010Q2,1,6.966524365674509,8.572616555904613,1.606092190230104,BRA
AR(1),Box-Jenkins,2010Q2,1,6.966524365674509,7.209616603064149,0.24309223738964025,BRA
"ARMA(2,2)",Box-Jenkins,2010Q2,1,6.966524365674509,6.816168243968077,-0.15035612170643198,BRA
"ARIMA(1,1,1)",Box-Jenkins,2010Q2,1,6.966524365674509,8.170232574247143,1.2037082085726336,BRA
Ridge sobre rezagos,regularizado,2010Q2,1,6.966524365674509,6.9639128105964625,-0.002611555078046557,BRA
Random Forest,aprendizaje,2010Q2,1,6.966524365674509,5.427682372481448,-1.5388419931930608,BRA
LSTM(16),red neuronal,2010Q2,1,6.966524365674509,8.24837824983394,1.2818538841594318,BRA
Comb. RF/AR(1) suave,combinacion,2010Q2,1,6.966524365674509,7.138850472334986,0.17232610666047687,BRA
Comb. RF/AR(1) dura,combinacion,2010Q2,1,6.966524365674509,7.209616603064149,0.24309223738964025,BRA
Comb. RF/ingenuo suave,combinacion,2010Q2,1,6.966524365674509,8.381355037921047,1.4148306722465378,BRA
Comb. LSTM/AR(1) suave,combinacion,2010Q2,1,6.966524365674509,7.2631587409956,0.2966343753210907,BRA
Comb. 50/50 RF-AR(1),combinacion,2010Q2,1,6.966524365674509,7.209616603064149,0.24309223738964025,BRA
Ingenuo,referencia,2010Q3,1,5.768870057350783,6.966524365674509,1.1976543083237257,BRA
Deriva,referencia,2010Q3,1,5.768870057350783,7.002164059725908,1.2332940023751249,BRA
AR(1),Box-Jenkins,2010Q3,1,5.768870057350783,6.038760110873934,0.26989005352315054,BRA
"ARMA(2,2)",Box-Jenkins,2010Q3,1,5.768870057350783,4.560467239120219,-1.2084028182305646,BRA
"ARIMA(1,1,1)",Box-Jenkins,2010Q3,1,5.768870057350783,6.605565297828921,0.8366952404781376,BRA
Ridge sobre rezagos,regularizado,2010Q3,1,5.768870057350783,2.301206697513695,-3.4676633598370885,BRA
Random Forest,aprendizaje,2010Q3,1,5.768870057350783,4.617058298671073,-1.1518117586797105,BRA
LSTM(16),red neuronal,2010Q3,1,5.768870057350783,5.554147279643735,-0.21472277770704817,BRA
Comb. RF/AR(1) suave,combinacion,2010Q3,1,5.768870057350783,5.86004848160472,0.09117842425393619,BRA
Comb. RF/AR(1) dura,combinacion,2010Q3,1,5.768870057350783,6.038760110873934,0.26989005352315054,BRA
Comb. RF/ingenuo suave,combinacion,2010Q3,1,5.768870057350783,6.6185684980587025,0.8496984407079191,BRA
Comb. LSTM/AR(1) suave,combinacion,2010Q3,1,5.768870057350783,6.065640772048721,0.2967707146979377,BRA
Comb. 50/50 RF-AR(1),combinacion,2010Q3,1,5.768870057350783,6.038760110873934,0.26989005352315054,BRA
Ingenuo,referencia,2010Q4,1,5.009115556373844,5.768870057350783,0.7597545009769391,BRA
Deriva,referencia,2010Q4,1,5.009115556373844,5.782086224086271,0.7729706677124266,BRA
AR(1),Box-Jenkins,2010Q4,1,5.009115556373844,5.1348309505830745,0.12571539420923017,BRA
"ARMA(2,2)",Box-Jenkins,2010Q4,1,5.009115556373844,3.661954923517428,-1.3471606328564163,BRA
"ARIMA(1,1,1)",Box-Jenkins,2010Q4,1,5.009115556373844,5.583184651428177,0.574069095054333,BRA
Ridge sobre rezagos,regularizado,2010Q4,1,5.009115556373844,2.7299246402185067,-2.2791909161553376,BRA
Random Forest,aprendizaje,2010Q4,1,5.009115556373844,4.215566589904948,-0.7935489664688964,BRA
LSTM(16),red neuronal,2010Q4,1,5.009115556373844,4.397087874177945,-0.6120276821958992,BRA
Comb. RF/AR(1) suave,combinacion,2010Q4,1,5.009115556373844,4.883590372496062,-0.125525183877782,BRA
Comb. RF/AR(1) dura,combinacion,2010Q4,1,5.009115556373844,5.1348309505830745,0.12571539420923017,BRA
Comb. RF/ingenuo suave,combinacion,2010Q4,1,5.009115556373844,5.2368696842473526,0.22775412787350824,BRA
Comb. LSTM/AR(1) suave,combinacion,2010Q4,1,5.009115556373844,4.69435134594017,-0.3147642104336743,BRA
Comb. 50/50 RF-AR(1),combinacion,2010Q4,1,5.009115556373844,5.1348309505830745,0.12571539420923017,BRA
Ingenuo,referencia,2011Q1,1,4.748900085483565,5.009115556373844,0.2602154708902793,BRA
Deriva,referencia,2011Q1,1,4.748900085483565,5.00852867547161,0.2596285899880453,BRA
AR(1),Box-Jenkins,2011Q1,1,4.748900085483565,4.566905117175551,-0.18199496830801376,BRA
"ARMA(2,2)",Box-Jenkins,2011Q1,1,4.748900085483565,3.5071666428262347,-1.2417334426573303,BRA
"ARIMA(1,1,1)",Box-Jenkins,2011Q1,1,4.748900085483565,4.846250102245512,0.09735001676194699,BRA
Ridge sobre rezagos,regularizado,2011Q1,1,4.748900085483565,4.7863886827034685,0.0374885972199035,BRA
Random Forest,aprendizaje,2011Q1,1,4.748900085483565,3.4267246987754305,-1.3221753867081345,BRA
LSTM(16),red neuronal,2011Q1,1,4.748900085483565,3.129774294286345,-1.61912579119722,BRA
Comb. RF/AR(1) suave,combinacion,2011Q1,1,4.748900085483565,4.212301910900685,-0.5365981745828803,BRA
Comb. RF/AR(1) dura,combinacion,2011Q1,1,4.748900085483565,4.566905117175551,-0.18199496830801376,BRA
Comb. RF/ingenuo suave,combinacion,2011Q1,1,4.748900085483565,4.3885485920034135,-0.3603514934801515,BRA
Comb. LSTM/AR(1) suave,combinacion,2011Q1,1,4.748900085483565,3.5083254764970477,-1.2405746089865173,BRA
Comb. 50/50 RF-AR(1),combinacion,2011Q1,1,4.748900085483565,4.566905117175551,-0.18199496830801376,BRA
Ingenuo,referencia,2011Q2,1,3.600801450243285,4.748900085483565,1.14809863524028,BRA
Deriva,referencia,2011Q2,1,3.600801450243285,4.743758317037681,1.1429568667943961,BRA
AR(1),Box-Jenkins,2011Q2,1,3.600801450243285,4.378076840554666,0.7772753903113809,BRA
"ARMA(2,2)",Box-Jenkins,2011Q2,1,3.600801450243285,3.7762208367235606,0.17541938648027555,BRA
"ARIMA(1,1,1)",Box-Jenkins,2011Q2,1,3.600801450243285,4.790599447672299,1.1897979974290136,BRA
Ridge sobre rezagos,regularizado,2011Q2,1,3.600801450243285,4.91188534009174,1.3110838898484554,BRA
Random Forest,aprendizaje,2011Q2,1,3.600801450243285,2.848588651666896,-0.7522127985763891,BRA
LSTM(16),red neuronal,2011Q2,1,3.600801450243285,3.8546497359721443,0.2538482857288593,BRA
Comb. RF/AR(1) suave,combinacion,2011Q2,1,3.600801450243285,3.4756566410224385,-0.12514480922084648,BRA
Comb. RF/AR(1) dura,combinacion,2011Q2,1,3.600801450243285,4.378076840554666,0.7772753903113809,BRA
Comb. RF/ingenuo suave,combinacion,2011Q2,1,3.600801450243285,3.5528140611177474,-0.04798738912553757,BRA
Comb. LSTM/AR(1) suave,combinacion,2011Q2,1,3.600801450243285,3.8966093651168703,0.29580791487358526,BRA
Comb. 50/50 RF-AR(1),combinacion,2011Q2,1,3.600801450243285,4.378076840554666,0.7772753903113809,BRA
Ingenuo,referencia,2011Q3,1,3.0980092662596936,3.600801450243285,0.5027921839835914,BRA
Deriva,referencia,2011Q3,1,3.0980092662596936,3.5759535289216355,0.4779442626619419,BRA
AR(1),Box-Jenkins,2011Q3,1,3.0980092662596936,3.5112000829264223,0.41319081666672863,BRA
"ARMA(2,2)",Box-Jenkins,2011Q3,1,3.0980092662596936,2.8796413707074753,-0.21836789555221836,BRA
"ARIMA(1,1,1)",Box-Jenkins,2011Q3,1,3.0980092662596936,3.0388158365373354,-0.05919342972235819,BRA
Ridge sobre rezagos,regularizado,2011Q3,1,3.0980092662596936,3.0183895358888524,-0.07961973037084125,BRA
Random Forest,aprendizaje,2011Q3,1,3.0980092662596936,3.063060619260254,-0.03494864699943978,BRA
LSTM(16),red neuronal,2011Q3,1,3.0980092662596936,0.5905783722173679,-2.5074308940423258,BRA
Comb. RF/AR(1) suave,combinacion,2011Q3,1,3.0980092662596936,3.1361496067040773,0.038140340444383636,BRA
Comb. RF/AR(1) dura,combinacion,2011Q3,1,3.0980092662596936,3.5112000829264223,0.41319081666672863,BRA
Comb. RF/ingenuo suave,combinacion,2011Q3,1,3.0980092662596936,3.15231750318956,0.054308236929866194,BRA
Comb. LSTM/AR(1) suave,combinacion,2011Q3,1,3.0980092662596936,3.4975372121880026,0.399527945928309,BRA
Comb. 50/50 RF-AR(1),combinacion,2011Q3,1,3.0980092662596936,3.5112000829264223,0.41319081666672863,BRA
Ingenuo,referencia,2011Q4,1,0.23690653897801006,3.0980092662596936,2.8611027272816836,BRA
Deriva,referencia,2011Q4,1,0.23690653897801006,3.065060594723435,2.8281540557454248,BRA
AR(1),Box-Jenkins,2011Q4,1,0.23690653897801006,3.1321228734114905,2.8952163344334805,BRA
"ARMA(2,2)",Box-Jenkins,2011Q4,1,0.23690653897801006,2.757574918889281,2.520668379911271,BRA
"ARIMA(1,1,1)",Box-Jenkins,2011Q4,1,0.23690653897801006,3.4217028246255894,3.1847962856475793,BRA
Ridge sobre rezagos,regularizado,2011Q4,1,0.23690653897801006,2.8277905206540375,2.5908839816760274,BRA
Random Forest,aprendizaje,2011Q4,1,0.23690653897801006,2.935898528104994,2.698991989126984,BRA
LSTM(16),red neuronal,2011Q4,1,0.23690653897801006,2.322662855737569,2.085756316759559,BRA
Comb. RF/AR(1) suave,combinacion,2011Q4,1,0.23690653897801006,2.854512106964297,2.617605567986287,BRA
Comb. RF/AR(1) dura,combinacion,2011Q4,1,0.23690653897801006,2.854512106964297,2.617605567986287,BRA
Comb. RF/ingenuo suave,combinacion,2011Q4,1,0.23690653897801006,2.854512106964297,2.617605567986287,BRA
Comb. LSTM/AR(1) suave,combinacion,2011Q4,1,0.23690653897801006,2.6577217345220197,2.4208151955440096,BRA
Comb. 50/50 RF-AR(1),combinacion,2011Q4,1,0.23690653897801006,3.1321228734114905,2.8952163344334805,BRA
Ingenuo,referencia,2012Q1,1,1.044059167550082,0.23690653897801006,-0.807152628572072,BRA
Deriva,referencia,2012Q1,1,1.044059167550082,0.15682196651266095,-0.8872372010374212,BRA
AR(1),Box-Jenkins,2012Q1,1,1.044059167550082,0.9613541999829023,-0.08270496756717982,BRA
"ARMA(2,2)",Box-Jenkins,2012Q1,1,1.044059167550082,0.25182722709725736,-0.7922319404528247,BRA
"ARIMA(1,1,1)",Box-Jenkins,2012Q1,1,1.044059167550082,-0.4075878176556482,-1.4516469852057303,BRA
Ridge sobre rezagos,regularizado,2012Q1,1,1.044059167550082,-0.43642396857557575,-1.4804831361256579,BRA
Random Forest,aprendizaje,2012Q1,1,1.044059167550082,-0.024853025563237065,-1.0689121931133192,BRA
LSTM(16),red neuronal,2012Q1,1,1.044059167550082,0.755013214965456,-0.28904595258462606,BRA
Comb. RF/AR(1) suave,combinacion,2012Q1,1,1.044059167550082,-0.03211175921230638,-1.0761709267623885,BRA
Comb. RF/AR(1) dura,combinacion,2012Q1,1,1.044059167550082,-0.03211175921230638,-1.0761709267623885,BRA
Comb. RF/ingenuo suave,combinacion,2012Q1,1,1.044059167550082,-0.03211175921230638,-1.0761709267623885,BRA
Comb. LSTM/AR(1) suave,combinacion,2012Q1,1,1.044059167550082,-0.2735461417764582,-1.3176053093265403,BRA
Comb. 50/50 RF-AR(1),combinacion,2012Q1,1,1.044059167550082,0.9613541999829023,-0.08270496756717982,BRA
Ingenuo,referencia,2012Q2,1,3.0401450592270507,1.044059167550082,-1.9960858916769686,BRA
Deriva,referencia,2012Q2,1,3.0401450592270507,0.9785194672328874,-2.0616255919941633,BRA
AR(1),Box-Jenkins,2012Q2,1,3.0401450592270507,1.562737827094218,-1.4774072321328326,BRA
"ARMA(2,2)",Box-Jenkins,2012Q2,1,3.0401450592270507,1.7985365674392868,-1.241608491787764,BRA
"ARIMA(1,1,1)",Box-Jenkins,2012Q2,1,3.0401450592270507,1.2713621904102874,-1.7687828688167633,BRA
Ridge sobre rezagos,regularizado,2012Q2,1,3.0401450592270507,2.0179475697572524,-1.0221974894697983,BRA
Random Forest,aprendizaje,2012Q2,1,3.0401450592270507,1.0267976306893043,-2.013347428537746,BRA
LSTM(16),red neuronal,2012Q2,1,3.0401450592270507,1.1906157258580685,-1.8495293333689822,BRA
Comb. RF/AR(1) suave,combinacion,2012Q2,1,3.0401450592270507,1.1353721828289176,-1.904772876398133,BRA
Comb. RF/AR(1) dura,combinacion,2012Q2,1,3.0401450592270507,1.1353721828289176,-1.904772876398133,BRA
Comb. RF/ingenuo suave,combinacion,2012Q2,1,3.0401450592270507,1.1353721828289176,-1.904772876398133,BRA
Comb. LSTM/AR(1) suave,combinacion,2012Q2,1,3.0401450592270507,1.0969387125781758,-1.943206346648875,BRA
Comb. 50/50 RF-AR(1),combinacion,2012Q2,1,3.0401450592270507,1.5608632156775268,-1.4792818435495239,BRA
Ingenuo,referencia,2012Q3,1,2.087480826205912,3.0401450592270507,0.9526642330211388,BRA
Deriva,referencia,2012Q3,1,2.087480826205912,3.007857384587181,0.9203765583812693,BRA
AR(1),Box-Jenkins,2012Q3,1,2.087480826205912,3.0675761675312083,0.9800953413252964,BRA
"ARMA(2,2)",Box-Jenkins,2012Q3,1,2.087480826205912,3.9971438565430093,1.9096630303370974,BRA
"ARIMA(1,1,1)",Box-Jenkins,2012Q3,1,2.087480826205912,2.121585464040348,0.03410463783443607,BRA
Ridge sobre rezagos,regularizado,2012Q3,1,2.087480826205912,3.7212835902240475,1.6338027640181356,BRA
Random Forest,aprendizaje,2012Q3,1,2.087480826205912,4.127995550080871,2.040514723874959,BRA
LSTM(16),red neuronal,2012Q3,1,2.087480826205912,3.8445388159843183,1.7570579897784064,BRA
Comb. RF/AR(1) suave,combinacion,2012Q3,1,2.087480826205912,4.163683459955499,2.0762026337495874,BRA
Comb. RF/AR(1) dura,combinacion,2012Q3,1,2.087480826205912,4.163683459955499,2.0762026337495874,BRA
Comb. RF/ingenuo suave,combinacion,2012Q3,1,2.087480826205912,4.163683459955499,2.0762026337495874,BRA
Comb. LSTM/AR(1) suave,combinacion,2012Q3,1,2.087480826205912,5.143174772997575,3.0556939467916635,BRA
Comb. 50/50 RF-AR(1),combinacion,2012Q3,1,2.087480826205912,3.0675761675312083,0.9800953413252964,BRA
Ingenuo,referencia,2012Q4,1,4.135019736708978,2.087480826205912,-2.047538910503066,BRA
Deriva,referencia,2012Q4,1,4.135019736708978,2.0405839998457047,-2.0944357368632733,BRA
AR(1),Box-Jenkins,2012Q4,1,4.135019736708978,2.352804467270328,-1.78221526943865,BRA
"ARMA(2,2)",Box-Jenkins,2012Q4,1,4.135019736708978,2.6701914407009184,-1.4648282960080596,BRA
"ARIMA(1,1,1)",Box-Jenkins,2012Q4,1,4.135019736708978,2.598052281787874,-1.536967454921104,BRA
Ridge sobre rezagos,regularizado,2012Q4,1,4.135019736708978,3.3931037219481484,-0.7419160147608297,BRA
Random Forest,aprendizaje,2012Q4,1,4.135019736708978,2.6398097006997534,-1.4952100360092246,BRA
LSTM(16),red neuronal,2012Q4,1,4.135019736708978,3.1684099081817627,-0.9666098285272153,BRA
Comb. RF/AR(1) suave,combinacion,2012Q4,1,4.135019736708978,3.69635975271197,-0.43865998399700823,BRA
Comb. RF/AR(1) dura,combinacion,2012Q4,1,4.135019736708978,3.69635975271197,-0.43865998399700823,BRA
Comb. RF/ingenuo suave,combinacion,2012Q4,1,4.135019736708978,3.69635975271197,-0.43865998399700823,BRA
Comb. LSTM/AR(1) suave,combinacion,2012Q4,1,4.135019736708978,3.612740445851066,-0.5222792908579121,BRA
Comb. 50/50 RF-AR(1),combinacion,2012Q4,1,4.135019736708978,2.352804467270328,-1.78221526943865,BRA
Ingenuo,referencia,2013Q1,1,3.723198233547098,4.135019736708978,0.41182150316187993,BRA
Deriva,referencia,2013Q1,1,3.723198233547098,4.120848468737259,0.3976502351901612,BRA
AR(1),Box-Jenkins,2013Q1,1,3.723198233547098,3.878883449239601,0.15568521569250304,BRA
"ARMA(2,2)",Box-Jenkins,2013Q1,1,3.723198233547098,4.525167235398405,0.8019690018513073,BRA
"ARIMA(1,1,1)",Box-Jenkins,2013Q1,1,3.723198233547098,4.484869103519501,0.7616708699724031,BRA
Ridge sobre rezagos,regularizado,2013Q1,1,3.723198233547098,4.468359690907707,0.7451614573606085,BRA
Random Forest,aprendizaje,2013Q1,1,3.723198233547098,4.8811723480229245,1.1579741144758264,BRA
LSTM(16),red neuronal,2013Q1,1,3.723198233547098,3.9451046959442437,0.22190646239714562,BRA
Comb. RF/AR(1) suave,combinacion,2013Q1,1,3.723198233547098,4.747407654198618,1.0242094206515198,BRA
Comb. RF/AR(1) dura,combinacion,2013Q1,1,3.723198233547098,4.747407654198618,1.0242094206515198,BRA
Comb. RF/ingenuo suave,combinacion,2013Q1,1,3.723198233547098,4.747407654198618,1.0242094206515198,BRA
Comb. LSTM/AR(1) suave,combinacion,2013Q1,1,3.723198233547098,4.888303307953203,1.165105074406105,BRA
Comb. 50/50 RF-AR(1),combinacion,2013Q1,1,3.723198233547098,3.878883449239601,0.15568521569250304,BRA
Ingenuo,referencia,2013Q2,1,2.4131566176679886,3.723198233547098,1.3100416158791095,BRA
Deriva,referencia,2013Q2,1,2.4131566176679886,3.702909269649377,1.2897526519813884,BRA
AR(1),Box-Jenkins,2013Q2,1,2.4131566176679886,3.5761252461940423,1.1629686285260536,BRA
"ARMA(2,2)",Box-Jenkins,2013Q2,1,2.4131566176679886,3.7662540505311317,1.353097432863143,BRA
"ARIMA(1,1,1)",Box-Jenkins,2013Q2,1,2.4131566176679886,3.206887795785221,0.7937311781172323,BRA
Ridge sobre rezagos,regularizado,2013Q2,1,2.4131566176679886,2.7777047203675753,0.3645481026995867,BRA
Random Forest,aprendizaje,2013Q2,1,2.4131566176679886,3.5211805141559256,1.108023896487937,BRA
LSTM(16),red neuronal,2013Q2,1,2.4131566176679886,2.8291286666241975,0.4159720489562089,BRA
Comb. RF/AR(1) suave,combinacion,2013Q2,1,2.4131566176679886,3.3060441294645915,0.8928875117966029,BRA
Comb. RF/AR(1) dura,combinacion,2013Q2,1,2.4131566176679886,3.3060441294645915,0.8928875117966029,BRA
Comb. RF/ingenuo suave,combinacion,2013Q2,1,2.4131566176679886,3.3060441294645915,0.8928875117966029,BRA
Comb. LSTM/AR(1) suave,combinacion,2013Q2,1,2.4131566176679886,3.5756513349855803,1.1624947173175917,BRA
Comb. 50/50 RF-AR(1),combinacion,2013Q2,1,2.4131566176679886,3.5761252461940423,1.1629686285260536,BRA
Ingenuo,referencia,2013Q3,1,2.572985161978858,2.4131566176679886,-0.15982854431086935,BRA
Deriva,referencia,2013Q3,1,2.572985161978858,2.3733259469220647,-0.1996592150567933,BRA
AR(1),Box-Jenkins,2013Q3,1,2.572985161978858,2.6049927963376134,0.03200763435875542,BRA
"ARMA(2,2)",Box-Jenkins,2013Q3,1,2.572985161978858,2.350417092652621,-0.22256806932623707,BRA
"ARIMA(1,1,1)",Box-Jenkins,2013Q3,1,2.572985161978858,2.370351331688835,-0.20263383029002302,BRA
Ridge sobre rezagos,regularizado,2013Q3,1,2.572985161978858,3.233232230481745,0.660247068502887,BRA
Random Forest,aprendizaje,2013Q3,1,2.572985161978858,2.687121184224169,0.11413602224531116,BRA
LSTM(16),red neuronal,2013Q3,1,2.572985161978858,2.8799986519193226,0.3070134899404646,BRA
Comb. RF/AR(1) suave,combinacion,2013Q3,1,2.572985161978858,2.687991985366551,0.11500682338769286,BRA
Comb. RF/AR(1) dura,combinacion,2013Q3,1,2.572985161978858,2.687991985366551,0.11500682338769286,BRA
Comb. RF/ingenuo suave,combinacion,2013Q3,1,2.572985161978858,2.687991985366551,0.11500682338769286,BRA
Comb. LSTM/AR(1) suave,combinacion,2013Q3,1,2.572985161978858,2.8927897306642683,0.3198045686854103,BRA
Comb. 50/50 RF-AR(1),combinacion,2013Q3,1,2.572985161978858,2.6049927963376134,0.03200763435875542,BRA
Ingenuo,referencia,2013Q4,1,2.8919420524702755,2.572985161978858,-0.3189568904914175,BRA
Deriva,referencia,2013Q4,1,2.8919420524702755,2.536134479517364,-0.3558075729529113,BRA
AR(1),Box-Jenkins,2013Q4,1,2.8919420524702755,2.7207327358173945,-0.17120931665288097,BRA
"ARMA(2,2)",Box-Jenkins,2013Q4,1,2.8919420524702755,2.713942044426539,-0.17800000804373628,BRA
"ARIMA(1,1,1)",Box-Jenkins,2013Q4,1,2.8919420524702755,2.682733509254209,-0.20920854321606663,BRA
Ridge sobre rezagos,regularizado,2013Q4,1,2.8919420524702755,2.240387082449842,-0.6515549700204333,BRA
Random Forest,aprendizaje,2013Q4,1,2.8919420524702755,2.5278607639497204,-0.3640812885205551,BRA
LSTM(16),red neuronal,2013Q4,1,2.8919420524702755,2.870831444304863,-0.021110608165412437,BRA
Comb. RF/AR(1) suave,combinacion,2013Q4,1,2.8919420524702755,2.2714633942754943,-0.6204786581947812,BRA
Comb. RF/AR(1) dura,combinacion,2013Q4,1,2.8919420524702755,2.2714633942754943,-0.6204786581947812,BRA
Comb. RF/ingenuo suave,combinacion,2013Q4,1,2.8919420524702755,2.2714633942754943,-0.6204786581947812,BRA
Comb. LSTM/AR(1) suave,combinacion,2013Q4,1,2.8919420524702755,2.883451357220819,-0.008490695249456337,BRA
Comb. 50/50 RF-AR(1),combinacion,2013Q4,1,2.8919420524702755,2.7207327358173945,-0.17120931665288097,BRA
Ingenuo,referencia,2014Q1,1,-0.024872875577164333,2.8919420524702755,2.91681492804744,BRA
Deriva,referencia,2014Q1,1,-0.024872875577164333,2.8603238343169126,2.885196709894077,BRA
AR(1),Box-Jenkins,2014Q1,1,-0.024872875577164333,2.9553751981677574,2.9802480737449217,BRA
"ARMA(2,2)",Box-Jenkins,2014Q1,1,-0.024872875577164333,3.145026268769694,3.1698991443468585,BRA
"ARIMA(1,1,1)",Box-Jenkins,2014Q1,1,-0.024872875577164333,2.918815579736846,2.9436884553140104,BRA
Ridge sobre rezagos,regularizado,2014Q1,1,-0.024872875577164333,3.359815913462838,3.3846887890400024,BRA
Random Forest,aprendizaje,2014Q1,1,-0.024872875577164333,2.5293908232299613,2.5542636988071257,BRA
LSTM(16),red neuronal,2014Q1,1,-0.024872875577164333,2.872425678499791,2.897298554076955,BRA
Comb. RF/AR(1) suave,combinacion,2014Q1,1,-0.024872875577164333,2.64034206765362,2.6652149432307843,BRA
Comb. RF/AR(1) dura,combinacion,2014Q1,1,-0.024872875577164333,2.64034206765362,2.6652149432307843,BRA
Comb. RF/ingenuo suave,combinacion,2014Q1,1,-0.024872875577164333,2.64034206765362,2.6652149432307843,BRA
Comb. LSTM/AR(1) suave,combinacion,2014Q1,1,-0.024872875577164333,2.882856416467452,2.9077292920446163,BRA
Comb. 50/50 RF-AR(1),combinacion,2014Q1,1,-0.024872875577164333,2.894639563625395,2.9195124392025593,BRA
Ingenuo,referencia,2014Q2,1,-0.5461573593871893,-0.024872875577164333,0.521284483810025,BRA
Deriva,referencia,2014Q2,1,-0.5461573593871893,-0.09830553880145593,0.4478518205857334,BRA
AR(1),Box-Jenkins,2014Q2,1,-0.5461573593871893,0.7832484129556426,1.3294057723428319,BRA
"ARMA(2,2)",Box-Jenkins,2014Q2,1,-0.5461573593871893,0.42599251723813447,0.9721498766253238,BRA
"ARIMA(1,1,1)",Box-Jenkins,2014Q2,1,-0.5461573593871893,-1.29070477659328,-0.7445474172060906,BRA
Ridge sobre rezagos,regularizado,2014Q2,1,-0.5461573593871893,0.891055363382617,1.4372127227698064,BRA
Random Forest,aprendizaje,2014Q2,1,-0.5461573593871893,1.2511621923547354,1.7973195517419247,BRA
LSTM(16),red neuronal,2014Q2,1,-0.5461573593871893,2.7760414499139565,3.322198809301146,BRA
Comb. RF/AR(1) suave,combinacion,2014Q2,1,-0.5461573593871893,1.7003789649486942,2.2465363243358834,BRA
Comb. RF/AR(1) dura,combinacion,2014Q2,1,-0.5461573593871893,1.7003789649486942,2.2465363243358834,BRA
Comb. RF/ingenuo suave,combinacion,2014Q2,1,-0.5461573593871893,1.7003789649486942,2.2465363243358834,BRA
Comb. LSTM/AR(1) suave,combinacion,2014Q2,1,-0.5461573593871893,2.787803620227416,3.3339609796146052,BRA
Comb. 50/50 RF-AR(1),combinacion,2014Q2,1,-0.5461573593871893,0.7832484129556426,1.3294057723428319,BRA
Ingenuo,referencia,2014Q3,1,-0.18408224319576005,-0.5461573593871893,-0.3620751161914293,BRA
Deriva,referencia,2014Q3,1,-0.18408224319576005,-0.6259879057627057,-0.44190566256694563,BRA
AR(1),Box-Jenkins,2014Q3,1,-0.18408224319576005,0.3474077724831727,0.5314900156789328,BRA
"ARMA(2,2)",Box-Jenkins,2014Q3,1,-0.18408224319576005,0.41682640828274387,0.6009086514785039,BRA
"ARIMA(1,1,1)",Box-Jenkins,2014Q3,1,-0.18408224319576005,0.4640331300889462,0.6481153732847063,BRA
Ridge sobre rezagos,regularizado,2014Q3,1,-0.18408224319576005,0.3704469143883897,0.5545291575841498,BRA
Random Forest,aprendizaje,2014Q3,1,-0.18408224319576005,0.7116451263950052,0.8957273695907653,BRA
LSTM(16),red neuronal,2014Q3,1,-0.18408224319576005,0.3651410443076113,0.5492232875033713,BRA
Comb. RF/AR(1) suave,combinacion,2014Q3,1,-0.18408224319576005,0.8179520670471584,1.0020343102429186,BRA
Comb. RF/AR(1) dura,combinacion,2014Q3,1,-0.18408224319576005,0.8179520670471584,1.0020343102429186,BRA
Comb. RF/ingenuo suave,combinacion,2014Q3,1,-0.18408224319576005,0.8179520670471584,1.0020343102429186,BRA
Comb. LSTM/AR(1) suave,combinacion,2014Q3,1,-0.18408224319576005,2.6958528265047392,2.8799350697004993,BRA
Comb. 50/50 RF-AR(1),combinacion,2014Q3,1,-0.18408224319576005,0.3474077724831727,0.5314900156789328,BRA
Ingenuo,referencia,2014Q4,1,-1.7961267605633768,-0.18408224319576005,1.6120445173676168,BRA
Deriva,referencia,2014Q4,1,-1.7961267605633768,-0.25768876615484054,1.5384379944085362,BRA
AR(1),Box-Jenkins,2014Q4,1,-1.7961267605633768,0.5932143054694429,2.3893410660328196,BRA
"ARMA(2,2)",Box-Jenkins,2014Q4,1,-1.7961267605633768,1.2127497944324994,3.0088765549958763,BRA
"ARIMA(1,1,1)",Box-Jenkins,2014Q4,1,-1.7961267605633768,-1.0195932712841673,0.7765334892792095,BRA
Ridge sobre rezagos,regularizado,2014Q4,1,-1.7961267605633768,0.5089178337715157,2.3050445943348925,BRA
Random Forest,aprendizaje,2014Q4,1,-1.7961267605633768,0.3119626155731947,2.1080893761365713,BRA
LSTM(16),red neuronal,2014Q4,1,-1.7961267605633768,0.6176471214328969,2.4137738819962737,BRA
Comb. RF/AR(1) suave,combinacion,2014Q4,1,-1.7961267605633768,0.4064547699247292,2.2025815304881062,BRA
Comb. RF/AR(1) dura,combinacion,2014Q4,1,-1.7961267605633768,0.4064547699247292,2.2025815304881062,BRA
Comb. RF/ingenuo suave,combinacion,2014Q4,1,-1.7961267605633768,0.4064547699247292,2.2025815304881062,BRA
Comb. LSTM/AR(1) suave,combinacion,2014Q4,1,-1.7961267605633768,2.6235749051775556,4.4197016657409325,BRA
Comb. 50/50 RF-AR(1),combinacion,2014Q4,1,-1.7961267605633768,0.5932143054694429,2.3893410660328196,BRA
Ingenuo,referencia,2015Q1,1,-2.6805080006002124,-1.7961267605633768,0.8843812400368356,BRA
Deriva,referencia,2015Q1,1,-2.6805080006002124,-1.8911004778892426,0.7894075227109698,BRA
AR(1),Box-Jenkins,2015Q1,1,-2.6805080006002124,-0.7217002737428829,1.9588077268573296,BRA
"ARMA(2,2)",Box-Jenkins,2015Q1,1,-2.6805080006002124,-0.31498747535520943,2.365520525245003,BRA
"ARIMA(1,1,1)",Box-Jenkins,2015Q1,1,-2.6805080006002124,-1.6379546112189445,1.042553389381268,BRA
Ridge sobre rezagos,regularizado,2015Q1,1,-2.6805080006002124,0.3588946821860479,3.0394026827862604,BRA
Random Forest,aprendizaje,2015Q1,1,-2.6805080006002124,0.5867338241737204,3.267241824773933,BRA
LSTM(16),red neuronal,2015Q1,1,-2.6805080006002124,1.6636364683836184,4.344144468983831,BRA
Comb. RF/AR(1) suave,combinacion,2015Q1,1,-2.6805080006002124,2.026152315815355,4.706660316415567,BRA
Comb. RF/AR(1) dura,combinacion,2015Q1,1,-2.6805080006002124,2.026152315815355,4.706660316415567,BRA
Comb. RF/ingenuo suave,combinacion,2015Q1,1,-2.6805080006002124,2.026152315815355,4.706660316415567,BRA
Comb. LSTM/AR(1) suave,combinacion,2015Q1,1,-2.6805080006002124,2.509452633056122,5.189960633656335,BRA
Comb. 50/50 RF-AR(1),combinacion,2015Q1,1,-2.6805080006002124,-0.7217002737428829,1.9588077268573296,BRA
Ingenuo,referencia,2015Q2,1,-4.228086710650336,-2.6805080006002124,1.5475787100501237,BRA
Deriva,referencia,2015Q2,1,-4.228086710650336,-2.7862955196070502,1.441791191043286,BRA
AR(1),Box-Jenkins,2015Q2,1,-4.228086710650336,-1.5322478011195217,2.6958389095308144,BRA
"ARMA(2,2)",Box-Jenkins,2015Q2,1,-4.228086710650336,-1.0441390234285794,3.1839476872217567,BRA
"ARIMA(1,1,1)",Box-Jenkins,2015Q2,1,-4.228086710650336,-3.2058330986789567,1.0222536119713794,BRA
Ridge sobre rezagos,regularizado,2015Q2,1,-4.228086710650336,-1.0832709820476958,3.1448157286026404,BRA
Random Forest,aprendizaje,2015Q2,1,-4.228086710650336,-0.24789774468518497,3.980188965965151,BRA
LSTM(16),red neuronal,2015Q2,1,-4.228086710650336,-0.6245714411560179,3.603515269494318,BRA
Comb. RF/AR(1) suave,combinacion,2015Q2,1,-4.228086710650336,0.06002749591926533,4.288114206569602,BRA
Comb. RF/AR(1) dura,combinacion,2015Q2,1,-4.228086710650336,0.06002749591926533,4.288114206569602,BRA
Comb. RF/ingenuo suave,combinacion,2015Q2,1,-4.228086710650336,0.06002749591926533,4.288114206569602,BRA
Comb. LSTM/AR(1) suave,combinacion,2015Q2,1,-4.228086710650336,2.383366199235427,6.611452909885763,BRA
Comb. 50/50 RF-AR(1),combinacion,2015Q2,1,-4.228086710650336,-1.5322478011195217,2.6958389095308144,BRA
Ingenuo,referencia,2015Q3,1,-5.458708640500809,-4.228086710650336,1.2306219298504733,BRA
Deriva,referencia,2015Q3,1,-5.458708640500809,-4.353357894401002,1.1053507460998073,BRA
AR(1),Box-Jenkins,2015Q3,1,-5.458708640500809,-2.986395606534882,2.4723130339659276,BRA
"ARMA(2,2)",Box-Jenkins,2015Q3,1,-5.458708640500809,-2.536187251275454,2.922521389225355,BRA
"ARIMA(1,1,1)",Box-Jenkins,2015Q3,1,-5.458708640500809,-4.35840022829427,1.1003084122065392,BRA
Ridge sobre rezagos,regularizado,2015Q3,1,-5.458708640500809,-3.5993419046789263,1.859366735821883,BRA
Random Forest,aprendizaje,2015Q3,1,-5.458708640500809,-1.6770164042334101,3.781692236267399,BRA
LSTM(16),red neuronal,2015Q3,1,-5.458708640500809,-2.3034654967620485,3.155243143738761,BRA
Comb. RF/AR(1) suave,combinacion,2015Q3,1,-5.458708640500809,-1.7916450890384938,3.6670635514623156,BRA
Comb. RF/AR(1) dura,combinacion,2015Q3,1,-5.458708640500809,-1.7916450890384938,3.6670635514623156,BRA
Comb. RF/ingenuo suave,combinacion,2015Q3,1,-5.458708640500809,-1.7916450890384938,3.6670635514623156,BRA
Comb. LSTM/AR(1) suave,combinacion,2015Q3,1,-5.458708640500809,2.225830145195131,7.68453878569594,BRA
Comb. 50/50 RF-AR(1),combinacion,2015Q3,1,-5.458708640500809,-2.986395606534882,2.4723130339659276,BRA
Ingenuo,referencia,2015Q4,1,-6.075773927935479,-5.458708640500809,0.61706528743467,BRA
Deriva,referencia,2015Q4,1,-6.075773927935479,-5.598717834199473,0.47705609373600666,BRA
AR(1),Box-Jenkins,2015Q4,1,-6.075773927935479,-4.271515022804184,1.8042589051312952,BRA
"ARMA(2,2)",Box-Jenkins,2015Q4,1,-6.075773927935479,-3.7464269444747598,2.3293469834607197,BRA
"ARIMA(1,1,1)",Box-Jenkins,2015Q4,1,-6.075773927935479,-5.850539403901106,0.2252345240343736,BRA
Ridge sobre rezagos,regularizado,2015Q4,1,-6.075773927935479,-3.6248962351241265,2.450877692811353,BRA
Random Forest,aprendizaje,2015Q4,1,-6.075773927935479,-3.7513210464510243,2.324452881484455,BRA
LSTM(16),red neuronal,2015Q4,1,-6.075773927935479,-0.8081746377691537,5.267599290166325,BRA
Comb. RF/AR(1) suave,combinacion,2015Q4,1,-6.075773927935479,-3.778149835052567,2.2976240928829124,BRA
Comb. RF/AR(1) dura,combinacion,2015Q4,1,-6.075773927935479,-3.778149835052567,2.2976240928829124,BRA
Comb. RF/ingenuo suave,combinacion,2015Q4,1,-6.075773927935479,-3.778149835052567,2.2976240928829124,BRA
Comb. LSTM/AR(1) suave,combinacion,2015Q4,1,-6.075773927935479,2.0434072120769553,8.119181140012435,BRA
Comb. 50/50 RF-AR(1),combinacion,2015Q4,1,-6.075773927935479,-4.271515022804184,1.8042589051312952,BRA
Ingenuo,referencia,2016Q1,1,-3.5321142558113805,-6.075773927935479,-2.543659672124099,BRA
Deriva,referencia,2016Q1,1,-3.5321142558113805,-6.222060175499091,-2.6899459196877102,BRA
AR(1),Box-Jenkins,2016Q1,1,-3.5321142558113805,-5.0188185735717905,-1.48670431776041,BRA
"ARMA(2,2)",Box-Jenkins,2016Q1,1,-3.5321142558113805,-2.500624350424471,1.0314899053869095,BRA
"ARIMA(1,1,1)",Box-Jenkins,2016Q1,1,-3.5321142558113805,-5.950437143998223,-2.4183228881868426,BRA
Ridge sobre rezagos,regularizado,2016Q1,1,-3.5321142558113805,-4.756199018704249,-1.2240847628928688,BRA
Random Forest,aprendizaje,2016Q1,1,-3.5321142558113805,-5.009483307101405,-1.4773690512900246,BRA
LSTM(16),red neuronal,2016Q1,1,-3.5321142558113805,0.16978518705002177,3.7018994428614023,BRA
Comb. RF/AR(1) suave,combinacion,2016Q1,1,-3.5321142558113805,-5.154388995445069,-1.622274739633688,BRA
Comb. RF/AR(1) dura,combinacion,2016Q1,1,-3.5321142558113805,-5.154388995445069,-1.622274739633688,BRA
Comb. RF/ingenuo suave,combinacion,2016Q1,1,-3.5321142558113805,-5.154388995445069,-1.622274739633688,BRA
Comb. LSTM/AR(1) suave,combinacion,2016Q1,1,-3.5321142558113805,1.8582335369559946,5.3903477927673755,BRA
Comb. 50/50 RF-AR(1),combinacion,2016Q1,1,-3.5321142558113805,-5.0188185735717905,-1.48670431776041,BRA
Ingenuo,referencia,2016Q2,1,-2.455370322986994,-3.5321142558113805,-1.0767439328243866,BRA
Deriva,referencia,2016Q2,1,-2.455370322986994,-3.6434661407816447,-1.1880958177946508,BRA
AR(1),Box-Jenkins,2016Q2,1,-2.455370322986994,-2.691208874776998,-0.23583855179000413,BRA
"ARMA(2,2)",Box-Jenkins,2016Q2,1,-2.455370322986994,-1.152120136259665,1.303250186727329,BRA
"ARIMA(1,1,1)",Box-Jenkins,2016Q2,1,-2.455370322986994,-2.5734268467836743,-0.11805652379668041,BRA
Ridge sobre rezagos,regularizado,2016Q2,1,-2.455370322986994,-1.1864409787240668,1.268929344262927,BRA
Random Forest,aprendizaje,2016Q2,1,-2.455370322986994,-4.500304715970557,-2.0449343929835635,BRA
LSTM(16),red neuronal,2016Q2,1,-2.455370322986994,1.3637974261867885,3.8191677491737823,BRA
Comb. RF/AR(1) suave,combinacion,2016Q2,1,-2.455370322986994,-4.656312093456915,-2.200941770469921,BRA
Comb. RF/AR(1) dura,combinacion,2016Q2,1,-2.455370322986994,-4.656312093456915,-2.200941770469921,BRA
Comb. RF/ingenuo suave,combinacion,2016Q2,1,-2.455370322986994,-4.656312093456915,-2.200941770469921,BRA
Comb. LSTM/AR(1) suave,combinacion,2016Q2,1,-2.455370322986994,1.7572225437301554,4.2125928667171495,BRA
Comb. 50/50 RF-AR(1),combinacion,2016Q2,1,-2.455370322986994,-3.09458504611717,-0.6392147231301761,BRA
Ingenuo,referencia,2016Q3,1,-1.7868196402421543,-2.455370322986994,-0.6685506827448395,BRA
Deriva,referencia,2016Q3,1,-1.7868196402421543,-2.551490210293224,-0.7646705700510696,BRA
AR(1),Box-Jenkins,2016Q3,1,-1.7868196402421543,-1.7683678246864707,0.01845181555568365,BRA
"ARMA(2,2)",Box-Jenkins,2016Q3,1,-1.7868196402421543,-0.7464174294959496,1.0404022107462048,BRA
"ARIMA(1,1,1)",Box-Jenkins,2016Q3,1,-1.7868196402421543,-2.944489652746466,-1.1576700125043118,BRA
Ridge sobre rezagos,regularizado,2016Q3,1,-1.7868196402421543,-0.8883180975621126,0.8985015426800418,BRA
Random Forest,aprendizaje,2016Q3,1,-1.7868196402421543,-3.2517330951850245,-1.4649134549428702,BRA
LSTM(16),red neuronal,2016Q3,1,-1.7868196402421543,2.515449628366806,4.30226926860896,BRA
Comb. RF/AR(1) suave,combinacion,2016Q3,1,-1.7868196402421543,-3.2035992313654016,-1.4167795911232473,BRA
Comb. RF/AR(1) dura,combinacion,2016Q3,1,-1.7868196402421543,-3.2035992313654016,-1.4167795911232473,BRA
Comb. RF/ingenuo suave,combinacion,2016Q3,1,-1.7868196402421543,-3.2035992313654016,-1.4167795911232473,BRA
Comb. LSTM/AR(1) suave,combinacion,2016Q3,1,-1.7868196402421543,1.706886516514798,3.4937061567569523,BRA
Comb. 50/50 RF-AR(1),combinacion,2016Q3,1,-1.7868196402421543,-2.2233061850206006,-0.4364865447784463,BRA
Ingenuo,referencia,2016Q4,1,0.6554939786381553,-1.7868196402421543,-2.4423136188803096,BRA
Deriva,referencia,2016Q4,1,0.6554939786381553,-1.8732601532439406,-2.5287541318820956,BRA
AR(1),Box-Jenkins,2016Q4,1,0.6554939786381553,-1.2052027727596712,-1.8606967513978265,BRA
"ARMA(2,2)",Box-Jenkins,2016Q4,1,0.6554939786381553,-0.4671241827443644,-1.1226181613825197,BRA
"ARIMA(1,1,1)",Box-Jenkins,2016Q4,1,0.6554939786381553,-1.0277032417333511,-1.6831972203715064,BRA
Ridge sobre rezagos,regularizado,2016Q4,1,0.6554939786381553,-0.5442827520072555,-1.1997767306454108,BRA
Random Forest,aprendizaje,2016Q4,1,0.6554939786381553,-2.2487258237371304,-2.9042198023752857,BRA
LSTM(16),red neuronal,2016Q4,1,0.6554939786381553,1.2705452246191757,0.6150512459810205,BRA
Comb. RF/AR(1) suave,combinacion,2016Q4,1,0.6554939786381553,-2.4034762439443984,-3.0589702225825537,BRA
Comb. RF/AR(1) dura,combinacion,2016Q4,1,0.6554939786381553,-2.4034762439443984,-3.0589702225825537,BRA
Comb. RF/ingenuo suave,combinacion,2016Q4,1,0.6554939786381553,-2.4034762439443984,-3.0589702225825537,BRA
Comb. LSTM/AR(1) suave,combinacion,2016Q4,1,0.6554939786381553,1.6823224374211456,1.0268284587829903,BRA
Comb. 50/50 RF-AR(1),combinacion,2016Q4,1,0.6554939786381553,-1.7309268064306766,-2.386420785068832,BRA
Ingenuo,referencia,2017Q1,1,1.197185705453907,0.6554939786381553,-0.5416917268157517,BRA
Deriva,referencia,2017Q1,1,1.197185705453907,0.6006628922848953,-0.5965228131690117,BRA
AR(1),Box-Jenkins,2017Q1,1,1.197185705453907,0.8959255757527275,-0.30126012970117955,BRA
"ARMA(2,2)",Box-Jenkins,2017Q1,1,1.197185705453907,1.2332233981992455,0.03603769274533852,BRA
"ARIMA(1,1,1)",Box-Jenkins,2017Q1,1,1.197185705453907,0.9425636478933208,-0.2546220575605862,BRA
Ridge sobre rezagos,regularizado,2017Q1,1,1.197185705453907,0.8999794875893774,-0.2972062178645296,BRA
Random Forest,aprendizaje,2017Q1,1,1.197185705453907,0.8040364624910832,-0.39314924296282383,BRA
LSTM(16),red neuronal,2017Q1,1,1.197185705453907,2.636613545085467,1.43942783963156,BRA
Comb. RF/AR(1) suave,combinacion,2017Q1,1,1.197185705453907,1.2927636121870458,0.09557790673313882,BRA
Comb. RF/AR(1) dura,combinacion,2017Q1,1,1.197185705453907,1.2927636121870458,0.09557790673313882,BRA
Comb. RF/ingenuo suave,combinacion,2017Q1,1,1.197185705453907,1.2927636121870458,0.09557790673313882,BRA
Comb. LSTM/AR(1) suave,combinacion,2017Q1,1,1.197185705453907,1.729835876030501,0.532650170576594,BRA
Comb. 50/50 RF-AR(1),combinacion,2017Q1,1,1.197185705453907,0.9518314997420078,-0.24535420571189925,BRA
Ingenuo,referencia,2017Q2,1,2.0126973811694926,1.197185705453907,-0.8155116757155856,BRA
Deriva,referencia,2017Q2,1,2.0126973811694926,1.1497190982755732,-0.8629782828939194,BRA
AR(1),Box-Jenkins,2017Q2,1,2.0126973811694926,1.3520512708631334,-0.6606461103063592,BRA
"ARMA(2,2)",Box-Jenkins,2017Q2,1,2.0126973811694926,2.9982754132159597,0.9855780320464671,BRA
"ARIMA(1,1,1)",Box-Jenkins,2017Q2,1,2.0126973811694926,1.1480376036546813,-0.8646597775148113,BRA
Ridge sobre rezagos,regularizado,2017Q2,1,2.0126973811694926,1.4608222238003687,-0.5518751573691238,BRA
Random Forest,aprendizaje,2017Q2,1,2.0126973811694926,2.8577394847094317,0.8450421035399391,BRA
LSTM(16),red neuronal,2017Q2,1,2.0126973811694926,4.393150527354691,2.3804531461851983,BRA
Comb. RF/AR(1) suave,combinacion,2017Q2,1,2.0126973811694926,2.958864729956539,0.9461673487870463,BRA
Comb. RF/AR(1) dura,combinacion,2017Q2,1,2.0126973811694926,2.958864729956539,0.9461673487870463,BRA
Comb. RF/ingenuo suave,combinacion,2017Q2,1,2.0126973811694926,2.958864729956539,0.9461673487870463,BRA
Comb. LSTM/AR(1) suave,combinacion,2017Q2,1,2.0126973811694926,1.7821695109269895,-0.2305278702425031,BRA
Comb. 50/50 RF-AR(1),combinacion,2017Q2,1,2.0126973811694926,1.4167951430780026,-0.59590223809149,BRA
Ingenuo,referencia,2017Q3,1,2.653952357904199,2.0126973811694926,-0.6412549767347064,BRA
Deriva,referencia,2017Q3,1,2.653952357904199,1.975754899392304,-0.6781974585118951,BRA
AR(1),Box-Jenkins,2017Q3,1,2.653952357904199,2.0398280948404626,-0.6141242630637365,BRA
"ARMA(2,2)",Box-Jenkins,2017Q3,1,2.653952357904199,2.420390819021013,-0.23356153888318598,BRA
"ARIMA(1,1,1)",Box-Jenkins,2017Q3,1,2.653952357904199,2.414600959412519,-0.2393513984916802,BRA
Ridge sobre rezagos,regularizado,2017Q3,1,2.653952357904199,2.851656979700423,0.19770462179622417,BRA
Random Forest,aprendizaje,2017Q3,1,2.653952357904199,3.2038796877234925,0.5499273298192935,BRA
LSTM(16),red neuronal,2017Q3,1,2.653952357904199,3.436910351976339,0.7829579940721398,BRA
Comb. RF/AR(1) suave,combinacion,2017Q3,1,2.653952357904199,2.877747526960683,0.2237951690564839,BRA
Comb. RF/AR(1) dura,combinacion,2017Q3,1,2.653952357904199,2.877747526960683,0.2237951690564839,BRA
Comb. RF/ingenuo suave,combinacion,2017Q3,1,2.653952357904199,2.877747526960683,0.2237951690564839,BRA
Comb. LSTM/AR(1) suave,combinacion,2017Q3,1,2.653952357904199,1.8416283305692667,-0.8123240273349324,BRA
Comb. 50/50 RF-AR(1),combinacion,2017Q3,1,2.653952357904199,2.044811760433409,-0.6091405974707902,BRA
Ingenuo,referencia,2017Q4,1,2.230536078215972,2.653952357904199,0.4234162796882268,BRA
Deriva,referencia,2017Q4,1,2.230536078215972,2.625180929844021,0.39464485162804896,BRA
AR(1),Box-Jenkins,2017Q4,1,2.230536078215972,2.580696345977468,0.3501602677614959,BRA
"ARMA(2,2)",Box-Jenkins,2017Q4,1,2.230536078215972,1.7866152675969,-0.4439208106190722,BRA
"ARIMA(1,1,1)",Box-Jenkins,2017Q4,1,2.230536078215972,2.5347512494223903,0.30421517120641806,BRA
Ridge sobre rezagos,regularizado,2017Q4,1,2.230536078215972,2.2908704484930937,0.06033437027712152,BRA
Random Forest,aprendizaje,2017Q4,1,2.230536078215972,3.4419294653316266,1.2113933871156544,BRA
LSTM(16),red neuronal,2017Q4,1,2.230536078215972,3.3072070879129516,1.0766710096969794,BRA
Comb. RF/AR(1) suave,combinacion,2017Q4,1,2.230536078215972,3.1586016729290485,0.9280655947130763,BRA
Comb. RF/AR(1) dura,combinacion,2017Q4,1,2.230536078215972,3.1586016729290485,0.9280655947130763,BRA
Comb. RF/ingenuo suave,combinacion,2017Q4,1,2.230536078215972,3.1586016729290485,0.9280655947130763,BRA
Comb. LSTM/AR(1) suave,combinacion,2017Q4,1,2.230536078215972,2.733562128103738,0.5030260498877657,BRA
Comb. 50/50 RF-AR(1),combinacion,2017Q4,1,2.230536078215972,2.580696345977468,0.3501602677614959,BRA
Ingenuo,referencia,2018Q1,1,1.2766252759702557,2.230536078215972,0.9539108022457166,BRA
Deriva,referencia,2018Q1,1,1.2766252759702557,2.1970664971602223,0.9204412211899666,BRA
AR(1),Box-Jenkins,2018Q1,1,1.2766252759702557,2.22437252743147,0.9477472514612142,BRA
"ARMA(2,2)",Box-Jenkins,2018Q1,1,1.2766252759702557,2.4006463098041015,1.1240210338338459,BRA
"ARIMA(1,1,1)",Box-Jenkins,2018Q1,1,1.2766252759702557,2.164441368623571,0.8878160926533152,BRA
Ridge sobre rezagos,regularizado,2018Q1,1,1.2766252759702557,2.291839631102918,1.0152143551326622,BRA
Random Forest,aprendizaje,2018Q1,1,1.2766252759702557,2.7279124053262245,1.4512871293559688,BRA
LSTM(16),red neuronal,2018Q1,1,1.2766252759702557,2.550258515792355,1.2736332398220993,BRA
Comb. RF/AR(1) suave,combinacion,2018Q1,1,1.2766252759702557,2.6227059031683684,1.3460806271981127,BRA
Comb. RF/AR(1) dura,combinacion,2018Q1,1,1.2766252759702557,2.6227059031683684,1.3460806271981127,BRA
Comb. RF/ingenuo suave,combinacion,2018Q1,1,1.2766252759702557,2.6227059031683684,1.3460806271981127,BRA
Comb. LSTM/AR(1) suave,combinacion,2018Q1,1,1.2766252759702557,1.9225386615029763,0.6459133855327206,BRA
Comb. 50/50 RF-AR(1),combinacion,2018Q1,1,1.2766252759702557,2.22437252743147,0.9477472514612142,BRA
Ingenuo,referencia,2018Q2,1,2.007055882658859,1.2766252759702557,-0.7304306066886035,BRA
Deriva,referencia,2018Q2,1,2.007055882658859,1.2323269746652121,-0.774728907993647,BRA
AR(1),Box-Jenkins,2018Q2,1,2.007055882658859,1.41971043138091,-0.5873454512779492,BRA
"ARMA(2,2)",Box-Jenkins,2018Q2,1,2.007055882658859,1.927717342007493,-0.07933854065136625,BRA
"ARIMA(1,1,1)",Box-Jenkins,2018Q2,1,2.007055882658859,0.926982202837479,-1.0800736798213801,BRA
Ridge sobre rezagos,regularizado,2018Q2,1,2.007055882658859,1.2168041671839305,-0.7902517154749287,BRA
Random Forest,aprendizaje,2018Q2,1,2.007055882658859,1.9317948502186197,-0.0752610324402394,BRA
LSTM(16),red neuronal,2018Q2,1,2.007055882658859,1.4286987271604819,-0.5783571554983773,BRA
Comb. RF/AR(1) suave,combinacion,2018Q2,1,2.007055882658859,1.6444044432356828,-0.36265143942317635,BRA
Comb. RF/AR(1) dura,combinacion,2018Q2,1,2.007055882658859,1.6444044432356828,-0.36265143942317635,BRA
Comb. RF/ingenuo suave,combinacion,2018Q2,1,2.007055882658859,1.6444044432356828,-0.36265143942317635,BRA
Comb. LSTM/AR(1) suave,combinacion,2018Q2,1,2.007055882658859,0.9778927970868823,-1.0291630855719769,BRA
Comb. 50/50 RF-AR(1),combinacion,2018Q2,1,2.007055882658859,1.5128256205259687,-0.49423026213289045,BRA
Ingenuo,referencia,2018Q3,1,1.1825455971359977,2.007055882658859,0.8245102855228614,BRA
Deriva,referencia,2018Q3,1,1.1825455971359977,1.9717660570281603,0.7892204598921626,BRA
AR(1),Box-Jenkins,2018Q3,1,1.1825455971359977,2.0344266078901265,0.8518810107541288,BRA
"ARMA(2,2)",Box-Jenkins,2018Q3,1,1.1825455971359977,1.3198817164847254,0.1373361193487277,BRA
"ARIMA(1,1,1)",Box-Jenkins,2018Q3,1,1.1825455971359977,2.6674336616486576,1.4848880645126599,BRA
Ridge sobre rezagos,regularizado,2018Q3,1,1.1825455971359977,2.111794126222852,0.9292485290868542,BRA
Random Forest,aprendizaje,2018Q3,1,1.1825455971359977,1.9327607444322525,0.7502151472962548,BRA
LSTM(16),red neuronal,2018Q3,1,1.1825455971359977,2.1663521537314367,0.983806556595439,BRA
Comb. RF/AR(1) suave,combinacion,2018Q3,1,1.1825455971359977,1.6732563381316123,0.4907107409956146,BRA
Comb. RF/AR(1) dura,combinacion,2018Q3,1,1.1825455971359977,1.6732563381316123,0.4907107409956146,BRA
Comb. RF/ingenuo suave,combinacion,2018Q3,1,1.1825455971359977,1.6732563381316123,0.4907107409956146,BRA
Comb. LSTM/AR(1) suave,combinacion,2018Q3,1,1.1825455971359977,1.890722507738017,0.7081769106020193,BRA
Comb. 50/50 RF-AR(1),combinacion,2018Q3,1,1.1825455971359977,1.8861434720936294,0.7035978749576317,BRA
Ingenuo,referencia,2018Q4,1,0.9224393463499903,1.1825455971359977,0.26010625078600746,BRA
Deriva,referencia,2018Q4,1,0.9224393463499903,1.1381842719663084,0.2157449256163182,BRA
AR(1),Box-Jenkins,2018Q4,1,0.9224393463499903,1.3389932084205194,0.41655386207052914,BRA
"ARMA(2,2)",Box-Jenkins,2018Q4,1,0.9224393463499903,1.5451837619636724,0.6227444156136821,BRA
"ARIMA(1,1,1)",Box-Jenkins,2018Q4,1,0.9224393463499903,0.1868490126848814,-0.7355903336651088,BRA
Ridge sobre rezagos,regularizado,2018Q4,1,0.9224393463499903,1.3039314443835077,0.38149209803351747,BRA
Random Forest,aprendizaje,2018Q4,1,0.9224393463499903,1.9342328642951736,1.0117935179451834,BRA
LSTM(16),red neuronal,2018Q4,1,0.9224393463499903,1.8357323852021286,0.9132930388521383,BRA
Comb. RF/AR(1) suave,combinacion,2018Q4,1,0.9224393463499903,1.6494542082604096,0.7270148619104193,BRA
Comb. RF/AR(1) dura,combinacion,2018Q4,1,0.9224393463499903,1.6494542082604096,0.7270148619104193,BRA
Comb. RF/ingenuo suave,combinacion,2018Q4,1,0.9224393463499903,1.6494542082604096,0.7270148619104193,BRA
Comb. LSTM/AR(1) suave,combinacion,2018Q4,1,0.9224393463499903,1.6471250975809222,0.7246857512309319,BRA
Comb. 50/50 RF-AR(1),combinacion,2018Q4,1,0.9224393463499903,1.470874660781363,0.5484353144313727,BRA
Ingenuo,referencia,2019Q1,1,1.5733117928004026,0.9224393463499903,-0.6508724464504123,BRA
Deriva,referencia,2019Q1,1,1.5733117928004026,0.8756263742982975,-0.6976854185021051,BRA
AR(1),Box-Jenkins,2019Q1,1,1.5733117928004026,1.1171263129928182,-0.4561854798075844,BRA
"ARMA(2,2)",Box-Jenkins,2019Q1,1,1.5733117928004026,1.3610946146784721,-0.21221717812193042,BRA
"ARIMA(1,1,1)",Box-Jenkins,2019Q1,1,1.5733117928004026,1.7862307685731609,0.2129189757727583,BRA
Ridge sobre rezagos,regularizado,2019Q1,1,1.5733117928004026,1.5754035083059006,0.0020917155054980263,BRA
Random Forest,aprendizaje,2019Q1,1,1.5733117928004026,1.0244587602988804,-0.5488530325015222,BRA
LSTM(16),red neuronal,2019Q1,1,1.5733117928004026,0.9537200245264561,-0.6195917682739465,BRA
Comb. RF/AR(1) suave,combinacion,2019Q1,1,1.5733117928004026,1.479568330624058,-0.09374346217634466,BRA
Comb. RF/AR(1) dura,combinacion,2019Q1,1,1.5733117928004026,1.479568330624058,-0.09374346217634466,BRA
Comb. RF/ingenuo suave,combinacion,2019Q1,1,1.5733117928004026,1.479568330624058,-0.09374346217634466,BRA
Comb. LSTM/AR(1) suave,combinacion,2019Q1,1,1.5733117928004026,1.7211573655076045,0.1478455727072019,BRA
Comb. 50/50 RF-AR(1),combinacion,2019Q1,1,1.5733117928004026,1.479568330624058,-0.09374346217634466,BRA
Ingenuo,referencia,2019Q2,1,0.6180883791494729,1.5733117928004026,0.9552234136509297,BRA
Deriva,referencia,2019Q2,1,0.6180883791494729,1.5343379827543515,0.9162496036048786,BRA
AR(1),Box-Jenkins,2019Q2,1,0.6180883791494729,1.6644091779992087,1.0463207988497358,BRA
"ARMA(2,2)",Box-Jenkins,2019Q2,1,0.6180883791494729,1.523679630395237,0.905591251245764,BRA
"ARIMA(1,1,1)",Box-Jenkins,2019Q2,1,0.6180883791494729,0.9954696423629718,0.37738126321349885,BRA
Ridge sobre rezagos,regularizado,2019Q2,1,0.6180883791494729,1.501518668847408,0.8834302896979351,BRA
Random Forest,aprendizaje,2019Q2,1,0.6180883791494729,1.9381783114624553,1.3200899323129824,BRA
LSTM(16),red neuronal,2019Q2,1,0.6180883791494729,2.1545280114519465,1.5364396323024736,BRA
Comb. RF/AR(1) suave,combinacion,2019Q2,1,0.6180883791494729,1.8670844830013804,1.2489961038519075,BRA
Comb. RF/AR(1) dura,combinacion,2019Q2,1,0.6180883791494729,1.8670844830013804,1.2489961038519075,BRA
Comb. RF/ingenuo suave,combinacion,2019Q2,1,0.6180883791494729,1.8670844830013804,1.2489961038519075,BRA
Comb. LSTM/AR(1) suave,combinacion,2019Q2,1,0.6180883791494729,1.7873216392291345,1.1692332600796616,BRA
Comb. 50/50 RF-AR(1),combinacion,2019Q2,1,0.6180883791494729,1.8670844830013804,1.2489961038519075,BRA
Ingenuo,referencia,2019Q3,1,1.7851701141402554,0.6180883791494729,-1.1670817349907825,BRA
Deriva,referencia,2019Q3,1,1.7851701141402554,0.5689340179522564,-1.216236096187999,BRA
AR(1),Box-Jenkins,2019Q3,1,1.7851701141402554,0.8570917498453429,-0.9280783642949125,BRA
"ARMA(2,2)",Box-Jenkins,2019Q3,1,1.7851701141402554,1.3028989752733877,-0.4822711388668677,BRA
"ARIMA(1,1,1)",Box-Jenkins,2019Q3,1,1.7851701141402554,0.7878448674594277,-0.9973252466808277,BRA
Ridge sobre rezagos,regularizado,2019Q3,1,1.7851701141402554,0.8617618701156453,-0.9234082440246101,BRA
Random Forest,aprendizaje,2019Q3,1,1.7851701141402554,0.7025162984321011,-1.0826538157081544,BRA
LSTM(16),red neuronal,2019Q3,1,1.7851701141402554,1.6401404392230252,-0.14502967491723018,BRA
Comb. RF/AR(1) suave,combinacion,2019Q3,1,1.7851701141402554,0.7922067651487752,-0.9929633489914802,BRA
Comb. RF/AR(1) dura,combinacion,2019Q3,1,1.7851701141402554,0.7922067651487752,-0.9929633489914802,BRA
Comb. RF/ingenuo suave,combinacion,2019Q3,1,1.7851701141402554,0.7922067651487752,-0.9929633489914802,BRA
Comb. LSTM/AR(1) suave,combinacion,2019Q3,1,1.7851701141402554,-0.08211104111575196,-1.8672811552560074,BRA
Comb. 50/50 RF-AR(1),combinacion,2019Q3,1,1.7851701141402554,0.7974075434737111,-0.9877625706665443,BRA
Ingenuo,referencia,2019Q4,1,-0.8511494360424865,1.7851701141402554,2.636319550182742,BRA
Deriva,referencia,2019Q4,1,-0.8511494360424865,1.7493809847692807,2.600530420811767,BRA
AR(1),Box-Jenkins,2019Q4,1,-0.8511494360424865,1.8395725789962603,2.6907220150387468,BRA
"ARMA(2,2)",Box-Jenkins,2019Q4,1,-0.8511494360424865,1.507876482960492,2.3590259190029785,BRA
"ARIMA(1,1,1)",Box-Jenkins,2019Q4,1,-0.8511494360424865,2.111075891753053,2.9622253277955397,BRA
Ridge sobre rezagos,regularizado,2019Q4,1,-0.8511494360424865,2.474074554091306,3.3252239901337926,BRA
Random Forest,aprendizaje,2019Q4,1,-0.8511494360424865,2.498484048597286,3.3496334846397726,BRA
LSTM(16),red neuronal,2019Q4,1,-0.8511494360424865,2.08865862324889,2.9398080592913765,BRA
Comb. RF/AR(1) suave,combinacion,2019Q4,1,-0.8511494360424865,2.77672450158402,3.6278739376265063,BRA
Comb. RF/AR(1) dura,combinacion,2019Q4,1,-0.8511494360424865,2.77672450158402,3.6278739376265063,BRA
Comb. RF/ingenuo suave,combinacion,2019Q4,1,-0.8511494360424865,2.77672450158402,3.6278739376265063,BRA
Comb. LSTM/AR(1) suave,combinacion,2019Q4,1,-0.8511494360424865,1.8327678507436345,2.683917286786121,BRA
Comb. 50/50 RF-AR(1),combinacion,2019Q4,1,-0.8511494360424865,2.482153320360166,3.3333027564026523,BRA
Ingenuo,referencia,2020Q1,1,-10.16351809154008,-0.8511494360424865,9.312368655497593,BRA
Deriva,referencia,2020Q1,1,-10.16351809154008,-0.9152052004222848,9.248312891117795,BRA
AR(1),Box-Jenkins,2020Q1,1,-10.16351809154008,-0.38400419845026523,9.779513893089815,BRA
"ARMA(2,2)",Box-Jenkins,2020Q1,1,-10.16351809154008,0.23832054640544975,10.40183863794553,BRA
"ARIMA(1,1,1)",Box-Jenkins,2020Q1,1,-10.16351809154008,-1.3295235793282427,8.833994512211838,BRA
Ridge sobre rezagos,regularizado,2020Q1,1,-10.16351809154008,-1.4191154904192222,8.744402601120857,BRA
Random Forest,aprendizaje,2020Q1,1,-10.16351809154008,0.9933791952858269,11.156897286825908,BRA
LSTM(16),red neuronal,2020Q1,1,-10.16351809154008,1.7309443857090254,11.894462477249105,BRA
Comb. RF/AR(1) suave,combinacion,2020Q1,1,-10.16351809154008,0.3151342223714971,10.478652313911578,BRA
Comb. RF/AR(1) dura,combinacion,2020Q1,1,-10.16351809154008,0.3151342223714971,10.478652313911578,BRA
Comb. RF/ingenuo suave,combinacion,2020Q1,1,-10.16351809154008,0.3151342223714971,10.478652313911578,BRA
Comb. LSTM/AR(1) suave,combinacion,2020Q1,1,-10.16351809154008,1.758010087729414,11.921528179269494,BRA
Comb. 50/50 RF-AR(1),combinacion,2020Q1,1,-10.16351809154008,-0.38400419845026523,9.779513893089815,BRA
Ingenuo,referencia,2020Q2,1,-3.068267829505522,-10.16351809154008,-7.095250262034558,BRA
Deriva,referencia,2020Q2,1,-3.068267829505522,-10.327018080555554,-7.2587502510500315,BRA
AR(1),Box-Jenkins,2020Q2,1,-3.068267829505522,-8.703193445628953,-5.6349256161234305,BRA
"ARMA(2,2)",Box-Jenkins,2020Q2,1,-3.068267829505522,-12.027846040207905,-8.959578210702382,BRA
"ARIMA(1,1,1)",Box-Jenkins,2020Q2,1,-3.068267829505522,-13.108845603967527,-10.040577774462005,BRA
Ridge sobre rezagos,regularizado,2020Q2,1,-3.068267829505522,-11.483331985784726,-8.415064156279204,BRA
Random Forest,aprendizaje,2020Q2,1,-3.068267829505522,-4.1345641736493155,-1.0662963441437934,BRA
LSTM(16),red neuronal,2020Q2,1,-3.068267829505522,-8.136805218188265,-5.068537388682742,BRA
Comb. RF/AR(1) suave,combinacion,2020Q2,1,-3.068267829505522,-8.703193445628953,-5.6349256161234305,BRA
Comb. RF/AR(1) dura,combinacion,2020Q2,1,-3.068267829505522,-8.703193445628953,-5.6349256161234305,BRA
Comb. RF/ingenuo suave,combinacion,2020Q2,1,-3.068267829505522,-10.16351809154008,-7.095250262034558,BRA
Comb. LSTM/AR(1) suave,combinacion,2020Q2,1,-3.068267829505522,-8.703193445628953,-5.6349256161234305,BRA
Comb. 50/50 RF-AR(1),combinacion,2020Q2,1,-3.068267829505522,-8.703193445628953,-5.6349256161234305,BRA
Ingenuo,referencia,2020Q3,1,-0.22558107134705851,-3.068267829505522,-2.8426867581584636,BRA
Deriva,referencia,2020Q3,1,-0.22558107134705851,-3.1545470711693997,-2.928965999822341,BRA
AR(1),Box-Jenkins,2020Q3,1,-0.22558107134705851,-2.101212697620481,-1.8756316262734223,BRA
"ARMA(2,2)",Box-Jenkins,2020Q3,1,-0.22558107134705851,3.039742567643737,3.2653236389907954,BRA
"ARIMA(1,1,1)",Box-Jenkins,2020Q3,1,-0.22558107134705851,0.9870817842396136,1.212662855586672,BRA
Ridge sobre rezagos,regularizado,2020Q3,1,-0.22558107134705851,-1.2049215257551107,-0.9793404544080522,BRA
Random Forest,aprendizaje,2020Q3,1,-0.22558107134705851,-3.3122955717260334,-3.086714500378975,BRA
LSTM(16),red neuronal,2020Q3,1,-0.22558107134705851,-5.235716600682485,-5.010135529335427,BRA
Comb. RF/AR(1) suave,combinacion,2020Q3,1,-0.22558107134705851,-2.101212697620481,-1.8756316262734223,BRA
Comb. RF/AR(1) dura,combinacion,2020Q3,1,-0.22558107134705851,-2.101212697620481,-1.8756316262734223,BRA
Comb. RF/ingenuo suave,combinacion,2020Q3,1,-0.22558107134705851,-3.068267829505522,-2.8426867581584636,BRA
Comb. LSTM/AR(1) suave,combinacion,2020Q3,1,-0.22558107134705851,-2.101212697620481,-1.8756316262734223,BRA
Comb. 50/50 RF-AR(1),combinacion,2020Q3,1,-0.22558107134705851,-2.101212697620481,-1.8756316262734223,BRA
Ingenuo,referencia,2020Q4,1,3.0163258345090593,-0.22558107134705851,-3.241906905856118,BRA
Deriva,referencia,2020Q4,1,3.0163258345090593,-0.28102909196017445,-3.2973549264692337,BRA
AR(1),Box-Jenkins,2020Q4,1,3.0163258345090593,0.20926439769145125,-2.807061436817608,BRA
"ARMA(2,2)",Box-Jenkins,2020Q4,1,3.0163258345090593,-2.779400643328954,-5.795726477838013,BRA
"ARIMA(1,1,1)",Box-Jenkins,2020Q4,1,3.0163258345090593,-2.8740866465421924,-5.890412481051252,BRA
Ridge sobre rezagos,regularizado,2020Q4,1,3.0163258345090593,-0.6292155322403898,-3.645541366749449,BRA
Random Forest,aprendizaje,2020Q4,1,3.0163258345090593,0.1314683108155633,-2.884857523693496,BRA
LSTM(16),red neuronal,2020Q4,1,3.0163258345090593,2.4776763946925455,-0.5386494398165138,BRA
Comb. RF/AR(1) suave,combinacion,2020Q4,1,3.0163258345090593,0.20926439769145125,-2.807061436817608,BRA
Comb. RF/AR(1) dura,combinacion,2020Q4,1,3.0163258345090593,0.20926439769145125,-2.807061436817608,BRA
Comb. RF/ingenuo suave,combinacion,2020Q4,1,3.0163258345090593,-0.22558107134705851,-3.241906905856118,BRA
Comb. LSTM/AR(1) suave,combinacion,2020Q4,1,3.0163258345090593,0.20926439769145125,-2.807061436817608,BRA
Comb. 50/50 RF-AR(1),combinacion,2020Q4,1,3.0163258345090593,0.20926439769145125,-2.807061436817608,BRA
Ingenuo,referencia,2021Q1,1,12.266018362294083,3.0163258345090593,-9.249692527785024,BRA
Deriva,referencia,2021Q1,1,12.266018362294083,2.9952252610466648,-9.270793101247419,BRA
AR(1),Box-Jenkins,2021Q1,1,12.266018362294083,2.787721503519807,-9.478296858774277,BRA
"ARMA(2,2)",Box-Jenkins,2021Q1,1,12.266018362294083,4.039303411996757,-8.226714950297326,BRA
"ARIMA(1,1,1)",Box-Jenkins,2021Q1,1,12.266018362294083,5.028364082153838,-7.237654280140245,BRA
Ridge sobre rezagos,regularizado,2021Q1,1,12.266018362294083,8.298009099662687,-3.968009262631396,BRA
Random Forest,aprendizaje,2021Q1,1,12.266018362294083,4.099554856407236,-8.166463505886847,BRA
LSTM(16),red neuronal,2021Q1,1,12.266018362294083,6.056788533387703,-6.2092298289063805,BRA
Comb. RF/AR(1) suave,combinacion,2021Q1,1,12.266018362294083,2.787721503519807,-9.478296858774277,BRA
Comb. RF/AR(1) dura,combinacion,2021Q1,1,12.266018362294083,2.787721503519807,-9.478296858774277,BRA
Comb. RF/ingenuo suave,combinacion,2021Q1,1,12.266018362294083,3.0163258345090593,-9.249692527785024,BRA
Comb. LSTM/AR(1) suave,combinacion,2021Q1,1,12.266018362294083,2.787721503519807,-9.478296858774277,BRA
Comb. 50/50 RF-AR(1),combinacion,2021Q1,1,12.266018362294083,2.787721503519807,-9.478296858774277,BRA
Ingenuo,referencia,2021Q2,1,4.169674582885152,12.266018362294083,8.096343779408931,BRA
Deriva,referencia,2021Q2,1,4.169674582885152,12.340492975442487,8.170818392557335,BRA
AR(1),Box-Jenkins,2021Q2,1,4.169674582885152,10.207484995871754,6.037810412986602,BRA
"ARMA(2,2)",Box-Jenkins,2021Q2,1,4.169674582885152,9.598135335024118,5.428460752138966,BRA
"ARIMA(1,1,1)",Box-Jenkins,2021Q2,1,4.169674582885152,11.534360600470826,7.364686017585674,BRA
Ridge sobre rezagos,regularizado,2021Q2,1,4.169674582885152,9.026442500935346,4.856767918050194,BRA
Random Forest,aprendizaje,2021Q2,1,4.169674582885152,6.911773317847645,2.742098734962493,BRA
LSTM(16),red neuronal,2021Q2,1,4.169674582885152,9.558802468425991,5.389127885540839,BRA
Comb. RF/AR(1) suave,combinacion,2021Q2,1,4.169674582885152,10.207484995871754,6.037810412986602,BRA
Comb. RF/AR(1) dura,combinacion,2021Q2,1,4.169674582885152,10.207484995871754,6.037810412986602,BRA
Comb. RF/ingenuo suave,combinacion,2021Q2,1,4.169674582885152,12.266018362294083,8.096343779408931,BRA
Comb. LSTM/AR(1) suave,combinacion,2021Q2,1,4.169674582885152,10.207484995871754,6.037810412986602,BRA
Comb. 50/50 RF-AR(1),combinacion,2021Q2,1,4.169674582885152,10.207484995871754,6.037810412986602,BRA
Ingenuo,referencia,2021Q3,1,1.639746344877202,4.169674582885152,2.52992823800795,BRA
Deriva,referencia,2021Q3,1,1.639746344877202,4.160773498150317,2.521027153273115,BRA
AR(1),Box-Jenkins,2021Q3,1,1.639746344877202,3.634464956649639,1.994718611772437,BRA
"ARMA(2,2)",Box-Jenkins,2021Q3,1,1.639746344877202,2.0343672463919633,0.39462090151476126,BRA
"ARIMA(1,1,1)",Box-Jenkins,2021Q3,1,1.639746344877202,3.633215874995366,1.9934695301181637,BRA
Ridge sobre rezagos,regularizado,2021Q3,1,1.639746344877202,1.069814463256937,-0.569931881620265,BRA
Random Forest,aprendizaje,2021Q3,1,1.639746344877202,3.782214106197942,2.14246776132074,BRA
LSTM(16),red neuronal,2021Q3,1,1.639746344877202,4.770665377976975,3.130919033099773,BRA
Comb. RF/AR(1) suave,combinacion,2021Q3,1,1.639746344877202,3.634464956649639,1.994718611772437,BRA
Comb. RF/AR(1) dura,combinacion,2021Q3,1,1.639746344877202,3.634464956649639,1.994718611772437,BRA
Comb. RF/ingenuo suave,combinacion,2021Q3,1,1.639746344877202,4.169674582885152,2.52992823800795,BRA
Comb. LSTM/AR(1) suave,combinacion,2021Q3,1,1.639746344877202,3.634464956649639,1.994718611772437,BRA
Comb. 50/50 RF-AR(1),combinacion,2021Q3,1,1.639746344877202,3.634464956649639,1.994718611772437,BRA
Ingenuo,referencia,2021Q4,1,1.4843051425396991,1.639746344877202,0.15544120233750292,BRA
Deriva,referencia,2021Q4,1,1.4843051425396991,1.6053803394022348,0.12107519686253565,BRA
AR(1),Box-Jenkins,2021Q4,1,1.4843051425396991,1.7553042643750247,0.2709991218353256,BRA
"ARMA(2,2)",Box-Jenkins,2021Q4,1,1.4843051425396991,2.7603698877139577,1.2760647451742586,BRA
"ARIMA(1,1,1)",Box-Jenkins,2021Q4,1,1.4843051425396991,2.2629373122528547,0.7786321697131555,BRA
Ridge sobre rezagos,regularizado,2021Q4,1,1.4843051425396991,2.596897224648551,1.112592082108852,BRA
Random Forest,aprendizaje,2021Q4,1,1.4843051425396991,0.6171288744886034,-0.8671762680510957,BRA
LSTM(16),red neuronal,2021Q4,1,1.4843051425396991,0.7103644915024938,-0.7739406510372053,BRA
Comb. RF/AR(1) suave,combinacion,2021Q4,1,1.4843051425396991,1.498128524524801,0.013823381985101912,BRA
Comb. RF/AR(1) dura,combinacion,2021Q4,1,1.4843051425396991,1.7553042643750247,0.2709991218353256,BRA
Comb. RF/ingenuo suave,combinacion,2021Q4,1,1.4843051425396991,1.4035043227435238,-0.08080081979617537,BRA
Comb. LSTM/AR(1) suave,combinacion,2021Q4,1,1.4843051425396991,1.5417499094901417,0.05744476695044254,BRA
Comb. 50/50 RF-AR(1),combinacion,2021Q4,1,1.4843051425396991,1.7553042643750247,0.2709991218353256,BRA
Ingenuo,referencia,2022Q1,1,3.369272636868037,1.4843051425396991,-1.8849674943283379,BRA
Deriva,referencia,2022Q1,1,3.369272636868037,1.4487283850961066,-1.9205442517719304,BRA
AR(1),Box-Jenkins,2022Q1,1,3.369272636868037,1.6387078297320745,-1.7305648071359625,BRA
"ARMA(2,2)",Box-Jenkins,2022Q1,1,3.369272636868037,0.8136436224362745,-2.5556290144317626,BRA
"ARIMA(1,1,1)",Box-Jenkins,2022Q1,1,3.369272636868037,0.8168992298675215,-2.5523734070005153,BRA
Ridge sobre rezagos,regularizado,2022Q1,1,3.369272636868037,-4.57045098760328,-7.939723624471317,BRA
Random Forest,aprendizaje,2022Q1,1,3.369272636868037,1.0627969591452178,-2.306475677722819,BRA
LSTM(16),red neuronal,2022Q1,1,3.369272636868037,0.6261646538081147,-2.7431079830599225,BRA
Comb. RF/AR(1) suave,combinacion,2022Q1,1,3.369272636868037,1.6230010110885877,-1.7462716257794493,BRA
Comb. RF/AR(1) dura,combinacion,2022Q1,1,3.369272636868037,1.6387078297320745,-1.7305648071359625,BRA
Comb. RF/ingenuo suave,combinacion,2022Q1,1,3.369272636868037,1.4730279686985943,-1.8962446681694427,BRA
Comb. LSTM/AR(1) suave,combinacion,2022Q1,1,3.369272636868037,1.6169400959160523,-1.7523325409519848,BRA
Comb. 50/50 RF-AR(1),combinacion,2022Q1,1,3.369272636868037,1.6387078297320745,-1.7305648071359625,BRA
Ingenuo,referencia,2022Q2,1,4.282935124832821,3.369272636868037,-0.9136624879647837,BRA
Deriva,referencia,2022Q2,1,4.282935124832821,3.3527111690459486,-0.9302239557868721,BRA
AR(1),Box-Jenkins,2022Q2,1,4.282935124832821,3.0346896075116745,-1.2482455173211462,BRA
"ARMA(2,2)",Box-Jenkins,2022Q2,1,4.282935124832821,4.368919009663353,0.0859838848305321,BRA
"ARIMA(1,1,1)",Box-Jenkins,2022Q2,1,4.282935124832821,4.658769600065007,0.37583447523218627,BRA
Ridge sobre rezagos,regularizado,2022Q2,1,4.282935124832821,9.071210847604029,4.788275722771208,BRA
Random Forest,aprendizaje,2022Q2,1,4.282935124832821,2.3994045146233702,-1.8835306102094505,BRA
LSTM(16),red neuronal,2022Q2,1,4.282935124832821,4.157852003739151,-0.12508312109366937,BRA
Comb. RF/AR(1) suave,combinacion,2022Q2,1,4.282935124832821,2.9049876347120236,-1.377947490120797,BRA
Comb. RF/AR(1) dura,combinacion,2022Q2,1,4.282935124832821,3.0346896075116745,-1.2482455173211462,BRA
Comb. RF/ingenuo suave,combinacion,2022Q2,1,4.282935124832821,3.1760026825129324,-1.1069324423198883,BRA
Comb. LSTM/AR(1) suave,combinacion,2022Q2,1,4.282935124832821,3.289886586151143,-0.9930485386816779,BRA
Comb. 50/50 RF-AR(1),combinacion,2022Q2,1,4.282935124832821,3.0346896075116745,-1.2482455173211462,BRA
Ingenuo,referencia,2022Q3,1,3.337238302387502,4.282935124832821,0.9456968224453188,BRA
Deriva,referencia,2022Q3,1,3.337238302387502,4.275493499714525,0.938255197327023,BRA
AR(1),Box-Jenkins,2022Q3,1,3.337238302387502,3.7176375150267287,0.3803992126392268,BRA
"ARMA(2,2)",Box-Jenkins,2022Q3,1,3.337238302387502,2.7100603384627417,-0.6271779639247601,BRA
"ARIMA(1,1,1)",Box-Jenkins,2022Q3,1,3.337238302387502,3.321966991730787,-0.015271310656714832,BRA
Ridge sobre rezagos,regularizado,2022Q3,1,3.337238302387502,5.546467634819882,2.20922933243238,BRA
Random Forest,aprendizaje,2022Q3,1,3.337238302387502,3.1175231210094343,-0.21971518137806756,BRA
LSTM(16),red neuronal,2022Q3,1,3.337238302387502,6.482350480770003,3.145112178382501,BRA
Comb. RF/AR(1) suave,combinacion,2022Q3,1,3.337238302387502,3.5951340282730797,0.25789572588557785,BRA
Comb. RF/AR(1) dura,combinacion,2022Q3,1,3.337238302387502,3.7176375150267287,0.3803992126392268,BRA
Comb. RF/ingenuo suave,combinacion,2022Q3,1,3.337238302387502,4.033234115530674,0.6959958131431723,BRA
Comb. LSTM/AR(1) suave,combinacion,2022Q3,1,3.337238302387502,4.145259648238461,0.8080213458509595,BRA
Comb. 50/50 RF-AR(1),combinacion,2022Q3,1,3.337238302387502,3.7176375150267287,0.3803992126392268,BRA
Ingenuo,referencia,2022Q4,1,4.025386435163414,3.337238302387502,-0.688148132775912,BRA
Deriva,referencia,2022Q4,1,4.025386435163414,3.32068740350875,-0.704699031654664,BRA
AR(1),Box-Jenkins,2022Q4,1,4.025386435163414,3.02052473357982,-1.004861701583594,BRA
"ARMA(2,2)",Box-Jenkins,2022Q4,1,4.025386435163414,3.716196025625963,-0.3091904095374507,BRA
"ARIMA(1,1,1)",Box-Jenkins,2022Q4,1,4.025386435163414,3.9685249924348094,-0.056861442728604494,BRA
Ridge sobre rezagos,regularizado,2022Q4,1,4.025386435163414,2.436142391454464,-1.5892440437089497,BRA
Random Forest,aprendizaje,2022Q4,1,4.025386435163414,3.4335636496548774,-0.5918227855085365,BRA
LSTM(16),red neuronal,2022Q4,1,4.025386435163414,3.8222202674791896,-0.20316616768422424,BRA
Comb. RF/AR(1) suave,combinacion,2022Q4,1,4.025386435163414,2.962024981557577,-1.063361453605837,BRA
Comb. RF/AR(1) dura,combinacion,2022Q4,1,4.025386435163414,3.02052473357982,-1.004861701583594,BRA
Comb. RF/ingenuo suave,combinacion,2022Q4,1,4.025386435163414,3.229026887676997,-0.7963595474864169,BRA
Comb. LSTM/AR(1) suave,combinacion,2022Q4,1,4.025386435163414,3.0159572016801794,-1.0094292334832344,BRA
Comb. 50/50 RF-AR(1),combinacion,2022Q4,1,4.025386435163414,3.02052473357982,-1.004861701583594,BRA
Ingenuo,referencia,2023Q1,1,3.6800016320852613,4.025386435163414,0.34538480307815256,BRA
Deriva,referencia,2023Q1,1,3.6800016320852613,4.015611488512111,0.33560985642684926,BRA
AR(1),Box-Jenkins,2023Q1,1,3.6800016320852613,3.5354953759690124,-0.1445062561162489,BRA
"ARMA(2,2)",Box-Jenkins,2023Q1,1,3.6800016320852613,3.1423720803358735,-0.5376295517493879,BRA
"ARIMA(1,1,1)",Box-Jenkins,2023Q1,1,3.6800016320852613,3.6330629540755157,-0.046938678009745605,BRA
Ridge sobre rezagos,regularizado,2023Q1,1,3.6800016320852613,2.406014520934559,-1.2739871111507024,BRA
Random Forest,aprendizaje,2023Q1,1,3.6800016320852613,2.6485868739273872,-1.031414758157874,BRA
LSTM(16),red neuronal,2023Q1,1,3.6800016320852613,3.0426312504002953,-0.6373703816849661,BRA
Comb. RF/AR(1) suave,combinacion,2023Q1,1,3.6800016320852613,3.259997321970825,-0.4200043101144364,BRA
Comb. RF/AR(1) dura,combinacion,2023Q1,1,3.6800016320852613,3.5354953759690124,-0.1445062561162489,BRA
Comb. RF/ingenuo suave,combinacion,2023Q1,1,3.6800016320852613,3.6125945321591875,-0.06740709992607385,BRA
Comb. LSTM/AR(1) suave,combinacion,2023Q1,1,3.6800016320852613,3.4353437316664075,-0.24465790041885382,BRA
Comb. 50/50 RF-AR(1),combinacion,2023Q1,1,3.6800016320852613,3.5354953759690124,-0.1445062561162489,BRA
Ingenuo,referencia,2023Q2,1,2.7208671231579995,3.6800016320852613,0.9591345089272618,BRA
Deriva,referencia,2023Q2,1,2.7208671231579995,3.6670304010870356,0.9461632779290361,BRA
AR(1),Box-Jenkins,2023Q2,1,2.7208671231579995,3.284138300420386,0.5632711772623864,BRA
"ARMA(2,2)",Box-Jenkins,2023Q2,1,2.7208671231579995,3.5904358433948396,0.8695687202368401,BRA
"ARIMA(1,1,1)",Box-Jenkins,2023Q2,1,2.7208671231579995,3.951475239727175,1.2306081165691753,BRA
Ridge sobre rezagos,regularizado,2023Q2,1,2.7208671231579995,2.877734217994052,0.15686709483605243,BRA
Random Forest,aprendizaje,2023Q2,1,2.7208671231579995,2.475252337308527,-0.24561478584947238,BRA
LSTM(16),red neuronal,2023Q2,1,2.7208671231579995,2.8170932958697446,0.09622617271174505,BRA
Comb. RF/AR(1) suave,combinacion,2023Q2,1,2.7208671231579995,2.8346670117089605,0.11379988855096101,BRA
Comb. RF/AR(1) dura,combinacion,2023Q2,1,2.7208671231579995,3.284138300420386,0.5632711772623864,BRA
Comb. RF/ingenuo suave,combinacion,2023Q2,1,2.7208671231579995,2.925409614391007,0.2045424912330076,BRA
Comb. LSTM/AR(1) suave,combinacion,2023Q2,1,2.7208671231579995,3.344971417456887,0.6241042942988875,BRA
Comb. 50/50 RF-AR(1),combinacion,2023Q2,1,2.7208671231579995,3.284138300420386,0.5632711772623864,BRA
Ingenuo,referencia,2023Q3,1,2.592515532401185,2.7208671231579995,0.12835159075681446,BRA
Deriva,referencia,2023Q3,1,2.592515532401185,2.698969823500066,0.10645429109888083,BRA
AR(1),Box-Jenkins,2023Q3,1,2.592515532401185,2.5755208069679782,-0.016994725433206792,BRA
"ARMA(2,2)",Box-Jenkins,2023Q3,1,2.592515532401185,1.9969262302533812,-0.5955893021478038,BRA
"ARIMA(1,1,1)",Box-Jenkins,2023Q3,1,2.592515532401185,2.1292991936877685,-0.4632163387134165,BRA
Ridge sobre rezagos,regularizado,2023Q3,1,2.592515532401185,3.016332474341941,0.42381694194075603,BRA
Random Forest,aprendizaje,2023Q3,1,2.592515532401185,2.196662415418095,-0.3958531169830901,BRA
LSTM(16),red neuronal,2023Q3,1,2.592515532401185,2.503030942044648,-0.08948459035653711,BRA
Comb. RF/AR(1) suave,combinacion,2023Q3,1,2.592515532401185,2.5237765537538235,-0.06873897864736156,BRA
Comb. RF/AR(1) dura,combinacion,2023Q3,1,2.592515532401185,2.5237765537538235,-0.06873897864736156,BRA
Comb. RF/ingenuo suave,combinacion,2023Q3,1,2.592515532401185,2.5237765537538235,-0.06873897864736156,BRA
Comb. LSTM/AR(1) suave,combinacion,2023Q3,1,2.592515532401185,2.411703682367206,-0.18081185003397904,BRA
Comb. 50/50 RF-AR(1),combinacion,2023Q3,1,2.592515532401185,2.5755208069679782,-0.016994725433206792,BRA
Ingenuo,referencia,2023Q4,1,2.1344269672114224,2.592515532401185,0.4580885651897626,BRA
Deriva,referencia,2023Q4,1,2.1344269672114224,2.5696233328264397,0.4351963656150173,BRA
AR(1),Box-Jenkins,2023Q4,1,2.1344269672114224,2.481701145768292,0.3472741785568694,BRA
"ARMA(2,2)",Box-Jenkins,2023Q4,1,2.1344269672114224,3.060863615036658,0.9264366478252355,BRA
"ARIMA(1,1,1)",Box-Jenkins,2023Q4,1,2.1344269672114224,3.1335141321194433,0.9990871649080209,BRA
Ridge sobre rezagos,regularizado,2023Q4,1,2.1344269672114224,2.2067113483448138,0.0722843811333913,BRA
Random Forest,aprendizaje,2023Q4,1,2.1344269672114224,2.6403492522384355,0.5059222850270131,BRA
LSTM(16),red neuronal,2023Q4,1,2.1344269672114224,2.1236964378386443,-0.010730529372778186,BRA
Comb. RF/AR(1) suave,combinacion,2023Q4,1,2.1344269672114224,2.3989829493874297,0.2645559821760073,BRA
Comb. RF/AR(1) dura,combinacion,2023Q4,1,2.1344269672114224,2.3989829493874297,0.2645559821760073,BRA
Comb. RF/ingenuo suave,combinacion,2023Q4,1,2.1344269672114224,2.3989829493874297,0.2645559821760073,BRA
Comb. LSTM/AR(1) suave,combinacion,2023Q4,1,2.1344269672114224,2.346707414960223,0.2122804477488005,BRA
Comb. 50/50 RF-AR(1),combinacion,2023Q4,1,2.1344269672114224,2.481701145768292,0.3472741785568694,BRA
Ingenuo,referencia,2024Q1,1,2.8155875907292183,2.1344269672114224,-0.6811606235177958,BRA
Deriva,referencia,2024Q1,1,2.8155875907292183,2.1075051716587603,-0.708082419070458,BRA
AR(1),Box-Jenkins,2024Q1,1,2.8155875907292183,2.143077179812264,-0.6725104109169542,BRA
"ARMA(2,2)",Box-Jenkins,2024Q1,1,2.8155875907292183,1.4500644535920264,-1.3655231371371919,BRA
"ARIMA(1,1,1)",Box-Jenkins,2024Q1,1,2.8155875907292183,1.4483580897003252,-1.367229501028893,BRA
Ridge sobre rezagos,regularizado,2024Q1,1,2.8155875907292183,2.138003459331247,-0.6775841313979711,BRA
Random Forest,aprendizaje,2024Q1,1,2.8155875907292183,1.9403713546869783,-0.87521623604224,BRA
LSTM(16),red neuronal,2024Q1,1,2.8155875907292183,1.9747919778803076,-0.8407956128489107,BRA
Comb. RF/AR(1) suave,combinacion,2024Q1,1,2.8155875907292183,2.181620318573527,-0.6339672721556915,BRA
Comb. RF/AR(1) dura,combinacion,2024Q1,1,2.8155875907292183,2.181620318573527,-0.6339672721556915,BRA
Comb. RF/ingenuo suave,combinacion,2024Q1,1,2.8155875907292183,2.181620318573527,-0.6339672721556915,BRA
Comb. LSTM/AR(1) suave,combinacion,2024Q1,1,2.8155875907292183,2.2432879288959757,-0.5722996618332425,BRA
Comb. 50/50 RF-AR(1),combinacion,2024Q1,1,2.8155875907292183,2.143077179812264,-0.6725104109169542,BRA
Ingenuo,referencia,2024Q2,1,3.548982943956158,2.8155875907292183,-0.7333953532269399,BRA
Deriva,referencia,2024Q2,1,3.548982943956158,2.795161964158854,-0.7538209797973043,BRA
AR(1),Box-Jenkins,2024Q2,1,3.548982943956158,2.647894882725714,-0.9010880612304444,BRA
"ARMA(2,2)",Box-Jenkins,2024Q2,1,3.548982943956158,3.5890069492502428,0.040024005294084564,BRA
"ARIMA(1,1,1)",Box-Jenkins,2024Q2,1,3.548982943956158,3.714122645237513,0.1651397012813547,BRA
Ridge sobre rezagos,regularizado,2024Q2,1,3.548982943956158,3.0881000386635473,-0.4608829052926109,BRA
Random Forest,aprendizaje,2024Q2,1,3.548982943956158,2.4856243658530466,-1.0633585781031116,BRA
LSTM(16),red neuronal,2024Q2,1,3.548982943956158,3.0297959888244965,-0.5191869551316617,BRA
Comb. RF/AR(1) suave,combinacion,2024Q2,1,3.548982943956158,2.540454445613896,-1.0085284983422622,BRA
Comb. RF/AR(1) dura,combinacion,2024Q2,1,3.548982943956158,2.540454445613896,-1.0085284983422622,BRA
Comb. RF/ingenuo suave,combinacion,2024Q2,1,3.548982943956158,2.540454445613896,-1.0085284983422622,BRA
Comb. LSTM/AR(1) suave,combinacion,2024Q2,1,3.548982943956158,1.1600743154239403,-2.388908628532218,BRA
Comb. 50/50 RF-AR(1),combinacion,2024Q2,1,3.548982943956158,2.578263266708315,-0.970719677247843,BRA
Ingenuo,referencia,2024Q3,1,3.3216480614222776,3.548982943956158,0.22733488253388057,BRA
Deriva,referencia,2024Q3,1,3.3216480614222776,3.535410235383951,0.21376217396167352,BRA
AR(1),Box-Jenkins,2024Q3,1,3.3216480614222776,3.193520620433656,-0.12812744098862172,BRA
"ARMA(2,2)",Box-Jenkins,2024Q3,1,3.3216480614222776,2.5261996810325584,-0.7954483803897192,BRA
"ARIMA(1,1,1)",Box-Jenkins,2024Q3,1,3.3216480614222776,2.902980155265187,-0.4186679061570908,BRA
Ridge sobre rezagos,regularizado,2024Q3,1,3.3216480614222776,3.2686568259793884,-0.052991235442889195,BRA
Random Forest,aprendizaje,2024Q3,1,3.3216480614222776,3.584853448028488,0.2632053866062103,BRA
LSTM(16),red neuronal,2024Q3,1,3.3216480614222776,3.63957125103964,0.3179231896173622,BRA
Comb. RF/AR(1) suave,combinacion,2024Q3,1,3.3216480614222776,3.331940064569324,0.010292003147046369,BRA
Comb. RF/AR(1) dura,combinacion,2024Q3,1,3.3216480614222776,3.331940064569324,0.010292003147046369,BRA
Comb. RF/ingenuo suave,combinacion,2024Q3,1,3.3216480614222776,3.331940064569324,0.010292003147046369,BRA
Comb. LSTM/AR(1) suave,combinacion,2024Q3,1,3.3216480614222776,4.069819579916337,0.7481715184940594,BRA
Comb. 50/50 RF-AR(1),combinacion,2024Q3,1,3.3216480614222776,3.2935345649011682,-0.028113496521109393,BRA
Ingenuo,referencia,2024Q4,1,3.7685724212535465,3.3216480614222776,-0.4469243598312689,BRA
Deriva,referencia,2024Q4,1,3.7685724212535465,3.306149567499064,-0.46242285375448233,BRA
AR(1),Box-Jenkins,2024Q4,1,3.7685724212535465,3.0283070480035374,-0.7402653732500091,BRA
"ARMA(2,2)",Box-Jenkins,2024Q4,1,3.7685724212535465,3.635274772016699,-0.13329764923684762,BRA
"ARIMA(1,1,1)",Box-Jenkins,2024Q4,1,3.7685724212535465,3.8847705506400163,0.11619812938646978,BRA
Ridge sobre rezagos,regularizado,2024Q4,1,3.7685724212535465,3.1961561496365505,-0.572416271616996,BRA
Random Forest,aprendizaje,2024Q4,1,3.7685724212535465,3.382791104685965,-0.38578131656758163,BRA
LSTM(16),red neuronal,2024Q4,1,3.7685724212535465,3.0085134325554823,-0.7600589886980642,BRA
Comb. RF/AR(1) suave,combinacion,2024Q4,1,3.7685724212535465,3.3064030750337348,-0.46216934621981176,BRA
Comb. RF/AR(1) dura,combinacion,2024Q4,1,3.7685724212535465,3.3064030750337348,-0.46216934621981176,BRA
Comb. RF/ingenuo suave,combinacion,2024Q4,1,3.7685724212535465,3.3064030750337348,-0.46216934621981176,BRA
Comb. LSTM/AR(1) suave,combinacion,2024Q4,1,3.7685724212535465,3.255628150636594,-0.5129442706169525,BRA
Comb. 50/50 RF-AR(1),combinacion,2024Q4,1,3.7685724212535465,3.235394520748917,-0.5331779005046293,BRA
Ingenuo,referencia,2006Q4,1,6.758496922845536,6.629901667614857,-0.12859525523067905,CHL
Deriva,referencia,2006Q4,1,6.758496922845536,6.650925690913151,-0.10757123193238538,CHL
AR(1),Box-Jenkins,2006Q4,1,6.758496922845536,6.267018153338721,-0.49147876950681546,CHL
"ARMA(2,2)",Box-Jenkins,2006Q4,1,6.758496922845536,7.6856428055328925,0.9271458826873564,CHL
"ARIMA(1,1,1)",Box-Jenkins,2006Q4,1,6.758496922845536,8.229231268542817,1.4707343456972808,CHL
Ridge sobre rezagos,regularizado,2006Q4,1,6.758496922845536,6.108910989860263,-0.6495859329852731,CHL
Random Forest,aprendizaje,2006Q4,1,6.758496922845536,6.272833269269477,-0.4856636535760588,CHL
LSTM(16),red neuronal,2006Q4,1,6.758496922845536,6.413067062080079,-0.34542986076545734,CHL
Comb. RF/AR(1) suave,combinacion,2006Q4,1,6.758496922845536,6.117593019007796,-0.6409039038377404,CHL
Comb. RF/AR(1) dura,combinacion,2006Q4,1,6.758496922845536,6.117593019007796,-0.6409039038377404,CHL
Comb. RF/ingenuo suave,combinacion,2006Q4,1,6.758496922845536,6.117593019007796,-0.6409039038377404,CHL
Comb. LSTM/AR(1) suave,combinacion,2006Q4,1,6.758496922845536,6.310610906990847,-0.4478860158546887,CHL
Comb. 50/50 RF-AR(1),combinacion,2006Q4,1,6.758496922845536,6.247995577309468,-0.5105013455360679,CHL
Ingenuo,referencia,2007Q1,1,5.650819174632882,6.758496922845536,1.1076777482126543,CHL
Deriva,referencia,2007Q1,1,5.650819174632882,6.78221022694214,1.131391052309258,CHL
AR(1),Box-Jenkins,2007Q1,1,5.650819174632882,6.390543084657702,0.7397239100248205,CHL
"ARMA(2,2)",Box-Jenkins,2007Q1,1,5.650819174632882,4.675332147410667,-0.9754870272222149,CHL
"ARIMA(1,1,1)",Box-Jenkins,2007Q1,1,5.650819174632882,5.406798993008088,-0.24402018162479333,CHL
Ridge sobre rezagos,regularizado,2007Q1,1,5.650819174632882,6.493627591697937,0.8428084170650552,CHL
Random Forest,aprendizaje,2007Q1,1,5.650819174632882,6.088456757205069,0.43763758257218743,CHL
LSTM(16),red neuronal,2007Q1,1,5.650819174632882,6.5680875929920335,0.9172684183591517,CHL
Comb. RF/AR(1) suave,combinacion,2007Q1,1,5.650819174632882,6.195121761636458,0.5443025870035765,CHL
Comb. RF/AR(1) dura,combinacion,2007Q1,1,5.650819174632882,6.195121761636458,0.5443025870035765,CHL
Comb. RF/ingenuo suave,combinacion,2007Q1,1,5.650819174632882,6.195121761636458,0.5443025870035765,CHL
Comb. LSTM/AR(1) suave,combinacion,2007Q1,1,5.650819174632882,6.369608157880686,0.718788983247804,CHL
Comb. 50/50 RF-AR(1),combinacion,2007Q1,1,5.650819174632882,6.217773164455182,0.5669539898223004,CHL
Ingenuo,referencia,2007Q2,1,4.518417502574801,5.650819174632882,1.132401672058081,CHL
Deriva,referencia,2007Q2,1,4.518417502574801,5.646937575014626,1.1285200724398248,CHL
AR(1),Box-Jenkins,2007Q2,1,4.518417502574801,5.463859900442983,0.9454423978681818,CHL
"ARMA(2,2)",Box-Jenkins,2007Q2,1,4.518417502574801,5.419652168572149,0.9012346659973485,CHL
"ARIMA(1,1,1)",Box-Jenkins,2007Q2,1,4.518417502574801,6.2062569478763745,1.6878394453015737,CHL
Ridge sobre rezagos,regularizado,2007Q2,1,4.518417502574801,5.846316705390012,1.3278992028152112,CHL
Random Forest,aprendizaje,2007Q2,1,4.518417502574801,5.9323071696237815,1.4138896670489807,CHL
LSTM(16),red neuronal,2007Q2,1,4.518417502574801,5.6410054090564765,1.1225879064816757,CHL
Comb. RF/AR(1) suave,combinacion,2007Q2,1,4.518417502574801,6.153222083946224,1.634804581371423,CHL
Comb. RF/AR(1) dura,combinacion,2007Q2,1,4.518417502574801,6.153222083946224,1.634804581371423,CHL
Comb. RF/ingenuo suave,combinacion,2007Q2,1,4.518417502574801,6.153222083946224,1.634804581371423,CHL
Comb. LSTM/AR(1) suave,combinacion,2007Q2,1,4.518417502574801,6.092392059058001,1.5739745564832006,CHL
Comb. 50/50 RF-AR(1),combinacion,2007Q2,1,4.518417502574801,6.017116929872866,1.4986994272980656,CHL
Ingenuo,referencia,2007Q3,1,4.257373084348193,4.518417502574801,0.26104441822660807,CHL
Deriva,referencia,2007Q3,1,4.257373084348193,4.487666377422263,0.23029329307407043,CHL
AR(1),Box-Jenkins,2007Q3,1,4.257373084348193,4.523247640864555,0.26587455651636205,CHL
"ARMA(2,2)",Box-Jenkins,2007Q3,1,4.257373084348193,3.564443020449543,-0.6929300638986495,CHL
"ARIMA(1,1,1)",Box-Jenkins,2007Q3,1,4.257373084348193,3.4289648565552637,-0.828408227792929,CHL
Ridge sobre rezagos,regularizado,2007Q3,1,4.257373084348193,3.708861998000947,-0.5485110863472458,CHL
Random Forest,aprendizaje,2007Q3,1,4.257373084348193,3.695774294282505,-0.5615987900656876,CHL
LSTM(16),red neuronal,2007Q3,1,4.257373084348193,4.588441468725839,0.3310683843776463,CHL
Comb. RF/AR(1) suave,combinacion,2007Q3,1,4.257373084348193,4.023957180871271,-0.23341590347692165,CHL
Comb. RF/AR(1) dura,combinacion,2007Q3,1,4.257373084348193,4.023957180871271,-0.23341590347692165,CHL
Comb. RF/ingenuo suave,combinacion,2007Q3,1,4.257373084348193,4.023957180871271,-0.23341590347692165,CHL
Comb. LSTM/AR(1) suave,combinacion,2007Q3,1,4.257373084348193,5.39553354975614,1.138160465407947,CHL
Comb. 50/50 RF-AR(1),combinacion,2007Q3,1,4.257373084348193,4.0978765443645635,-0.15949653998362923,CHL
Ingenuo,referencia,2007Q4,1,5.373180403440081,4.257373084348193,-1.1158073190918882,CHL
Deriva,referencia,2007Q4,1,5.373180403440081,4.221266301217188,-1.151914102222893,CHL
AR(1),Box-Jenkins,2007Q4,1,5.373180403440081,4.30596854424138,-1.067211859198701,CHL
"ARMA(2,2)",Box-Jenkins,2007Q4,1,5.373180403440081,4.373739147401435,-0.9994412560386463,CHL
"ARIMA(1,1,1)",Box-Jenkins,2007Q4,1,5.373180403440081,5.019410002040699,-0.3537704013993821,CHL
Ridge sobre rezagos,regularizado,2007Q4,1,5.373180403440081,3.8989092703654444,-1.4742711330746365,CHL
Random Forest,aprendizaje,2007Q4,1,5.373180403440081,3.7474447836611975,-1.6257356197788835,CHL
LSTM(16),red neuronal,2007Q4,1,5.373180403440081,3.719667279123525,-1.653513124316556,CHL
Comb. RF/AR(1) suave,combinacion,2007Q4,1,5.373180403440081,4.230577728811423,-1.142602674628658,CHL
Comb. RF/AR(1) dura,combinacion,2007Q4,1,5.373180403440081,4.230577728811423,-1.142602674628658,CHL
Comb. RF/ingenuo suave,combinacion,2007Q4,1,5.373180403440081,4.230577728811423,-1.142602674628658,CHL
Comb. LSTM/AR(1) suave,combinacion,2007Q4,1,5.373180403440081,4.479455883270149,-0.8937245201699318,CHL
Comb. 50/50 RF-AR(1),combinacion,2007Q4,1,5.373180403440081,4.2475470534539275,-1.1256333499861535,CHL
Ingenuo,referencia,2008Q1,1,4.415610879540366,5.373180403440081,0.9575695238997151,CHL
Deriva,referencia,2008Q1,1,4.415610879540366,5.363253486268688,0.9476426067283219,CHL
AR(1),Box-Jenkins,2008Q1,1,4.415610879540366,5.231422227509628,0.8158113479692624,CHL
"ARMA(2,2)",Box-Jenkins,2008Q1,1,4.415610879540366,5.499388604424275,1.0837777248839089,CHL
"ARIMA(1,1,1)",Box-Jenkins,2008Q1,1,4.415610879540366,5.3236108328277965,0.9079999532874306,CHL
Ridge sobre rezagos,regularizado,2008Q1,1,4.415610879540366,6.375004432244884,1.959393552704518,CHL
Random Forest,aprendizaje,2008Q1,1,4.415610879540366,5.655573806871593,1.2399629273312271,CHL
LSTM(16),red neuronal,2008Q1,1,4.415610879540366,5.611797538187134,1.1961866586467682,CHL
Comb. RF/AR(1) suave,combinacion,2008Q1,1,4.415610879540366,5.625085298200116,1.2094744186597497,CHL
Comb. RF/AR(1) dura,combinacion,2008Q1,1,4.415610879540366,5.625085298200116,1.2094744186597497,CHL
Comb. RF/ingenuo suave,combinacion,2008Q1,1,4.415610879540366,5.625085298200116,1.2094744186597497,CHL
Comb. LSTM/AR(1) suave,combinacion,2008Q1,1,4.415610879540366,5.2113041060113545,0.7956932264709886,CHL
Comb. 50/50 RF-AR(1),combinacion,2008Q1,1,4.415610879540366,5.513163250665309,1.0975523711249435,CHL
Ingenuo,referencia,2008Q2,1,3.2807902245208354,4.415610879540366,1.1348206550195306,CHL
Deriva,referencia,2008Q2,1,3.2807902245208354,4.38462523777501,1.1038350132541748,CHL
AR(1),Box-Jenkins,2008Q2,1,3.2807902245208354,4.440930850168225,1.16014062564739,CHL
"ARMA(2,2)",Box-Jenkins,2008Q2,1,3.2807902245208354,3.4462695378338957,0.16547931331306032,CHL
"ARIMA(1,1,1)",Box-Jenkins,2008Q2,1,3.2807902245208354,3.956637756778281,0.6758475322574458,CHL
Ridge sobre rezagos,regularizado,2008Q2,1,3.2807902245208354,4.510813845896698,1.2300236213758629,CHL
Random Forest,aprendizaje,2008Q2,1,3.2807902245208354,4.320116293047024,1.0393260685261883,CHL
LSTM(16),red neuronal,2008Q2,1,3.2807902245208354,4.5412507347867805,1.2604605102659452,CHL
Comb. RF/AR(1) suave,combinacion,2008Q2,1,3.2807902245208354,4.611638316011133,1.3308480914902976,CHL
Comb. RF/AR(1) dura,combinacion,2008Q2,1,3.2807902245208354,4.611638316011133,1.3308480914902976,CHL
Comb. RF/ingenuo suave,combinacion,2008Q2,1,3.2807902245208354,4.611638316011133,1.3308480914902976,CHL
Comb. LSTM/AR(1) suave,combinacion,2008Q2,1,3.2807902245208354,5.04336629696608,1.7625760724452446,CHL
Comb. 50/50 RF-AR(1),combinacion,2008Q2,1,3.2807902245208354,4.573943796354359,1.2931535718335239,CHL
Ingenuo,referencia,2008Q3,1,0.5611119928309094,3.2807902245208354,2.719678231689926,CHL
Deriva,referencia,2008Q3,1,0.5611119928309094,3.2258081694238667,2.6646961765929573,CHL
AR(1),Box-Jenkins,2008Q3,1,0.5611119928309094,3.5002740210418217,2.9391620282109123,CHL
"ARMA(2,2)",Box-Jenkins,2008Q3,1,0.5611119928309094,3.4359293425914723,2.874817349760563,CHL
"ARIMA(1,1,1)",Box-Jenkins,2008Q3,1,0.5611119928309094,3.0498434861591246,2.488731493328215,CHL
Ridge sobre rezagos,regularizado,2008Q3,1,0.5611119928309094,3.1181103089916316,2.556998316160722,CHL
Random Forest,aprendizaje,2008Q3,1,0.5611119928309094,4.485544086194981,3.9244320933640715,CHL
LSTM(16),red neuronal,2008Q3,1,0.5611119928309094,4.263038759480813,3.701926766649904,CHL
Comb. RF/AR(1) suave,combinacion,2008Q3,1,0.5611119928309094,4.37812626519042,3.8170142723595104,CHL
Comb. RF/AR(1) dura,combinacion,2008Q3,1,0.5611119928309094,4.37812626519042,3.8170142723595104,CHL
Comb. RF/ingenuo suave,combinacion,2008Q3,1,0.5611119928309094,4.37812626519042,3.8170142723595104,CHL
Comb. LSTM/AR(1) suave,combinacion,2008Q3,1,0.5611119928309094,4.470177484080849,3.9090654912499394,CHL
Comb. 50/50 RF-AR(1),combinacion,2008Q3,1,0.5611119928309094,4.179429551231323,3.6183175584004132,CHL
Ingenuo,referencia,2008Q4,1,-1.993263574022397,0.5611119928309094,2.5543755668533064,CHL
Deriva,referencia,2008Q4,1,-1.993263574022397,0.44943427440217576,2.4426978484245727,CHL
AR(1),Box-Jenkins,2008Q4,1,-1.993263574022397,1.1922739810722218,3.1855375550946188,CHL
"ARMA(2,2)",Box-Jenkins,2008Q4,1,-1.993263574022397,0.3086123531595414,2.3018759271819382,CHL
"ARIMA(1,1,1)",Box-Jenkins,2008Q4,1,-1.993263574022397,-0.7606754806019911,1.2325880934204059,CHL
Ridge sobre rezagos,regularizado,2008Q4,1,-1.993263574022397,0.28745260531106265,2.2807161793334596,CHL
Random Forest,aprendizaje,2008Q4,1,-1.993263574022397,2.3600515141262983,4.353315088148696,CHL
LSTM(16),red neuronal,2008Q4,1,-1.993263574022397,4.097124041671777,6.0903876156941745,CHL
Comb. RF/AR(1) suave,combinacion,2008Q4,1,-1.993263574022397,2.5688914239961833,4.56215499801858,CHL
Comb. RF/AR(1) dura,combinacion,2008Q4,1,-1.993263574022397,2.5688914239961833,4.56215499801858,CHL
Comb. RF/ingenuo suave,combinacion,2008Q4,1,-1.993263574022397,2.5688914239961833,4.56215499801858,CHL
Comb. LSTM/AR(1) suave,combinacion,2008Q4,1,-1.993263574022397,4.159630970375079,6.152894544397476,CHL
Comb. 50/50 RF-AR(1),combinacion,2008Q4,1,-1.993263574022397,1.1922739810722218,3.1855375550946188,CHL
Ingenuo,referencia,2009Q1,1,-2.6601088618686375,-1.993263574022397,0.6668452878462405,CHL
Deriva,referencia,2009Q1,1,-2.6601088618686375,-2.155830830959976,0.5042780309086616,CHL
AR(1),Box-Jenkins,2009Q1,1,-2.6601088618686375,-1.2164182796255831,1.4436905822430544,CHL
"ARMA(2,2)",Box-Jenkins,2009Q1,1,-2.6601088618686375,-0.8760783739054968,1.7840304879631406,CHL
"ARIMA(1,1,1)",Box-Jenkins,2009Q1,1,-2.6601088618686375,-2.280389120688509,0.3797197411801285,CHL
Ridge sobre rezagos,regularizado,2009Q1,1,-2.6601088618686375,-1.1911328296824522,1.4689760321861853,CHL
Random Forest,aprendizaje,2009Q1,1,-2.6601088618686375,0.07677748554616234,2.7368863474147997,CHL
LSTM(16),red neuronal,2009Q1,1,-2.6601088618686375,-3.2654800829528057,-0.6053712210841682,CHL
Comb. RF/AR(1) suave,combinacion,2009Q1,1,-2.6601088618686375,0.9219222135532772,3.5820310754219147,CHL
Comb. RF/AR(1) dura,combinacion,2009Q1,1,-2.6601088618686375,0.9219222135532772,3.5820310754219147,CHL
Comb. RF/ingenuo suave,combinacion,2009Q1,1,-2.6601088618686375,0.9219222135532772,3.5820310754219147,CHL
Comb. LSTM/AR(1) suave,combinacion,2009Q1,1,-2.6601088618686375,-0.6179494890834833,2.042159372785154,CHL
Comb. 50/50 RF-AR(1),combinacion,2009Q1,1,-2.6601088618686375,-1.2164182796255831,1.4436905822430544,CHL
Ingenuo,referencia,2009Q2,1,-0.6862404115278165,-2.6601088618686375,-1.973868450340821,CHL
Deriva,referencia,2009Q2,1,-0.6862404115278165,-2.8329675071921074,-2.146727095664291,CHL
AR(1),Box-Jenkins,2009Q2,1,-0.6862404115278165,-1.9916922405832755,-1.305451829055459,CHL
"ARMA(2,2)",Box-Jenkins,2009Q2,1,-0.6862404115278165,-1.2750156368075563,-0.5887752252797398,CHL
"ARIMA(1,1,1)",Box-Jenkins,2009Q2,1,-0.6862404115278165,-2.812222097118712,-2.1259816855908955,CHL
Ridge sobre rezagos,regularizado,2009Q2,1,-0.6862404115278165,-1.1982229636254997,-0.5119825520976833,CHL
Random Forest,aprendizaje,2009Q2,1,-0.6862404115278165,-0.23467155778442797,0.4515688537433885,CHL
LSTM(16),red neuronal,2009Q2,1,-0.6862404115278165,-0.45226731166079137,0.23397309986702508,CHL
Comb. RF/AR(1) suave,combinacion,2009Q2,1,-0.6862404115278165,0.2615023015476854,0.9477427130755018,CHL
Comb. RF/AR(1) dura,combinacion,2009Q2,1,-0.6862404115278165,0.2615023015476854,0.9477427130755018,CHL
Comb. RF/ingenuo suave,combinacion,2009Q2,1,-0.6862404115278165,0.2615023015476854,0.9477427130755018,CHL
Comb. LSTM/AR(1) suave,combinacion,2009Q2,1,-0.6862404115278165,0.5630639068229284,1.2493043183507448,CHL
Comb. 50/50 RF-AR(1),combinacion,2009Q2,1,-0.6862404115278165,-1.9916922405832755,-1.305451829055459,CHL
Ingenuo,referencia,2009Q3,1,1.3492223653714719,-0.6862404115278165,-2.0354627768992883,CHL
Deriva,referencia,2009Q3,1,1.3492223653714719,-0.8161645149380006,-2.1653868803094722,CHL
AR(1),Box-Jenkins,2009Q3,1,1.3492223653714719,-0.1194619941676518,-1.4686843595391237,CHL
"ARMA(2,2)",Box-Jenkins,2009Q3,1,1.3492223653714719,1.896957741977594,0.5477353766061221,CHL
"ARIMA(1,1,1)",Box-Jenkins,2009Q3,1,1.3492223653714719,0.7016745108351827,-0.6475478545362892,CHL
Ridge sobre rezagos,regularizado,2009Q3,1,1.3492223653714719,1.4936644034112927,0.1444420380398208,CHL
Random Forest,aprendizaje,2009Q3,1,1.3492223653714719,1.9885889920858264,0.6393666267143545,CHL
LSTM(16),red neuronal,2009Q3,1,1.3492223653714719,4.468428512992752,3.11920614762128,CHL
Comb. RF/AR(1) suave,combinacion,2009Q3,1,1.3492223653714719,-0.7542929788507946,-2.1035153442222665,CHL
Comb. RF/AR(1) dura,combinacion,2009Q3,1,1.3492223653714719,-0.7542929788507946,-2.1035153442222665,CHL
Comb. RF/ingenuo suave,combinacion,2009Q3,1,1.3492223653714719,-0.7542929788507946,-2.1035153442222665,CHL
Comb. LSTM/AR(1) suave,combinacion,2009Q3,1,1.3492223653714719,1.4630796601817844,0.11385729481031248,CHL
Comb. 50/50 RF-AR(1),combinacion,2009Q3,1,1.3492223653714719,-0.1194619941676518,-1.4686843595391237,CHL
Ingenuo,referencia,2009Q4,1,2.1740239420379837,1.3492223653714719,-0.8248015766665118,CHL
Deriva,referencia,2009Q4,1,2.1740239420379837,1.2617568282418656,-0.912267113796118,CHL
AR(1),Box-Jenkins,2009Q4,1,2.1740239420379837,1.7060999986622007,-0.4679239433757829,CHL
"ARMA(2,2)",Box-Jenkins,2009Q4,1,2.1740239420379837,3.3578845250303933,1.1838605829924096,CHL
"ARIMA(1,1,1)",Box-Jenkins,2009Q4,1,2.1740239420379837,1.362815490663249,-0.8112084513747346,CHL
Ridge sobre rezagos,regularizado,2009Q4,1,2.1740239420379837,3.579164396433832,1.4051404543958483,CHL
Random Forest,aprendizaje,2009Q4,1,2.1740239420379837,3.214027011571816,1.0400030695338325,CHL
LSTM(16),red neuronal,2009Q4,1,2.1740239420379837,3.8187920131221547,1.644768071084171,CHL
Comb. RF/AR(1) suave,combinacion,2009Q4,1,2.1740239420379837,1.7433102164187995,-0.4307137256191842,CHL
Comb. RF/AR(1) dura,combinacion,2009Q4,1,2.1740239420379837,1.7433102164187995,-0.4307137256191842,CHL
Comb. RF/ingenuo suave,combinacion,2009Q4,1,2.1740239420379837,1.7433102164187995,-0.4307137256191842,CHL
Comb. LSTM/AR(1) suave,combinacion,2009Q4,1,2.1740239420379837,3.161254579776167,0.9872306377381834,CHL
Comb. 50/50 RF-AR(1),combinacion,2009Q4,1,2.1740239420379837,1.7060999986622007,-0.4679239433757829,CHL
Ingenuo,referencia,2010Q1,1,6.260029903272546,2.1740239420379837,-4.086005961234562,CHL
Deriva,referencia,2010Q1,1,6.260029903272546,2.1041020032506106,-4.155927900021935,CHL
AR(1),Box-Jenkins,2010Q1,1,6.260029903272546,2.4173580116115754,-3.8426718916609706,CHL
"ARMA(2,2)",Box-Jenkins,2010Q1,1,6.260029903272546,3.1418994933378466,-3.1181304099346994,CHL
"ARIMA(1,1,1)",Box-Jenkins,2010Q1,1,6.260029903272546,2.728244959967716,-3.53178494330483,CHL
Ridge sobre rezagos,regularizado,2010Q1,1,6.260029903272546,2.743182105581126,-3.51684779769142,CHL
Random Forest,aprendizaje,2010Q1,1,6.260029903272546,2.80503223786257,-3.454997665409976,CHL
LSTM(16),red neuronal,2010Q1,1,6.260029903272546,2.435479333216149,-3.824550570056397,CHL
Comb. RF/AR(1) suave,combinacion,2010Q1,1,6.260029903272546,2.2634548795052876,-3.9965750237672584,CHL
Comb. RF/AR(1) dura,combinacion,2010Q1,1,6.260029903272546,2.2634548795052876,-3.9965750237672584,CHL
Comb. RF/ingenuo suave,combinacion,2010Q1,1,6.260029903272546,2.2634548795052876,-3.9965750237672584,CHL
Comb. LSTM/AR(1) suave,combinacion,2010Q1,1,6.260029903272546,3.532774340916603,-2.727255562355943,CHL
Comb. 50/50 RF-AR(1),combinacion,2010Q1,1,6.260029903272546,2.4173580116115754,-3.8426718916609706,CHL
Ingenuo,referencia,2010Q2,1,7.468612088990301,6.260029903272546,-1.2085821857177548,CHL
Deriva,referencia,2010Q2,1,7.468612088990301,6.2685216984478505,-1.2000903905424503,CHL
AR(1),Box-Jenkins,2010Q2,1,7.468612088990301,5.894908937567487,-1.573703151422814,CHL
"ARMA(2,2)",Box-Jenkins,2010Q2,1,7.468612088990301,8.759761340080527,1.2911492510902258,CHL
"ARIMA(1,1,1)",Box-Jenkins,2010Q2,1,7.468612088990301,8.555209369455351,1.0865972804650506,CHL
Ridge sobre rezagos,regularizado,2010Q2,1,7.468612088990301,6.942118094005584,-0.5264939949847163,CHL
Random Forest,aprendizaje,2010Q2,1,7.468612088990301,6.380351914569059,-1.088260174421242,CHL
LSTM(16),red neuronal,2010Q2,1,7.468612088990301,6.1594099177315496,-1.3092021712587512,CHL
Comb. RF/AR(1) suave,combinacion,2010Q2,1,7.468612088990301,6.14158167293372,-1.327030416056581,CHL
Comb. RF/AR(1) dura,combinacion,2010Q2,1,7.468612088990301,6.14158167293372,-1.327030416056581,CHL
Comb. RF/ingenuo suave,combinacion,2010Q2,1,7.468612088990301,6.14158167293372,-1.327030416056581,CHL
Comb. LSTM/AR(1) suave,combinacion,2010Q2,1,7.468612088990301,6.256753213940624,-1.2118588750496766,CHL
Comb. 50/50 RF-AR(1),combinacion,2010Q2,1,7.468612088990301,5.894908937567487,-1.573703151422814,CHL
Ingenuo,referencia,2010Q3,1,7.425978086530938,7.468612088990301,0.042634002459362996,CHL
Deriva,referencia,2010Q3,1,7.425978086530938,7.499327780286762,0.07334969375582467,CHL
AR(1),Box-Jenkins,2010Q3,1,7.425978086530938,6.945347823091985,-0.480630263438953,CHL
"ARMA(2,2)",Box-Jenkins,2010Q3,1,7.425978086530938,7.600743977124693,0.17476589059375502,CHL
"ARIMA(1,1,1)",Box-Jenkins,2010Q3,1,7.425978086530938,6.193340141454092,-1.2326379450768457,CHL
Ridge sobre rezagos,regularizado,2010Q3,1,7.425978086530938,7.694321904696308,0.2683438181653699,CHL
Random Forest,aprendizaje,2010Q3,1,7.425978086530938,6.391538561581805,-1.034439524949133,CHL
LSTM(16),red neuronal,2010Q3,1,7.425978086530938,7.085481107849699,-0.34049697868123907,CHL
Comb. RF/AR(1) suave,combinacion,2010Q3,1,7.425978086530938,6.617302185791568,-0.8086759007393693,CHL
Comb. RF/AR(1) dura,combinacion,2010Q3,1,7.425978086530938,6.617302185791568,-0.8086759007393693,CHL
Comb. RF/ingenuo suave,combinacion,2010Q3,1,7.425978086530938,6.617302185791568,-0.8086759007393693,CHL
Comb. LSTM/AR(1) suave,combinacion,2010Q3,1,7.425978086530938,6.528970271019029,-0.897007815511909,CHL
Comb. 50/50 RF-AR(1),combinacion,2010Q3,1,7.425978086530938,6.945347823091985,-0.480630263438953,CHL
Ingenuo,referencia,2010Q4,1,8.327756114864027,7.425978086530938,-0.901778028333089,CHL
Deriva,referencia,2010Q4,1,8.327756114864027,7.455360147031839,-0.8723959678321878,CHL
AR(1),Box-Jenkins,2010Q4,1,8.327756114864027,6.929022747713976,-1.3987333671500508,CHL
"ARMA(2,2)",Box-Jenkins,2010Q4,1,8.327756114864027,6.603869088458856,-1.7238870264051709,CHL
"ARIMA(1,1,1)",Box-Jenkins,2010Q4,1,8.327756114864027,8.552400457654326,0.22464434279029888,CHL
Ridge sobre rezagos,regularizado,2010Q4,1,8.327756114864027,7.461000104272159,-0.8667560105918675,CHL
Random Forest,aprendizaje,2010Q4,1,8.327756114864027,6.613674510350346,-1.714081604513681,CHL
LSTM(16),red neuronal,2010Q4,1,8.327756114864027,6.684844560061744,-1.642911554802283,CHL
Comb. RF/AR(1) suave,combinacion,2010Q4,1,8.327756114864027,6.5720904884838145,-1.7556656263802122,CHL
Comb. RF/AR(1) dura,combinacion,2010Q4,1,8.327756114864027,6.5720904884838145,-1.7556656263802122,CHL
Comb. RF/ingenuo suave,combinacion,2010Q4,1,8.327756114864027,6.5720904884838145,-1.7556656263802122,CHL
Comb. LSTM/AR(1) suave,combinacion,2010Q4,1,8.327756114864027,6.167531656972935,-2.1602244578910916,CHL
Comb. 50/50 RF-AR(1),combinacion,2010Q4,1,8.327756114864027,6.929022747713976,-1.3987333671500508,CHL
Ingenuo,referencia,2011Q1,1,6.277765500319821,8.327756114864027,2.049990614544206,CHL
Deriva,referencia,2011Q1,1,6.277765500319821,8.372716674790503,2.0949511744706824,CHL
AR(1),Box-Jenkins,2011Q1,1,6.277765500319821,7.744335361299855,1.4665698609800346,CHL
"ARMA(2,2)",Box-Jenkins,2011Q1,1,6.277765500319821,7.5981582003892205,1.3203927000693998,CHL
"ARIMA(1,1,1)",Box-Jenkins,2011Q1,1,6.277765500319821,7.857227780269423,1.5794622799496025,CHL
Ridge sobre rezagos,regularizado,2011Q1,1,6.277765500319821,6.882469987225087,0.6047044869052662,CHL
Random Forest,aprendizaje,2011Q1,1,6.277765500319821,7.155189989331749,0.8774244890119283,CHL
LSTM(16),red neuronal,2011Q1,1,6.277765500319821,6.92377531608707,0.6460098157672496,CHL
Comb. RF/AR(1) suave,combinacion,2011Q1,1,6.277765500319821,7.5637073322003925,1.2859418318805718,CHL
Comb. RF/AR(1) dura,combinacion,2011Q1,1,6.277765500319821,7.5637073322003925,1.2859418318805718,CHL
Comb. RF/ingenuo suave,combinacion,2011Q1,1,6.277765500319821,7.5637073322003925,1.2859418318805718,CHL
Comb. LSTM/AR(1) suave,combinacion,2011Q1,1,6.277765500319821,7.586025701617548,1.3082602012977276,CHL
Comb. 50/50 RF-AR(1),combinacion,2011Q1,1,6.277765500319821,7.744335361299855,1.4665698609800346,CHL
Ingenuo,referencia,2011Q2,1,4.506258214093206,6.277765500319821,1.7715072862266146,CHL
Deriva,referencia,2011Q2,1,4.506258214093206,6.285972530869618,1.7797143167764116,CHL
AR(1),Box-Jenkins,2011Q2,1,4.506258214093206,5.964073317246699,1.457815103153493,CHL
"ARMA(2,2)",Box-Jenkins,2011Q2,1,4.506258214093206,4.601393435707377,0.09513522161417054,CHL
"ARIMA(1,1,1)",Box-Jenkins,2011Q2,1,4.506258214093206,5.443843300586544,0.9375850864933382,CHL
Ridge sobre rezagos,regularizado,2011Q2,1,4.506258214093206,4.953508939793893,0.4472507257006866,CHL
Random Forest,aprendizaje,2011Q2,1,4.506258214093206,6.329598384148837,1.8233401700556309,CHL
LSTM(16),red neuronal,2011Q2,1,4.506258214093206,6.1171031981841475,1.6108449840909413,CHL
Comb. RF/AR(1) suave,combinacion,2011Q2,1,4.506258214093206,6.798548133897324,2.2922899198041176,CHL
Comb. RF/AR(1) dura,combinacion,2011Q2,1,4.506258214093206,6.798548133897324,2.2922899198041176,CHL
Comb. RF/ingenuo suave,combinacion,2011Q2,1,4.506258214093206,6.798548133897324,2.2922899198041176,CHL
Comb. LSTM/AR(1) suave,combinacion,2011Q2,1,4.506258214093206,6.675253413253602,2.1689951991603955,CHL
Comb. 50/50 RF-AR(1),combinacion,2011Q2,1,4.506258214093206,5.964073317246699,1.457815103153493,CHL
Ingenuo,referencia,2011Q3,1,5.523533249070489,4.506258214093206,-1.017275034977283,CHL
Deriva,referencia,2011Q3,1,5.523533249070489,4.48378051504341,-1.0397527340270791,CHL
AR(1),Box-Jenkins,2011Q3,1,5.523533249070489,4.46172585067746,-1.0618073983930287,CHL
"ARMA(2,2)",Box-Jenkins,2011Q3,1,5.523533249070489,3.1027988272910427,-2.4207344217794464,CHL
"ARIMA(1,1,1)",Box-Jenkins,2011Q3,1,5.523533249070489,4.162978097427952,-1.3605551516425374,CHL
Ridge sobre rezagos,regularizado,2011Q3,1,5.523533249070489,4.183785128919474,-1.3397481201510155,CHL
Random Forest,aprendizaje,2011Q3,1,5.523533249070489,4.294023448659248,-1.2295098004112415,CHL
LSTM(16),red neuronal,2011Q3,1,5.523533249070489,4.4292409934265065,-1.0942922556439827,CHL
Comb. RF/AR(1) suave,combinacion,2011Q3,1,5.523533249070489,4.025626364580231,-1.4979068844902583,CHL
Comb. RF/AR(1) dura,combinacion,2011Q3,1,5.523533249070489,4.025626364580231,-1.4979068844902583,CHL
Comb. RF/ingenuo suave,combinacion,2011Q3,1,5.523533249070489,4.025626364580231,-1.4979068844902583,CHL
Comb. LSTM/AR(1) suave,combinacion,2011Q3,1,5.523533249070489,5.286372670203473,-0.23716057886701591,CHL
Comb. 50/50 RF-AR(1),combinacion,2011Q3,1,5.523533249070489,4.46172585067746,-1.0618073983930287,CHL
Ingenuo,referencia,2011Q4,1,6.4515151802646775,5.523533249070489,-0.9279819311941884,CHL
Deriva,referencia,2011Q4,1,6.4515151802646775,5.518678477716067,-0.9328367025486104,CHL
AR(1),Box-Jenkins,2011Q4,1,6.4515151802646775,5.3223828220089215,-1.129132358255756,CHL
"ARMA(2,2)",Box-Jenkins,2011Q4,1,6.4515151802646775,6.2812791972046815,-0.170235983059996,CHL
"ARIMA(1,1,1)",Box-Jenkins,2011Q4,1,6.4515151802646775,6.494442741017821,0.04292756075314319,CHL
Ridge sobre rezagos,regularizado,2011Q4,1,6.4515151802646775,4.50904918858544,-1.9424659916792377,CHL
Random Forest,aprendizaje,2011Q4,1,6.4515151802646775,5.727249481729966,-0.7242656985347118,CHL
LSTM(16),red neuronal,2011Q4,1,6.4515151802646775,3.9249743624430904,-2.526540817821587,CHL
Comb. RF/AR(1) suave,combinacion,2011Q4,1,6.4515151802646775,5.862463894268107,-0.5890512859965709,CHL
Comb. RF/AR(1) dura,combinacion,2011Q4,1,6.4515151802646775,5.862463894268107,-0.5890512859965709,CHL
Comb. RF/ingenuo suave,combinacion,2011Q4,1,6.4515151802646775,5.862463894268107,-0.5890512859965709,CHL
Comb. LSTM/AR(1) suave,combinacion,2011Q4,1,6.4515151802646775,5.845834251710291,-0.6056809285543867,CHL
Comb. 50/50 RF-AR(1),combinacion,2011Q4,1,6.4515151802646775,5.3223828220089215,-1.129132358255756,CHL
Ingenuo,referencia,2012Q1,1,6.8888457025994665,6.4515151802646775,-0.437330522334789,CHL
Deriva,referencia,2012Q1,1,6.8888457025994665,6.462207687286066,-0.42663801531340084,CHL
AR(1),Box-Jenkins,2012Q1,1,6.8888457025994665,6.114956158199719,-0.7738895443997471,CHL
"ARMA(2,2)",Box-Jenkins,2012Q1,1,6.8888457025994665,5.758773775830359,-1.1300719267691077,CHL
"ARIMA(1,1,1)",Box-Jenkins,2012Q1,1,6.8888457025994665,6.150796966259554,-0.7380487363399126,CHL
Ridge sobre rezagos,regularizado,2012Q1,1,6.8888457025994665,6.648944556801348,-0.23990114579811816,CHL
Random Forest,aprendizaje,2012Q1,1,6.8888457025994665,6.458493619460313,-0.4303520831391534,CHL
LSTM(16),red neuronal,2012Q1,1,6.8888457025994665,5.122015858395871,-1.7668298442035955,CHL
Comb. RF/AR(1) suave,combinacion,2012Q1,1,6.8888457025994665,6.823924319456478,-0.06492138314298845,CHL
Comb. RF/AR(1) dura,combinacion,2012Q1,1,6.8888457025994665,6.823924319456478,-0.06492138314298845,CHL
Comb. RF/ingenuo suave,combinacion,2012Q1,1,6.8888457025994665,6.823924319456478,-0.06492138314298845,CHL
Comb. LSTM/AR(1) suave,combinacion,2012Q1,1,6.8888457025994665,6.254761516692985,-0.6340841859064819,CHL
Comb. 50/50 RF-AR(1),combinacion,2012Q1,1,6.8888457025994665,6.114956158199719,-0.7738895443997471,CHL
Ingenuo,referencia,2012Q2,1,7.033017811011488,6.8888457025994665,-0.14417210841202177,CHL
Deriva,referencia,2012Q2,1,7.033017811011488,6.906532275445665,-0.12648553556582343,CHL
AR(1),Box-Jenkins,2012Q2,1,7.033017811011488,6.498412348564505,-0.5346054624469829,CHL
"ARMA(2,2)",Box-Jenkins,2012Q2,1,7.033017811011488,6.784616248749055,-0.24840156226243337,CHL
"ARIMA(1,1,1)",Box-Jenkins,2012Q2,1,7.033017811011488,7.4443472357516765,0.4113294247401882,CHL
Ridge sobre rezagos,regularizado,2012Q2,1,7.033017811011488,7.14274695911555,0.10972914810406209,CHL
Random Forest,aprendizaje,2012Q2,1,7.033017811011488,6.188027533121021,-0.8449902778904672,CHL
LSTM(16),red neuronal,2012Q2,1,7.033017811011488,6.213449882577355,-0.8195679284341333,CHL
Comb. RF/AR(1) suave,combinacion,2012Q2,1,7.033017811011488,6.367924746606953,-0.6650930644045356,CHL
Comb. RF/AR(1) dura,combinacion,2012Q2,1,7.033017811011488,6.367924746606953,-0.6650930644045356,CHL
Comb. RF/ingenuo suave,combinacion,2012Q2,1,7.033017811011488,6.367924746606953,-0.6650930644045356,CHL
Comb. LSTM/AR(1) suave,combinacion,2012Q2,1,7.033017811011488,6.174243998509006,-0.8587738125024824,CHL
Comb. 50/50 RF-AR(1),combinacion,2012Q2,1,7.033017811011488,6.490177600672863,-0.5428402103386256,CHL
Ingenuo,referencia,2012Q3,1,5.376612677274251,7.033017811011488,1.6564051337372376,CHL
Deriva,referencia,2012Q3,1,5.376612677274251,7.052744473141006,1.6761317958667554,CHL
AR(1),Box-Jenkins,2012Q3,1,5.376612677274251,6.6335872741859205,1.25697459691167,CHL
"ARMA(2,2)",Box-Jenkins,2012Q3,1,5.376612677274251,6.013912807578145,0.6373001303038945,CHL
"ARIMA(1,1,1)",Box-Jenkins,2012Q3,1,5.376612677274251,6.615761622399917,1.2391489451256668,CHL
Ridge sobre rezagos,regularizado,2012Q3,1,5.376612677274251,5.692435629730694,0.3158229524564433,CHL
Random Forest,aprendizaje,2012Q3,1,5.376612677274251,6.367400468630057,0.9907877913558067,CHL
LSTM(16),red neuronal,2012Q3,1,5.376612677274251,6.455616641917016,1.079003964642765,CHL
Comb. RF/AR(1) suave,combinacion,2012Q3,1,5.376612677274251,6.478426562282657,1.101813885008406,CHL
Comb. RF/AR(1) dura,combinacion,2012Q3,1,5.376612677274251,6.478426562282657,1.101813885008406,CHL
Comb. RF/ingenuo suave,combinacion,2012Q3,1,5.376612677274251,6.478426562282657,1.101813885008406,CHL
Comb. LSTM/AR(1) suave,combinacion,2012Q3,1,5.376612677274251,6.528962303607081,1.1523496263328301,CHL
Comb. 50/50 RF-AR(1),combinacion,2012Q3,1,5.376612677274251,6.6335872741859205,1.25697459691167,CHL
Ingenuo,referencia,2012Q4,1,4.166821489711903,5.376612677274251,1.209791187562348,CHL
Deriva,referencia,2012Q4,1,4.166821489711903,5.369734072802709,1.2029125830908063,CHL
AR(1),Box-Jenkins,2012Q4,1,4.166821489711903,5.223205161782558,1.0563836720706554,CHL
"ARMA(2,2)",Box-Jenkins,2012Q4,1,4.166821489711903,3.985634905045037,-0.18118658466686588,CHL
"ARIMA(1,1,1)",Box-Jenkins,2012Q4,1,4.166821489711903,4.705058928319649,0.5382374386077462,CHL
Ridge sobre rezagos,regularizado,2012Q4,1,4.166821489711903,4.143598644986805,-0.023222844725097502,CHL
Random Forest,aprendizaje,2012Q4,1,4.166821489711903,5.019285730338661,0.852464240626758,CHL
LSTM(16),red neuronal,2012Q4,1,4.166821489711903,5.150430062486091,0.9836085727741883,CHL
Comb. RF/AR(1) suave,combinacion,2012Q4,1,4.166821489711903,5.359830693339445,1.1930092036275424,CHL
Comb. RF/AR(1) dura,combinacion,2012Q4,1,4.166821489711903,5.359830693339445,1.1930092036275424,CHL
Comb. RF/ingenuo suave,combinacion,2012Q4,1,4.166821489711903,5.359830693339445,1.1930092036275424,CHL
Comb. LSTM/AR(1) suave,combinacion,2012Q4,1,4.166821489711903,5.206298437039827,1.0394769473279242,CHL
Comb. 50/50 RF-AR(1),combinacion,2012Q4,1,4.166821489711903,5.2266937243249645,1.0598722346130618,CHL
Ingenuo,referencia,2013Q1,1,3.0162487584219244,4.166821489711903,1.1505727312899783,CHL
Deriva,referencia,2013Q1,1,3.0162487584219244,4.141147376129567,1.1248986177076423,CHL
AR(1),Box-Jenkins,2013Q1,1,3.0162487584219244,4.202812579952277,1.1865638215303527,CHL
"ARMA(2,2)",Box-Jenkins,2013Q1,1,3.0162487584219244,3.8344702166489544,0.81822145822703,CHL
"ARIMA(1,1,1)",Box-Jenkins,2013Q1,1,3.0162487584219244,4.008105609123407,0.9918568507014829,CHL
Ridge sobre rezagos,regularizado,2013Q1,1,3.0162487584219244,3.817791645260277,0.8015428868383525,CHL
Random Forest,aprendizaje,2013Q1,1,3.0162487584219244,4.340121397379782,1.323872638957858,CHL
LSTM(16),red neuronal,2013Q1,1,3.0162487584219244,4.701955590775216,1.6857068323532918,CHL
Comb. RF/AR(1) suave,combinacion,2013Q1,1,3.0162487584219244,3.9455195625529784,0.929270804131054,CHL
Comb. RF/AR(1) dura,combinacion,2013Q1,1,3.0162487584219244,3.9455195625529784,0.929270804131054,CHL
Comb. RF/ingenuo suave,combinacion,2013Q1,1,3.0162487584219244,3.9455195625529784,0.929270804131054,CHL
Comb. LSTM/AR(1) suave,combinacion,2013Q1,1,3.0162487584219244,2.844443944109482,-0.1718048143124422,CHL
Comb. 50/50 RF-AR(1),combinacion,2013Q1,1,3.0162487584219244,4.192340329617927,1.176091571196003,CHL
Ingenuo,referencia,2013Q2,1,2.9310489458766797,3.0162487584219244,0.08519981254524467,CHL
Deriva,referencia,2013Q2,1,2.9310489458766797,2.9732685122594713,0.04221956638279156,CHL
AR(1),Box-Jenkins,2013Q2,1,2.9310489458766797,3.2299874063400873,0.29893846046340755,CHL
"ARMA(2,2)",Box-Jenkins,2013Q2,1,2.9310489458766797,2.2310685208312653,-0.6999804250454145,CHL
"ARIMA(1,1,1)",Box-Jenkins,2013Q2,1,2.9310489458766797,2.414502029635737,-0.5165469162409426,CHL
Ridge sobre rezagos,regularizado,2013Q2,1,2.9310489458766797,2.6512683122313105,-0.2797806336453692,CHL
Random Forest,aprendizaje,2013Q2,1,2.9310489458766797,2.271085922642436,-0.6599630232342437,CHL
LSTM(16),red neuronal,2013Q2,1,2.9310489458766797,2.064672077216984,-0.8663768686596955,CHL
Comb. RF/AR(1) suave,combinacion,2013Q2,1,2.9310489458766797,2.0244723472114843,-0.9065765986651955,CHL
Comb. RF/AR(1) dura,combinacion,2013Q2,1,2.9310489458766797,2.0244723472114843,-0.9065765986651955,CHL
Comb. RF/ingenuo suave,combinacion,2013Q2,1,2.9310489458766797,2.0244723472114843,-0.9065765986651955,CHL
Comb. LSTM/AR(1) suave,combinacion,2013Q2,1,2.9310489458766797,0.9950273590660554,-1.9360215868106243,CHL
Comb. 50/50 RF-AR(1),combinacion,2013Q2,1,2.9310489458766797,2.7974228922380906,-0.13362605363858915,CHL
Ingenuo,referencia,2013Q3,1,2.7327817043629743,2.9310489458766797,0.19826724151370545,CHL
Deriva,referencia,2013Q3,1,2.7327817043629743,2.887429009314487,0.1546473049515127,CHL
AR(1),Box-Jenkins,2013Q3,1,2.7327817043629743,3.1534865041563367,0.4207047997933624,CHL
"ARMA(2,2)",Box-Jenkins,2013Q3,1,2.7327817043629743,3.7073323867663097,0.9745506824033354,CHL
"ARIMA(1,1,1)",Box-Jenkins,2013Q3,1,2.7327817043629743,3.4306681600797786,0.6978864557168043,CHL
Ridge sobre rezagos,regularizado,2013Q3,1,2.7327817043629743,3.4772556821344676,0.7444739777714933,CHL
Random Forest,aprendizaje,2013Q3,1,2.7327817043629743,2.3268430283165893,-0.405938676046385,CHL
LSTM(16),red neuronal,2013Q3,1,2.7327817043629743,1.4920903418817848,-1.2406913624811895,CHL
Comb. RF/AR(1) suave,combinacion,2013Q3,1,2.7327817043629743,2.2864962264353172,-0.44628547792765705,CHL
Comb. RF/AR(1) dura,combinacion,2013Q3,1,2.7327817043629743,2.2864962264353172,-0.44628547792765705,CHL
Comb. RF/ingenuo suave,combinacion,2013Q3,1,2.7327817043629743,2.2864962264353172,-0.44628547792765705,CHL
Comb. LSTM/AR(1) suave,combinacion,2013Q3,1,2.7327817043629743,1.9290003808697391,-0.8037813234932352,CHL
Comb. 50/50 RF-AR(1),combinacion,2013Q3,1,2.7327817043629743,2.8487074265641006,0.11592572220112629,CHL
Ingenuo,referencia,2013Q4,1,2.0806703718333264,2.7327817043629743,0.6521113325296479,CHL
Deriva,referencia,2013Q4,1,2.0806703718333264,2.686853599070162,0.6061832272368357,CHL
AR(1),Box-Jenkins,2013Q4,1,2.0806703718333264,2.9804790707855977,0.8998086989522713,CHL
"ARMA(2,2)",Box-Jenkins,2013Q4,1,2.0806703718333264,2.1833109531067496,0.10264058127342324,CHL
"ARIMA(1,1,1)",Box-Jenkins,2013Q4,1,2.0806703718333264,2.1407831908205455,0.0601128189872191,CHL
Ridge sobre rezagos,regularizado,2013Q4,1,2.0806703718333264,3.184491941303876,1.1038215694705498,CHL
Random Forest,aprendizaje,2013Q4,1,2.0806703718333264,2.4072279381721273,0.32655756633880095,CHL
LSTM(16),red neuronal,2013Q4,1,2.0806703718333264,2.369453438888244,0.28878306705491763,CHL
Comb. RF/AR(1) suave,combinacion,2013Q4,1,2.0806703718333264,2.029670513028734,-0.050999858804592346,CHL
Comb. RF/AR(1) dura,combinacion,2013Q4,1,2.0806703718333264,2.029670513028734,-0.050999858804592346,CHL
Comb. RF/ingenuo suave,combinacion,2013Q4,1,2.0806703718333264,2.029670513028734,-0.050999858804592346,CHL
Comb. LSTM/AR(1) suave,combinacion,2013Q4,1,2.0806703718333264,1.4454699448366952,-0.6352004269966312,CHL
Comb. 50/50 RF-AR(1),combinacion,2013Q4,1,2.0806703718333264,2.7442675867632964,0.66359721492997,CHL
Ingenuo,referencia,2014Q1,1,2.0766833548883312,2.0806703718333264,0.003987016944995148,CHL
Deriva,referencia,2014Q1,1,2.0766833548883312,2.025827807316443,-0.05085554757188815,CHL
AR(1),Box-Jenkins,2014Q1,1,2.0766833548883312,2.4182318813073578,0.34154852641902655,CHL
"ARMA(2,2)",Box-Jenkins,2014Q1,1,2.0766833548883312,2.700465546268739,0.6237821913804078,CHL
"ARIMA(1,1,1)",Box-Jenkins,2014Q1,1,2.0766833548883312,2.212877335186791,0.13619398029845975,CHL
Ridge sobre rezagos,regularizado,2014Q1,1,2.0766833548883312,2.3218855791147046,0.2452022242263734,CHL
Random Forest,aprendizaje,2014Q1,1,2.0766833548883312,1.4231881904326835,-0.6534951644556477,CHL
LSTM(16),red neuronal,2014Q1,1,2.0766833548883312,2.507364980736747,0.43068162584841563,CHL
Comb. RF/AR(1) suave,combinacion,2014Q1,1,2.0766833548883312,1.4201655067914958,-0.6565178480968354,CHL
Comb. RF/AR(1) dura,combinacion,2014Q1,1,2.0766833548883312,1.4201655067914958,-0.6565178480968354,CHL
Comb. RF/ingenuo suave,combinacion,2014Q1,1,2.0766833548883312,1.4201655067914958,-0.6565178480968354,CHL
Comb. LSTM/AR(1) suave,combinacion,2014Q1,1,2.0766833548883312,2.1932840310336483,0.1166006761453171,CHL
Comb. 50/50 RF-AR(1),combinacion,2014Q1,1,2.0766833548883312,2.154126656162185,0.07744330127385357,CHL
Ingenuo,referencia,2014Q2,1,1.010743956165605,2.0766833548883312,1.0659393987227261,CHL
Deriva,referencia,2014Q2,1,1.010743956165605,2.0225778272927797,1.0118338711271746,CHL
AR(1),Box-Jenkins,2014Q2,1,1.010743956165605,2.4065183392387635,1.3957743830731584,CHL
"ARMA(2,2)",Box-Jenkins,2014Q2,1,1.010743956165605,2.3842004068527025,1.3734564506870974,CHL
"ARIMA(1,1,1)",Box-Jenkins,2014Q2,1,1.010743956165605,1.9499648364242095,0.9392208802586044,CHL
Ridge sobre rezagos,regularizado,2014Q2,1,1.010743956165605,2.4501989653135006,1.4394550091478955,CHL
Random Forest,aprendizaje,2014Q2,1,1.010743956165605,1.7049822645111268,0.6942383083455217,CHL
LSTM(16),red neuronal,2014Q2,1,1.010743956165605,2.1869834933576953,1.1762395371920902,CHL
Comb. RF/AR(1) suave,combinacion,2014Q2,1,1.010743956165605,1.410357241057663,0.39961328489205794,CHL
Comb. RF/AR(1) dura,combinacion,2014Q2,1,1.010743956165605,1.410357241057663,0.39961328489205794,CHL
Comb. RF/ingenuo suave,combinacion,2014Q2,1,1.010743956165605,1.410357241057663,0.39961328489205794,CHL
Comb. LSTM/AR(1) suave,combinacion,2014Q2,1,1.010743956165605,2.3593152551614667,1.3485712989958616,CHL
Comb. 50/50 RF-AR(1),combinacion,2014Q2,1,1.010743956165605,2.277052715685271,1.2663087595196658,CHL
Ingenuo,referencia,2014Q3,1,1.7767774253648172,1.010743956165605,-0.7660334691992121,CHL
Deriva,referencia,2014Q3,1,1.7767774253648172,0.9421836589825224,-0.8345937663822948,CHL
AR(1),Box-Jenkins,2014Q3,1,1.7767774253648172,1.4758694248993922,-0.300908000465425,CHL
"ARMA(2,2)",Box-Jenkins,2014Q3,1,1.7767774253648172,1.1446197429742635,-0.6321576823905537,CHL
"ARIMA(1,1,1)",Box-Jenkins,2014Q3,1,1.7767774253648172,0.42728458127694324,-1.349492844087874,CHL
Ridge sobre rezagos,regularizado,2014Q3,1,1.7767774253648172,1.340908302883486,-0.43586912248133114,CHL
Random Forest,aprendizaje,2014Q3,1,1.7767774253648172,2.059498477702396,0.2827210523375787,CHL
LSTM(16),red neuronal,2014Q3,1,1.7767774253648172,0.9100151790903954,-0.8667622462744218,CHL
Comb. RF/AR(1) suave,combinacion,2014Q3,1,1.7767774253648172,1.2738139428046478,-0.5029634825601694,CHL
Comb. RF/AR(1) dura,combinacion,2014Q3,1,1.7767774253648172,1.2738139428046478,-0.5029634825601694,CHL
Comb. RF/ingenuo suave,combinacion,2014Q3,1,1.7767774253648172,1.2738139428046478,-0.5029634825601694,CHL
Comb. LSTM/AR(1) suave,combinacion,2014Q3,1,1.7767774253648172,1.237136825885909,-0.5396405994789082,CHL
Comb. 50/50 RF-AR(1),combinacion,2014Q3,1,1.7767774253648172,1.438110687400519,-0.33866673796429825,CHL
Ingenuo,referencia,2014Q4,1,2.0862906863552855,1.7767774253648172,-0.3095132609904683,CHL
Deriva,referencia,2014Q4,1,2.0862906863552855,1.7199719699617668,-0.36631871639351865,CHL
AR(1),Box-Jenkins,2014Q4,1,2.0862906863552855,2.129432651193127,0.043141964837841495,CHL
"ARMA(2,2)",Box-Jenkins,2014Q4,1,2.0862906863552855,3.7439164892693153,1.6576258029140298,CHL
"ARIMA(1,1,1)",Box-Jenkins,2014Q4,1,2.0862906863552855,2.8241353303154453,0.7378446439601598,CHL
Ridge sobre rezagos,regularizado,2014Q4,1,2.0862906863552855,2.9268636934242585,0.840573007068973,CHL
Random Forest,aprendizaje,2014Q4,1,2.0862906863552855,3.2319386700641246,1.1456479837088391,CHL
LSTM(16),red neuronal,2014Q4,1,2.0862906863552855,2.376124303272971,0.2898336169176856,CHL
Comb. RF/AR(1) suave,combinacion,2014Q4,1,2.0862906863552855,3.1650249491020066,1.0787342627467211,CHL
Comb. RF/AR(1) dura,combinacion,2014Q4,1,2.0862906863552855,3.1650249491020066,1.0787342627467211,CHL
Comb. RF/ingenuo suave,combinacion,2014Q4,1,2.0862906863552855,3.1650249491020066,1.0787342627467211,CHL
Comb. LSTM/AR(1) suave,combinacion,2014Q4,1,2.0862906863552855,1.8292534376004417,-0.2570372487548438,CHL
Comb. 50/50 RF-AR(1),combinacion,2014Q4,1,2.0862906863552855,2.6883475728269755,0.60205688647169,CHL
Ingenuo,referencia,2015Q1,1,2.2702896594807287,2.0862906863552855,-0.18399897312544322,CHL
Deriva,referencia,2015Q1,1,2.2702896594807287,2.034572990902145,-0.23571666857858364,CHL
AR(1),Box-Jenkins,2015Q1,1,2.2702896594807287,2.388363187121798,0.11807352764106938,CHL
"ARMA(2,2)",Box-Jenkins,2015Q1,1,2.2702896594807287,2.86784522162413,0.5975555621434014,CHL
"ARIMA(1,1,1)",Box-Jenkins,2015Q1,1,2.2702896594807287,1.307765899900725,-0.9625237595800038,CHL
Ridge sobre rezagos,regularizado,2015Q1,1,2.2702896594807287,2.794877101133463,0.5245874416527343,CHL
Random Forest,aprendizaje,2015Q1,1,2.2702896594807287,2.8620904733351655,0.5918008138544368,CHL
LSTM(16),red neuronal,2015Q1,1,2.2702896594807287,3.25266921324963,0.9823795537689013,CHL
Comb. RF/AR(1) suave,combinacion,2015Q1,1,2.2702896594807287,2.707293260511637,0.4370036010309084,CHL
Comb. RF/AR(1) dura,combinacion,2015Q1,1,2.2702896594807287,2.707293260511637,0.4370036010309084,CHL
Comb. RF/ingenuo suave,combinacion,2015Q1,1,2.2702896594807287,2.707293260511637,0.4370036010309084,CHL
Comb. LSTM/AR(1) suave,combinacion,2015Q1,1,2.2702896594807287,2.7296734534304967,0.459383793949768,CHL
Comb. 50/50 RF-AR(1),combinacion,2015Q1,1,2.2702896594807287,2.6059839643950125,0.33569430491428376,CHL
Ingenuo,referencia,2015Q2,1,2.241577687878138,2.2702896594807287,0.028711971602590758,CHL
Deriva,referencia,2015Q2,1,2.241577687878138,2.221800959487569,-0.019776728390568987,CHL
AR(1),Box-Jenkins,2015Q2,1,2.241577687878138,2.5404163856696957,0.2988386977915578,CHL
"ARMA(2,2)",Box-Jenkins,2015Q2,1,2.241577687878138,3.0092636771173966,0.7676859892392587,CHL
"ARIMA(1,1,1)",Box-Jenkins,2015Q2,1,2.241577687878138,3.1095802474381737,0.8680025595600358,CHL
Ridge sobre rezagos,regularizado,2015Q2,1,2.241577687878138,3.2787809763178664,1.0372032884397284,CHL
Random Forest,aprendizaje,2015Q2,1,2.241577687878138,3.032709967171722,0.791132279293584,CHL
LSTM(16),red neuronal,2015Q2,1,2.241577687878138,2.852409653282601,0.6108319654044632,CHL
Comb. RF/AR(1) suave,combinacion,2015Q2,1,2.241577687878138,3.073024942932189,0.831447255054051,CHL
Comb. RF/AR(1) dura,combinacion,2015Q2,1,2.241577687878138,3.073024942932189,0.831447255054051,CHL
Comb. RF/ingenuo suave,combinacion,2015Q2,1,2.241577687878138,3.073024942932189,0.831447255054051,CHL
Comb. LSTM/AR(1) suave,combinacion,2015Q2,1,2.241577687878138,2.9393627245450533,0.6977850366669154,CHL
Comb. 50/50 RF-AR(1),combinacion,2015Q2,1,2.241577687878138,3.009804765260743,0.7682270773826052,CHL
Ingenuo,referencia,2015Q3,1,1.952179400541043,2.241577687878138,0.28939828733709483,CHL
Deriva,referencia,2015Q3,1,1.952179400541043,2.193356240971337,0.24117684043029408,CHL
AR(1),Box-Jenkins,2015Q3,1,1.952179400541043,2.5101935718555284,0.5580141713144853,CHL
"ARMA(2,2)",Box-Jenkins,2015Q3,1,1.952179400541043,2.799782954477431,0.8476035539363878,CHL
"ARIMA(1,1,1)",Box-Jenkins,2015Q3,1,1.952179400541043,1.4480314064242028,-0.5041479941168403,CHL
Ridge sobre rezagos,regularizado,2015Q3,1,1.952179400541043,2.626505847268689,0.6743264467276457,CHL
Random Forest,aprendizaje,2015Q3,1,1.952179400541043,2.704031954859008,0.7518525543179648,CHL
LSTM(16),red neuronal,2015Q3,1,1.952179400541043,2.239920219425452,0.28774081888440906,CHL
Comb. RF/AR(1) suave,combinacion,2015Q3,1,1.952179400541043,2.698110672190469,0.7459312716494257,CHL
Comb. RF/AR(1) dura,combinacion,2015Q3,1,1.952179400541043,2.698110672190469,0.7459312716494257,CHL
Comb. RF/ingenuo suave,combinacion,2015Q3,1,1.952179400541043,2.698110672190469,0.7459312716494257,CHL
Comb. LSTM/AR(1) suave,combinacion,2015Q3,1,1.952179400541043,2.5396580758154537,0.5874786752744106,CHL
Comb. 50/50 RF-AR(1),combinacion,2015Q3,1,1.952179400541043,2.6716836901345116,0.7195042895934685,CHL
Ingenuo,referencia,2015Q4,1,2.2387973337927525,1.952179400541043,-0.28661793325170937,CHL
Deriva,referencia,2015Q4,1,2.2387973337927525,1.900742262428505,-0.3380550713642474,CHL
AR(1),Box-Jenkins,2015Q4,1,2.2387973337927525,2.254900597600341,0.01610326380758842,CHL
"ARMA(2,2)",Box-Jenkins,2015Q4,1,2.2387973337927525,2.430499326023481,0.19170199223072837,CHL
"ARIMA(1,1,1)",Box-Jenkins,2015Q4,1,2.2387973337927525,2.508071279232936,0.26927394544018357,CHL
Ridge sobre rezagos,regularizado,2015Q4,1,2.2387973337927525,2.25774286758912,0.018945533796367542,CHL
Random Forest,aprendizaje,2015Q4,1,2.2387973337927525,2.649682794647239,0.4108854608544865,CHL
LSTM(16),red neuronal,2015Q4,1,2.2387973337927525,1.9598644762549653,-0.2789328575377872,CHL
Comb. RF/AR(1) suave,combinacion,2015Q4,1,2.2387973337927525,2.8569508801859995,0.618153546393247,CHL
Comb. RF/AR(1) dura,combinacion,2015Q4,1,2.2387973337927525,2.8569508801859995,0.618153546393247,CHL
Comb. RF/ingenuo suave,combinacion,2015Q4,1,2.2387973337927525,2.8569508801859995,0.618153546393247,CHL
Comb. LSTM/AR(1) suave,combinacion,2015Q4,1,2.2387973337927525,1.948218511941342,-0.2905788218514105,CHL
Comb. 50/50 RF-AR(1),combinacion,2015Q4,1,2.2387973337927525,2.7822439273364705,0.543446593543718,CHL
Ingenuo,referencia,2016Q1,1,0.995112174403201,2.2387973337927525,1.2436851593895515,CHL
Deriva,referencia,2016Q1,1,0.995112174403201,2.1918082887244807,1.1966961143212798,CHL
AR(1),Box-Jenkins,2016Q1,1,0.995112174403201,2.496319163262063,1.5012069888588622,CHL
"ARMA(2,2)",Box-Jenkins,2016Q1,1,0.995112174403201,2.9553087368287523,1.9601965624255513,CHL
"ARIMA(1,1,1)",Box-Jenkins,2016Q1,1,0.995112174403201,1.8994041485889464,0.9042919741857454,CHL
Ridge sobre rezagos,regularizado,2016Q1,1,0.995112174403201,3.05059666778971,2.055484493386509,CHL
Random Forest,aprendizaje,2016Q1,1,0.995112174403201,2.232979214166775,1.2378670397635738,CHL
LSTM(16),red neuronal,2016Q1,1,0.995112174403201,2.748160843154271,1.7530486687510698,CHL
Comb. RF/AR(1) suave,combinacion,2016Q1,1,0.995112174403201,2.25316913807683,1.2580569636736292,CHL
Comb. RF/AR(1) dura,combinacion,2016Q1,1,0.995112174403201,2.25316913807683,1.2580569636736292,CHL
Comb. RF/ingenuo suave,combinacion,2016Q1,1,0.995112174403201,2.25316913807683,1.2580569636736292,CHL
Comb. LSTM/AR(1) suave,combinacion,2016Q1,1,0.995112174403201,2.2619710311029717,1.2668588566997707,CHL
Comb. 50/50 RF-AR(1),combinacion,2016Q1,1,0.995112174403201,2.2752675361888106,1.2801553617856096,CHL
Ingenuo,referencia,2016Q2,1,2.024391614406973,0.995112174403201,-1.029279440003772,CHL
Deriva,referencia,2016Q2,1,2.024391614406973,0.9325816213567311,-1.0918099930502418,CHL
AR(1),Box-Jenkins,2016Q2,1,2.024391614406973,1.4122029797477804,-0.6121886346591925,CHL
"ARMA(2,2)",Box-Jenkins,2016Q2,1,2.024391614406973,1.176594311324469,-0.8477973030825039,CHL
"ARIMA(1,1,1)",Box-Jenkins,2016Q2,1,2.024391614406973,0.5516352959931861,-1.4727563184137868,CHL
Ridge sobre rezagos,regularizado,2016Q2,1,2.024391614406973,1.3201978518865434,-0.7041937625204295,CHL
Random Forest,aprendizaje,2016Q2,1,2.024391614406973,1.7110013783733478,-0.31339023603362515,CHL
LSTM(16),red neuronal,2016Q2,1,2.024391614406973,1.3223073681657533,-0.7020842462412196,CHL
Comb. RF/AR(1) suave,combinacion,2016Q2,1,2.024391614406973,1.5830268060197374,-0.44136480838723546,CHL
Comb. RF/AR(1) dura,combinacion,2016Q2,1,2.024391614406973,1.5830268060197374,-0.44136480838723546,CHL
Comb. RF/ingenuo suave,combinacion,2016Q2,1,2.024391614406973,1.5830268060197374,-0.44136480838723546,CHL
Comb. LSTM/AR(1) suave,combinacion,2016Q2,1,2.024391614406973,1.2901293588410003,-0.7342622555659726,CHL
Comb. 50/50 RF-AR(1),combinacion,2016Q2,1,2.024391614406973,1.5277575325885075,-0.49663408181846536,CHL
Ingenuo,referencia,2016Q3,1,1.1760806889506314,2.024391614406973,0.8483109254563415,CHL
Deriva,referencia,2016Q3,1,1.1760806889506314,1.9758586253739676,0.7997779364233362,CHL
AR(1),Box-Jenkins,2016Q3,1,1.1760806889506314,2.300038195324664,1.1239575063740324,CHL
"ARMA(2,2)",Box-Jenkins,2016Q3,1,1.1760806889506314,2.9748771707116806,1.7987964817610491,CHL
"ARIMA(1,1,1)",Box-Jenkins,2016Q3,1,1.1760806889506314,3.0488444127119854,1.872763723761354,CHL
Ridge sobre rezagos,regularizado,2016Q3,1,1.1760806889506314,2.9392106062833934,1.763129917332762,CHL
Random Forest,aprendizaje,2016Q3,1,1.1760806889506314,1.991844944145725,0.8157642551950937,CHL
LSTM(16),red neuronal,2016Q3,1,1.1760806889506314,2.325637692734815,1.1495570037841834,CHL
Comb. RF/AR(1) suave,combinacion,2016Q3,1,1.1760806889506314,1.9172411113135837,0.7411604223629522,CHL
Comb. RF/AR(1) dura,combinacion,2016Q3,1,1.1760806889506314,1.9172411113135837,0.7411604223629522,CHL
Comb. RF/ingenuo suave,combinacion,2016Q3,1,1.1760806889506314,1.9172411113135837,0.7411604223629522,CHL
Comb. LSTM/AR(1) suave,combinacion,2016Q3,1,1.1760806889506314,2.2384018545899917,1.0623211656393603,CHL
Comb. 50/50 RF-AR(1),combinacion,2016Q3,1,1.1760806889506314,2.0339781900015117,0.8578975010508803,CHL
Ingenuo,referencia,2016Q4,1,-0.47380993994922127,1.1760806889506314,1.6498906288998527,CHL
Deriva,referencia,2016Q4,1,-0.47380993994922127,1.1174239285704952,1.5912338685197165,CHL
AR(1),Box-Jenkins,2016Q4,1,-0.47380993994922127,1.557517355228344,2.031327295177565,CHL
"ARMA(2,2)",Box-Jenkins,2016Q4,1,-0.47380993994922127,1.636772820168399,2.1105827601176204,CHL
"ARIMA(1,1,1)",Box-Jenkins,2016Q4,1,-0.47380993994922127,-0.2384450643082221,0.23536487564099917,CHL
Ridge sobre rezagos,regularizado,2016Q4,1,-0.47380993994922127,1.4944293832690039,1.9682393232182251,CHL
Random Forest,aprendizaje,2016Q4,1,-0.47380993994922127,1.9452217221819301,2.419031662131151,CHL
LSTM(16),red neuronal,2016Q4,1,-0.47380993994922127,2.0186722305807985,2.4924821705300197,CHL
Comb. RF/AR(1) suave,combinacion,2016Q4,1,-0.47380993994922127,1.8615956177231212,2.3354055576723427,CHL
Comb. RF/AR(1) dura,combinacion,2016Q4,1,-0.47380993994922127,1.8615956177231212,2.3354055576723427,CHL
Comb. RF/ingenuo suave,combinacion,2016Q4,1,-0.47380993994922127,1.8615956177231212,2.3354055576723427,CHL
Comb. LSTM/AR(1) suave,combinacion,2016Q4,1,-0.47380993994922127,2.0957838792238475,2.5695938191730687,CHL
Comb. 50/50 RF-AR(1),combinacion,2016Q4,1,-0.47380993994922127,1.7620326526312295,2.235842592580451,CHL
Ingenuo,referencia,2017Q1,1,1.2123009116235428,-0.47380993994922127,-1.686110851572764,CHL
Deriva,referencia,2017Q1,1,1.2123009116235428,-0.5523571236858539,-1.7646580353093966,CHL
AR(1),Box-Jenkins,2017Q1,1,1.2123009116235428,0.0877361607846181,-1.1245647508389247,CHL
"ARMA(2,2)",Box-Jenkins,2017Q1,1,1.2123009116235428,-0.21623011924801228,-1.428531030871555,CHL
"ARIMA(1,1,1)",Box-Jenkins,2017Q1,1,1.2123009116235428,-0.09852776333587365,-1.3108286749594165,CHL
Ridge sobre rezagos,regularizado,2017Q1,1,1.2123009116235428,0.231545594404861,-0.9807553172186818,CHL
Random Forest,aprendizaje,2017Q1,1,1.2123009116235428,0.5989954983807068,-0.613305413242836,CHL
LSTM(16),red neuronal,2017Q1,1,1.2123009116235428,-0.5323439219000727,-1.7446448335236155,CHL
Comb. RF/AR(1) suave,combinacion,2017Q1,1,1.2123009116235428,0.3273526978170926,-0.8849482138064502,CHL
Comb. RF/AR(1) dura,combinacion,2017Q1,1,1.2123009116235428,0.3273526978170926,-0.8849482138064502,CHL
Comb. RF/ingenuo suave,combinacion,2017Q1,1,1.2123009116235428,0.3273526978170926,-0.8849482138064502,CHL
Comb. LSTM/AR(1) suave,combinacion,2017Q1,1,1.2123009116235428,0.8800623764819,-0.3322385351416428,CHL
Comb. 50/50 RF-AR(1),combinacion,2017Q1,1,1.2123009116235428,0.15136456094380357,-1.0609363506797393,CHL
Ingenuo,referencia,2017Q2,1,2.456796750053236,1.2123009116235428,-1.2444958384296934,CHL
Deriva,referencia,2017Q2,1,2.456796750053236,1.1555396295573965,-1.3012571204958396,CHL
AR(1),Box-Jenkins,2017Q2,1,2.456796750053236,1.571741335704666,-0.8850554143485703,CHL
"ARMA(2,2)",Box-Jenkins,2017Q2,1,2.456796750053236,2.6524951703951993,0.19569842034196316,CHL
"ARIMA(1,1,1)",Box-Jenkins,2017Q2,1,2.456796750053236,1.8699983205484287,-0.5867984295048074,CHL
Ridge sobre rezagos,regularizado,2017Q2,1,2.456796750053236,1.8433273776249508,-0.6134693724282854,CHL
Random Forest,aprendizaje,2017Q2,1,2.456796750053236,1.0644134288762068,-1.3923833211770293,CHL
LSTM(16),red neuronal,2017Q2,1,2.456796750053236,1.822900208018134,-0.6338965420351022,CHL
Comb. RF/AR(1) suave,combinacion,2017Q2,1,2.456796750053236,0.9917476982430568,-1.4650490518101793,CHL
Comb. RF/AR(1) dura,combinacion,2017Q2,1,2.456796750053236,0.9917476982430568,-1.4650490518101793,CHL
Comb. RF/ingenuo suave,combinacion,2017Q2,1,2.456796750053236,0.9917476982430568,-1.4650490518101793,CHL
Comb. LSTM/AR(1) suave,combinacion,2017Q2,1,2.456796750053236,1.9767783897439433,-0.4800183603092929,CHL
Comb. 50/50 RF-AR(1),combinacion,2017Q2,1,2.456796750053236,1.5064565097086808,-0.9503402403445553,CHL
Ingenuo,referencia,2017Q3,1,3.373679337730384,2.456796750053236,-0.916882587677148,CHL
Deriva,referencia,2017Q3,1,3.373679337730384,2.4159044572614294,-0.9577748804689548,CHL
AR(1),Box-Jenkins,2017Q3,1,3.373679337730384,2.6470033565310707,-0.7266759811993135,CHL
"ARMA(2,2)",Box-Jenkins,2017Q3,1,3.373679337730384,3.5116801021223085,0.13800076439192432,CHL
"ARIMA(1,1,1)",Box-Jenkins,2017Q3,1,3.373679337730384,2.5833533594433438,-0.7903259782870404,CHL
Ridge sobre rezagos,regularizado,2017Q3,1,3.373679337730384,3.4191423362020785,0.04546299847169433,CHL
Random Forest,aprendizaje,2017Q3,1,3.373679337730384,1.845999201217192,-1.5276801365131922,CHL
LSTM(16),red neuronal,2017Q3,1,3.373679337730384,3.7091141612078626,0.33543482347747844,CHL
Comb. RF/AR(1) suave,combinacion,2017Q3,1,3.373679337730384,2.0668334524265366,-1.3068458853038476,CHL
Comb. RF/AR(1) dura,combinacion,2017Q3,1,3.373679337730384,2.0668334524265366,-1.3068458853038476,CHL
Comb. RF/ingenuo suave,combinacion,2017Q3,1,3.373679337730384,2.0668334524265366,-1.3068458853038476,CHL
Comb. LSTM/AR(1) suave,combinacion,2017Q3,1,3.373679337730384,3.3576110616067707,-0.0160682761236135,CHL
Comb. 50/50 RF-AR(1),combinacion,2017Q3,1,3.373679337730384,2.4175056371473844,-0.9561737005829998,CHL
Ingenuo,referencia,2017Q4,1,5.124107372542408,3.373679337730384,-1.7504280348120238,CHL
Deriva,referencia,2017Q4,1,5.124107372542408,3.34432650132977,-1.7797808712126382,CHL
AR(1),Box-Jenkins,2017Q4,1,5.124107372542408,3.433221836322644,-1.690885536219764,CHL
"ARMA(2,2)",Box-Jenkins,2017Q4,1,5.124107372542408,4.0735730647104935,-1.0505343078319145,CHL
"ARIMA(1,1,1)",Box-Jenkins,2017Q4,1,5.124107372542408,3.8126068274100735,-1.3115005451323345,CHL
Ridge sobre rezagos,regularizado,2017Q4,1,5.124107372542408,4.898012017054041,-0.22609535548836668,CHL
Random Forest,aprendizaje,2017Q4,1,5.124107372542408,4.139794948585455,-0.9843124239569532,CHL
LSTM(16),red neuronal,2017Q4,1,5.124107372542408,4.51687003568904,-0.6072373368533679,CHL
Comb. RF/AR(1) suave,combinacion,2017Q4,1,5.124107372542408,4.037085194090601,-1.0870221784518073,CHL
Comb. RF/AR(1) dura,combinacion,2017Q4,1,5.124107372542408,4.037085194090601,-1.0870221784518073,CHL
Comb. RF/ingenuo suave,combinacion,2017Q4,1,5.124107372542408,4.037085194090601,-1.0870221784518073,CHL
Comb. LSTM/AR(1) suave,combinacion,2017Q4,1,5.124107372542408,4.230122697109463,-0.8939846754329448,CHL
Comb. 50/50 RF-AR(1),combinacion,2017Q4,1,5.124107372542408,3.824332376694195,-1.299774995848213,CHL
Ingenuo,referencia,2018Q1,1,5.145330701749917,5.124107372542408,-0.021223329207509245,CHL
Deriva,referencia,2018Q1,1,5.145330701749917,5.11594240365623,-0.02938829809368748,CHL
AR(1),Box-Jenkins,2018Q1,1,5.145330701749917,4.9310183050055825,-0.21431239674433478,CHL
"ARMA(2,2)",Box-Jenkins,2018Q1,1,5.145330701749917,5.751578512599096,0.6062478108491787,CHL
"ARIMA(1,1,1)",Box-Jenkins,2018Q1,1,5.145330701749917,5.779539662225015,0.6342089604750978,CHL
Ridge sobre rezagos,regularizado,2018Q1,1,5.145330701749917,4.98136161823005,-0.16396908351986728,CHL
Random Forest,aprendizaje,2018Q1,1,5.145330701749917,5.401149991268337,0.2558192895184197,CHL
LSTM(16),red neuronal,2018Q1,1,5.145330701749917,5.3069642924060165,0.16163359065609928,CHL
Comb. RF/AR(1) suave,combinacion,2018Q1,1,5.145330701749917,5.82080292901206,0.6754722272621425,CHL
Comb. RF/AR(1) dura,combinacion,2018Q1,1,5.145330701749917,5.82080292901206,0.6754722272621425,CHL
Comb. RF/ingenuo suave,combinacion,2018Q1,1,5.145330701749917,5.82080292901206,0.6754722272621425,CHL
Comb. LSTM/AR(1) suave,combinacion,2018Q1,1,5.145330701749917,5.27064091256111,0.1253102108111923,CHL
Comb. 50/50 RF-AR(1),combinacion,2018Q1,1,5.145330701749917,5.760016678053323,0.6146859763034058,CHL
Ingenuo,referencia,2018Q2,1,2.669163443663014,5.145330701749917,2.476167258086903,CHL
Deriva,referencia,2018Q2,1,2.669163443663014,5.137511477547194,2.4683480338841797,CHL
AR(1),Box-Jenkins,2018Q2,1,2.669163443663014,4.95191046252847,2.2827470188654555,CHL
"ARMA(2,2)",Box-Jenkins,2018Q2,1,2.669163443663014,4.982604576464914,2.3134411328019002,CHL
"ARIMA(1,1,1)",Box-Jenkins,2018Q2,1,2.669163443663014,4.537749836530874,1.8685863928678597,CHL
Ridge sobre rezagos,regularizado,2018Q2,1,2.669163443663014,4.760286609655412,2.091123165992398,CHL
Random Forest,aprendizaje,2018Q2,1,2.669163443663014,4.84846345268544,2.179300009022426,CHL
LSTM(16),red neuronal,2018Q2,1,2.669163443663014,5.122371306947429,2.4532078632844145,CHL
Comb. RF/AR(1) suave,combinacion,2018Q2,1,2.669163443663014,5.431568347376741,2.762404903713727,CHL
Comb. RF/AR(1) dura,combinacion,2018Q2,1,2.669163443663014,5.431568347376741,2.762404903713727,CHL
Comb. RF/ingenuo suave,combinacion,2018Q2,1,2.669163443663014,5.431568347376741,2.762404903713727,CHL
Comb. LSTM/AR(1) suave,combinacion,2018Q2,1,2.669163443663014,5.514267347431822,2.845103903768808,CHL
Comb. 50/50 RF-AR(1),combinacion,2018Q2,1,2.669163443663014,5.086992724678623,2.4178292810156092,CHL
Ingenuo,referencia,2018Q3,1,3.2157870752894446,2.669163443663014,-0.5466236316264306,CHL
Deriva,referencia,2018Q3,1,3.2157870752894446,2.632642498136056,-0.5831445771533885,CHL
AR(1),Box-Jenkins,2018Q3,1,3.2157870752894446,2.8407149329512587,-0.375072142338186,CHL
"ARMA(2,2)",Box-Jenkins,2018Q3,1,3.2157870752894446,1.7033854988468402,-1.5124015764426044,CHL
"ARIMA(1,1,1)",Box-Jenkins,2018Q3,1,3.2157870752894446,1.7133895205737475,-1.5023975547156971,CHL
Ridge sobre rezagos,regularizado,2018Q3,1,3.2157870752894446,2.4182068284095193,-0.7975802468799253,CHL
Random Forest,aprendizaje,2018Q3,1,3.2157870752894446,1.6829942775659241,-1.5327927977235205,CHL
LSTM(16),red neuronal,2018Q3,1,3.2157870752894446,2.9868200507138454,-0.22896702457559925,CHL
Comb. RF/AR(1) suave,combinacion,2018Q3,1,3.2157870752894446,1.768798808449646,-1.4469882668397986,CHL
Comb. RF/AR(1) dura,combinacion,2018Q3,1,3.2157870752894446,1.768798808449646,-1.4469882668397986,CHL
Comb. RF/ingenuo suave,combinacion,2018Q3,1,3.2157870752894446,1.768798808449646,-1.4469882668397986,CHL
Comb. LSTM/AR(1) suave,combinacion,2018Q3,1,3.2157870752894446,3.2914597647230264,0.07567268943358174,CHL
Comb. 50/50 RF-AR(1),combinacion,2018Q3,1,3.2157870752894446,2.8407149329512587,-0.375072142338186,CHL
Ingenuo,referencia,2018Q4,1,1.5824349882225697,3.2157870752894446,1.633352087066875,CHL
Deriva,referencia,2018Q4,1,1.5824349882225697,3.185968940994135,1.6035339527715653,CHL
AR(1),Box-Jenkins,2018Q4,1,1.5824349882225697,3.304687977395738,1.7222529891731684,CHL
"ARMA(2,2)",Box-Jenkins,2018Q4,1,1.5824349882225697,5.079996964600916,3.4975619763783463,CHL
"ARIMA(1,1,1)",Box-Jenkins,2018Q4,1,1.5824349882225697,4.4460828649556365,2.863647876733067,CHL
Ridge sobre rezagos,regularizado,2018Q4,1,1.5824349882225697,2.9695867858372496,1.3871517976146799,CHL
Random Forest,aprendizaje,2018Q4,1,1.5824349882225697,2.2675733694681233,0.6851383812455536,CHL
LSTM(16),red neuronal,2018Q4,1,1.5824349882225697,2.4405847754044308,0.8581497871818611,CHL
Comb. RF/AR(1) suave,combinacion,2018Q4,1,1.5824349882225697,2.443841088531443,0.8614061003088733,CHL
Comb. RF/AR(1) dura,combinacion,2018Q4,1,1.5824349882225697,2.443841088531443,0.8614061003088733,CHL
Comb. RF/ingenuo suave,combinacion,2018Q4,1,1.5824349882225697,2.443841088531443,0.8614061003088733,CHL
Comb. LSTM/AR(1) suave,combinacion,2018Q4,1,1.5824349882225697,2.922652033183402,1.3402170449608324,CHL
Comb. 50/50 RF-AR(1),combinacion,2018Q4,1,1.5824349882225697,3.304687977395738,1.7222529891731684,CHL
Ingenuo,referencia,2019Q1,1,1.5636557395724227,1.5824349882225697,0.018779248650147018,CHL
Deriva,referencia,2019Q1,1,1.5636557395724227,1.5343948771912195,-0.02926086238120318,CHL
AR(1),Box-Jenkins,2019Q1,1,1.5636557395724227,1.9098792689308617,0.34622352935843903,CHL
"ARMA(2,2)",Box-Jenkins,2019Q1,1,1.5636557395724227,1.4641836575412979,-0.09947208203112479,CHL
"ARIMA(1,1,1)",Box-Jenkins,2019Q1,1,1.5636557395724227,-0.465839791798508,-2.0294955313709306,CHL
Ridge sobre rezagos,regularizado,2019Q1,1,1.5636557395724227,1.438709509860673,-0.12494622971174962,CHL
Random Forest,aprendizaje,2019Q1,1,1.5636557395724227,1.9579493335640836,0.394293593991661,CHL
LSTM(16),red neuronal,2019Q1,1,1.5636557395724227,1.577836326552954,0.014180586980531373,CHL
Comb. RF/AR(1) suave,combinacion,2019Q1,1,1.5636557395724227,1.9942172022771418,0.4305614627047192,CHL
Comb. RF/AR(1) dura,combinacion,2019Q1,1,1.5636557395724227,1.9942172022771418,0.4305614627047192,CHL
Comb. RF/ingenuo suave,combinacion,2019Q1,1,1.5636557395724227,1.9942172022771418,0.4305614627047192,CHL
Comb. LSTM/AR(1) suave,combinacion,2019Q1,1,1.5636557395724227,1.3756945749694331,-0.1879611646029895,CHL
Comb. 50/50 RF-AR(1),combinacion,2019Q1,1,1.5636557395724227,1.9098792689308617,0.34622352935843903,CHL
Ingenuo,referencia,2019Q2,1,2.248737010168478,1.5636557395724227,-0.6850812705960552,CHL
Deriva,referencia,2019Q2,1,2.248737010168478,1.5159444022756927,-0.7327926078927851,CHL
AR(1),Box-Jenkins,2019Q2,1,2.248737010168478,1.8872651726272247,-0.3614718375412531,CHL
"ARMA(2,2)",Box-Jenkins,2019Q2,1,2.248737010168478,1.9761167202087973,-0.2726202899596806,CHL
"ARIMA(1,1,1)",Box-Jenkins,2019Q2,1,2.248737010168478,3.3552677937833515,1.1065307836148737,CHL
Ridge sobre rezagos,regularizado,2019Q2,1,2.248737010168478,2.9798654031056824,0.7311283929372046,CHL
Random Forest,aprendizaje,2019Q2,1,2.248737010168478,2.0501056952770527,-0.19863131489142516,CHL
LSTM(16),red neuronal,2019Q2,1,2.248737010168478,1.6583905783493482,-0.5903464318191296,CHL
Comb. RF/AR(1) suave,combinacion,2019Q2,1,2.248737010168478,1.5361086394652588,-0.712628370703219,CHL
Comb. RF/AR(1) dura,combinacion,2019Q2,1,2.248737010168478,1.5361086394652588,-0.712628370703219,CHL
Comb. RF/ingenuo suave,combinacion,2019Q2,1,2.248737010168478,1.5361086394652588,-0.712628370703219,CHL
Comb. LSTM/AR(1) suave,combinacion,2019Q2,1,2.248737010168478,0.7979401590118105,-1.4507968511566673,CHL
Comb. 50/50 RF-AR(1),combinacion,2019Q2,1,2.248737010168478,1.8872651726272247,-0.3614718375412531,CHL
Ingenuo,referencia,2019Q3,1,-3.166670643435343,2.248737010168478,5.415407653603821,CHL
Deriva,referencia,2019Q3,1,-3.166670643435343,2.2091678129594454,5.3758384563947885,CHL
AR(1),Box-Jenkins,2019Q3,1,-3.166670643435343,2.4704664889822854,5.637137132417628,CHL
"ARMA(2,2)",Box-Jenkins,2019Q3,1,-3.166670643435343,2.9247342389136053,6.091404882348948,CHL
"ARIMA(1,1,1)",Box-Jenkins,2019Q3,1,-3.166670643435343,0.97959081877637,4.146261462211713,CHL
Ridge sobre rezagos,regularizado,2019Q3,1,-3.166670643435343,2.278151902996174,5.444822546431517,CHL
Random Forest,aprendizaje,2019Q3,1,-3.166670643435343,2.300268291218888,5.466938934654231,CHL
LSTM(16),red neuronal,2019Q3,1,-3.166670643435343,2.6974587303417197,5.864129373777063,CHL
Comb. RF/AR(1) suave,combinacion,2019Q3,1,-3.166670643435343,2.3019194087198893,5.468590052155232,CHL
Comb. RF/AR(1) dura,combinacion,2019Q3,1,-3.166670643435343,2.3019194087198893,5.468590052155232,CHL
Comb. RF/ingenuo suave,combinacion,2019Q3,1,-3.166670643435343,2.3019194087198893,5.468590052155232,CHL
Comb. LSTM/AR(1) suave,combinacion,2019Q3,1,-3.166670643435343,2.127632277802855,5.294302921238199,CHL
Comb. 50/50 RF-AR(1),combinacion,2019Q3,1,-3.166670643435343,2.4704664889822854,5.637137132417628,CHL
Ingenuo,referencia,2019Q4,1,-0.6434612387026806,-3.166670643435343,-2.5232094047326625,CHL
Deriva,referencia,2019Q4,1,-0.6434612387026806,-3.2653149885168458,-2.621853749814165,CHL
AR(1),Box-Jenkins,2019Q4,1,-0.6434612387026806,-2.2441514320405287,-1.6006901933378481,CHL
"ARMA(2,2)",Box-Jenkins,2019Q4,1,-0.6434612387026806,-3.7867132971790856,-3.143252058476405,CHL
"ARIMA(1,1,1)",Box-Jenkins,2019Q4,1,-0.6434612387026806,-4.833091058273819,-4.189629819571138,CHL
Ridge sobre rezagos,regularizado,2019Q4,1,-0.6434612387026806,-3.438219096271509,-2.7947578575688286,CHL
Random Forest,aprendizaje,2019Q4,1,-0.6434612387026806,-0.5470547472133902,0.09640649148929037,CHL
LSTM(16),red neuronal,2019Q4,1,-0.6434612387026806,-0.827346449621341,-0.1838852109186604,CHL
Comb. RF/AR(1) suave,combinacion,2019Q4,1,-0.6434612387026806,-1.0717211794878612,-0.4282599407851806,CHL
Comb. RF/AR(1) dura,combinacion,2019Q4,1,-0.6434612387026806,-2.2441514320405287,-1.6006901933378481,CHL
Comb. RF/ingenuo suave,combinacion,2019Q4,1,-0.6434612387026806,-1.5112311232801532,-0.8677698845774726,CHL
Comb. LSTM/AR(1) suave,combinacion,2019Q4,1,-0.6434612387026806,-1.6560738994422197,-1.0126126607395391,CHL
Comb. 50/50 RF-AR(1),combinacion,2019Q4,1,-0.6434612387026806,-2.2441514320405287,-1.6006901933378481,CHL
Ingenuo,referencia,2020Q1,1,-14.300862640807976,-0.6434612387026806,13.657401402105295,CHL
Deriva,referencia,2020Q1,1,-14.300862640807976,-0.7136071734601162,13.587255467347859,CHL
AR(1),Box-Jenkins,2020Q1,1,-14.300862640807976,0.000495215496818191,14.301357856304794,CHL
"ARMA(2,2)",Box-Jenkins,2020Q1,1,-14.300862640807976,0.7310900537306142,15.03195269453859,CHL
"ARIMA(1,1,1)",Box-Jenkins,2020Q1,1,-14.300862640807976,1.8912540851126343,16.19211672592061,CHL
Ridge sobre rezagos,regularizado,2020Q1,1,-14.300862640807976,0.7335762759638635,15.03443891677184,CHL
Random Forest,aprendizaje,2020Q1,1,-14.300862640807976,1.0299072266499634,15.330769867457938,CHL
LSTM(16),red neuronal,2020Q1,1,-14.300862640807976,-0.19731042607786087,14.103552214730115,CHL
Comb. RF/AR(1) suave,combinacion,2020Q1,1,-14.300862640807976,0.4126604052100516,14.713523046018027,CHL
Comb. RF/AR(1) dura,combinacion,2020Q1,1,-14.300862640807976,0.000495215496818191,14.301357856304794,CHL
Comb. RF/ingenuo suave,combinacion,2020Q1,1,-14.300862640807976,0.09150854197953501,14.39237118278751,CHL
Comb. LSTM/AR(1) suave,combinacion,2020Q1,1,-14.300862640807976,0.0579483930923108,14.358811033900286,CHL
Comb. 50/50 RF-AR(1),combinacion,2020Q1,1,-14.300862640807976,0.000495215496818191,14.301357856304794,CHL
Ingenuo,referencia,2020Q2,1,-10.21164009006621,-14.300862640807976,-4.089222550741766,CHL
Deriva,referencia,2020Q2,1,-10.21164009006621,-14.51710809671969,-4.305468006653481,CHL
AR(1),Box-Jenkins,2020Q2,1,-10.21164009006621,-13.174559264493327,-2.9629191744271175,CHL
"ARMA(2,2)",Box-Jenkins,2020Q2,1,-10.21164009006621,-10.833331429695994,-0.6216913396297841,CHL
"ARIMA(1,1,1)",Box-Jenkins,2020Q2,1,-10.21164009006621,-16.15267268312831,-5.941032593062099,CHL
Ridge sobre rezagos,regularizado,2020Q2,1,-10.21164009006621,-11.260610815181725,-1.048970725115515,CHL
Random Forest,aprendizaje,2020Q2,1,-10.21164009006621,-3.490855266110857,6.720784823955352,CHL
LSTM(16),red neuronal,2020Q2,1,-10.21164009006621,-4.474132401480073,5.7375076885861365,CHL
Comb. RF/AR(1) suave,combinacion,2020Q2,1,-10.21164009006621,-13.174559264493327,-2.9629191744271175,CHL
Comb. RF/AR(1) dura,combinacion,2020Q2,1,-10.21164009006621,-13.174559264493327,-2.9629191744271175,CHL
Comb. RF/ingenuo suave,combinacion,2020Q2,1,-10.21164009006621,-14.300862640807976,-4.089222550741766,CHL
Comb. LSTM/AR(1) suave,combinacion,2020Q2,1,-10.21164009006621,-13.174559264493327,-2.9629191744271175,CHL
Comb. 50/50 RF-AR(1),combinacion,2020Q2,1,-10.21164009006621,-13.174559264493327,-2.9629191744271175,CHL
Ingenuo,referencia,2020Q3,1,-0.123529744689721,-10.21164009006621,-10.088110345376489,CHL
Deriva,referencia,2020Q3,1,-0.123529744689721,-10.382082694843312,-10.258552950153591,CHL
AR(1),Box-Jenkins,2020Q3,1,-0.123529744689721,-8.663782115706573,-8.540252371016852,CHL
"ARMA(2,2)",Box-Jenkins,2020Q3,1,-0.123529744689721,-15.843009243895708,-15.719479499205987,CHL
"ARIMA(1,1,1)",Box-Jenkins,2020Q3,1,-0.123529744689721,-12.324475902438543,-12.200946157748822,CHL
Ridge sobre rezagos,regularizado,2020Q3,1,-0.123529744689721,-13.459255363212042,-13.335725618522321,CHL
Random Forest,aprendizaje,2020Q3,1,-0.123529744689721,-6.559898145639355,-6.436368400949634,CHL
LSTM(16),red neuronal,2020Q3,1,-0.123529744689721,-3.3357997500067236,-3.2122700053170026,CHL
Comb. RF/AR(1) suave,combinacion,2020Q3,1,-0.123529744689721,-8.663782115706573,-8.540252371016852,CHL
Comb. RF/AR(1) dura,combinacion,2020Q3,1,-0.123529744689721,-8.663782115706573,-8.540252371016852,CHL
Comb. RF/ingenuo suave,combinacion,2020Q3,1,-0.123529744689721,-10.21164009006621,-10.088110345376489,CHL
Comb. LSTM/AR(1) suave,combinacion,2020Q3,1,-0.123529744689721,-8.663782115706573,-8.540252371016852,CHL
Comb. 50/50 RF-AR(1),combinacion,2020Q3,1,-0.123529744689721,-8.663782115706573,-8.540252371016852,CHL
Ingenuo,referencia,2020Q4,1,1.672242151039649,-0.123529744689721,-1.79577189572937,CHL
Deriva,referencia,2020Q4,1,1.672242151039649,-0.18598758157046952,-1.8582297326101185,CHL
AR(1),Box-Jenkins,2020Q4,1,1.672242151039649,0.5880087806414394,-1.0842333703982097,CHL
"ARMA(2,2)",Box-Jenkins,2020Q4,1,1.672242151039649,3.776660294391695,2.104418143352046,CHL
"ARIMA(1,1,1)",Box-Jenkins,2020Q4,1,1.672242151039649,0.31014605281328045,-1.3620960982263686,CHL
Ridge sobre rezagos,regularizado,2020Q4,1,1.672242151039649,-2.7520575550005173,-4.424299706040166,CHL
Random Forest,aprendizaje,2020Q4,1,1.672242151039649,-4.343324845041796,-6.015566996081445,CHL
LSTM(16),red neuronal,2020Q4,1,1.672242151039649,3.8437176014172274,2.1714754503775784,CHL
Comb. RF/AR(1) suave,combinacion,2020Q4,1,1.672242151039649,0.5880087806414394,-1.0842333703982097,CHL
Comb. RF/AR(1) dura,combinacion,2020Q4,1,1.672242151039649,0.5880087806414394,-1.0842333703982097,CHL
Comb. RF/ingenuo suave,combinacion,2020Q4,1,1.672242151039649,-0.123529744689721,-1.79577189572937,CHL
Comb. LSTM/AR(1) suave,combinacion,2020Q4,1,1.672242151039649,0.5880087806414394,-1.0842333703982097,CHL
Comb. 50/50 RF-AR(1),combinacion,2020Q4,1,1.672242151039649,0.5880087806414394,-1.0842333703982097,CHL
Ingenuo,referencia,2021Q1,1,17.58898159838691,1.672242151039649,-15.91673944734726,CHL
Deriva,referencia,2021Q1,1,17.58898159838691,1.6291408738735893,-15.959840724513318,CHL
AR(1),Box-Jenkins,2021Q1,1,17.58898159838691,2.007279337349245,-15.581702261037663,CHL
"ARMA(2,2)",Box-Jenkins,2021Q1,1,17.58898159838691,4.02390787375039,-13.56507372463652,CHL
"ARIMA(1,1,1)",Box-Jenkins,2021Q1,1,17.58898159838691,2.919241341779623,-14.669740256607286,CHL
Ridge sobre rezagos,regularizado,2021Q1,1,17.58898159838691,13.007294683168354,-4.581686915218555,CHL
Random Forest,aprendizaje,2021Q1,1,17.58898159838691,3.561222637792085,-14.027758960594824,CHL
LSTM(16),red neuronal,2021Q1,1,17.58898159838691,5.759307429428471,-11.829674168958437,CHL
Comb. RF/AR(1) suave,combinacion,2021Q1,1,17.58898159838691,2.007279337349245,-15.581702261037663,CHL
Comb. RF/AR(1) dura,combinacion,2021Q1,1,17.58898159838691,2.007279337349245,-15.581702261037663,CHL
Comb. RF/ingenuo suave,combinacion,2021Q1,1,17.58898159838691,1.672242151039649,-15.91673944734726,CHL
Comb. LSTM/AR(1) suave,combinacion,2021Q1,1,17.58898159838691,2.007279337349245,-15.581702261037663,CHL
Comb. 50/50 RF-AR(1),combinacion,2021Q1,1,17.58898159838691,2.007279337349245,-15.581702261037663,CHL
Ingenuo,referencia,2021Q2,1,16.669600500957095,17.58898159838691,0.9193810974298131,CHL
Deriva,referencia,2021Q2,1,16.669600500957095,17.71041476167975,1.0408142607226551,CHL
AR(1),Box-Jenkins,2021Q2,1,16.669600500957095,14.254644207972548,-2.414956292984547,CHL
"ARMA(2,2)",Box-Jenkins,2021Q2,1,16.669600500957095,13.737264911582235,-2.93233558937486,CHL
"ARIMA(1,1,1)",Box-Jenkins,2021Q2,1,16.669600500957095,19.97383398491546,3.304233483958363,CHL
Ridge sobre rezagos,regularizado,2021Q2,1,16.669600500957095,12.828591269600185,-3.84100923135691,CHL
Random Forest,aprendizaje,2021Q2,1,16.669600500957095,10.484838082151494,-6.184762418805601,CHL
LSTM(16),red neuronal,2021Q2,1,16.669600500957095,10.958009012335898,-5.711591488621197,CHL
Comb. RF/AR(1) suave,combinacion,2021Q2,1,16.669600500957095,14.254644207972548,-2.414956292984547,CHL
Comb. RF/AR(1) dura,combinacion,2021Q2,1,16.669600500957095,14.254644207972548,-2.414956292984547,CHL
Comb. RF/ingenuo suave,combinacion,2021Q2,1,16.669600500957095,17.58898159838691,0.9193810974298131,CHL
Comb. LSTM/AR(1) suave,combinacion,2021Q2,1,16.669600500957095,14.254644207972548,-2.414956292984547,CHL
Comb. 50/50 RF-AR(1),combinacion,2021Q2,1,16.669600500957095,14.254644207972548,-2.414956292984547,CHL
Ingenuo,referencia,2021Q3,1,11.449437467210299,16.669600500957095,5.220163033746797,CHL
Deriva,referencia,2021Q3,1,11.449437467210299,16.780413110569093,5.330975643358794,CHL
AR(1),Box-Jenkins,2021Q3,1,11.449437467210299,13.891381356218133,2.4419438890078347,CHL
"ARMA(2,2)",Box-Jenkins,2021Q3,1,11.449437467210299,11.496657525277797,0.04722005806749863,CHL
"ARIMA(1,1,1)",Box-Jenkins,2021Q3,1,11.449437467210299,16.97736938062766,5.527931913417362,CHL
Ridge sobre rezagos,regularizado,2021Q3,1,11.449437467210299,13.364079566138257,1.914642098927958,CHL
Random Forest,aprendizaje,2021Q3,1,11.449437467210299,9.046672967473272,-2.4027644997370263,CHL
LSTM(16),red neuronal,2021Q3,1,11.449437467210299,12.233251206405741,0.783813739195443,CHL
Comb. RF/AR(1) suave,combinacion,2021Q3,1,11.449437467210299,13.891381356218133,2.4419438890078347,CHL
Comb. RF/AR(1) dura,combinacion,2021Q3,1,11.449437467210299,13.891381356218133,2.4419438890078347,CHL
Comb. RF/ingenuo suave,combinacion,2021Q3,1,11.449437467210299,16.669600500957095,5.220163033746797,CHL
Comb. LSTM/AR(1) suave,combinacion,2021Q3,1,11.449437467210299,13.891381356218133,2.4419438890078347,CHL
Comb. 50/50 RF-AR(1),combinacion,2021Q3,1,11.449437467210299,13.891381356218133,2.4419438890078347,CHL
Ingenuo,referencia,2021Q4,1,5.92248441938763,11.449437467210299,5.526953047822668,CHL
Deriva,referencia,2021Q4,1,5.92248441938763,11.506401838000489,5.583917418612859,CHL
AR(1),Box-Jenkins,2021Q4,1,5.92248441938763,9.639032787344888,3.716548367957258,CHL
"ARMA(2,2)",Box-Jenkins,2021Q4,1,5.92248441938763,7.756354127633662,1.8338697082460316,CHL
"ARIMA(1,1,1)",Box-Jenkins,2021Q4,1,5.92248441938763,11.16011448995539,5.23763007056776,CHL
Ridge sobre rezagos,regularizado,2021Q4,1,5.92248441938763,11.125500650543014,5.203016231155384,CHL
Random Forest,aprendizaje,2021Q4,1,5.92248441938763,7.979862565292839,2.0573781459052087,CHL
LSTM(16),red neuronal,2021Q4,1,5.92248441938763,9.775683914704189,3.8531994953165585,CHL
Comb. RF/AR(1) suave,combinacion,2021Q4,1,5.92248441938763,9.639032787344888,3.716548367957258,CHL
Comb. RF/AR(1) dura,combinacion,2021Q4,1,5.92248441938763,9.639032787344888,3.716548367957258,CHL
Comb. RF/ingenuo suave,combinacion,2021Q4,1,5.92248441938763,11.449437467210299,5.526953047822668,CHL
Comb. LSTM/AR(1) suave,combinacion,2021Q4,1,5.92248441938763,9.639032787344888,3.716548367957258,CHL
Comb. 50/50 RF-AR(1),combinacion,2021Q4,1,5.92248441938763,9.639032787344888,3.716548367957258,CHL
Ingenuo,referencia,2022Q1,1,4.828744144014152,5.92248441938763,1.0937402753734782,CHL
Deriva,referencia,2022Q1,1,4.828744144014152,5.923609615991692,1.0948654719775401,CHL
AR(1),Box-Jenkins,2022Q1,1,4.828744144014152,5.358376092561521,0.5296319485473688,CHL
"ARMA(2,2)",Box-Jenkins,2022Q1,1,4.828744144014152,2.6087043162175516,-2.2200398277966005,CHL
"ARIMA(1,1,1)",Box-Jenkins,2022Q1,1,4.828744144014152,5.377082676617594,0.5483385326034416,CHL
Ridge sobre rezagos,regularizado,2022Q1,1,4.828744144014152,-5.040589093252962,-9.869333237267114,CHL
Random Forest,aprendizaje,2022Q1,1,4.828744144014152,5.819745181597013,0.9910010375828611,CHL
LSTM(16),red neuronal,2022Q1,1,4.828744144014152,5.967852751658875,1.1391086076447232,CHL
Comb. RF/AR(1) suave,combinacion,2022Q1,1,4.828744144014152,5.358376092561521,0.5296319485473688,CHL
Comb. RF/AR(1) dura,combinacion,2022Q1,1,4.828744144014152,5.358376092561521,0.5296319485473688,CHL
Comb. RF/ingenuo suave,combinacion,2022Q1,1,4.828744144014152,5.92248441938763,1.0937402753734782,CHL
Comb. LSTM/AR(1) suave,combinacion,2022Q1,1,4.828744144014152,5.358376092561521,0.5296319485473688,CHL
Comb. 50/50 RF-AR(1),combinacion,2022Q1,1,4.828744144014152,5.358376092561521,0.5296319485473688,CHL
Ingenuo,referencia,2022Q2,1,0.3503474503787407,4.828744144014152,4.478396693635411,CHL
Deriva,referencia,2022Q2,1,0.3503474503787407,4.819029088420417,4.4686816380416765,CHL
AR(1),Box-Jenkins,2022Q2,1,0.3503474503787407,4.538740722538691,4.18839327215995,CHL
"ARMA(2,2)",Box-Jenkins,2022Q2,1,0.3503474503787407,1.9142604164392862,1.5639129660605455,CHL
"ARIMA(1,1,1)",Box-Jenkins,2022Q2,1,0.3503474503787407,4.6636588787012725,4.313311428322532,CHL
Ridge sobre rezagos,regularizado,2022Q2,1,0.3503474503787407,6.63763001350601,6.2872825631272695,CHL
Random Forest,aprendizaje,2022Q2,1,0.3503474503787407,4.649106389646186,4.2987589392674455,CHL
LSTM(16),red neuronal,2022Q2,1,0.3503474503787407,4.9097995828381675,4.559452132459427,CHL
Comb. RF/AR(1) suave,combinacion,2022Q2,1,0.3503474503787407,4.538740722538691,4.18839327215995,CHL
Comb. RF/AR(1) dura,combinacion,2022Q2,1,0.3503474503787407,4.538740722538691,4.18839327215995,CHL
Comb. RF/ingenuo suave,combinacion,2022Q2,1,0.3503474503787407,4.828744144014152,4.478396693635411,CHL
Comb. LSTM/AR(1) suave,combinacion,2022Q2,1,0.3503474503787407,4.538740722538691,4.18839327215995,CHL
Comb. 50/50 RF-AR(1),combinacion,2022Q2,1,0.3503474503787407,4.538740722538691,4.18839327215995,CHL
Ingenuo,referencia,2022Q3,1,-2.029204899267134,0.3503474503787407,2.379552349645875,CHL
Deriva,referencia,2022Q3,1,-2.029204899267134,0.29682179049047946,2.3260266897576134,CHL
AR(1),Box-Jenkins,2022Q3,1,-2.029204899267134,1.1783193643052645,3.207524263572399,CHL
"ARMA(2,2)",Box-Jenkins,2022Q3,1,-2.029204899267134,2.6333023540545994,4.662507253321733,CHL
"ARIMA(1,1,1)",Box-Jenkins,2022Q3,1,-2.029204899267134,-0.13698002561153566,1.8922248736555984,CHL
Ridge sobre rezagos,regularizado,2022Q3,1,-2.029204899267134,4.792024900699915,6.82122979996705,CHL
Random Forest,aprendizaje,2022Q3,1,-2.029204899267134,-0.2208703668365968,1.8083345324305373,CHL
LSTM(16),red neuronal,2022Q3,1,-2.029204899267134,0.4983886073486863,2.5275935066158204,CHL
Comb. RF/AR(1) suave,combinacion,2022Q3,1,-2.029204899267134,1.1783193643052645,3.207524263572399,CHL
Comb. RF/AR(1) dura,combinacion,2022Q3,1,-2.029204899267134,1.1783193643052645,3.207524263572399,CHL
Comb. RF/ingenuo suave,combinacion,2022Q3,1,-2.029204899267134,0.3503474503787407,2.379552349645875,CHL
Comb. LSTM/AR(1) suave,combinacion,2022Q3,1,-2.029204899267134,1.1783193643052645,3.207524263572399,CHL
Comb. 50/50 RF-AR(1),combinacion,2022Q3,1,-2.029204899267134,1.1783193643052645,3.207524263572399,CHL
Ingenuo,referencia,2022Q4,1,-0.4152219492421727,-2.029204899267134,-1.6139829500249614,CHL
Deriva,referencia,2022Q4,1,-0.4152219492421727,-2.1053133425511,-1.6900913933089274,CHL
AR(1),Box-Jenkins,2022Q4,1,-0.4152219492421727,-0.6514058845738288,-0.23618393533165605,CHL
"ARMA(2,2)",Box-Jenkins,2022Q4,1,-0.4152219492421727,-1.1142124150839396,-0.6989904658417669,CHL
"ARIMA(1,1,1)",Box-Jenkins,2022Q4,1,-0.4152219492421727,-2.3790105417759575,-1.9637885925337848,CHL
Ridge sobre rezagos,regularizado,2022Q4,1,-0.4152219492421727,3.4419776702410783,3.857199619483251,CHL
Random Forest,aprendizaje,2022Q4,1,-0.4152219492421727,-2.6166133077777585,-2.2013913585355858,CHL
LSTM(16),red neuronal,2022Q4,1,-0.4152219492421727,-3.6674764888206117,-3.252254539578439,CHL
Comb. RF/AR(1) suave,combinacion,2022Q4,1,-0.4152219492421727,-0.6514058845738288,-0.23618393533165605,CHL
Comb. RF/AR(1) dura,combinacion,2022Q4,1,-0.4152219492421727,-0.6514058845738288,-0.23618393533165605,CHL
Comb. RF/ingenuo suave,combinacion,2022Q4,1,-0.4152219492421727,-2.029204899267134,-1.6139829500249614,CHL
Comb. LSTM/AR(1) suave,combinacion,2022Q4,1,-0.4152219492421727,-0.6514058845738288,-0.23618393533165605,CHL
Comb. 50/50 RF-AR(1),combinacion,2022Q4,1,-0.4152219492421727,-0.6514058845738288,-0.23618393533165605,CHL
Ingenuo,referencia,2023Q1,1,0.07572561123863064,-0.4152219492421727,-0.49094756048080335,CHL
Deriva,referencia,2023Q1,1,0.07572561123863064,-0.47507951374432233,-0.550805124982953,CHL
AR(1),Box-Jenkins,2023Q1,1,0.07572561123863064,0.5594828642530613,0.4837572530144306,CHL
"ARMA(2,2)",Box-Jenkins,2023Q1,1,0.07572561123863064,-2.2283093878359916,-2.3040349990746223,CHL
"ARIMA(1,1,1)",Box-Jenkins,2023Q1,1,0.07572561123863064,-0.29305061885242567,-0.3687762300910563,CHL
Ridge sobre rezagos,regularizado,2023Q1,1,0.07572561123863064,-1.6097227040753759,-1.6854483153140065,CHL
Random Forest,aprendizaje,2023Q1,1,0.07572561123863064,-0.006289273565237332,-0.08201488480386797,CHL
LSTM(16),red neuronal,2023Q1,1,0.07572561123863064,0.5042196240412884,0.42849401280265775,CHL
Comb. RF/AR(1) suave,combinacion,2023Q1,1,0.07572561123863064,0.5594828642530613,0.4837572530144306,CHL
Comb. RF/AR(1) dura,combinacion,2023Q1,1,0.07572561123863064,0.5594828642530613,0.4837572530144306,CHL
Comb. RF/ingenuo suave,combinacion,2023Q1,1,0.07572561123863064,-0.4152219492421727,-0.49094756048080335,CHL
Comb. LSTM/AR(1) suave,combinacion,2023Q1,1,0.07572561123863064,0.5594828642530613,0.4837572530144306,CHL
Comb. 50/50 RF-AR(1),combinacion,2023Q1,1,0.07572561123863064,0.5594828642530613,0.4837572530144306,CHL
Ingenuo,referencia,2023Q2,1,1.4762763076931806,0.07572561123863064,-1.40055069645455,CHL
Deriva,referencia,2023Q2,1,1.4762763076931806,0.021113809831556744,-1.455162497861624,CHL
AR(1),Box-Jenkins,2023Q2,1,1.4762763076931806,0.9172257515765029,-0.5590505561166778,CHL
"ARMA(2,2)",Box-Jenkins,2023Q2,1,1.4762763076931806,2.6887900887347755,1.212513781041595,CHL
"ARIMA(1,1,1)",Box-Jenkins,2023Q2,1,1.4762763076931806,0.14540943391599262,-1.330866873777188,CHL
Ridge sobre rezagos,regularizado,2023Q2,1,1.4762763076931806,1.2166858583678253,-0.25959044932535535,CHL
Random Forest,aprendizaje,2023Q2,1,1.4762763076931806,1.397807755277042,-0.07846855241613859,CHL
LSTM(16),red neuronal,2023Q2,1,1.4762763076931806,3.8379729568561523,2.3616966491629716,CHL
Comb. RF/AR(1) suave,combinacion,2023Q2,1,1.4762763076931806,-0.5168779210488968,-1.9931542287420774,CHL
Comb. RF/AR(1) dura,combinacion,2023Q2,1,1.4762763076931806,0.9172257515765029,-0.5590505561166778,CHL
Comb. RF/ingenuo suave,combinacion,2023Q2,1,1.4762763076931806,-0.5790592302933224,-2.055335537986503,CHL
Comb. LSTM/AR(1) suave,combinacion,2023Q2,1,1.4762763076931806,1.817748843399337,0.3414725357061563,CHL
Comb. 50/50 RF-AR(1),combinacion,2023Q2,1,1.4762763076931806,0.9172257515765029,-0.5590505561166778,CHL
Ingenuo,referencia,2023Q3,1,1.3863304248509456,1.4762763076931806,0.08994588284223504,CHL
Deriva,referencia,2023Q3,1,1.3863304248509456,1.435392454379141,0.04906202952819538,CHL
AR(1),Box-Jenkins,2023Q3,1,1.3863304248509456,1.9713785758686224,0.5850481510176768,CHL
"ARMA(2,2)",Box-Jenkins,2023Q3,1,1.3863304248509456,5.445508362125516,4.05917793727457,CHL
"ARIMA(1,1,1)",Box-Jenkins,2023Q3,1,1.3863304248509456,1.635664823020131,0.24933439816918535,CHL
Ridge sobre rezagos,regularizado,2023Q3,1,1.3863304248509456,2.8208890257784702,1.4345586009275246,CHL
Random Forest,aprendizaje,2023Q3,1,1.3863304248509456,2.0161420935875696,0.629811668736624,CHL
LSTM(16),red neuronal,2023Q3,1,1.3863304248509456,3.0359754334641442,1.6496450086131986,CHL
Comb. RF/AR(1) suave,combinacion,2023Q3,1,1.3863304248509456,1.7892361305716837,0.40290570572073814,CHL
Comb. RF/AR(1) dura,combinacion,2023Q3,1,1.3863304248509456,1.9713785758686224,0.5850481510176768,CHL
Comb. RF/ingenuo suave,combinacion,2023Q3,1,1.3863304248509456,1.7715379395492745,0.3852075146983289,CHL
Comb. LSTM/AR(1) suave,combinacion,2023Q3,1,1.3863304248509456,3.058814753537939,1.6724843286869935,CHL
Comb. 50/50 RF-AR(1),combinacion,2023Q3,1,1.3863304248509456,1.9713785758686224,0.5850481510176768,CHL
Ingenuo,referencia,2023Q4,1,2.6485827351522495,1.3863304248509456,-1.262252310301304,CHL
Deriva,referencia,2023Q4,1,2.6485827351522495,1.3449880478964555,-1.303594687255794,CHL
AR(1),Box-Jenkins,2023Q4,1,2.6485827351522495,1.8972916569207945,-0.751291078231455,CHL
"ARMA(2,2)",Box-Jenkins,2023Q4,1,2.6485827351522495,1.6929329427254316,-0.9556497924268179,CHL
"ARIMA(1,1,1)",Box-Jenkins,2023Q4,1,2.6485827351522495,1.3998211933103897,-1.2487615418418598,CHL
Ridge sobre rezagos,regularizado,2023Q4,1,2.6485827351522495,1.9614222225285016,-0.6871605126237479,CHL
Random Forest,aprendizaje,2023Q4,1,2.6485827351522495,3.0208064835898245,0.372223748437575,CHL
LSTM(16),red neuronal,2023Q4,1,2.6485827351522495,1.3059227541488223,-1.3426599810034272,CHL
Comb. RF/AR(1) suave,combinacion,2023Q4,1,2.6485827351522495,3.6613058295872065,1.012723094434957,CHL
Comb. RF/AR(1) dura,combinacion,2023Q4,1,2.6485827351522495,3.6613058295872065,1.012723094434957,CHL
Comb. RF/ingenuo suave,combinacion,2023Q4,1,2.6485827351522495,3.6613058295872065,1.012723094434957,CHL
Comb. LSTM/AR(1) suave,combinacion,2023Q4,1,2.6485827351522495,2.799180601080125,0.1505978659278755,CHL
Comb. 50/50 RF-AR(1),combinacion,2023Q4,1,2.6485827351522495,1.8972916569207945,-0.751291078231455,CHL
Ingenuo,referencia,2024Q1,1,1.7031566342499582,2.6485827351522495,0.9454261009022913,CHL
Deriva,referencia,2024Q1,1,1.7031566342499582,2.6193106793760537,0.9161540451260954,CHL
AR(1),Box-Jenkins,2024Q1,1,1.7031566342499582,2.8477286746660244,1.1445720404160662,CHL
"ARMA(2,2)",Box-Jenkins,2024Q1,1,1.7031566342499582,-0.42104732974169057,-2.124203963991649,CHL
"ARIMA(1,1,1)",Box-Jenkins,2024Q1,1,1.7031566342499582,2.7847158467025546,1.0815592124525963,CHL
Ridge sobre rezagos,regularizado,2024Q1,1,1.7031566342499582,2.8644810859915406,1.1613244517415824,CHL
Random Forest,aprendizaje,2024Q1,1,1.7031566342499582,3.6364931689964,1.933336534746442,CHL
LSTM(16),red neuronal,2024Q1,1,1.7031566342499582,2.2998433017715314,0.5966866675215732,CHL
Comb. RF/AR(1) suave,combinacion,2024Q1,1,1.7031566342499582,3.6063845506683703,1.903227916418412,CHL
Comb. RF/AR(1) dura,combinacion,2024Q1,1,1.7031566342499582,3.6063845506683703,1.903227916418412,CHL
Comb. RF/ingenuo suave,combinacion,2024Q1,1,1.7031566342499582,3.6063845506683703,1.903227916418412,CHL
Comb. LSTM/AR(1) suave,combinacion,2024Q1,1,1.7031566342499582,1.6571839647880116,-0.04597266946194667,CHL
Comb. 50/50 RF-AR(1),combinacion,2024Q1,1,1.7031566342499582,2.8477286746660244,1.1445720404160662,CHL
Ingenuo,referencia,2024Q2,1,2.239529899897974,1.7031566342499582,-0.5363732656480158,CHL
Deriva,referencia,2024Q2,1,2.239529899897974,1.6654794954909542,-0.5740504044070198,CHL
AR(1),Box-Jenkins,2024Q2,1,2.239529899897974,2.1309888016159104,-0.1085410982820636,CHL
"ARMA(2,2)",Box-Jenkins,2024Q2,1,2.239529899897974,3.074324785255528,0.834794885357554,CHL
"ARIMA(1,1,1)",Box-Jenkins,2024Q2,1,2.239529899897974,1.6239916497163633,-0.6155382501816107,CHL
Ridge sobre rezagos,regularizado,2024Q2,1,2.239529899897974,2.271837264979972,0.03230736508199783,CHL
Random Forest,aprendizaje,2024Q2,1,2.239529899897974,2.3001853172430704,0.060655417345096385,CHL
LSTM(16),red neuronal,2024Q2,1,2.239529899897974,2.581667522369705,0.3421376224717312,CHL
Comb. RF/AR(1) suave,combinacion,2024Q2,1,2.239529899897974,2.275868406655564,0.03633850675758987,CHL
Comb. RF/AR(1) dura,combinacion,2024Q2,1,2.239529899897974,2.275868406655564,0.03633850675758987,CHL
Comb. RF/ingenuo suave,combinacion,2024Q2,1,2.239529899897974,2.275868406655564,0.03633850675758987,CHL
Comb. LSTM/AR(1) suave,combinacion,2024Q2,1,2.239529899897974,3.2227667018640807,0.9832368019661066,CHL
Comb. 50/50 RF-AR(1),combinacion,2024Q2,1,2.239529899897974,2.1309888016159104,-0.1085410982820636,CHL
Ingenuo,referencia,2024Q3,1,3.1288230205279044,2.239529899897974,-0.8892931206299304,CHL
Deriva,referencia,2024Q3,1,3.1288230205279044,2.207071401179034,-0.9217516193488704,CHL
AR(1),Box-Jenkins,2024Q3,1,3.1288230205279044,2.5325018739880063,-0.5963211465398981,CHL
"ARMA(2,2)",Box-Jenkins,2024Q3,1,3.1288230205279044,5.271274068150135,2.142451047622231,CHL
"ARIMA(1,1,1)",Box-Jenkins,2024Q3,1,3.1288230205279044,2.2836865203790064,-0.845136500148898,CHL
Ridge sobre rezagos,regularizado,2024Q3,1,3.1288230205279044,3.5963910908517596,0.46756807032385517,CHL
Random Forest,aprendizaje,2024Q3,1,3.1288230205279044,1.9507208137899186,-1.1781022067379858,CHL
LSTM(16),red neuronal,2024Q3,1,3.1288230205279044,3.1469510465650856,0.018128026037181222,CHL
Comb. RF/AR(1) suave,combinacion,2024Q3,1,3.1288230205279044,1.8443109168162246,-1.2845121037116798,CHL
Comb. RF/AR(1) dura,combinacion,2024Q3,1,3.1288230205279044,1.8443109168162246,-1.2845121037116798,CHL
Comb. RF/ingenuo suave,combinacion,2024Q3,1,3.1288230205279044,1.8443109168162246,-1.2845121037116798,CHL
Comb. LSTM/AR(1) suave,combinacion,2024Q3,1,3.1288230205279044,2.5645640606692863,-0.5642589598586181,CHL
Comb. 50/50 RF-AR(1),combinacion,2024Q3,1,3.1288230205279044,2.5325018739880063,-0.5963211465398981,CHL
Ingenuo,referencia,2024Q4,1,2.384461119595449,3.1288230205279044,0.7443619009324554,CHL
Deriva,referencia,2024Q4,1,2.384461119595449,3.104668590451747,0.7202074708562978,CHL
AR(1),Box-Jenkins,2024Q4,1,2.384461119595449,3.2017643117243604,0.8173031921289113,CHL
"ARMA(2,2)",Box-Jenkins,2024Q4,1,2.384461119595449,3.0350283213839218,0.6505672017884727,CHL
"ARIMA(1,1,1)",Box-Jenkins,2024Q4,1,2.384461119595449,3.228443969187126,0.843982849591677,CHL
Ridge sobre rezagos,regularizado,2024Q4,1,2.384461119595449,3.485758745587055,1.1012976259916059,CHL
Random Forest,aprendizaje,2024Q4,1,2.384461119595449,2.3216703435504926,-0.06279077604495642,CHL
LSTM(16),red neuronal,2024Q4,1,2.384461119595449,4.23391305128669,1.8494519316912408,CHL
Comb. RF/AR(1) suave,combinacion,2024Q4,1,2.384461119595449,1.778874472490287,-0.6055866471051621,CHL
Comb. RF/AR(1) dura,combinacion,2024Q4,1,2.384461119595449,1.778874472490287,-0.6055866471051621,CHL
Comb. RF/ingenuo suave,combinacion,2024Q4,1,2.384461119595449,1.778874472490287,-0.6055866471051621,CHL
Comb. LSTM/AR(1) suave,combinacion,2024Q4,1,2.384461119595449,4.107685656933317,1.7232245373378676,CHL
Comb. 50/50 RF-AR(1),combinacion,2024Q4,1,2.384461119595449,2.5294354366752483,0.14497431707979924,CHL
Ingenuo,referencia,2015Q4,1,2.5179614056105137,2.0351113199631676,-0.4828500856473461,COL
Deriva,referencia,2015Q4,1,2.5179614056105137,1.9222303780334191,-0.5957310275770946,COL
AR(1),Box-Jenkins,2015Q4,1,2.5179614056105137,2.411269226959633,-0.10669217865088054,COL
"ARMA(2,2)",Box-Jenkins,2015Q4,1,2.5179614056105137,3.0728851818553276,0.5549237762448138,COL
"ARIMA(1,1,1)",Box-Jenkins,2015Q4,1,2.5179614056105137,1.8535915167087458,-0.664369888901768,COL
Ridge sobre rezagos,regularizado,2015Q4,1,2.5179614056105137,2.0566516262775325,-0.46130977933298123,COL
Random Forest,aprendizaje,2015Q4,1,2.5179614056105137,3.7340004415124204,1.2160390359019067,COL
LSTM(16),red neuronal,2015Q4,1,2.5179614056105137,3.4052823534162555,0.8873209478057418,COL
Comb. RF/AR(1) suave,combinacion,2015Q4,1,2.5179614056105137,3.802061247436003,1.2840998418254892,COL
Comb. RF/AR(1) dura,combinacion,2015Q4,1,2.5179614056105137,3.802061247436003,1.2840998418254892,COL
Comb. RF/ingenuo suave,combinacion,2015Q4,1,2.5179614056105137,3.802061247436003,1.2840998418254892,COL
Comb. LSTM/AR(1) suave,combinacion,2015Q4,1,2.5179614056105137,3.6195206128242354,1.1015592072137217,COL
Comb. 50/50 RF-AR(1),combinacion,2015Q4,1,2.5179614056105137,2.445081014587813,-0.07288039102270094,COL
Ingenuo,referencia,2016Q1,1,2.1488090225340484,2.5179614056105137,0.36915238307646536,COL
Deriva,referencia,2016Q1,1,2.1488090225340484,2.4199737393701923,0.27116471683614396,COL
AR(1),Box-Jenkins,2016Q1,1,2.1488090225340484,2.8097866397246216,0.6609776171905732,COL
"ARMA(2,2)",Box-Jenkins,2016Q1,1,2.1488090225340484,2.109454479470105,-0.03935454306394348,COL
"ARIMA(1,1,1)",Box-Jenkins,2016Q1,1,2.1488090225340484,2.5269878162213497,0.37817879368730134,COL
Ridge sobre rezagos,regularizado,2016Q1,1,2.1488090225340484,3.2053349711407733,1.0565259486067249,COL
Random Forest,aprendizaje,2016Q1,1,2.1488090225340484,3.2553034234589933,1.1064944009249449,COL
LSTM(16),red neuronal,2016Q1,1,2.1488090225340484,3.348105090851379,1.1992960683173308,COL
Comb. RF/AR(1) suave,combinacion,2016Q1,1,2.1488090225340484,3.7790327921739415,1.6302237696398931,COL
Comb. RF/AR(1) dura,combinacion,2016Q1,1,2.1488090225340484,3.7790327921739415,1.6302237696398931,COL
Comb. RF/ingenuo suave,combinacion,2016Q1,1,2.1488090225340484,3.7790327921739415,1.6302237696398931,COL
Comb. LSTM/AR(1) suave,combinacion,2016Q1,1,2.1488090225340484,3.600575586638672,1.4517665641046236,COL
Comb. 50/50 RF-AR(1),combinacion,2016Q1,1,2.1488090225340484,2.8728306296140476,0.7240216070799992,COL
Ingenuo,referencia,2016Q2,1,1.4072812938285884,2.1488090225340484,0.74152772870546,COL
Deriva,referencia,2016Q2,1,1.4072812938285884,2.044207582712358,0.6369262888837697,COL
AR(1),Box-Jenkins,2016Q2,1,1.4072812938285884,2.476679724531463,1.0693984307028748,COL
"ARMA(2,2)",Box-Jenkins,2016Q2,1,1.4072812938285884,2.3443993245258037,0.9371180306972153,COL
"ARIMA(1,1,1)",Box-Jenkins,2016Q2,1,1.4072812938285884,2.1073040410753308,0.7000227472467424,COL
Ridge sobre rezagos,regularizado,2016Q2,1,1.4072812938285884,2.7493883228856637,1.3421070290570754,COL
Random Forest,aprendizaje,2016Q2,1,1.4072812938285884,3.36802581535489,1.9607445215263017,COL
LSTM(16),red neuronal,2016Q2,1,1.4072812938285884,3.2509575019449986,1.8436762081164102,COL
Comb. RF/AR(1) suave,combinacion,2016Q2,1,1.4072812938285884,3.598535132475482,2.191253838646894,COL
Comb. RF/AR(1) dura,combinacion,2016Q2,1,1.4072812938285884,3.598535132475482,2.191253838646894,COL
Comb. RF/ingenuo suave,combinacion,2016Q2,1,1.4072812938285884,3.598535132475482,2.191253838646894,COL
Comb. LSTM/AR(1) suave,combinacion,2016Q2,1,1.4072812938285884,3.429898869436818,2.02261757560823,COL
Comb. 50/50 RF-AR(1),combinacion,2016Q2,1,1.4072812938285884,3.598535132475482,2.191253838646894,COL
Ingenuo,referencia,2016Q3,1,2.284162540770285,1.4072812938285884,-0.8768812469416964,COL
Deriva,referencia,2016Q3,1,2.284162540770285,1.287514942366808,-0.9966475984034768,COL
AR(1),Box-Jenkins,2016Q3,1,2.284162540770285,1.8035144786130366,-0.4806480621572482,COL
"ARMA(2,2)",Box-Jenkins,2016Q3,1,2.284162540770285,2.332861236725069,0.04869869595478438,COL
"ARIMA(1,1,1)",Box-Jenkins,2016Q3,1,2.284162540770285,1.3039524275692453,-0.9802101132010395,COL
Ridge sobre rezagos,regularizado,2016Q3,1,2.284162540770285,2.91204852607531,0.6278859853050252,COL
Random Forest,aprendizaje,2016Q3,1,2.284162540770285,2.5041305546621353,0.2199680138918505,COL
LSTM(16),red neuronal,2016Q3,1,2.284162540770285,2.9948156893231443,0.7106531485528595,COL
Comb. RF/AR(1) suave,combinacion,2016Q3,1,2.284162540770285,2.830726955173814,0.5465644144035293,COL
Comb. RF/AR(1) dura,combinacion,2016Q3,1,2.284162540770285,2.830726955173814,0.5465644144035293,COL
Comb. RF/ingenuo suave,combinacion,2016Q3,1,2.284162540770285,2.830726955173814,0.5465644144035293,COL
Comb. LSTM/AR(1) suave,combinacion,2016Q3,1,2.284162540770285,2.6923685383244926,0.40820599755420783,COL
Comb. 50/50 RF-AR(1),combinacion,2016Q3,1,2.284162540770285,2.830726955173814,0.5465644144035293,COL
Ingenuo,referencia,2016Q4,1,1.190333209175054,2.284162540770285,1.0938293315952308,COL
Deriva,referencia,2016Q4,1,1.190333209175054,2.187574040434167,0.9972408312591128,COL
AR(1),Box-Jenkins,2016Q4,1,1.190333209175054,2.55981378118662,1.369480572011566,COL
"ARMA(2,2)",Box-Jenkins,2016Q4,1,1.190333209175054,2.3994893863775566,1.2091561772025026,COL
"ARIMA(1,1,1)",Box-Jenkins,2016Q4,1,1.190333209175054,2.35333161104619,1.162998401871136,COL
Ridge sobre rezagos,regularizado,2016Q4,1,1.190333209175054,3.1348225899332203,1.9444893807581662,COL
Random Forest,aprendizaje,2016Q4,1,1.190333209175054,2.4192108285311007,1.2288776193560467,COL
LSTM(16),red neuronal,2016Q4,1,1.190333209175054,3.2108127275033276,2.0204795183282735,COL
Comb. RF/AR(1) suave,combinacion,2016Q4,1,1.190333209175054,3.030864714797111,1.840531505622057,COL
Comb. RF/AR(1) dura,combinacion,2016Q4,1,1.190333209175054,3.030864714797111,1.840531505622057,COL
Comb. RF/ingenuo suave,combinacion,2016Q4,1,1.190333209175054,3.030864714797111,1.840531505622057,COL
Comb. LSTM/AR(1) suave,combinacion,2016Q4,1,1.190333209175054,3.090989363345094,1.90065615417004,COL
Comb. 50/50 RF-AR(1),combinacion,2016Q4,1,1.190333209175054,3.0239593877893682,1.8336261786143142,COL
Ingenuo,referencia,2017Q1,1,1.2680395949557388,1.190333209175054,-0.07770638578068478,COL
Deriva,referencia,2017Q1,1,1.2680395949557388,1.071080144492138,-0.19695945046360075,COL
AR(1),Box-Jenkins,2017Q1,1,1.2680395949557388,1.5820505196559411,0.3140109247002023,COL
"ARMA(2,2)",Box-Jenkins,2017Q1,1,1.2680395949557388,1.9416455898677554,0.6736059949120166,COL
"ARIMA(1,1,1)",Box-Jenkins,2017Q1,1,1.2680395949557388,1.0984784812586534,-0.16956111369708537,COL
Ridge sobre rezagos,regularizado,2017Q1,1,1.2680395949557388,2.419746531772462,1.1517069368167232,COL
Random Forest,aprendizaje,2017Q1,1,1.2680395949557388,1.9947756428313137,0.7267360478755749,COL
LSTM(16),red neuronal,2017Q1,1,1.2680395949557388,1.78587692484468,0.5178373298889412,COL
Comb. RF/AR(1) suave,combinacion,2017Q1,1,1.2680395949557388,2.1702342818012177,0.9021946868454789,COL
Comb. RF/AR(1) dura,combinacion,2017Q1,1,1.2680395949557388,2.1702342818012177,0.9021946868454789,COL
Comb. RF/ingenuo suave,combinacion,2017Q1,1,1.2680395949557388,2.1702342818012177,0.9021946868454789,COL
Comb. LSTM/AR(1) suave,combinacion,2017Q1,1,1.2680395949557388,2.4186857229668353,1.1506461280110964,COL
Comb. 50/50 RF-AR(1),combinacion,2017Q1,1,1.2680395949557388,2.123452873596185,0.8554132786404463,COL
Ingenuo,referencia,2017Q2,1,1.6614360553568686,1.2680395949557388,-0.39339646040112974,COL
Deriva,referencia,2017Q2,1,1.6614360553568686,1.1531634069497916,-0.508272648407077,COL
AR(1),Box-Jenkins,2017Q2,1,1.6614360553568686,1.6264787550131525,-0.034957300343716025,COL
"ARMA(2,2)",Box-Jenkins,2017Q2,1,1.6614360553568686,1.2145082875917046,-0.44692776776516396,COL
"ARIMA(1,1,1)",Box-Jenkins,2017Q2,1,1.6614360553568686,1.2468564934548878,-0.41457956190198075,COL
Ridge sobre rezagos,regularizado,2017Q2,1,1.6614360553568686,2.2330729715106896,0.5716369161538211,COL
Random Forest,aprendizaje,2017Q2,1,1.6614360553568686,1.972617653067049,0.3111815977101804,COL
LSTM(16),red neuronal,2017Q2,1,1.6614360553568686,1.4278826742679365,-0.2335533810889321,COL
Comb. RF/AR(1) suave,combinacion,2017Q2,1,1.6614360553568686,1.791679879894615,0.1302438245377464,COL
Comb. RF/AR(1) dura,combinacion,2017Q2,1,1.6614360553568686,1.791679879894615,0.1302438245377464,COL
Comb. RF/ingenuo suave,combinacion,2017Q2,1,1.6614360553568686,1.791679879894615,0.1302438245377464,COL
Comb. LSTM/AR(1) suave,combinacion,2017Q2,1,1.6614360553568686,2.4007534943802735,0.739317439023405,COL
Comb. 50/50 RF-AR(1),combinacion,2017Q2,1,1.6614360553568686,1.758106686897635,0.09667063154076638,COL
Ingenuo,referencia,2017Q3,1,1.316538387957289,1.6614360553568686,0.3448976673995796,COL
Deriva,referencia,2017Q3,1,1.316538387957289,1.5576092727510753,0.24107088479378636,COL
AR(1),Box-Jenkins,2017Q3,1,1.316538387957289,1.9602468968287061,0.6437085088714172,COL
"ARMA(2,2)",Box-Jenkins,2017Q3,1,1.316538387957289,1.8883700713119203,0.5718316833546313,COL
"ARIMA(1,1,1)",Box-Jenkins,2017Q3,1,1.316538387957289,1.6938339723804319,0.3772955844231429,COL
Ridge sobre rezagos,regularizado,2017Q3,1,1.316538387957289,2.300547958192466,0.9840095702351772,COL
Random Forest,aprendizaje,2017Q3,1,1.316538387957289,1.7987930838582444,0.4822546959009555,COL
LSTM(16),red neuronal,2017Q3,1,1.316538387957289,2.143040709885583,0.8265023219282939,COL
Comb. RF/AR(1) suave,combinacion,2017Q3,1,1.316538387957289,1.7082278694040618,0.39168948144677285,COL
Comb. RF/AR(1) dura,combinacion,2017Q3,1,1.316538387957289,1.7082278694040618,0.39168948144677285,COL
Comb. RF/ingenuo suave,combinacion,2017Q3,1,1.316538387957289,1.7082278694040618,0.39168948144677285,COL
Comb. LSTM/AR(1) suave,combinacion,2017Q3,1,1.316538387957289,2.694826413290493,1.378288025333204,COL
Comb. 50/50 RF-AR(1),combinacion,2017Q3,1,1.316538387957289,1.7265019896301341,0.4099636016728452,COL
Ingenuo,referencia,2017Q4,1,1.7665257614006835,1.316538387957289,-0.44998737344339457,COL
Deriva,referencia,2017Q4,1,1.7665257614006835,1.2075824375899258,-0.5589433238107577,COL
AR(1),Box-Jenkins,2017Q4,1,1.7665257614006835,1.6356620090909746,-0.13086375230970893,COL
"ARMA(2,2)",Box-Jenkins,2017Q4,1,1.7665257614006835,2.441264753235619,0.6747389918349356,COL
"ARIMA(1,1,1)",Box-Jenkins,2017Q4,1,1.7665257614006835,1.2930950032217576,-0.4734307581789259,COL
Ridge sobre rezagos,regularizado,2017Q4,1,1.7665257614006835,2.71030155006579,0.9437757886651066,COL
Random Forest,aprendizaje,2017Q4,1,1.7665257614006835,1.5628507505933962,-0.20367501080728734,COL
LSTM(16),red neuronal,2017Q4,1,1.7665257614006835,1.1855921922378547,-0.5809335691628288,COL
Comb. RF/AR(1) suave,combinacion,2017Q4,1,1.7665257614006835,1.605700791984684,-0.16082496941599955,COL
Comb. RF/AR(1) dura,combinacion,2017Q4,1,1.7665257614006835,1.605700791984684,-0.16082496941599955,COL
Comb. RF/ingenuo suave,combinacion,2017Q4,1,1.7665257614006835,1.605700791984684,-0.16082496941599955,COL
Comb. LSTM/AR(1) suave,combinacion,2017Q4,1,1.7665257614006835,1.9125964625745158,0.14607070117383225,COL
Comb. 50/50 RF-AR(1),combinacion,2017Q4,1,1.7665257614006835,1.605700791984684,-0.16082496941599955,COL
Ingenuo,referencia,2018Q1,1,2.762306284798255,1.7665257614006835,-0.9957805233975714,COL
Deriva,referencia,2018Q1,1,2.762306284798255,1.669214463612711,-1.0930918211855438,COL
AR(1),Box-Jenkins,2018Q1,1,2.762306284798255,2.024523093776091,-0.7377831910221637,COL
"ARMA(2,2)",Box-Jenkins,2018Q1,1,2.762306284798255,2.0887802915490448,-0.6735259932492101,COL
"ARIMA(1,1,1)",Box-Jenkins,2018Q1,1,2.762306284798255,1.8023184295254542,-0.9599878552728007,COL
Ridge sobre rezagos,regularizado,2018Q1,1,2.762306284798255,2.506833268080177,-0.25547301671807787,COL
Random Forest,aprendizaje,2018Q1,1,2.762306284798255,1.6948862891108663,-1.0674199956873887,COL
LSTM(16),red neuronal,2018Q1,1,2.762306284798255,1.9317308384741412,-0.8305754463241137,COL
Comb. RF/AR(1) suave,combinacion,2018Q1,1,2.762306284798255,1.697556298333923,-1.064749986464332,COL
Comb. RF/AR(1) dura,combinacion,2018Q1,1,2.762306284798255,1.697556298333923,-1.064749986464332,COL
Comb. RF/ingenuo suave,combinacion,2018Q1,1,2.762306284798255,1.697556298333923,-1.064749986464332,COL
Comb. LSTM/AR(1) suave,combinacion,2018Q1,1,2.762306284798255,2.225073112639964,-0.5372331721582908,COL
Comb. 50/50 RF-AR(1),combinacion,2018Q1,1,2.762306284798255,1.6986632486949023,-1.0636430361033526,COL
Ingenuo,referencia,2018Q2,1,2.9364946780351397,2.762306284798255,-0.17418839323688484,COL
Deriva,referencia,2018Q2,1,2.9364946780351397,2.687302983361008,-0.24919169467413171,COL
AR(1),Box-Jenkins,2018Q2,1,2.9364946780351397,2.8936161782002103,-0.04287849983492942,COL
"ARMA(2,2)",Box-Jenkins,2018Q2,1,2.9364946780351397,2.694874172980355,-0.24162050505478483,COL
"ARIMA(1,1,1)",Box-Jenkins,2018Q2,1,2.9364946780351397,2.8833153507542195,-0.05317932728092023,COL
Ridge sobre rezagos,regularizado,2018Q2,1,2.9364946780351397,3.557038902949777,0.6205442249146373,COL
Random Forest,aprendizaje,2018Q2,1,2.9364946780351397,2.658851113083522,-0.2776435649516178,COL
LSTM(16),red neuronal,2018Q2,1,2.9364946780351397,2.838427492327554,-0.09806718570758566,COL
Comb. RF/AR(1) suave,combinacion,2018Q2,1,2.9364946780351397,2.746479650509367,-0.1900150275257726,COL
Comb. RF/AR(1) dura,combinacion,2018Q2,1,2.9364946780351397,2.746479650509367,-0.1900150275257726,COL
Comb. RF/ingenuo suave,combinacion,2018Q2,1,2.9364946780351397,2.746479650509367,-0.1900150275257726,COL
Comb. LSTM/AR(1) suave,combinacion,2018Q2,1,2.9364946780351397,3.197426368525185,0.2609316904900454,COL
Comb. 50/50 RF-AR(1),combinacion,2018Q2,1,2.9364946780351397,2.7585074672690113,-0.17798721076612845,COL
Ingenuo,referencia,2018Q3,1,2.784033066328706,2.9364946780351397,0.1524616117064337,COL
Deriva,referencia,2018Q3,1,2.784033066328706,2.8664752104913753,0.08244214416266926,COL
AR(1),Box-Jenkins,2018Q3,1,2.784033066328706,3.0413037629530413,0.2572706966243352,COL
"ARMA(2,2)",Box-Jenkins,2018Q3,1,2.784033066328706,3.714559788087195,0.9305267217584889,COL
"ARIMA(1,1,1)",Box-Jenkins,2018Q3,1,2.784033066328706,3.0326461424585474,0.2486130761298413,COL
Ridge sobre rezagos,regularizado,2018Q3,1,2.784033066328706,3.7299239095379564,0.9458908432092503,COL
Random Forest,aprendizaje,2018Q3,1,2.784033066328706,3.0203504501503167,0.2363173838216106,COL
LSTM(16),red neuronal,2018Q3,1,2.784033066328706,3.3995097229123292,0.6154766565836232,COL
Comb. RF/AR(1) suave,combinacion,2018Q3,1,2.784033066328706,3.1858292791335687,0.40179621280486266,COL
Comb. RF/AR(1) dura,combinacion,2018Q3,1,2.784033066328706,3.1858292791335687,0.40179621280486266,COL
Comb. RF/ingenuo suave,combinacion,2018Q3,1,2.784033066328706,3.1858292791335687,0.40179621280486266,COL
Comb. LSTM/AR(1) suave,combinacion,2018Q3,1,2.784033066328706,3.804317663224679,1.0202845968959728,COL
Comb. 50/50 RF-AR(1),combinacion,2018Q3,1,2.784033066328706,3.1617858402425885,0.3777527739138824,COL
Ingenuo,referencia,2018Q4,1,3.537414440203701,2.784033066328706,-0.753381373874995,COL
Deriva,referencia,2018Q4,1,3.537414440203701,2.712397086154301,-0.8250173540493999,COL
AR(1),Box-Jenkins,2018Q4,1,3.537414440203701,2.906597606410398,-0.6308168337933031,COL
"ARMA(2,2)",Box-Jenkins,2018Q4,1,3.537414440203701,3.2928082672348635,-0.24460617296883758,COL
"ARIMA(1,1,1)",Box-Jenkins,2018Q4,1,3.537414440203701,2.8969569710699274,-0.6404574691337737,COL
Ridge sobre rezagos,regularizado,2018Q4,1,3.537414440203701,3.476798946340879,-0.060615493862822056,COL
Random Forest,aprendizaje,2018Q4,1,3.537414440203701,2.885820099115191,-0.6515943410885101,COL
LSTM(16),red neuronal,2018Q4,1,3.537414440203701,3.1620259865807583,-0.3753884536229428,COL
Comb. RF/AR(1) suave,combinacion,2018Q4,1,3.537414440203701,3.0022016837852536,-0.5352127564184475,COL
Comb. RF/AR(1) dura,combinacion,2018Q4,1,3.537414440203701,3.0022016837852536,-0.5352127564184475,COL
Comb. RF/ingenuo suave,combinacion,2018Q4,1,3.537414440203701,3.0022016837852536,-0.5352127564184475,COL
Comb. LSTM/AR(1) suave,combinacion,2018Q4,1,3.537414440203701,3.107712562904287,-0.4297018772994141,COL
Comb. 50/50 RF-AR(1),combinacion,2018Q4,1,3.537414440203701,2.987005551540559,-0.5504088886631422,COL
Ingenuo,referencia,2019Q1,1,3.061708121756679,3.537414440203701,0.47570631844702227,COL
Deriva,referencia,2019Q1,1,3.061708121756679,3.4816441783764,0.4199360566197212,COL
AR(1),Box-Jenkins,2019Q1,1,3.061708121756679,3.554806440916944,0.49309831916026514,COL
"ARMA(2,2)",Box-Jenkins,2019Q1,1,3.061708121756679,2.9932651106098365,-0.06844301114684237,COL
"ARIMA(1,1,1)",Box-Jenkins,2019Q1,1,3.061708121756679,3.551267218304315,0.48955909654763596,COL
Ridge sobre rezagos,regularizado,2019Q1,1,3.061708121756679,3.6208493089123204,0.5591411871556415,COL
Random Forest,aprendizaje,2019Q1,1,3.061708121756679,3.499555440743632,0.43784731898695295,COL
LSTM(16),red neuronal,2019Q1,1,3.061708121756679,3.436842977022291,0.3751348552656122,COL
Comb. RF/AR(1) suave,combinacion,2019Q1,1,3.061708121756679,3.4120180653240966,0.35030994356741774,COL
Comb. RF/AR(1) dura,combinacion,2019Q1,1,3.061708121756679,3.4120180653240966,0.35030994356741774,COL
Comb. RF/ingenuo suave,combinacion,2019Q1,1,3.061708121756679,3.4120180653240966,0.35030994356741774,COL
Comb. LSTM/AR(1) suave,combinacion,2019Q1,1,3.061708121756679,3.463602760600981,0.4018946388443023,COL
Comb. 50/50 RF-AR(1),combinacion,2019Q1,1,3.061708121756679,3.4120180653240966,0.35030994356741774,COL
Ingenuo,referencia,2019Q2,1,3.184636479616887,3.061708121756679,-0.12292835786020806,COL
Deriva,referencia,2019Q2,1,3.184636479616887,2.998014538106364,-0.18662194151052303,COL
AR(1),Box-Jenkins,2019Q2,1,3.184636479616887,3.1454007957275314,-0.0392356838893555,COL
"ARMA(2,2)",Box-Jenkins,2019Q2,1,3.184636479616887,3.317570507045308,0.13293402742842098,COL
"ARIMA(1,1,1)",Box-Jenkins,2019Q2,1,3.184636479616887,3.138236112904167,-0.046400366712719965,COL
Ridge sobre rezagos,regularizado,2019Q2,1,3.184636479616887,3.3879950044049885,0.20335852478810157,COL
Random Forest,aprendizaje,2019Q2,1,3.184636479616887,3.036516343079561,-0.14812013653732592,COL
LSTM(16),red neuronal,2019Q2,1,3.184636479616887,3.217988976249854,0.03335249663296702,COL
Comb. RF/AR(1) suave,combinacion,2019Q2,1,3.184636479616887,3.1454824519912417,-0.03915402762564524,COL
Comb. RF/AR(1) dura,combinacion,2019Q2,1,3.184636479616887,3.1454824519912417,-0.03915402762564524,COL
Comb. RF/ingenuo suave,combinacion,2019Q2,1,3.184636479616887,3.1454824519912417,-0.03915402762564524,COL
Comb. LSTM/AR(1) suave,combinacion,2019Q2,1,3.184636479616887,3.362968593396491,0.17833211377960412,COL
Comb. 50/50 RF-AR(1),combinacion,2019Q2,1,3.184636479616887,3.1454824519912417,-0.03915402762564524,COL
Ingenuo,referencia,2019Q3,1,2.970527588191585,3.184636479616887,0.21410889142530198,COL
Deriva,referencia,2019Q3,1,2.970527588191585,3.124398857846397,0.1538712696548119,COL
AR(1),Box-Jenkins,2019Q3,1,2.970527588191585,3.249527811483861,0.27900022329227614,COL
"ARMA(2,2)",Box-Jenkins,2019Q3,1,2.970527588191585,3.433385782831541,0.4628581946399559,COL
"ARIMA(1,1,1)",Box-Jenkins,2019Q3,1,2.970527588191585,3.2434718204418065,0.2729442322502216,COL
Ridge sobre rezagos,regularizado,2019Q3,1,2.970527588191585,3.7333071581213813,0.7627795699297963,COL
Random Forest,aprendizaje,2019Q3,1,2.970527588191585,3.1456430573402963,0.17511546914871134,COL
LSTM(16),red neuronal,2019Q3,1,2.970527588191585,3.1291154342834706,0.1585878460918857,COL
Comb. RF/AR(1) suave,combinacion,2019Q3,1,2.970527588191585,3.192486577611645,0.22195898942005998,COL
Comb. RF/AR(1) dura,combinacion,2019Q3,1,2.970527588191585,3.192486577611645,0.22195898942005998,COL
Comb. RF/ingenuo suave,combinacion,2019Q3,1,2.970527588191585,3.192486577611645,0.22195898942005998,COL
Comb. LSTM/AR(1) suave,combinacion,2019Q3,1,2.970527588191585,3.246674936776266,0.27614734858468104,COL
Comb. 50/50 RF-AR(1),combinacion,2019Q3,1,2.970527588191585,3.1975015979225936,0.22697400973100867,COL
Ingenuo,referencia,2019Q4,1,0.3521841985471008,2.970527588191585,2.618343389644484,COL
Deriva,referencia,2019Q4,1,0.3521841985471008,2.9074923069728253,2.5553081084257245,COL
AR(1),Box-Jenkins,2019Q4,1,0.3521841985471008,3.063737087163235,2.711552888616134,COL
"ARMA(2,2)",Box-Jenkins,2019Q4,1,0.3521841985471008,3.0774652044331354,2.7252810058860346,COL
"ARIMA(1,1,1)",Box-Jenkins,2019Q4,1,0.3521841985471008,3.056151246662751,2.70396704811565,COL
Ridge sobre rezagos,regularizado,2019Q4,1,0.3521841985471008,3.1024375129239745,2.7502533143768737,COL
Random Forest,aprendizaje,2019Q4,1,0.3521841985471008,3.073276307702932,2.721092109155831,COL
LSTM(16),red neuronal,2019Q4,1,0.3521841985471008,3.2660596252327405,2.9138754266856397,COL
Comb. RF/AR(1) suave,combinacion,2019Q4,1,0.3521841985471008,3.114185911509009,2.7620017129619083,COL
Comb. RF/AR(1) dura,combinacion,2019Q4,1,0.3521841985471008,3.114185911509009,2.7620017129619083,COL
Comb. RF/ingenuo suave,combinacion,2019Q4,1,0.3521841985471008,3.114185911509009,2.7620017129619083,COL
Comb. LSTM/AR(1) suave,combinacion,2019Q4,1,0.3521841985471008,3.331792822505257,2.979608623958156,COL
Comb. 50/50 RF-AR(1),combinacion,2019Q4,1,0.3521841985471008,3.108210487353898,2.756026288806797,COL
Ingenuo,referencia,2020Q1,1,-16.670953356238204,0.3521841985471008,17.023137554785304,COL
Deriva,referencia,2020Q1,1,-16.670953356238204,0.2435184153921676,16.91447177163037,COL
AR(1),Box-Jenkins,2020Q1,1,-16.670953356238204,0.7758229656519261,17.44677632189013,COL
"ARMA(2,2)",Box-Jenkins,2020Q1,1,-16.670953356238204,0.6244027686558253,17.29535612489403,COL
"ARIMA(1,1,1)",Box-Jenkins,2020Q1,1,-16.670953356238204,0.7158782694554113,17.386831625693617,COL
Ridge sobre rezagos,regularizado,2020Q1,1,-16.670953356238204,1.0174467264005838,17.688400082638786,COL
Random Forest,aprendizaje,2020Q1,1,-16.670953356238204,1.539153900587345,18.210107256825548,COL
LSTM(16),red neuronal,2020Q1,1,-16.670953356238204,0.9710062812215172,17.64195963745972,COL
Comb. RF/AR(1) suave,combinacion,2020Q1,1,-16.670953356238204,1.4006844018968458,18.07163775813505,COL
Comb. RF/AR(1) dura,combinacion,2020Q1,1,-16.670953356238204,1.4006844018968458,18.07163775813505,COL
Comb. RF/ingenuo suave,combinacion,2020Q1,1,-16.670953356238204,1.4006844018968458,18.07163775813505,COL
Comb. LSTM/AR(1) suave,combinacion,2020Q1,1,-16.670953356238204,1.2081890402093767,17.87914239644758,COL
Comb. 50/50 RF-AR(1),combinacion,2020Q1,1,-16.670953356238204,0.7758229656519261,17.44677632189013,COL
Ingenuo,referencia,2020Q2,1,-9.001985105639731,-16.670953356238204,-7.668968250598473,COL
Deriva,referencia,2020Q2,1,-9.001985105639731,-17.07636425819367,-8.07437915255394,COL
AR(1),Box-Jenkins,2020Q2,1,-9.001985105639731,-18.84106982935501,-9.83908472371528,COL
"ARMA(2,2)",Box-Jenkins,2020Q2,1,-9.001985105639731,-30.31783925252276,-21.315854146883026,COL
"ARIMA(1,1,1)",Box-Jenkins,2020Q2,1,-9.001985105639731,-27.689267734514218,-18.687282628874485,COL
Ridge sobre rezagos,regularizado,2020Q2,1,-9.001985105639731,-28.20489263247589,-19.202907526836157,COL
Random Forest,aprendizaje,2020Q2,1,-9.001985105639731,-6.994545804490646,2.007439301149085,COL
LSTM(16),red neuronal,2020Q2,1,-9.001985105639731,-3.248642391486498,5.7533427141532325,COL
Comb. RF/AR(1) suave,combinacion,2020Q2,1,-9.001985105639731,-18.84106982935501,-9.83908472371528,COL
Comb. RF/AR(1) dura,combinacion,2020Q2,1,-9.001985105639731,-18.84106982935501,-9.83908472371528,COL
Comb. RF/ingenuo suave,combinacion,2020Q2,1,-9.001985105639731,-16.670953356238204,-7.668968250598473,COL
Comb. LSTM/AR(1) suave,combinacion,2020Q2,1,-9.001985105639731,-18.84106982935501,-9.83908472371528,COL
Comb. 50/50 RF-AR(1),combinacion,2020Q2,1,-9.001985105639731,-18.84106982935501,-9.83908472371528,COL
Ingenuo,referencia,2020Q3,1,-3.360834684034675,-9.001985105639731,-5.641150421605056,COL
Deriva,referencia,2020Q3,1,-3.360834684034675,-9.268182573930474,-5.907347889895799,COL
AR(1),Box-Jenkins,2020Q3,1,-3.360834684034675,-6.6684658795797,-3.3076311955450253,COL
"ARMA(2,2)",Box-Jenkins,2020Q3,1,-3.360834684034675,-15.81375176745426,-12.452917083419585,COL
"ARIMA(1,1,1)",Box-Jenkins,2020Q3,1,-3.360834684034675,-11.060023691916783,-7.699189007882108,COL
Ridge sobre rezagos,regularizado,2020Q3,1,-3.360834684034675,-11.874751237256714,-8.513916553222039,COL
Random Forest,aprendizaje,2020Q3,1,-3.360834684034675,-11.038245094411879,-7.677410410377204,COL
LSTM(16),red neuronal,2020Q3,1,-3.360834684034675,-4.931925456833705,-1.57109077279903,COL
Comb. RF/AR(1) suave,combinacion,2020Q3,1,-3.360834684034675,-6.6684658795797,-3.3076311955450253,COL
Comb. RF/AR(1) dura,combinacion,2020Q3,1,-3.360834684034675,-6.6684658795797,-3.3076311955450253,COL
Comb. RF/ingenuo suave,combinacion,2020Q3,1,-3.360834684034675,-9.001985105639731,-5.641150421605056,COL
Comb. LSTM/AR(1) suave,combinacion,2020Q3,1,-3.360834684034675,-6.6684658795797,-3.3076311955450253,COL
Comb. 50/50 RF-AR(1),combinacion,2020Q3,1,-3.360834684034675,-6.6684658795797,-3.3076311955450253,COL
Ingenuo,referencia,2020Q4,1,1.5522532268370748,-3.360834684034675,-4.91308791087175,COL
Deriva,referencia,2020Q4,1,1.5522532268370748,-3.5269076118187095,-5.079160838655785,COL
AR(1),Box-Jenkins,2020Q4,1,1.5522532268370748,-1.8159008402816896,-3.3681540671187644,COL
"ARMA(2,2)",Box-Jenkins,2020Q4,1,1.5522532268370748,-1.317921776093862,-2.870175002930937,COL
"ARIMA(1,1,1)",Box-Jenkins,2020Q4,1,1.5522532268370748,-2.5509001226141073,-4.103153349451182,COL
Ridge sobre rezagos,regularizado,2020Q4,1,1.5522532268370748,-4.941420230008028,-6.493673456845102,COL
Random Forest,aprendizaje,2020Q4,1,1.5522532268370748,-5.8644348181153285,-7.416688044952403,COL
LSTM(16),red neuronal,2020Q4,1,1.5522532268370748,-2.018933093856247,-3.5711863206933216,COL
Comb. RF/AR(1) suave,combinacion,2020Q4,1,1.5522532268370748,-1.8159008402816896,-3.3681540671187644,COL
Comb. RF/AR(1) dura,combinacion,2020Q4,1,1.5522532268370748,-1.8159008402816896,-3.3681540671187644,COL
Comb. RF/ingenuo suave,combinacion,2020Q4,1,1.5522532268370748,-3.360834684034675,-4.91308791087175,COL
Comb. LSTM/AR(1) suave,combinacion,2020Q4,1,1.5522532268370748,-1.8159008402816896,-3.3681540671187644,COL
Comb. 50/50 RF-AR(1),combinacion,2020Q4,1,1.5522532268370748,-1.8159008402816896,-3.3681540671187644,COL
Ingenuo,referencia,2021Q1,1,18.511553553531268,1.5522532268370748,-16.959300326694194,COL
Deriva,referencia,2021Q1,1,18.511553553531268,1.4708329796973034,-17.040720573833966,COL
AR(1),Box-Jenkins,2021Q1,1,18.511553553531268,1.9338990663930264,-16.57765448713824,COL
"ARMA(2,2)",Box-Jenkins,2021Q1,1,18.511553553531268,3.3720771325926204,-15.139476420938648,COL
"ARIMA(1,1,1)",Box-Jenkins,2021Q1,1,18.511553553531268,1.2589104977229932,-17.252643055808274,COL
Ridge sobre rezagos,regularizado,2021Q1,1,18.511553553531268,6.43490583185015,-12.076647721681118,COL
Random Forest,aprendizaje,2021Q1,1,18.511553553531268,2.450838410948165,-16.060715142583103,COL
LSTM(16),red neuronal,2021Q1,1,18.511553553531268,3.4904650422484806,-15.021088511282787,COL
Comb. RF/AR(1) suave,combinacion,2021Q1,1,18.511553553531268,1.9338990663930264,-16.57765448713824,COL
Comb. RF/AR(1) dura,combinacion,2021Q1,1,18.511553553531268,1.9338990663930264,-16.57765448713824,COL
Comb. RF/ingenuo suave,combinacion,2021Q1,1,18.511553553531268,1.5522532268370748,-16.959300326694194,COL
Comb. LSTM/AR(1) suave,combinacion,2021Q1,1,18.511553553531268,1.9338990663930264,-16.57765448713824,COL
Comb. 50/50 RF-AR(1),combinacion,2021Q1,1,18.511553553531268,1.9338990663930264,-16.57765448713824,COL
Ingenuo,referencia,2021Q2,1,13.47373460853445,18.511553553531268,5.037818944996818,COL
Deriva,referencia,2021Q2,1,13.47373460853445,18.709489381372382,5.235754772837932,COL
AR(1),Box-Jenkins,2021Q2,1,13.47373460853445,13.91576049024179,0.44202588170734103,COL
"ARMA(2,2)",Box-Jenkins,2021Q2,1,13.47373460853445,20.580658785572226,7.106924177037776,COL
"ARIMA(1,1,1)",Box-Jenkins,2021Q2,1,13.47373460853445,21.430130401969894,7.956395793435444,COL
Ridge sobre rezagos,regularizado,2021Q2,1,13.47373460853445,16.97222225847698,3.498487649942529,COL
Random Forest,aprendizaje,2021Q2,1,13.47373460853445,11.012275238702285,-2.4614593698321645,COL
LSTM(16),red neuronal,2021Q2,1,13.47373460853445,12.059057964089916,-1.4146766444445333,COL
Comb. RF/AR(1) suave,combinacion,2021Q2,1,13.47373460853445,13.91576049024179,0.44202588170734103,COL
Comb. RF/AR(1) dura,combinacion,2021Q2,1,13.47373460853445,13.91576049024179,0.44202588170734103,COL
Comb. RF/ingenuo suave,combinacion,2021Q2,1,13.47373460853445,18.511553553531268,5.037818944996818,COL
Comb. LSTM/AR(1) suave,combinacion,2021Q2,1,13.47373460853445,13.91576049024179,0.44202588170734103,COL
Comb. 50/50 RF-AR(1),combinacion,2021Q2,1,13.47373460853445,13.91576049024179,0.44202588170734103,COL
Ingenuo,referencia,2021Q3,1,11.120603437553878,13.47373460853445,2.3531311709805713,COL
Deriva,referencia,2021Q3,1,11.120603437553878,13.587222778749144,2.4666193411952655,COL
AR(1),Box-Jenkins,2021Q3,1,11.120603437553878,10.384232001554189,-0.7363714359996898,COL
"ARMA(2,2)",Box-Jenkins,2021Q3,1,11.120603437553878,7.885412750918723,-3.235190686635155,COL
"ARIMA(1,1,1)",Box-Jenkins,2021Q3,1,11.120603437553878,13.572150737597322,2.451547300043444,COL
Ridge sobre rezagos,regularizado,2021Q3,1,11.120603437553878,5.088052059886666,-6.032551377667213,COL
Random Forest,aprendizaje,2021Q3,1,11.120603437553878,8.054782875141493,-3.0658205624123855,COL
LSTM(16),red neuronal,2021Q3,1,11.120603437553878,12.396508171320807,1.2759047337669287,COL
Comb. RF/AR(1) suave,combinacion,2021Q3,1,11.120603437553878,10.384232001554189,-0.7363714359996898,COL
Comb. RF/AR(1) dura,combinacion,2021Q3,1,11.120603437553878,10.384232001554189,-0.7363714359996898,COL
Comb. RF/ingenuo suave,combinacion,2021Q3,1,11.120603437553878,13.47373460853445,2.3531311709805713,COL
Comb. LSTM/AR(1) suave,combinacion,2021Q3,1,11.120603437553878,10.384232001554189,-0.7363714359996898,COL
Comb. 50/50 RF-AR(1),combinacion,2021Q3,1,11.120603437553878,10.384232001554189,-0.7363714359996898,COL
Ingenuo,referencia,2021Q4,1,8.11285056606732,11.120603437553878,3.0077528714865593,COL
Deriva,referencia,2021Q4,1,8.11285056606732,11.194938919813094,3.0820883537457746,COL
AR(1),Box-Jenkins,2021Q4,1,8.11285056606732,8.837647505916147,0.7247969398488276,COL
"ARMA(2,2)",Box-Jenkins,2021Q4,1,8.11285056606732,2.4241820759672237,-5.6886684901000955,COL
"ARIMA(1,1,1)",Box-Jenkins,2021Q4,1,8.11285056606732,8.848945782245817,0.7360952161784979,COL
Ridge sobre rezagos,regularizado,2021Q4,1,8.11285056606732,4.009732175701659,-4.10311839036566,COL
Random Forest,aprendizaje,2021Q4,1,8.11285056606732,7.487673650237487,-0.6251769158298321,COL
LSTM(16),red neuronal,2021Q4,1,8.11285056606732,10.823686332019408,2.7108357659520887,COL
Comb. RF/AR(1) suave,combinacion,2021Q4,1,8.11285056606732,8.837647505916147,0.7247969398488276,COL
Comb. RF/AR(1) dura,combinacion,2021Q4,1,8.11285056606732,8.837647505916147,0.7247969398488276,COL
Comb. RF/ingenuo suave,combinacion,2021Q4,1,8.11285056606732,11.120603437553878,3.0077528714865593,COL
Comb. LSTM/AR(1) suave,combinacion,2021Q4,1,8.11285056606732,8.837647505916147,0.7247969398488276,COL
Comb. 50/50 RF-AR(1),combinacion,2021Q4,1,8.11285056606732,8.837647505916147,0.7247969398488276,COL
Ingenuo,referencia,2022Q1,1,12.125063242378786,8.11285056606732,-4.012212676311467,COL
Deriva,referencia,2022Q1,1,12.125063242378786,8.139028417799256,-3.98603482457953,COL
AR(1),Box-Jenkins,2022Q1,1,12.125063242378786,6.739412699678423,-5.385650542700363,COL
"ARMA(2,2)",Box-Jenkins,2022Q1,1,12.125063242378786,4.076643102186913,-8.048420140191872,COL
"ARIMA(1,1,1)",Box-Jenkins,2022Q1,1,12.125063242378786,6.745720172738331,-5.379343069640456,COL
Ridge sobre rezagos,regularizado,2022Q1,1,12.125063242378786,-4.060545389707827,-16.185608632086613,COL
Random Forest,aprendizaje,2022Q1,1,12.125063242378786,6.020267090575213,-6.104796151803574,COL
LSTM(16),red neuronal,2022Q1,1,12.125063242378786,7.398585582754383,-4.726477659624403,COL
Comb. RF/AR(1) suave,combinacion,2022Q1,1,12.125063242378786,6.739412699678423,-5.385650542700363,COL
Comb. RF/AR(1) dura,combinacion,2022Q1,1,12.125063242378786,6.739412699678423,-5.385650542700363,COL
Comb. RF/ingenuo suave,combinacion,2022Q1,1,12.125063242378786,8.11285056606732,-4.012212676311467,COL
Comb. LSTM/AR(1) suave,combinacion,2022Q1,1,12.125063242378786,6.739412699678423,-5.385650542700363,COL
Comb. 50/50 RF-AR(1),combinacion,2022Q1,1,12.125063242378786,6.739412699678423,-5.385650542700363,COL
Ingenuo,referencia,2022Q2,1,7.3785598284938025,12.125063242378786,4.746503413884984,COL
Deriva,referencia,2022Q2,1,7.3785598284938025,12.212564706796561,4.834004878302759,COL
AR(1),Box-Jenkins,2022Q2,1,7.3785598284938025,9.71664434869783,2.3380845202040277,COL
"ARMA(2,2)",Box-Jenkins,2022Q2,1,7.3785598284938025,7.742792400504529,0.36423257201072623,COL
"ARIMA(1,1,1)",Box-Jenkins,2022Q2,1,7.3785598284938025,9.728483755057226,2.3499239265634237,COL
Ridge sobre rezagos,regularizado,2022Q2,1,7.3785598284938025,17.001653746906328,9.623093918412525,COL
Random Forest,aprendizaje,2022Q2,1,7.3785598284938025,8.742874516962692,1.3643146884688893,COL
LSTM(16),red neuronal,2022Q2,1,7.3785598284938025,8.556392532058368,1.1778327035645653,COL
Comb. RF/AR(1) suave,combinacion,2022Q2,1,7.3785598284938025,9.71664434869783,2.3380845202040277,COL
Comb. RF/AR(1) dura,combinacion,2022Q2,1,7.3785598284938025,9.71664434869783,2.3380845202040277,COL
Comb. RF/ingenuo suave,combinacion,2022Q2,1,7.3785598284938025,12.125063242378786,4.746503413884984,COL
Comb. LSTM/AR(1) suave,combinacion,2022Q2,1,7.3785598284938025,9.71664434869783,2.3380845202040277,COL
Comb. 50/50 RF-AR(1),combinacion,2022Q2,1,7.3785598284938025,9.71664434869783,2.3380845202040277,COL
Ingenuo,referencia,2022Q3,1,2.1697093913129795,7.3785598284938025,5.208850437180823,COL
Deriva,referencia,2022Q3,1,2.1697093913129795,7.392818794755476,5.223109403442496,COL
AR(1),Box-Jenkins,2022Q3,1,2.1697093913129795,6.3014238176753254,4.131714426362346,COL
"ARMA(2,2)",Box-Jenkins,2022Q3,1,2.1697093913129795,3.9848274249741023,1.8151180336611228,COL
"ARIMA(1,1,1)",Box-Jenkins,2022Q3,1,2.1697093913129795,6.306090508387312,4.1363811170743325,COL
Ridge sobre rezagos,regularizado,2022Q3,1,2.1697093913129795,9.764387649157605,7.594678257844626,COL
Random Forest,aprendizaje,2022Q3,1,2.1697093913129795,6.591650657969996,4.421941266657017,COL
LSTM(16),red neuronal,2022Q3,1,2.1697093913129795,6.883977894688321,4.714268503375342,COL
Comb. RF/AR(1) suave,combinacion,2022Q3,1,2.1697093913129795,6.3014238176753254,4.131714426362346,COL
Comb. RF/AR(1) dura,combinacion,2022Q3,1,2.1697093913129795,6.3014238176753254,4.131714426362346,COL
Comb. RF/ingenuo suave,combinacion,2022Q3,1,2.1697093913129795,7.3785598284938025,5.208850437180823,COL
Comb. LSTM/AR(1) suave,combinacion,2022Q3,1,2.1697093913129795,6.3014238176753254,4.131714426362346,COL
Comb. 50/50 RF-AR(1),combinacion,2022Q3,1,2.1697093913129795,6.3014238176753254,4.131714426362346,COL
Ingenuo,referencia,2022Q4,1,2.5244079786520324,2.1697093913129795,-0.3546985873390529,COL
Deriva,referencia,2022Q4,1,2.5244079786520324,2.1060115008068543,-0.4183964778451781,COL
AR(1),Box-Jenkins,2022Q4,1,2.5244079786520324,2.67789351176602,0.1534855331139875,COL
"ARMA(2,2)",Box-Jenkins,2022Q4,1,2.5244079786520324,-0.052146496956407384,-2.5765544756084395,COL
"ARIMA(1,1,1)",Box-Jenkins,2022Q4,1,2.5244079786520324,2.675557635132838,0.15114965648080547,COL
Ridge sobre rezagos,regularizado,2022Q4,1,2.5244079786520324,3.9025448032285013,1.378136824576469,COL
Random Forest,aprendizaje,2022Q4,1,2.5244079786520324,3.6189881131087933,1.094580134456761,COL
LSTM(16),red neuronal,2022Q4,1,2.5244079786520324,0.46293780487910263,-2.0614701737729297,COL
Comb. RF/AR(1) suave,combinacion,2022Q4,1,2.5244079786520324,2.67789351176602,0.1534855331139875,COL
Comb. RF/AR(1) dura,combinacion,2022Q4,1,2.5244079786520324,2.67789351176602,0.1534855331139875,COL
Comb. RF/ingenuo suave,combinacion,2022Q4,1,2.5244079786520324,2.1697093913129795,-0.3546985873390529,COL
Comb. LSTM/AR(1) suave,combinacion,2022Q4,1,2.5244079786520324,2.67789351176602,0.1534855331139875,COL
Comb. 50/50 RF-AR(1),combinacion,2022Q4,1,2.5244079786520324,2.67789351176602,0.1534855331139875,COL
Ingenuo,referencia,2023Q1,1,0.34466429771420337,2.5244079786520324,2.179743680937829,COL
Deriva,referencia,2023Q1,1,0.34466429771420337,2.4668629775259836,2.1221986798117802,COL
AR(1),Box-Jenkins,2023Q1,1,0.34466429771420337,2.91547272774795,2.570808430033747,COL
"ARMA(2,2)",Box-Jenkins,2023Q1,1,0.34466429771420337,1.0132529027594463,0.668588605045243,COL
"ARIMA(1,1,1)",Box-Jenkins,2023Q1,1,0.34466429771420337,2.9136422666058035,2.5689779688916,COL
Ridge sobre rezagos,regularizado,2023Q1,1,0.34466429771420337,-4.954249049934907,-5.29891334764911,COL
Random Forest,aprendizaje,2023Q1,1,0.34466429771420337,2.454112110615857,2.109447812901654,COL
LSTM(16),red neuronal,2023Q1,1,0.34466429771420337,0.031213489277297946,-0.3134508084369054,COL
Comb. RF/AR(1) suave,combinacion,2023Q1,1,0.34466429771420337,2.91547272774795,2.570808430033747,COL
Comb. RF/AR(1) dura,combinacion,2023Q1,1,0.34466429771420337,2.91547272774795,2.570808430033747,COL
Comb. RF/ingenuo suave,combinacion,2023Q1,1,0.34466429771420337,2.5244079786520324,2.179743680937829,COL
Comb. LSTM/AR(1) suave,combinacion,2023Q1,1,0.34466429771420337,2.91547272774795,2.570808430033747,COL
Comb. 50/50 RF-AR(1),combinacion,2023Q1,1,0.34466429771420337,2.91547272774795,2.570808430033747,COL
Ingenuo,referencia,2023Q2,1,-0.6568707152320497,0.34466429771420337,1.001535012946253,COL
Deriva,referencia,2023Q2,1,-0.6568707152320497,0.2563627939821866,0.9132335092142363,COL
AR(1),Box-Jenkins,2023Q2,1,-0.6568707152320497,1.393118003144595,2.0499887183766448,COL
"ARMA(2,2)",Box-Jenkins,2023Q2,1,-0.6568707152320497,0.11258878989858168,0.7694595051306313,COL
"ARIMA(1,1,1)",Box-Jenkins,2023Q2,1,-0.6568707152320497,1.3884475760714956,2.0453182913035453,COL
Ridge sobre rezagos,regularizado,2023Q2,1,-0.6568707152320497,-0.8961146704431613,-0.23924395521111164,COL
Random Forest,aprendizaje,2023Q2,1,-0.6568707152320497,-2.179717103872593,-1.5228463886405432,COL
LSTM(16),red neuronal,2023Q2,1,-0.6568707152320497,-0.7553565365737396,-0.09848582134168993,COL
Comb. RF/AR(1) suave,combinacion,2023Q2,1,-0.6568707152320497,-4.532419339893736,-3.8755486246616866,COL
Comb. RF/AR(1) dura,combinacion,2023Q2,1,-0.6568707152320497,1.393118003144595,2.0499887183766448,COL
Comb. RF/ingenuo suave,combinacion,2023Q2,1,-0.6568707152320497,-4.579136293146141,-3.9222655779140916,COL
Comb. LSTM/AR(1) suave,combinacion,2023Q2,1,-0.6568707152320497,0.9846837930138846,1.6415545082459344,COL
Comb. 50/50 RF-AR(1),combinacion,2023Q2,1,-0.6568707152320497,1.393118003144595,2.0499887183766448,COL
Ingenuo,referencia,2023Q3,1,0.6785669864562527,-0.6568707152320497,-1.3354377016883023,COL
Deriva,referencia,2023Q3,1,0.6785669864562527,-0.7582184119528412,-1.436785398409094,COL
AR(1),Box-Jenkins,2023Q3,1,0.6785669864562527,0.6597346086827602,-0.018832377773492448,COL
"ARMA(2,2)",Box-Jenkins,2023Q3,1,0.6785669864562527,-0.021994489739096457,-0.7005614761953491,COL
"ARIMA(1,1,1)",Box-Jenkins,2023Q3,1,0.6785669864562527,0.6538547406249929,-0.02471224583125975,COL
Ridge sobre rezagos,regularizado,2023Q3,1,0.6785669864562527,-0.12536240786608532,-0.803929394322338,COL
Random Forest,aprendizaje,2023Q3,1,0.6785669864562527,-0.4240332649748691,-1.1026002514311217,COL
LSTM(16),red neuronal,2023Q3,1,0.6785669864562527,0.7688819280812522,0.09031494162499953,COL
Comb. RF/AR(1) suave,combinacion,2023Q3,1,0.6785669864562527,-0.9771568157612579,-1.6557238022175107,COL
Comb. RF/AR(1) dura,combinacion,2023Q3,1,0.6785669864562527,0.6597346086827602,-0.018832377773492448,COL
Comb. RF/ingenuo suave,combinacion,2023Q3,1,0.6785669864562527,-0.9865354699714373,-1.66510245642769,COL
Comb. LSTM/AR(1) suave,combinacion,2023Q3,1,0.6785669864562527,-0.19864400040352623,-0.8772109868597789,COL
Comb. 50/50 RF-AR(1),combinacion,2023Q3,1,0.6785669864562527,0.6597346086827602,-0.018832377773492448,COL
Ingenuo,referencia,2023Q4,1,0.23712874421830676,0.6785669864562527,0.4414382422379459,COL
Deriva,referencia,2023Q4,1,0.23712874421830676,0.597455703797561,0.3603269595792542,COL
AR(1),Box-Jenkins,2023Q4,1,0.23712874421830676,1.5748150715847287,1.337686327366422,COL
"ARMA(2,2)",Box-Jenkins,2023Q4,1,0.23712874421830676,1.6319578099386916,1.3948290657203848,COL
"ARIMA(1,1,1)",Box-Jenkins,2023Q4,1,0.23712874421830676,1.5708205226235192,1.3336917784052125,COL
Ridge sobre rezagos,regularizado,2023Q4,1,0.23712874421830676,1.3328324155502336,1.0957036713319268,COL
Random Forest,aprendizaje,2023Q4,1,0.23712874421830676,0.8934463427706627,0.6563175985523559,COL
LSTM(16),red neuronal,2023Q4,1,0.23712874421830676,2.677699844050509,2.4405710998322023,COL
Comb. RF/AR(1) suave,combinacion,2023Q4,1,0.23712874421830676,1.3074296756715655,1.0703009314532588,COL
Comb. RF/AR(1) dura,combinacion,2023Q4,1,0.23712874421830676,1.5748150715847287,1.337686327366422,COL
Comb. RF/ingenuo suave,combinacion,2023Q4,1,0.23712874421830676,1.283505662124733,1.0463769179064262,COL
Comb. LSTM/AR(1) suave,combinacion,2023Q4,1,0.23712874421830676,2.218352290915748,1.981223546697441,COL
Comb. 50/50 RF-AR(1),combinacion,2023Q4,1,0.23712874421830676,1.5748150715847287,1.337686327366422,COL
Ingenuo,referencia,2024Q1,1,1.7121108980354904,0.23712874421830676,-1.4749821538171837,COL
Deriva,referencia,2024Q1,1,1.7121108980354904,0.15101292045434767,-1.5610979775811429,COL
AR(1),Box-Jenkins,2024Q1,1,1.7121108980354904,1.2437824863496525,-0.46832841168583794,COL
"ARMA(2,2)",Box-Jenkins,2024Q1,1,1.7121108980354904,1.6697575976503798,-0.04235330038511065,COL
"ARIMA(1,1,1)",Box-Jenkins,2024Q1,1,1.7121108980354904,1.2393014906510875,-0.4728094073844029,COL
Ridge sobre rezagos,regularizado,2024Q1,1,1.7121108980354904,0.7804686792067854,-0.931642218828705,COL
Random Forest,aprendizaje,2024Q1,1,1.7121108980354904,-1.9632568635787735,-3.6753677616142637,COL
LSTM(16),red neuronal,2024Q1,1,1.7121108980354904,2.9955519947269575,1.283441096691467,COL
Comb. RF/AR(1) suave,combinacion,2024Q1,1,1.7121108980354904,-0.7834174512495902,-2.4955283492850806,COL
Comb. RF/AR(1) dura,combinacion,2024Q1,1,1.7121108980354904,1.2437824863496525,-0.46832841168583794,COL
Comb. RF/ingenuo suave,combinacion,2024Q1,1,1.7121108980354904,-0.8554112838187051,-2.5675221818541956,COL
Comb. LSTM/AR(1) suave,combinacion,2024Q1,1,1.7121108980354904,2.7968561310682087,1.0847452330327183,COL
Comb. 50/50 RF-AR(1),combinacion,2024Q1,1,1.7121108980354904,1.2437824863496525,-0.46832841168583794,COL
Ingenuo,referencia,2024Q2,1,1.8120251948611443,1.7121108980354904,-0.09991429682565389,COL
Deriva,referencia,2024Q2,1,1.8120251948611443,1.6473799780740128,-0.1646452167871315,COL
AR(1),Box-Jenkins,2024Q2,1,1.8120251948611443,2.266832697655879,0.4548075027947345,COL
"ARMA(2,2)",Box-Jenkins,2024Q2,1,1.8120251948611443,2.979949497685104,1.1679243028239599,COL
"ARIMA(1,1,1)",Box-Jenkins,2024Q2,1,1.8120251948611443,2.2643241708396182,0.4522989759784739,COL
Ridge sobre rezagos,regularizado,2024Q2,1,1.8120251948611443,2.618382135233832,0.8063569403726878,COL
Random Forest,aprendizaje,2024Q2,1,1.8120251948611443,2.107144468519657,0.29511927365851287,COL
LSTM(16),red neuronal,2024Q2,1,1.8120251948611443,3.398821897258401,1.5867967023972565,COL
Comb. RF/AR(1) suave,combinacion,2024Q2,1,1.8120251948611443,2.38889433168903,0.5768691368278858,COL
Comb. RF/AR(1) dura,combinacion,2024Q2,1,1.8120251948611443,2.38889433168903,0.5768691368278858,COL
Comb. RF/ingenuo suave,combinacion,2024Q2,1,1.8120251948611443,2.38889433168903,0.5768691368278858,COL
Comb. LSTM/AR(1) suave,combinacion,2024Q2,1,1.8120251948611443,3.152495870704062,1.3404706758429175,COL
Comb. 50/50 RF-AR(1),combinacion,2024Q2,1,1.8120251948611443,2.266832697655879,0.4548075027947345,COL
Ingenuo,referencia,2024Q3,1,2.639143067272398,1.8120251948611443,-0.8271178724112538,COL
Deriva,referencia,2024Q3,1,2.639143067272398,1.749519210261655,-0.8896238570107431,COL
AR(1),Box-Jenkins,2024Q3,1,2.639143067272398,2.3281379728828857,-0.3110050943895124,COL
"ARMA(2,2)",Box-Jenkins,2024Q3,1,2.639143067272398,3.1127756255808365,0.4736325583084384,COL
"ARIMA(1,1,1)",Box-Jenkins,2024Q3,1,2.639143067272398,2.3257904420376407,-0.3133526252347574,COL
Ridge sobre rezagos,regularizado,2024Q3,1,2.639143067272398,3.2617378450854044,0.6225947778130063,COL
Random Forest,aprendizaje,2024Q3,1,2.639143067272398,2.7199379874610083,0.08079492018861023,COL
LSTM(16),red neuronal,2024Q3,1,2.639143067272398,3.110699451123466,0.4715563838510679,COL
Comb. RF/AR(1) suave,combinacion,2024Q3,1,2.639143067272398,2.5646513286088837,-0.07449173866351444,COL
Comb. RF/AR(1) dura,combinacion,2024Q3,1,2.639143067272398,2.5646513286088837,-0.07449173866351444,COL
Comb. RF/ingenuo suave,combinacion,2024Q3,1,2.639143067272398,2.5646513286088837,-0.07449173866351444,COL
Comb. LSTM/AR(1) suave,combinacion,2024Q3,1,2.639143067272398,3.2370244753161592,0.5978814080437611,COL
Comb. 50/50 RF-AR(1),combinacion,2024Q3,1,2.639143067272398,2.3281379728828857,-0.3110050943895124,COL
Ingenuo,referencia,2024Q4,1,2.682211192974293,2.639143067272398,-0.043068125701895,COL
Deriva,referencia,2024Q4,1,2.682211192974293,2.5884987340997188,-0.09371245887457436,COL
AR(1),Box-Jenkins,2024Q4,1,2.682211192974293,2.901089638672358,0.2188784456980648,COL
"ARMA(2,2)",Box-Jenkins,2024Q4,1,2.682211192974293,3.6701703162918182,0.9879591233175251,COL
"ARIMA(1,1,1)",Box-Jenkins,2024Q4,1,2.682211192974293,2.8998294560458553,0.21761826307156218,COL
Ridge sobre rezagos,regularizado,2024Q4,1,2.682211192974293,3.987562725950561,1.305351532976268,COL
Random Forest,aprendizaje,2024Q4,1,2.682211192974293,3.14795914153133,0.46574794855703683,COL
LSTM(16),red neuronal,2024Q4,1,2.682211192974293,3.382288417228415,0.7000772242541218,COL
Comb. RF/AR(1) suave,combinacion,2024Q4,1,2.682211192974293,2.9146423427349446,0.2324311497606515,COL
Comb. RF/AR(1) dura,combinacion,2024Q4,1,2.682211192974293,2.9146423427349446,0.2324311497606515,COL
Comb. RF/ingenuo suave,combinacion,2024Q4,1,2.682211192974293,2.9146423427349446,0.2324311497606515,COL
Comb. LSTM/AR(1) suave,combinacion,2024Q4,1,2.682211192974293,3.2461288062551015,0.5639176132808084,COL
Comb. 50/50 RF-AR(1),combinacion,2024Q4,1,2.682211192974293,2.901089638672358,0.2188784456980648,COL
Ingenuo,referencia,2001Q4,1,2.4886155211292227,3.4321019477433268,0.9434864266141041,CRI
Deriva,referencia,2001Q4,1,2.4886155211292227,3.3229484758202865,0.8343329546910638,CRI
AR(1),Box-Jenkins,2001Q4,1,2.4886155211292227,3.914461086634967,1.4258455655057443,CRI
"ARMA(2,2)",Box-Jenkins,2001Q4,1,2.4886155211292227,4.042676666186677,1.554061145057454,CRI
"ARIMA(1,1,1)",Box-Jenkins,2001Q4,1,2.4886155211292227,3.5750126261331134,1.0863971050038908,CRI
Ridge sobre rezagos,regularizado,2001Q4,1,2.4886155211292227,3.5959834703454616,1.107367949216239,CRI
Random Forest,aprendizaje,2001Q4,1,2.4886155211292227,3.274137291055341,0.7855217699261181,CRI
LSTM(16),red neuronal,2001Q4,1,2.4886155211292227,4.1186861346676755,1.6300706135384528,CRI
Comb. RF/AR(1) suave,combinacion,2001Q4,1,2.4886155211292227,3.892468240055523,1.4038527189263004,CRI
Comb. RF/AR(1) dura,combinacion,2001Q4,1,2.4886155211292227,3.892468240055523,1.4038527189263004,CRI
Comb. RF/ingenuo suave,combinacion,2001Q4,1,2.4886155211292227,3.892468240055523,1.4038527189263004,CRI
Comb. LSTM/AR(1) suave,combinacion,2001Q4,1,2.4886155211292227,4.013541831070218,1.5249263099409953,CRI
Comb. 50/50 RF-AR(1),combinacion,2001Q4,1,2.4886155211292227,3.8928083730169583,1.4041928518877356,CRI
Ingenuo,referencia,2002Q1,1,4.0897568467141765,2.4886155211292227,-1.6011413255849538,CRI
Deriva,referencia,2002Q1,1,4.0897568467141765,2.358603725338906,-1.7311531213752707,CRI
AR(1),Box-Jenkins,2002Q1,1,4.0897568467141765,3.2453397709483003,-0.8444170757658762,CRI
"ARMA(2,2)",Box-Jenkins,2002Q1,1,4.0897568467141765,2.8363172188345955,-1.253439627879581,CRI
"ARIMA(1,1,1)",Box-Jenkins,2002Q1,1,4.0897568467141765,2.9835468334777127,-1.1062100132364638,CRI
Ridge sobre rezagos,regularizado,2002Q1,1,4.0897568467141765,3.483968224677177,-0.6057886220369997,CRI
Random Forest,aprendizaje,2002Q1,1,4.0897568467141765,3.3258524437787433,-0.7639044029354332,CRI
LSTM(16),red neuronal,2002Q1,1,4.0897568467141765,3.694646048003743,-0.39511079871043364,CRI
Comb. RF/AR(1) suave,combinacion,2002Q1,1,4.0897568467141765,3.43963269777818,-0.6501241489359963,CRI
Comb. RF/AR(1) dura,combinacion,2002Q1,1,4.0897568467141765,3.43963269777818,-0.6501241489359963,CRI
Comb. RF/ingenuo suave,combinacion,2002Q1,1,4.0897568467141765,3.43963269777818,-0.6501241489359963,CRI
Comb. LSTM/AR(1) suave,combinacion,2002Q1,1,4.0897568467141765,3.732030957768653,-0.3577258889455237,CRI
Comb. 50/50 RF-AR(1),combinacion,2002Q1,1,4.0897568467141765,3.43963269777818,-0.6501241489359963,CRI
Ingenuo,referencia,2002Q2,1,3.6255467916635142,4.0897568467141765,0.46421005505066226,CRI
Deriva,referencia,2002Q2,1,3.6255467916635142,4.0019682977866715,0.3764215061231573,CRI
AR(1),Box-Jenkins,2002Q2,1,3.6255467916635142,4.3232764006454945,0.6977296089819802,CRI
"ARMA(2,2)",Box-Jenkins,2002Q2,1,3.6255467916635142,2.576401572399922,-1.0491452192635924,CRI
"ARIMA(1,1,1)",Box-Jenkins,2002Q2,1,3.6255467916635142,3.3412695368450427,-0.28427725481847155,CRI
Ridge sobre rezagos,regularizado,2002Q2,1,3.6255467916635142,3.591825297580494,-0.033721494083020165,CRI
Random Forest,aprendizaje,2002Q2,1,3.6255467916635142,4.060992856379841,0.4354460647163272,CRI
LSTM(16),red neuronal,2002Q2,1,3.6255467916635142,3.9594034798905096,0.3338566882269953,CRI
Comb. RF/AR(1) suave,combinacion,2002Q2,1,3.6255467916635142,4.164155812080086,0.5386090204165717,CRI
Comb. RF/AR(1) dura,combinacion,2002Q2,1,3.6255467916635142,4.164155812080086,0.5386090204165717,CRI
Comb. RF/ingenuo suave,combinacion,2002Q2,1,3.6255467916635142,4.164155812080086,0.5386090204165717,CRI
Comb. LSTM/AR(1) suave,combinacion,2002Q2,1,3.6255467916635142,5.4507327004305886,1.8251859087670743,CRI
Comb. 50/50 RF-AR(1),combinacion,2002Q2,1,3.6255467916635142,4.164155812080086,0.5386090204165717,CRI
Ingenuo,referencia,2002Q3,1,3.5533667299444183,3.6255467916635142,0.07218006171909597,CRI
Deriva,referencia,2002Q3,1,3.5533667299444183,3.528795825923553,-0.02457090402086548,CRI
AR(1),Box-Jenkins,2002Q3,1,3.5533667299444183,4.002791703912612,0.4494249739681937,CRI
"ARMA(2,2)",Box-Jenkins,2002Q3,1,3.5533667299444183,4.652256925894289,1.0988901959498705,CRI
"ARIMA(1,1,1)",Box-Jenkins,2002Q3,1,3.5533667299444183,3.7568138286895514,0.20344709874513311,CRI
Ridge sobre rezagos,regularizado,2002Q3,1,3.5533667299444183,4.109900766826402,0.5565340368819838,CRI
Random Forest,aprendizaje,2002Q3,1,3.5533667299444183,3.9344563985703287,0.3810896686259104,CRI
LSTM(16),red neuronal,2002Q3,1,3.5533667299444183,3.9903519749087604,0.4369852449643421,CRI
Comb. RF/AR(1) suave,combinacion,2002Q3,1,3.5533667299444183,4.016861404465376,0.46349467452095805,CRI
Comb. RF/AR(1) dura,combinacion,2002Q3,1,3.5533667299444183,4.016861404465376,0.46349467452095805,CRI
Comb. RF/ingenuo suave,combinacion,2002Q3,1,3.5533667299444183,4.016861404465376,0.46349467452095805,CRI
Comb. LSTM/AR(1) suave,combinacion,2002Q3,1,3.5533667299444183,4.078940997440258,0.5255742674958395,CRI
Comb. 50/50 RF-AR(1),combinacion,2002Q3,1,3.5533667299444183,4.016861404465376,0.46349467452095805,CRI
Ingenuo,referencia,2002Q4,1,4.32722516704851,3.5533667299444183,-0.7738584371040913,CRI
Deriva,referencia,2002Q4,1,4.32722516704851,3.457187180577035,-0.8700379864714747,CRI
AR(1),Box-Jenkins,2002Q4,1,4.32722516704851,3.942305925521536,-0.38491924152697354,CRI
"ARMA(2,2)",Box-Jenkins,2002Q4,1,4.32722516704851,4.8234807060491205,0.4962555390006109,CRI
"ARIMA(1,1,1)",Box-Jenkins,2002Q4,1,4.32722516704851,3.60868035938558,-0.7185448076629295,CRI
Ridge sobre rezagos,regularizado,2002Q4,1,4.32722516704851,5.025492839404523,0.6982676723560131,CRI
Random Forest,aprendizaje,2002Q4,1,4.32722516704851,3.5621247140760017,-0.7651004529725078,CRI
LSTM(16),red neuronal,2002Q4,1,4.32722516704851,3.968268825497682,-0.3589563415508277,CRI
Comb. RF/AR(1) suave,combinacion,2002Q4,1,4.32722516704851,3.8919878745601215,-0.43523729248838805,CRI
Comb. RF/AR(1) dura,combinacion,2002Q4,1,4.32722516704851,3.8919878745601215,-0.43523729248838805,CRI
Comb. RF/ingenuo suave,combinacion,2002Q4,1,4.32722516704851,3.8919878745601215,-0.43523729248838805,CRI
Comb. LSTM/AR(1) suave,combinacion,2002Q4,1,4.32722516704851,4.143118987928002,-0.18410617912050764,CRI
Comb. 50/50 RF-AR(1),combinacion,2002Q4,1,4.32722516704851,3.8955679851353953,-0.4316571819131143,CRI
Ingenuo,referencia,2003Q1,1,3.739621191935849,4.32722516704851,0.5876039751126605,CRI
Deriva,referencia,2003Q1,1,3.739621191935849,4.250819208282751,0.5111980163469019,CRI
AR(1),Box-Jenkins,2003Q1,1,3.739621191935849,4.457018901702137,0.7173977097662876,CRI
"ARMA(2,2)",Box-Jenkins,2003Q1,1,3.739621191935849,3.6128610582851457,-0.12676013365070338,CRI
"ARIMA(1,1,1)",Box-Jenkins,2003Q1,1,3.739621191935849,3.940759008715709,0.20113781677985987,CRI
Ridge sobre rezagos,regularizado,2003Q1,1,3.739621191935849,3.872147448571982,0.1325262566361327,CRI
Random Forest,aprendizaje,2003Q1,1,3.739621191935849,3.5872708350215508,-0.15235035691429832,CRI
LSTM(16),red neuronal,2003Q1,1,3.739621191935849,4.395285869751358,0.6556646778155093,CRI
Comb. RF/AR(1) suave,combinacion,2003Q1,1,3.739621191935849,4.213929331228168,0.47430813929231874,CRI
Comb. RF/AR(1) dura,combinacion,2003Q1,1,3.739621191935849,4.213929331228168,0.47430813929231874,CRI
Comb. RF/ingenuo suave,combinacion,2003Q1,1,3.739621191935849,4.213929331228168,0.47430813929231874,CRI
Comb. LSTM/AR(1) suave,combinacion,2003Q1,1,3.739621191935849,4.2750596087708255,0.5354384168349764,CRI
Comb. 50/50 RF-AR(1),combinacion,2003Q1,1,3.739621191935849,4.234358039246059,0.49473684731021006,CRI
Ingenuo,referencia,2003Q2,1,4.228374383945033,3.739621191935849,-0.48875319200918366,CRI
Deriva,referencia,2003Q2,1,4.228374383945033,3.6518552772512702,-0.5765191066937625,CRI
AR(1),Box-Jenkins,2003Q2,1,4.228374383945033,4.0571212519519415,-0.17125313199309122,CRI
"ARMA(2,2)",Box-Jenkins,2003Q2,1,4.228374383945033,3.6898417626678492,-0.5385326212771835,CRI
"ARIMA(1,1,1)",Box-Jenkins,2003Q2,1,4.228374383945033,3.984257716850975,-0.24411666709405777,CRI
Ridge sobre rezagos,regularizado,2003Q2,1,4.228374383945033,4.16215779917618,-0.06621658476885273,CRI
Random Forest,aprendizaje,2003Q2,1,4.228374383945033,3.6795815621747527,-0.54879282177028,CRI
LSTM(16),red neuronal,2003Q2,1,4.228374383945033,4.102723429122841,-0.12565095482219135,CRI
Comb. RF/AR(1) suave,combinacion,2003Q2,1,4.228374383945033,4.1699499159093385,-0.05842446803569423,CRI
Comb. RF/AR(1) dura,combinacion,2003Q2,1,4.228374383945033,4.1699499159093385,-0.05842446803569423,CRI
Comb. RF/ingenuo suave,combinacion,2003Q2,1,4.228374383945033,4.1699499159093385,-0.05842446803569423,CRI
Comb. LSTM/AR(1) suave,combinacion,2003Q2,1,4.228374383945033,4.070399786525785,-0.1579745974192477,CRI
Comb. 50/50 RF-AR(1),combinacion,2003Q2,1,4.228374383945033,4.1699499159093385,-0.05842446803569423,CRI
Ingenuo,referencia,2003Q3,1,4.925398038903195,4.228374383945033,-0.6970236549581621,CRI
Deriva,referencia,2003Q3,1,4.925398038903195,4.153141493319014,-0.772256545584181,CRI
AR(1),Box-Jenkins,2003Q3,1,4.925398038903195,4.379939554096835,-0.5454584848063595,CRI
"ARMA(2,2)",Box-Jenkins,2003Q3,1,4.925398038903195,4.170704469438982,-0.7546935694642132,CRI
"ARIMA(1,1,1)",Box-Jenkins,2003Q3,1,4.925398038903195,4.013430092687483,-0.9119679462157118,CRI
Ridge sobre rezagos,regularizado,2003Q3,1,4.925398038903195,4.46015169918731,-0.46524633971588525,CRI
Random Forest,aprendizaje,2003Q3,1,4.925398038903195,4.922866919633916,-0.0025311192692791806,CRI
LSTM(16),red neuronal,2003Q3,1,4.925398038903195,4.025197420782041,-0.9002006181211542,CRI
Comb. RF/AR(1) suave,combinacion,2003Q3,1,4.925398038903195,5.034180038989337,0.10878200008614236,CRI
Comb. RF/AR(1) dura,combinacion,2003Q3,1,4.925398038903195,5.034180038989337,0.10878200008614236,CRI
Comb. RF/ingenuo suave,combinacion,2003Q3,1,4.925398038903195,5.034180038989337,0.10878200008614236,CRI
Comb. LSTM/AR(1) suave,combinacion,2003Q3,1,4.925398038903195,4.02384931649843,-0.9015487224047645,CRI
Comb. 50/50 RF-AR(1),combinacion,2003Q3,1,4.925398038903195,5.034180038989337,0.10878200008614236,CRI
Ingenuo,referencia,2003Q4,1,4.712364798634949,4.925398038903195,0.21303324026824555,CRI
Deriva,referencia,2003Q4,1,4.712364798634949,4.866596138608754,0.1542313399738049,CRI
AR(1),Box-Jenkins,2003Q4,1,4.712364798634949,4.845365953923434,0.13300115528848444,CRI
"ARMA(2,2)",Box-Jenkins,2003Q4,1,4.712364798634949,4.8175181771890685,0.10515337855411921,CRI
"ARIMA(1,1,1)",Box-Jenkins,2003Q4,1,4.712364798634949,4.539934520480593,-0.17243027815435585,CRI
Ridge sobre rezagos,regularizado,2003Q4,1,4.712364798634949,4.683548517721559,-0.02881628091339028,CRI
Random Forest,aprendizaje,2003Q4,1,4.712364798634949,4.118772830195055,-0.5935919684398945,CRI
LSTM(16),red neuronal,2003Q4,1,4.712364798634949,4.444187498050944,-0.26817730058400535,CRI
Comb. RF/AR(1) suave,combinacion,2003Q4,1,4.712364798634949,4.270893079373802,-0.4414717192611475,CRI
Comb. RF/AR(1) dura,combinacion,2003Q4,1,4.712364798634949,4.270893079373802,-0.4414717192611475,CRI
Comb. RF/ingenuo suave,combinacion,2003Q4,1,4.712364798634949,4.270893079373802,-0.4414717192611475,CRI
Comb. LSTM/AR(1) suave,combinacion,2003Q4,1,4.712364798634949,4.533316501115678,-0.17904829751927132,CRI
Comb. 50/50 RF-AR(1),combinacion,2003Q4,1,4.712364798634949,4.270893079373802,-0.4414717192611475,CRI
Ingenuo,referencia,2004Q1,1,4.844058022079234,4.712364798634949,-0.1316932234442847,CRI
Deriva,referencia,2004Q1,1,4.844058022079234,4.650349745424388,-0.1937082766548457,CRI
AR(1),Box-Jenkins,2004Q1,1,4.844058022079234,4.704146347921961,-0.1399116741572728,CRI
"ARMA(2,2)",Box-Jenkins,2004Q1,1,4.844058022079234,5.1156280093996305,0.2715699873203965,CRI
"ARIMA(1,1,1)",Box-Jenkins,2004Q1,1,4.844058022079234,4.765686840363277,-0.0783711817159567,CRI
Ridge sobre rezagos,regularizado,2004Q1,1,4.844058022079234,5.033509459375894,0.18945143729666025,CRI
Random Forest,aprendizaje,2004Q1,1,4.844058022079234,4.075989407181901,-0.7680686148973326,CRI
LSTM(16),red neuronal,2004Q1,1,4.844058022079234,4.628469940974179,-0.21558808110505456,CRI
Comb. RF/AR(1) suave,combinacion,2004Q1,1,4.844058022079234,4.686799258455981,-0.1572587636232532,CRI
Comb. RF/AR(1) dura,combinacion,2004Q1,1,4.844058022079234,4.686799258455981,-0.1572587636232532,CRI
Comb. RF/ingenuo suave,combinacion,2004Q1,1,4.844058022079234,4.686799258455981,-0.1572587636232532,CRI
Comb. LSTM/AR(1) suave,combinacion,2004Q1,1,4.844058022079234,4.8426820792759715,-0.0013759428032624754,CRI
Comb. 50/50 RF-AR(1),combinacion,2004Q1,1,4.844058022079234,4.687513649781448,-0.15654437229778573,CRI
Ingenuo,referencia,2004Q2,1,3.9593381133614214,4.844058022079234,0.8847199087178126,CRI
Deriva,referencia,2004Q2,1,3.9593381133614214,4.785996199004486,0.8266580856430643,CRI
AR(1),Box-Jenkins,2004Q2,1,3.9593381133614214,4.792588537832444,0.8332504244710224,CRI
"ARMA(2,2)",Box-Jenkins,2004Q2,1,3.9593381133614214,4.59175467372977,0.6324165603683483,CRI
"ARIMA(1,1,1)",Box-Jenkins,2004Q2,1,3.9593381133614214,4.78476161651826,0.8254235031568387,CRI
Ridge sobre rezagos,regularizado,2004Q2,1,3.9593381133614214,4.927147642538425,0.9678095291770035,CRI
Random Forest,aprendizaje,2004Q2,1,3.9593381133614214,4.6067368559797,0.6473987426182788,CRI
LSTM(16),red neuronal,2004Q2,1,3.9593381133614214,4.761907415533567,0.8025693021721452,CRI
Comb. RF/AR(1) suave,combinacion,2004Q2,1,3.9593381133614214,4.511271091648423,0.5519329782870015,CRI
Comb. RF/AR(1) dura,combinacion,2004Q2,1,3.9593381133614214,4.511271091648423,0.5519329782870015,CRI
Comb. RF/ingenuo suave,combinacion,2004Q2,1,3.9593381133614214,4.511271091648423,0.5519329782870015,CRI
Comb. LSTM/AR(1) suave,combinacion,2004Q2,1,3.9593381133614214,5.026800880099959,1.0674627667385375,CRI
Comb. 50/50 RF-AR(1),combinacion,2004Q2,1,3.9593381133614214,4.511271091648423,0.5519329782870015,CRI
Ingenuo,referencia,2004Q3,1,4.207477994104747,3.9593381133614214,-0.2481398807433255,CRI
Deriva,referencia,2004Q3,1,4.207477994104747,3.884743128573812,-0.322734865530935,CRI
AR(1),Box-Jenkins,2004Q3,1,4.207477994104747,4.200975220979092,-0.006502773125655281,CRI
"ARMA(2,2)",Box-Jenkins,2004Q3,1,4.207477994104747,4.156331992264624,-0.05114600184012286,CRI
"ARIMA(1,1,1)",Box-Jenkins,2004Q3,1,4.207477994104747,4.400948435006902,0.19347044090215526,CRI
Ridge sobre rezagos,regularizado,2004Q3,1,4.207477994104747,4.071922999692591,-0.13555499441215613,CRI
Random Forest,aprendizaje,2004Q3,1,4.207477994104747,4.164421160199992,-0.04305683390475501,CRI
LSTM(16),red neuronal,2004Q3,1,4.207477994104747,4.264125234015431,0.0566472399106841,CRI
Comb. RF/AR(1) suave,combinacion,2004Q3,1,4.207477994104747,4.488134978462246,0.2806569843574991,CRI
Comb. RF/AR(1) dura,combinacion,2004Q3,1,4.207477994104747,4.488134978462246,0.2806569843574991,CRI
Comb. RF/ingenuo suave,combinacion,2004Q3,1,4.207477994104747,4.488134978462246,0.2806569843574991,CRI
Comb. LSTM/AR(1) suave,combinacion,2004Q3,1,4.207477994104747,4.396812240800352,0.18933424669560495,CRI
Comb. 50/50 RF-AR(1),combinacion,2004Q3,1,4.207477994104747,4.4376676783918825,0.2301896842871356,CRI
Ingenuo,referencia,2004Q4,1,3.617330268100072,4.207477994104747,0.590147726004675,CRI
Deriva,referencia,2004Q4,1,3.617330268100072,4.139211143935391,0.5218808758353193,CRI
AR(1),Box-Jenkins,2004Q4,1,3.617330268100072,4.36237331313053,0.7450430450304584,CRI
"ARMA(2,2)",Box-Jenkins,2004Q4,1,3.617330268100072,3.7775743755047166,0.1602441074046448,CRI
"ARIMA(1,1,1)",Box-Jenkins,2004Q4,1,3.617330268100072,4.144299431682124,0.5269691635820521,CRI
Ridge sobre rezagos,regularizado,2004Q4,1,3.617330268100072,4.025008557659033,0.40767828955896146,CRI
Random Forest,aprendizaje,2004Q4,1,3.617330268100072,3.9834363142364397,0.3661060461363679,CRI
LSTM(16),red neuronal,2004Q4,1,3.617330268100072,4.12074581448911,0.5034155463890384,CRI
Comb. RF/AR(1) suave,combinacion,2004Q4,1,3.617330268100072,4.15046328679064,0.5331330186905685,CRI
Comb. RF/AR(1) dura,combinacion,2004Q4,1,3.617330268100072,4.15046328679064,0.5331330186905685,CRI
Comb. RF/ingenuo suave,combinacion,2004Q4,1,3.617330268100072,4.15046328679064,0.5331330186905685,CRI
Comb. LSTM/AR(1) suave,combinacion,2004Q4,1,3.617330268100072,4.073706176662068,0.45637590856199584,CRI
Comb. 50/50 RF-AR(1),combinacion,2004Q4,1,3.617330268100072,4.164866882109146,0.5475366140090738,CRI
Ingenuo,referencia,2005Q1,1,3.1991478335239076,3.617330268100072,0.4181824345761642,CRI
Deriva,referencia,2005Q1,1,3.1991478335239076,3.539027247241575,0.3398794137176675,CRI
AR(1),Box-Jenkins,2005Q1,1,3.1991478335239076,3.9624623825740084,0.7633145490501008,CRI
"ARMA(2,2)",Box-Jenkins,2005Q1,1,3.1991478335239076,4.065561116374581,0.8664132828506732,CRI
"ARIMA(1,1,1)",Box-Jenkins,2005Q1,1,3.1991478335239076,3.9078974843836987,0.708749650859791,CRI
Ridge sobre rezagos,regularizado,2005Q1,1,3.1991478335239076,3.591754284864423,0.3926064513405154,CRI
Random Forest,aprendizaje,2005Q1,1,3.1991478335239076,3.8560244980692597,0.6568766645453521,CRI
LSTM(16),red neuronal,2005Q1,1,3.1991478335239076,3.32187142767806,0.12272359415415224,CRI
Comb. RF/AR(1) suave,combinacion,2005Q1,1,3.1991478335239076,4.046931126949778,0.84778329342587,CRI
Comb. RF/AR(1) dura,combinacion,2005Q1,1,3.1991478335239076,4.046931126949778,0.84778329342587,CRI
Comb. RF/ingenuo suave,combinacion,2005Q1,1,3.1991478335239076,4.046931126949778,0.84778329342587,CRI
Comb. LSTM/AR(1) suave,combinacion,2005Q1,1,3.1991478335239076,3.6132305213567615,0.41408268783285385,CRI
Comb. 50/50 RF-AR(1),combinacion,2005Q1,1,3.1991478335239076,4.046931126949778,0.84778329342587,CRI
Ingenuo,referencia,2005Q2,1,4.514000316817723,3.1991478335239076,-1.3148524832938158,CRI
Deriva,referencia,2005Q2,1,4.514000316817723,3.1144319935386626,-1.3995683232790608,CRI
AR(1),Box-Jenkins,2005Q2,1,4.514000316817723,3.6702328961146815,-0.8437674207030419,CRI
"ARMA(2,2)",Box-Jenkins,2005Q2,1,4.514000316817723,3.7688979886292486,-0.7451023281884748,CRI
"ARIMA(1,1,1)",Box-Jenkins,2005Q2,1,4.514000316817723,3.4506071439658514,-1.063393172851872,CRI
Ridge sobre rezagos,regularizado,2005Q2,1,4.514000316817723,4.017245946682599,-0.49675437013512447,CRI
Random Forest,aprendizaje,2005Q2,1,4.514000316817723,3.4130687120741707,-1.1009316047435527,CRI
LSTM(16),red neuronal,2005Q2,1,4.514000316817723,2.914095591122628,-1.5999047256950956,CRI
Comb. RF/AR(1) suave,combinacion,2005Q2,1,4.514000316817723,3.64626984386951,-0.8677304729482134,CRI
Comb. RF/AR(1) dura,combinacion,2005Q2,1,4.514000316817723,3.64626984386951,-0.8677304729482134,CRI
Comb. RF/ingenuo suave,combinacion,2005Q2,1,4.514000316817723,3.64626984386951,-0.8677304729482134,CRI
Comb. LSTM/AR(1) suave,combinacion,2005Q2,1,4.514000316817723,2.9472187087555097,-1.5667816080622137,CRI
Comb. 50/50 RF-AR(1),combinacion,2005Q2,1,4.514000316817723,3.64626984386951,-0.8677304729482134,CRI
Ingenuo,referencia,2005Q3,1,4.639301999444778,4.514000316817723,-0.12530168262705477,CRI
Deriva,referencia,2005Q3,1,4.639301999444778,4.455202408745054,-0.18409959069972448,CRI
AR(1),Box-Jenkins,2005Q3,1,4.639301999444778,4.54821513155316,-0.0910868678916179,CRI
"ARMA(2,2)",Box-Jenkins,2005Q3,1,4.639301999444778,3.4817635613213054,-1.1575384381234728,CRI
"ARIMA(1,1,1)",Box-Jenkins,2005Q3,1,4.639301999444778,3.8812733694808905,-0.7580286299638876,CRI
Ridge sobre rezagos,regularizado,2005Q3,1,4.639301999444778,3.865237498809435,-0.774064500635343,CRI
Random Forest,aprendizaje,2005Q3,1,4.639301999444778,3.5960491090895275,-1.0432528903552507,CRI
LSTM(16),red neuronal,2005Q3,1,4.639301999444778,3.9280982887304563,-0.7112037107143219,CRI
Comb. RF/AR(1) suave,combinacion,2005Q3,1,4.639301999444778,3.7984147880885812,-0.8408872113561969,CRI
Comb. RF/AR(1) dura,combinacion,2005Q3,1,4.639301999444778,3.7984147880885812,-0.8408872113561969,CRI
Comb. RF/ingenuo suave,combinacion,2005Q3,1,4.639301999444778,3.7984147880885812,-0.8408872113561969,CRI
Comb. LSTM/AR(1) suave,combinacion,2005Q3,1,4.639301999444778,4.0569355668305365,-0.5823664326142417,CRI
Comb. 50/50 RF-AR(1),combinacion,2005Q3,1,4.639301999444778,4.204378170344065,-0.4349238291007129,CRI
Ingenuo,referencia,2005Q4,1,5.464524577043428,4.639301999444778,-0.8252225775986499,CRI
Deriva,referencia,2005Q4,1,5.464524577043428,4.583851356657558,-0.8806732203858703,CRI
AR(1),Box-Jenkins,2005Q4,1,5.464524577043428,4.631335328231033,-0.8331892488123946,CRI
"ARMA(2,2)",Box-Jenkins,2005Q4,1,5.464524577043428,4.284910269047886,-1.179614307995542,CRI
"ARIMA(1,1,1)",Box-Jenkins,2005Q4,1,5.464524577043428,4.486058467694922,-0.9784661093485063,CRI
Ridge sobre rezagos,regularizado,2005Q4,1,5.464524577043428,4.713852904746517,-0.7506716722969111,CRI
Random Forest,aprendizaje,2005Q4,1,5.464524577043428,4.083280524530822,-1.3812440525126064,CRI
LSTM(16),red neuronal,2005Q4,1,5.464524577043428,4.231754547448604,-1.2327700295948238,CRI
Comb. RF/AR(1) suave,combinacion,2005Q4,1,5.464524577043428,3.856718401951072,-1.6078061750923562,CRI
Comb. RF/AR(1) dura,combinacion,2005Q4,1,5.464524577043428,3.856718401951072,-1.6078061750923562,CRI
Comb. RF/ingenuo suave,combinacion,2005Q4,1,5.464524577043428,3.856718401951072,-1.6078061750923562,CRI
Comb. LSTM/AR(1) suave,combinacion,2005Q4,1,5.464524577043428,4.154907001608095,-1.3096175754353334,CRI
Comb. 50/50 RF-AR(1),combinacion,2005Q4,1,5.464524577043428,4.344688854878017,-1.1198357221654112,CRI
Ingenuo,referencia,2006Q1,1,7.080063084426214,5.464524577043428,-1.6155385073827855,CRI
Deriva,referencia,2006Q1,1,7.080063084426214,5.424800241763099,-1.6552628426631149,CRI
AR(1),Box-Jenkins,2006Q1,1,7.080063084426214,5.182300709773395,-1.8977623746528183,CRI
"ARMA(2,2)",Box-Jenkins,2006Q1,1,7.080063084426214,5.592525502447353,-1.4875375819788603,CRI
"ARIMA(1,1,1)",Box-Jenkins,2006Q1,1,7.080063084426214,5.0312558553609135,-2.0488072290653,CRI
Ridge sobre rezagos,regularizado,2006Q1,1,7.080063084426214,5.686888696003935,-1.3931743884222785,CRI
Random Forest,aprendizaje,2006Q1,1,7.080063084426214,4.645270744636379,-2.4347923397898343,CRI
LSTM(16),red neuronal,2006Q1,1,7.080063084426214,4.275845677532102,-2.8042174068941117,CRI
Comb. RF/AR(1) suave,combinacion,2006Q1,1,7.080063084426214,4.37078159131857,-2.7092814931076434,CRI
Comb. RF/AR(1) dura,combinacion,2006Q1,1,7.080063084426214,4.37078159131857,-2.7092814931076434,CRI
Comb. RF/ingenuo suave,combinacion,2006Q1,1,7.080063084426214,4.37078159131857,-2.7092814931076434,CRI
Comb. LSTM/AR(1) suave,combinacion,2006Q1,1,7.080063084426214,4.272370868526524,-2.8076922158996895,CRI
Comb. 50/50 RF-AR(1),combinacion,2006Q1,1,7.080063084426214,4.875563856233871,-2.2044992281923426,CRI
Ingenuo,referencia,2006Q2,1,7.580933570138071,7.080063084426214,-0.5008704857118573,CRI
Deriva,referencia,2006Q2,1,7.580933570138071,7.0693784481399735,-0.5115551219980974,CRI
AR(1),Box-Jenkins,2006Q2,1,7.580933570138071,6.275694063875481,-1.3052395062625903,CRI
"ARMA(2,2)",Box-Jenkins,2006Q2,1,7.580933570138071,5.825817488352949,-1.755116081785122,CRI
"ARIMA(1,1,1)",Box-Jenkins,2006Q2,1,7.580933570138071,6.2373249560326816,-1.3436086141053893,CRI
Ridge sobre rezagos,regularizado,2006Q2,1,7.580933570138071,6.013056350778974,-1.5678772193590973,CRI
Random Forest,aprendizaje,2006Q2,1,7.580933570138071,4.750536183570637,-2.8303973865674337,CRI
LSTM(16),red neuronal,2006Q2,1,7.580933570138071,6.0937110141043656,-1.4872225560337053,CRI
Comb. RF/AR(1) suave,combinacion,2006Q2,1,7.580933570138071,5.074094321070459,-2.506839249067612,CRI
Comb. RF/AR(1) dura,combinacion,2006Q2,1,7.580933570138071,5.074094321070459,-2.506839249067612,CRI
Comb. RF/ingenuo suave,combinacion,2006Q2,1,7.580933570138071,5.074094321070459,-2.506839249067612,CRI
Comb. LSTM/AR(1) suave,combinacion,2006Q2,1,7.580933570138071,5.258841587571921,-2.3220919825661497,CRI
Comb. 50/50 RF-AR(1),combinacion,2006Q2,1,7.580933570138071,6.269796206392771,-1.3111373637453,CRI
Ingenuo,referencia,2006Q3,1,9.18421441256545,7.580933570138071,-1.6032808424273783,CRI
Deriva,referencia,2006Q3,1,9.18421441256545,7.579068849748349,-1.6051455628170999,CRI
AR(1),Box-Jenkins,2006Q3,1,9.18421441256545,6.654685458738706,-2.529528953826743,CRI
"ARMA(2,2)",Box-Jenkins,2006Q3,1,9.18421441256545,6.99264697881766,-2.191567433747789,CRI
"ARIMA(1,1,1)",Box-Jenkins,2006Q3,1,9.18421441256545,7.248267886672276,-1.935946525893173,CRI
Ridge sobre rezagos,regularizado,2006Q3,1,9.18421441256545,7.050378988652836,-2.133835423912613,CRI
Random Forest,aprendizaje,2006Q3,1,9.18421441256545,6.111140923134179,-3.0730734894312706,CRI
LSTM(16),red neuronal,2006Q3,1,9.18421441256545,6.4888998075964,-2.695314604969049,CRI
Comb. RF/AR(1) suave,combinacion,2006Q3,1,9.18421441256545,6.318200734452509,-2.8660136781129406,CRI
Comb. RF/AR(1) dura,combinacion,2006Q3,1,9.18421441256545,6.318200734452509,-2.8660136781129406,CRI
Comb. RF/ingenuo suave,combinacion,2006Q3,1,9.18421441256545,6.318200734452509,-2.8660136781129406,CRI
Comb. LSTM/AR(1) suave,combinacion,2006Q3,1,9.18421441256545,6.482323031449504,-2.701891381115945,CRI
Comb. 50/50 RF-AR(1),combinacion,2006Q3,1,9.18421441256545,6.654685458738706,-2.529528953826743,CRI
Ingenuo,referencia,2006Q4,1,9.016310617054412,9.18421441256545,0.1679037955110374,CRI
Deriva,referencia,2006Q4,1,9.016310617054412,9.209555549172627,0.19324493211821547,CRI
AR(1),Box-Jenkins,2006Q4,1,9.016310617054412,7.865437203453901,-1.150873413600511,CRI
"ARMA(2,2)",Box-Jenkins,2006Q4,1,9.016310617054412,7.9931219202135235,-1.0231886968408883,CRI
"ARIMA(1,1,1)",Box-Jenkins,2006Q4,1,9.016310617054412,8.41407873202657,-0.602231885027841,CRI
Ridge sobre rezagos,regularizado,2006Q4,1,9.016310617054412,8.377545728238356,-0.6387648888160555,CRI
Random Forest,aprendizaje,2006Q4,1,9.016310617054412,6.804102733010878,-2.2122078840435337,CRI
LSTM(16),red neuronal,2006Q4,1,9.016310617054412,6.7723097793953215,-2.2440008376590903,CRI
Comb. RF/AR(1) suave,combinacion,2006Q4,1,9.016310617054412,7.627381178303861,-1.3889294387505506,CRI
Comb. RF/AR(1) dura,combinacion,2006Q4,1,9.016310617054412,7.627381178303861,-1.3889294387505506,CRI
Comb. RF/ingenuo suave,combinacion,2006Q4,1,9.016310617054412,7.627381178303861,-1.3889294387505506,CRI
Comb. LSTM/AR(1) suave,combinacion,2006Q4,1,9.016310617054412,6.953163098363823,-2.063147518690589,CRI
Comb. 50/50 RF-AR(1),combinacion,2006Q4,1,9.016310617054412,7.865437203453901,-1.150873413600511,CRI
Ingenuo,referencia,2007Q1,1,9.145198961986623,9.016310617054412,-0.12888834493221069,CRI
Deriva,referencia,2007Q1,1,9.145198961986623,9.038431004792955,-0.10676795719366794,CRI
AR(1),Box-Jenkins,2007Q1,1,9.145198961986623,7.833689121087318,-1.311509840899305,CRI
"ARMA(2,2)",Box-Jenkins,2007Q1,1,9.145198961986623,8.812139234327118,-0.33305972765950465,CRI
"ARIMA(1,1,1)",Box-Jenkins,2007Q1,1,9.145198961986623,9.020931993868949,-0.12426696811767357,CRI
Ridge sobre rezagos,regularizado,2007Q1,1,9.145198961986623,8.127606337221913,-1.0175926247647098,CRI
Random Forest,aprendizaje,2007Q1,1,9.145198961986623,6.947965227657441,-2.1972337343291812,CRI
LSTM(16),red neuronal,2007Q1,1,9.145198961986623,6.7931306038305355,-2.352068358156087,CRI
Comb. RF/AR(1) suave,combinacion,2007Q1,1,9.145198961986623,8.111418500712695,-1.0337804612739276,CRI
Comb. RF/AR(1) dura,combinacion,2007Q1,1,9.145198961986623,8.111418500712695,-1.0337804612739276,CRI
Comb. RF/ingenuo suave,combinacion,2007Q1,1,9.145198961986623,8.111418500712695,-1.0337804612739276,CRI
Comb. LSTM/AR(1) suave,combinacion,2007Q1,1,9.145198961986623,7.052340336165397,-2.0928586258212256,CRI
Comb. 50/50 RF-AR(1),combinacion,2007Q1,1,9.145198961986623,7.833689121087318,-1.311509840899305,CRI
Ingenuo,referencia,2007Q2,1,8.044941113165915,9.145198961986623,1.100257848820707,CRI
Deriva,referencia,2007Q2,1,8.044941113165915,9.169069644105388,1.1241285309394726,CRI
AR(1),Box-Jenkins,2007Q2,1,8.044941113165915,8.01305738669753,-0.031883726468384666,CRI
"ARMA(2,2)",Box-Jenkins,2007Q2,1,8.044941113165915,8.160542496035472,0.11560138286955635,CRI
"ARIMA(1,1,1)",Box-Jenkins,2007Q2,1,8.044941113165915,9.08709166852752,1.042150555361605,CRI
Ridge sobre rezagos,regularizado,2007Q2,1,8.044941113165915,8.440016608833993,0.39507549566807754,CRI
Random Forest,aprendizaje,2007Q2,1,8.044941113165915,7.602181722330655,-0.4427593908352607,CRI
LSTM(16),red neuronal,2007Q2,1,8.044941113165915,6.74620686109509,-1.2987342520708252,CRI
Comb. RF/AR(1) suave,combinacion,2007Q2,1,8.044941113165915,7.8519530118750875,-0.19298810129082788,CRI
Comb. RF/AR(1) dura,combinacion,2007Q2,1,8.044941113165915,7.8519530118750875,-0.19298810129082788,CRI
Comb. RF/ingenuo suave,combinacion,2007Q2,1,8.044941113165915,7.8519530118750875,-0.19298810129082788,CRI
Comb. LSTM/AR(1) suave,combinacion,2007Q2,1,8.044941113165915,7.120556609734734,-0.9243845034311811,CRI
Comb. 50/50 RF-AR(1),combinacion,2007Q2,1,8.044941113165915,8.01305738669753,-0.031883726468384666,CRI
Ingenuo,referencia,2007Q3,1,6.911414684222117,8.044941113165915,1.1335264289437985,CRI
Deriva,referencia,2007Q3,1,6.911414684222117,8.050680689946947,1.1392660057248305,CRI
AR(1),Box-Jenkins,2007Q3,1,6.911414684222117,7.22199899578745,0.31058431156533306,CRI
"ARMA(2,2)",Box-Jenkins,2007Q3,1,6.911414684222117,7.226403942868645,0.31498925864652794,CRI
"ARIMA(1,1,1)",Box-Jenkins,2007Q3,1,6.911414684222117,8.540807202773786,1.6293925185516693,CRI
Ridge sobre rezagos,regularizado,2007Q3,1,6.911414684222117,6.547480932394142,-0.36393375182797527,CRI
Random Forest,aprendizaje,2007Q3,1,6.911414684222117,7.09821813821167,0.1868034539895529,CRI
LSTM(16),red neuronal,2007Q3,1,6.911414684222117,6.576048098430695,-0.3353665857914221,CRI
Comb. RF/AR(1) suave,combinacion,2007Q3,1,6.911414684222117,7.730272217421873,0.8188575331997558,CRI
Comb. RF/AR(1) dura,combinacion,2007Q3,1,6.911414684222117,7.730272217421873,0.8188575331997558,CRI
Comb. RF/ingenuo suave,combinacion,2007Q3,1,6.911414684222117,7.730272217421873,0.8188575331997558,CRI
Comb. LSTM/AR(1) suave,combinacion,2007Q3,1,6.911414684222117,6.9813424387711365,0.06992775454901956,CRI
Comb. 50/50 RF-AR(1),combinacion,2007Q3,1,6.911414684222117,7.22199899578745,0.31058431156533306,CRI
Ingenuo,referencia,2007Q4,1,7.9241083407640245,6.911414684222117,-1.0126936565419076,CRI
Deriva,referencia,2007Q4,1,7.9241083407640245,6.899070673610692,-1.0250376671533328,CRI
AR(1),Box-Jenkins,2007Q4,1,7.9241083407640245,6.395321879344468,-1.528786461419556,CRI
"ARMA(2,2)",Box-Jenkins,2007Q4,1,7.9241083407640245,6.2285951339228705,-1.695513206841154,CRI
"ARIMA(1,1,1)",Box-Jenkins,2007Q4,1,7.9241083407640245,7.461183105999566,-0.4629252347644588,CRI
Ridge sobre rezagos,regularizado,2007Q4,1,7.9241083407640245,6.1646573551639365,-1.759450985600088,CRI
Random Forest,aprendizaje,2007Q4,1,7.9241083407640245,5.713098733160437,-2.2110096076035877,CRI
LSTM(16),red neuronal,2007Q4,1,7.9241083407640245,6.140945566777793,-1.7831627739862315,CRI
Comb. RF/AR(1) suave,combinacion,2007Q4,1,7.9241083407640245,5.68555130419601,-2.2385570365680145,CRI
Comb. RF/AR(1) dura,combinacion,2007Q4,1,7.9241083407640245,5.68555130419601,-2.2385570365680145,CRI
Comb. RF/ingenuo suave,combinacion,2007Q4,1,7.9241083407640245,5.68555130419601,-2.2385570365680145,CRI
Comb. LSTM/AR(1) suave,combinacion,2007Q4,1,7.9241083407640245,6.703924898257016,-1.2201834425070084,CRI
Comb. 50/50 RF-AR(1),combinacion,2007Q4,1,7.9241083407640245,6.395321879344468,-1.528786461419556,CRI
Ingenuo,referencia,2008Q1,1,5.072813356447825,7.9241083407640245,2.8512949843161994,CRI
Deriva,referencia,2008Q1,1,5.072813356447825,7.9277805437018705,2.8549671872540454,CRI
AR(1),Box-Jenkins,2008Q1,1,5.072813356447825,7.16774371445998,2.0949303580121548,CRI
"ARMA(2,2)",Box-Jenkins,2008Q1,1,5.072813356447825,6.152363750810688,1.0795503943628626,CRI
"ARIMA(1,1,1)",Box-Jenkins,2008Q1,1,5.072813356447825,7.522636453930082,2.4498230974822572,CRI
Ridge sobre rezagos,regularizado,2008Q1,1,5.072813356447825,5.957807126935013,0.8849937704871875,CRI
Random Forest,aprendizaje,2008Q1,1,5.072813356447825,6.2030951115152595,1.1302817550674344,CRI
LSTM(16),red neuronal,2008Q1,1,5.072813356447825,6.032175863477684,0.9593625070298586,CRI
Comb. RF/AR(1) suave,combinacion,2008Q1,1,5.072813356447825,7.320998574769631,2.2481852183218063,CRI
Comb. RF/AR(1) dura,combinacion,2008Q1,1,5.072813356447825,7.320998574769631,2.2481852183218063,CRI
Comb. RF/ingenuo suave,combinacion,2008Q1,1,5.072813356447825,7.320998574769631,2.2481852183218063,CRI
Comb. LSTM/AR(1) suave,combinacion,2008Q1,1,5.072813356447825,6.58093934312154,1.508125986673715,CRI
Comb. 50/50 RF-AR(1),combinacion,2008Q1,1,5.072813356447825,7.16774371445998,2.0949303580121548,CRI
Ingenuo,referencia,2008Q2,1,4.488211873828862,5.072813356447825,0.5846014826189627,CRI
Deriva,referencia,2008Q2,1,4.488211873828862,5.03256298727407,0.5443511134452077,CRI
AR(1),Box-Jenkins,2008Q2,1,4.488211873828862,5.067722855117811,0.5795109812889487,CRI
"ARMA(2,2)",Box-Jenkins,2008Q2,1,4.488211873828862,6.800617481026297,2.3124056071974346,CRI
"ARIMA(1,1,1)",Box-Jenkins,2008Q2,1,4.488211873828862,6.3475153698444355,1.8593034960155732,CRI
Ridge sobre rezagos,regularizado,2008Q2,1,4.488211873828862,5.100742523109016,0.6125306492801537,CRI
Random Forest,aprendizaje,2008Q2,1,4.488211873828862,5.337078760406181,0.8488668865773183,CRI
LSTM(16),red neuronal,2008Q2,1,4.488211873828862,5.28120176911964,0.7929898952907779,CRI
Comb. RF/AR(1) suave,combinacion,2008Q2,1,4.488211873828862,5.19676625601003,0.708554382181168,CRI
Comb. RF/AR(1) dura,combinacion,2008Q2,1,4.488211873828862,5.19676625601003,0.708554382181168,CRI
Comb. RF/ingenuo suave,combinacion,2008Q2,1,4.488211873828862,5.19676625601003,0.708554382181168,CRI
Comb. LSTM/AR(1) suave,combinacion,2008Q2,1,4.488211873828862,5.902201613087762,1.4139897392588994,CRI
Comb. 50/50 RF-AR(1),combinacion,2008Q2,1,4.488211873828862,5.067722855117811,0.5795109812889487,CRI
Ingenuo,referencia,2008Q3,1,1.5433183114859528,4.488211873828862,2.9448935623429096,CRI
Deriva,referencia,2008Q3,1,1.5433183114859528,4.4397137605119985,2.8963954490260457,CRI
AR(1),Box-Jenkins,2008Q3,1,1.5433183114859528,4.643737916493663,3.10041960500771,CRI
"ARMA(2,2)",Box-Jenkins,2008Q3,1,1.5433183114859528,4.2957240085853385,2.7524056970993858,CRI
"ARIMA(1,1,1)",Box-Jenkins,2008Q3,1,1.5433183114859528,4.839966313912464,3.296648002426511,CRI
Ridge sobre rezagos,regularizado,2008Q3,1,1.5433183114859528,4.467811176972431,2.924492865486478,CRI
Random Forest,aprendizaje,2008Q3,1,1.5433183114859528,5.350699031730611,3.807380720244658,CRI
LSTM(16),red neuronal,2008Q3,1,1.5433183114859528,4.281773495757865,2.7384551842719125,CRI
Comb. RF/AR(1) suave,combinacion,2008Q3,1,1.5433183114859528,4.371300031050773,2.8279817195648205,CRI
Comb. RF/AR(1) dura,combinacion,2008Q3,1,1.5433183114859528,4.371300031050773,2.8279817195648205,CRI
Comb. RF/ingenuo suave,combinacion,2008Q3,1,1.5433183114859528,4.371300031050773,2.8279817195648205,CRI
Comb. LSTM/AR(1) suave,combinacion,2008Q3,1,1.5433183114859528,4.871703019342504,3.328384707856551,CRI
Comb. 50/50 RF-AR(1),combinacion,2008Q3,1,1.5433183114859528,4.643737916493663,3.10041960500771,CRI
Ingenuo,referencia,2008Q4,1,-3.077473642416362,1.5433183114859528,4.620791953902314,CRI
Deriva,referencia,2008Q4,1,-3.077473642416362,1.4515904153478043,4.529064057764166,CRI
AR(1),Box-Jenkins,2008Q4,1,-3.077473642416362,2.484316873163344,5.561790515579705,CRI
"ARMA(2,2)",Box-Jenkins,2008Q4,1,-3.077473642416362,1.5466445782076264,4.624118220623988,CRI
"ARIMA(1,1,1)",Box-Jenkins,2008Q4,1,-3.077473642416362,2.7688635760645193,5.8463372184808815,CRI
Ridge sobre rezagos,regularizado,2008Q4,1,-3.077473642416362,0.1543147574548307,3.2317883998711925,CRI
Random Forest,aprendizaje,2008Q4,1,-3.077473642416362,3.861358678234039,6.938832320650401,CRI
LSTM(16),red neuronal,2008Q4,1,-3.077473642416362,2.190710070160325,5.268183712576686,CRI
Comb. RF/AR(1) suave,combinacion,2008Q4,1,-3.077473642416362,2.4876352248785873,5.565108867294949,CRI
Comb. RF/AR(1) dura,combinacion,2008Q4,1,-3.077473642416362,2.4876352248785873,5.565108867294949,CRI
Comb. RF/ingenuo suave,combinacion,2008Q4,1,-3.077473642416362,2.4876352248785873,5.565108867294949,CRI
Comb. LSTM/AR(1) suave,combinacion,2008Q4,1,-3.077473642416362,4.015347248570281,7.092820890986642,CRI
Comb. 50/50 RF-AR(1),combinacion,2008Q4,1,-3.077473642416362,2.484316873163344,5.561790515579705,CRI
Ingenuo,referencia,2009Q1,1,-1.5042857651619723,-3.077473642416362,-1.5731878772543895,CRI
Deriva,referencia,2009Q1,1,-1.5042857651619723,-3.2358054217569245,-1.7315196565949522,CRI
AR(1),Box-Jenkins,2009Q1,1,-1.5042857651619723,-1.344577266501571,0.15970849866040138,CRI
"ARMA(2,2)",Box-Jenkins,2009Q1,1,-1.5042857651619723,-1.7308587876112633,-0.226573022449291,CRI
"ARIMA(1,1,1)",Box-Jenkins,2009Q1,1,-1.5042857651619723,-1.5833541654022676,-0.07906840024029527,CRI
Ridge sobre rezagos,regularizado,2009Q1,1,-1.5042857651619723,-2.356054006358791,-0.8517682411968188,CRI
Random Forest,aprendizaje,2009Q1,1,-1.5042857651619723,0.8859956212588419,2.3902813864208143,CRI
LSTM(16),red neuronal,2009Q1,1,-1.5042857651619723,0.025202798526167136,1.5294885636881395,CRI
Comb. RF/AR(1) suave,combinacion,2009Q1,1,-1.5042857651619723,-0.0007255490625281413,1.5035602160994441,CRI
Comb. RF/AR(1) dura,combinacion,2009Q1,1,-1.5042857651619723,-1.344577266501571,0.15970849866040138,CRI
Comb. RF/ingenuo suave,combinacion,2009Q1,1,-1.5042857651619723,-0.43184283596873846,1.0724429291932338,CRI
Comb. LSTM/AR(1) suave,combinacion,2009Q1,1,-1.5042857651619723,0.16304874386569956,1.6673345090276719,CRI
Comb. 50/50 RF-AR(1),combinacion,2009Q1,1,-1.5042857651619723,-1.344577266501571,0.15970849866040138,CRI
Ingenuo,referencia,2009Q2,1,-0.8495610479756555,-1.5042857651619723,-0.6547247171863169,CRI
Deriva,referencia,2009Q2,1,-0.8495610479756555,-1.6375230567257966,-0.7879620087501411,CRI
AR(1),Box-Jenkins,2009Q2,1,-0.8495610479756555,-0.15540866217613747,0.694152385799518,CRI
"ARMA(2,2)",Box-Jenkins,2009Q2,1,-0.8495610479756555,-3.421300632794139,-2.5717395848184834,CRI
"ARIMA(1,1,1)",Box-Jenkins,2009Q2,1,-0.8495610479756555,-2.015820867758766,-1.1662598197831104,CRI
Ridge sobre rezagos,regularizado,2009Q2,1,-0.8495610479756555,-3.195976156166769,-2.3464151081911138,CRI
Random Forest,aprendizaje,2009Q2,1,-0.8495610479756555,-0.3470413752901356,0.5025196726855199,CRI
LSTM(16),red neuronal,2009Q2,1,-0.8495610479756555,-0.07675335562058994,0.7728076923550655,CRI
Comb. RF/AR(1) suave,combinacion,2009Q2,1,-0.8495610479756555,-0.3588672949273525,0.490693753048303,CRI
Comb. RF/AR(1) dura,combinacion,2009Q2,1,-0.8495610479756555,-0.15540866217613747,0.694152385799518,CRI
Comb. RF/ingenuo suave,combinacion,2009Q2,1,-0.8495610479756555,-0.5193014542922316,0.33025959368342384,CRI
Comb. LSTM/AR(1) suave,combinacion,2009Q2,1,-0.8495610479756555,0.33714533821302695,1.1867063861886824,CRI
Comb. 50/50 RF-AR(1),combinacion,2009Q2,1,-0.8495610479756555,-0.15540866217613747,0.694152385799518,CRI
Ingenuo,referencia,2009Q3,1,1.7898267715685146,-0.8495610479756555,-2.63938781954417,CRI
Deriva,referencia,2009Q3,1,1.7898267715685146,-0.9715417394144776,-2.761368510982992,CRI
AR(1),Box-Jenkins,2009Q3,1,1.7898267715685146,0.2870875420360609,-1.5027392295324535,CRI
"ARMA(2,2)",Box-Jenkins,2009Q3,1,1.7898267715685146,-0.3046608905982322,-2.0944876621667468,CRI
"ARIMA(1,1,1)",Box-Jenkins,2009Q3,1,1.7898267715685146,-1.0671831405658168,-2.8570099121343313,CRI
Ridge sobre rezagos,regularizado,2009Q3,1,1.7898267715685146,-0.12992325248737835,-1.919750024055893,CRI
Random Forest,aprendizaje,2009Q3,1,1.7898267715685146,0.18617964959940253,-1.603647121969112,CRI
LSTM(16),red neuronal,2009Q3,1,1.7898267715685146,0.5801563453756584,-1.2096704261928561,CRI
Comb. RF/AR(1) suave,combinacion,2009Q3,1,1.7898267715685146,-0.03592312823915784,-1.8257498998076724,CRI
Comb. RF/AR(1) dura,combinacion,2009Q3,1,1.7898267715685146,0.2870875420360609,-1.5027392295324535,CRI
Comb. RF/ingenuo suave,combinacion,2009Q3,1,1.7898267715685146,-0.21192537024352606,-2.0017521418120405,CRI
Comb. LSTM/AR(1) suave,combinacion,2009Q3,1,1.7898267715685146,0.856967591486424,-0.9328591800820906,CRI
Comb. 50/50 RF-AR(1),combinacion,2009Q3,1,1.7898267715685146,0.2870875420360609,-1.5027392295324535,CRI
Ingenuo,referencia,2009Q4,1,5.680792048853167,1.7898267715685146,-3.8909652772846526,CRI
Deriva,referencia,2009Q4,1,5.680792048853167,1.7067385943688895,-3.9740534544842774,CRI
AR(1),Box-Jenkins,2009Q4,1,5.680792048853167,2.4220340986755473,-3.25875795017762,CRI
"ARMA(2,2)",Box-Jenkins,2009Q4,1,5.680792048853167,2.813955443412594,-2.866836605440573,CRI
"ARIMA(1,1,1)",Box-Jenkins,2009Q4,1,5.680792048853167,0.9733778709490486,-4.707414177904118,CRI
Ridge sobre rezagos,regularizado,2009Q4,1,5.680792048853167,5.037880174693068,-0.6429118741600988,CRI
Random Forest,aprendizaje,2009Q4,1,5.680792048853167,1.3671659917568528,-4.3136260570963145,CRI
LSTM(16),red neuronal,2009Q4,1,5.680792048853167,2.40354670752581,-3.2772453413273572,CRI
Comb. RF/AR(1) suave,combinacion,2009Q4,1,5.680792048853167,2.2417801468673835,-3.4390119019857837,CRI
Comb. RF/AR(1) dura,combinacion,2009Q4,1,5.680792048853167,2.4220340986755473,-3.25875795017762,CRI
Comb. RF/ingenuo suave,combinacion,2009Q4,1,5.680792048853167,2.157738867788965,-3.5230531810642023,CRI
Comb. LSTM/AR(1) suave,combinacion,2009Q4,1,5.680792048853167,2.4074215772159975,-3.2733704716371697,CRI
Comb. 50/50 RF-AR(1),combinacion,2009Q4,1,5.680792048853167,2.4220340986755473,-3.25875795017762,CRI
Ingenuo,referencia,2010Q1,1,5.348954292250796,5.680792048853167,0.33183775660237114,CRI
Deriva,referencia,2010Q1,1,5.348954292250796,5.652899058521379,0.3039447662705834,CRI
AR(1),Box-Jenkins,2010Q1,1,5.348954292250796,5.427706064823593,0.07875177257279731,CRI
"ARMA(2,2)",Box-Jenkins,2010Q1,1,5.348954292250796,4.964012486986344,-0.384941805264452,CRI
"ARIMA(1,1,1)",Box-Jenkins,2010Q1,1,5.348954292250796,4.70011633685324,-0.6488379553975561,CRI
Ridge sobre rezagos,regularizado,2010Q1,1,5.348954292250796,6.334517673772243,0.9855633815214473,CRI
Random Forest,aprendizaje,2010Q1,1,5.348954292250796,5.5021014038205625,0.15314711156976646,CRI
LSTM(16),red neuronal,2010Q1,1,5.348954292250796,5.118819738482445,-0.2301345537683508,CRI
Comb. RF/AR(1) suave,combinacion,2010Q1,1,5.348954292250796,4.65663949008481,-0.6923148021659857,CRI
Comb. RF/AR(1) dura,combinacion,2010Q1,1,5.348954292250796,5.427706064823593,0.07875177257279731,CRI
Comb. RF/ingenuo suave,combinacion,2010Q1,1,5.348954292250796,4.696404955396793,-0.652549336854003,CRI
Comb. LSTM/AR(1) suave,combinacion,2010Q1,1,5.348954292250796,4.933285603074364,-0.4156686891764316,CRI
Comb. 50/50 RF-AR(1),combinacion,2010Q1,1,5.348954292250796,5.427706064823593,0.07875177257279731,CRI
Ingenuo,referencia,2010Q2,1,5.739235569198864,5.348954292250796,-0.3902812769480679,CRI
Deriva,referencia,2010Q2,1,5.739235569198864,5.316897674983794,-0.42233789421506973,CRI
AR(1),Box-Jenkins,2010Q2,1,5.739235569198864,5.178864607572153,-0.5603709616267105,CRI
"ARMA(2,2)",Box-Jenkins,2010Q2,1,5.739235569198864,4.767437654611762,-0.9717979145871016,CRI
"ARIMA(1,1,1)",Box-Jenkins,2010Q2,1,5.739235569198864,5.462489420690461,-0.27674614850840307,CRI
Ridge sobre rezagos,regularizado,2010Q2,1,5.739235569198864,6.597160683660161,0.8579251144612972,CRI
Random Forest,aprendizaje,2010Q2,1,5.739235569198864,6.358996561545684,0.6197609923468201,CRI
LSTM(16),red neuronal,2010Q2,1,5.739235569198864,6.9546012268064645,1.2153656576076006,CRI
Comb. RF/AR(1) suave,combinacion,2010Q2,1,5.739235569198864,5.760370671445931,0.02113510224706694,CRI
Comb. RF/AR(1) dura,combinacion,2010Q2,1,5.739235569198864,5.178864607572153,-0.5603709616267105,CRI
Comb. RF/ingenuo suave,combinacion,2010Q2,1,5.739235569198864,5.805505462379687,0.06626989318082277,CRI
Comb. LSTM/AR(1) suave,combinacion,2010Q2,1,5.739235569198864,6.224240193388331,0.4850046241894672,CRI
Comb. 50/50 RF-AR(1),combinacion,2010Q2,1,5.739235569198864,5.178864607572153,-0.5603709616267105,CRI
Ingenuo,referencia,2010Q3,1,4.738474121081682,5.739235569198864,1.0007614481171823,CRI
Deriva,referencia,2010Q3,1,4.738474121081682,5.7128862207726065,0.9744120996909249,CRI
AR(1),Box-Jenkins,2010Q3,1,4.738474121081682,5.478231766552542,0.7397576454708608,CRI
"ARMA(2,2)",Box-Jenkins,2010Q3,1,4.738474121081682,5.668696344237517,0.9302222231558357,CRI
"ARIMA(1,1,1)",Box-Jenkins,2010Q3,1,4.738474121081682,5.6385544479954985,0.9000803269138169,CRI
Ridge sobre rezagos,regularizado,2010Q3,1,4.738474121081682,5.617076767033792,0.8786026459521104,CRI
Random Forest,aprendizaje,2010Q3,1,4.738474121081682,6.4255718214927,1.6870977004110186,CRI
LSTM(16),red neuronal,2010Q3,1,4.738474121081682,7.366996069866401,2.6285219487847193,CRI
Comb. RF/AR(1) suave,combinacion,2010Q3,1,4.738474121081682,6.253448469290802,1.5149743482091207,CRI
Comb. RF/AR(1) dura,combinacion,2010Q3,1,4.738474121081682,5.478231766552542,0.7397576454708608,CRI
Comb. RF/ingenuo suave,combinacion,2010Q3,1,4.738474121081682,6.312881639476584,1.574407518394902,CRI
Comb. LSTM/AR(1) suave,combinacion,2010Q3,1,4.738474121081682,6.570526624795581,1.832052503713899,CRI
Comb. 50/50 RF-AR(1),combinacion,2010Q3,1,4.738474121081682,5.478231766552542,0.7397576454708608,CRI
Ingenuo,referencia,2010Q4,1,4.054540760030023,4.738474121081682,0.6839333610516585,CRI
Deriva,referencia,2010Q4,1,4.054540760030023,4.699132611326212,0.6445918512961892,CRI
AR(1),Box-Jenkins,2010Q4,1,4.054540760030023,4.7210465857227515,0.6665058256927283,CRI
"ARMA(2,2)",Box-Jenkins,2010Q4,1,4.054540760030023,4.180152468070482,0.1256117080404584,CRI
"ARIMA(1,1,1)",Box-Jenkins,2010Q4,1,4.054540760030023,4.990685662348822,0.9361449023187989,CRI
Ridge sobre rezagos,regularizado,2010Q4,1,4.054540760030023,4.192096839774775,0.13755607974475215,CRI
Random Forest,aprendizaje,2010Q4,1,4.054540760030023,5.2778949618011275,1.2233542017711043,CRI
LSTM(16),red neuronal,2010Q4,1,4.054540760030023,6.37639593884657,2.3218551788165467,CRI
Comb. RF/AR(1) suave,combinacion,2010Q4,1,4.054540760030023,4.819312899922298,0.7647721398922744,CRI
Comb. RF/AR(1) dura,combinacion,2010Q4,1,4.054540760030023,4.7210465857227515,0.6665058256927283,CRI
Comb. RF/ingenuo suave,combinacion,2010Q4,1,4.054540760030023,4.822958838664512,0.7684180786344887,CRI
Comb. LSTM/AR(1) suave,combinacion,2010Q4,1,4.054540760030023,6.0517391969435845,1.9971984369135614,CRI
Comb. 50/50 RF-AR(1),combinacion,2010Q4,1,4.054540760030023,4.7210465857227515,0.6665058256927283,CRI
Ingenuo,referencia,2011Q1,1,5.192604858111016,4.054540760030023,-1.138064098080993,CRI
Deriva,referencia,2011Q1,1,5.192604858111016,4.006717778546972,-1.1858870795640444,CRI
AR(1),Box-Jenkins,2011Q1,1,5.192604858111016,4.202269082654687,-0.9903357754563293,CRI
"ARMA(2,2)",Box-Jenkins,2011Q1,1,5.192604858111016,4.569548057182338,-0.6230568009286781,CRI
"ARIMA(1,1,1)",Box-Jenkins,2011Q1,1,5.192604858111016,4.212159818736822,-0.9804450393741941,CRI
Ridge sobre rezagos,regularizado,2011Q1,1,5.192604858111016,5.257274977760189,0.0646701196491728,CRI
Random Forest,aprendizaje,2011Q1,1,5.192604858111016,4.274081374482852,-0.9185234836281646,CRI
LSTM(16),red neuronal,2011Q1,1,5.192604858111016,4.852728424422531,-0.3398764336884854,CRI
Comb. RF/AR(1) suave,combinacion,2011Q1,1,5.192604858111016,4.136174856616348,-1.0564300014946681,CRI
Comb. RF/AR(1) dura,combinacion,2011Q1,1,5.192604858111016,4.136174856616348,-1.0564300014946681,CRI
Comb. RF/ingenuo suave,combinacion,2011Q1,1,5.192604858111016,4.136174856616348,-1.0564300014946681,CRI
Comb. LSTM/AR(1) suave,combinacion,2011Q1,1,5.192604858111016,4.905277943744265,-0.2873269143667514,CRI
Comb. 50/50 RF-AR(1),combinacion,2011Q1,1,5.192604858111016,4.202269082654687,-0.9903357754563293,CRI
Ingenuo,referencia,2011Q2,1,3.863698837008056,5.192604858111016,1.3289060211029602,CRI
Deriva,referencia,2011Q2,1,3.863698837008056,5.160183007531394,1.296484170523338,CRI
AR(1),Box-Jenkins,2011Q2,1,3.863698837008056,5.06322589395865,1.1995270569505943,CRI
"ARMA(2,2)",Box-Jenkins,2011Q2,1,3.863698837008056,4.902471017194212,1.0387721801861556,CRI
"ARIMA(1,1,1)",Box-Jenkins,2011Q2,1,3.863698837008056,4.905868391172139,1.042169554164083,CRI
Ridge sobre rezagos,regularizado,2011Q2,1,3.863698837008056,5.789413499889593,1.9257146628815374,CRI
Random Forest,aprendizaje,2011Q2,1,3.863698837008056,4.506709685425262,0.6430108484172061,CRI
LSTM(16),red neuronal,2011Q2,1,3.863698837008056,4.238441469150729,0.3747426321426728,CRI
Comb. RF/AR(1) suave,combinacion,2011Q2,1,3.863698837008056,4.630939360837749,0.7672405238296927,CRI
Comb. RF/AR(1) dura,combinacion,2011Q2,1,3.863698837008056,4.630939360837749,0.7672405238296927,CRI
Comb. RF/ingenuo suave,combinacion,2011Q2,1,3.863698837008056,4.630939360837749,0.7672405238296927,CRI
Comb. LSTM/AR(1) suave,combinacion,2011Q2,1,3.863698837008056,3.8548516102962638,-0.008847226711792278,CRI
Comb. 50/50 RF-AR(1),combinacion,2011Q2,1,3.863698837008056,5.06322589395865,1.1995270569505943,CRI
Ingenuo,referencia,2011Q3,1,4.547065397691563,3.863698837008056,-0.6833665606835071,CRI
Deriva,referencia,2011Q3,1,4.547065397691563,3.8146553944986477,-0.7324100031929155,CRI
AR(1),Box-Jenkins,2011Q3,1,4.547065397691563,4.059614913373158,-0.4874504843184049,CRI
"ARMA(2,2)",Box-Jenkins,2011Q3,1,4.547065397691563,3.7356487523110715,-0.8114166453804916,CRI
"ARIMA(1,1,1)",Box-Jenkins,2011Q3,1,4.547065397691563,4.20847531142852,-0.3385900862630429,CRI
Ridge sobre rezagos,regularizado,2011Q3,1,4.547065397691563,5.3695111169805445,0.8224457192889814,CRI
Random Forest,aprendizaje,2011Q3,1,4.547065397691563,4.0593216511148995,-0.48774374657666364,CRI
LSTM(16),red neuronal,2011Q3,1,4.547065397691563,3.512930101252474,-1.0341352964390893,CRI
Comb. RF/AR(1) suave,combinacion,2011Q3,1,4.547065397691563,4.327955674895643,-0.21910972279592045,CRI
Comb. RF/AR(1) dura,combinacion,2011Q3,1,4.547065397691563,4.327955674895643,-0.21910972279592045,CRI
Comb. RF/ingenuo suave,combinacion,2011Q3,1,4.547065397691563,4.327955674895643,-0.21910972279592045,CRI
Comb. LSTM/AR(1) suave,combinacion,2011Q3,1,4.547065397691563,3.160254362733336,-1.3868110349582272,CRI
Comb. 50/50 RF-AR(1),combinacion,2011Q3,1,4.547065397691563,4.059614913373158,-0.4874504843184049,CRI
Ingenuo,referencia,2011Q4,1,6.147496174453537,4.547065397691563,-1.600430776761974,CRI
Deriva,referencia,2011Q4,1,6.147496174453537,4.507292967880799,-1.640203206572738,CRI
AR(1),Box-Jenkins,2011Q4,1,6.147496174453537,4.574028051264125,-1.5734681231894125,CRI
"ARMA(2,2)",Box-Jenkins,2011Q4,1,6.147496174453537,4.99886899038537,-1.1486271840681672,CRI
"ARIMA(1,1,1)",Box-Jenkins,2011Q4,1,6.147496174453537,4.3612504474721865,-1.7862457269813508,CRI
Ridge sobre rezagos,regularizado,2011Q4,1,6.147496174453537,4.867219589980587,-1.2802765844729507,CRI
Random Forest,aprendizaje,2011Q4,1,6.147496174453537,4.083336149259941,-2.064160025193596,CRI
LSTM(16),red neuronal,2011Q4,1,6.147496174453537,4.279679140003627,-1.86781703444991,CRI
Comb. RF/AR(1) suave,combinacion,2011Q4,1,6.147496174453537,4.361764977967757,-1.7857311964857798,CRI
Comb. RF/AR(1) dura,combinacion,2011Q4,1,6.147496174453537,4.361764977967757,-1.7857311964857798,CRI
Comb. RF/ingenuo suave,combinacion,2011Q4,1,6.147496174453537,4.361764977967757,-1.7857311964857798,CRI
Comb. LSTM/AR(1) suave,combinacion,2011Q4,1,6.147496174453537,3.6944570862428536,-2.4530390882106836,CRI
Comb. 50/50 RF-AR(1),combinacion,2011Q4,1,6.147496174453537,4.574028051264125,-1.5734681231894125,CRI
Ingenuo,referencia,2012Q1,1,4.2978180287619905,6.147496174453537,1.8496781456915468,CRI
Deriva,referencia,2012Q1,1,4.2978180287619905,6.128226284724933,1.8304082559629427,CRI
AR(1),Box-Jenkins,2012Q1,1,4.2978180287619905,5.781040723501807,1.4832226947398164,CRI
"ARMA(2,2)",Box-Jenkins,2012Q1,1,4.2978180287619905,5.470451307447206,1.1726332786852156,CRI
"ARIMA(1,1,1)",Box-Jenkins,2012Q1,1,4.2978180287619905,5.754300381046031,1.4564823522840404,CRI
Ridge sobre rezagos,regularizado,2012Q1,1,4.2978180287619905,4.8938417535546614,0.596023724792671,CRI
Random Forest,aprendizaje,2012Q1,1,4.2978180287619905,4.653349745377977,0.35553171661598615,CRI
LSTM(16),red neuronal,2012Q1,1,4.2978180287619905,4.930110047767074,0.6322920190050834,CRI
Comb. RF/AR(1) suave,combinacion,2012Q1,1,4.2978180287619905,5.076700206351772,0.7788821775897814,CRI
Comb. RF/AR(1) dura,combinacion,2012Q1,1,4.2978180287619905,5.076700206351772,0.7788821775897814,CRI
Comb. RF/ingenuo suave,combinacion,2012Q1,1,4.2978180287619905,5.076700206351772,0.7788821775897814,CRI
Comb. LSTM/AR(1) suave,combinacion,2012Q1,1,4.2978180287619905,4.778743551996472,0.48092552323448157,CRI
Comb. 50/50 RF-AR(1),combinacion,2012Q1,1,4.2978180287619905,5.595856256530774,1.2980382277687834,CRI
Ingenuo,referencia,2012Q2,1,4.5496538798357244,4.2978180287619905,-0.25183585107373396,CRI
Deriva,referencia,2012Q2,1,4.5496538798357244,4.25595050624372,-0.29370337359200427,CRI
AR(1),Box-Jenkins,2012Q2,1,4.5496538798357244,4.392638927486176,-0.15701495234954876,CRI
"ARMA(2,2)",Box-Jenkins,2012Q2,1,4.5496538798357244,4.015113081703006,-0.5345407981327188,CRI
"ARIMA(1,1,1)",Box-Jenkins,2012Q2,1,4.5496538798357244,4.78412614229973,0.23447226246400543,CRI
Ridge sobre rezagos,regularizado,2012Q2,1,4.5496538798357244,5.1365703584766385,0.586916478640914,CRI
Random Forest,aprendizaje,2012Q2,1,4.5496538798357244,4.781686698912438,0.23203281907671336,CRI
LSTM(16),red neuronal,2012Q2,1,4.5496538798357244,4.704829745802964,0.15517586596723998,CRI
Comb. RF/AR(1) suave,combinacion,2012Q2,1,4.5496538798357244,4.673689464483966,0.12403558464824194,CRI
Comb. RF/AR(1) dura,combinacion,2012Q2,1,4.5496538798357244,4.673689464483966,0.12403558464824194,CRI
Comb. RF/ingenuo suave,combinacion,2012Q2,1,4.5496538798357244,4.673689464483966,0.12403558464824194,CRI
Comb. LSTM/AR(1) suave,combinacion,2012Q2,1,4.5496538798357244,4.420270186105883,-0.12938369372984138,CRI
Comb. 50/50 RF-AR(1),combinacion,2012Q2,1,4.5496538798357244,4.416219831900104,-0.1334340479356202,CRI
Ingenuo,referencia,2012Q3,1,4.456536600814154,4.5496538798357244,0.09311727902157063,CRI
Deriva,referencia,2012Q3,1,4.456536600814154,4.511368105775893,0.054831504961739164,CRI
AR(1),Box-Jenkins,2012Q3,1,4.456536600814154,4.58046051605582,0.12392391524166602,CRI
"ARMA(2,2)",Box-Jenkins,2012Q3,1,4.456536600814154,5.043604014468396,0.5870674136542418,CRI
"ARIMA(1,1,1)",Box-Jenkins,2012Q3,1,4.456536600814154,4.4745280820788285,0.017991481264674647,CRI
Ridge sobre rezagos,regularizado,2012Q3,1,4.456536600814154,4.408828079313553,-0.04770852150060101,CRI
Random Forest,aprendizaje,2012Q3,1,4.456536600814154,4.72504786740727,0.26851126659311575,CRI
LSTM(16),red neuronal,2012Q3,1,4.456536600814154,4.388262831919998,-0.06827376889415593,CRI
Comb. RF/AR(1) suave,combinacion,2012Q3,1,4.456536600814154,4.327041357845353,-0.129495242968801,CRI
Comb. RF/AR(1) dura,combinacion,2012Q3,1,4.456536600814154,4.327041357845353,-0.129495242968801,CRI
Comb. RF/ingenuo suave,combinacion,2012Q3,1,4.456536600814154,4.327041357845353,-0.129495242968801,CRI
Comb. LSTM/AR(1) suave,combinacion,2012Q3,1,4.456536600814154,4.332990830494975,-0.12354577031917913,CRI
Comb. 50/50 RF-AR(1),combinacion,2012Q3,1,4.456536600814154,4.58046051605582,0.12392391524166602,CRI
Ingenuo,referencia,2012Q4,1,2.638728649479005,4.456536600814154,1.8178079513351486,CRI
Deriva,referencia,2012Q4,1,2.638728649479005,4.417590206212615,1.7788615567336095,CRI
AR(1),Box-Jenkins,2012Q4,1,2.638728649479005,4.510235302448037,1.8715066529690318,CRI
"ARMA(2,2)",Box-Jenkins,2012Q4,1,2.638728649479005,3.95943287846996,1.3207042289909547,CRI
"ARIMA(1,1,1)",Box-Jenkins,2012Q4,1,2.638728649479005,4.482059839105108,1.8433311896261024,CRI
Ridge sobre rezagos,regularizado,2012Q4,1,2.638728649479005,3.2571817387931192,0.618453089314114,CRI
Random Forest,aprendizaje,2012Q4,1,2.638728649479005,4.3269692489492995,1.6882405994702943,CRI
LSTM(16),red neuronal,2012Q4,1,2.638728649479005,4.329239460193855,1.6905108107148497,CRI
Comb. RF/AR(1) suave,combinacion,2012Q4,1,2.638728649479005,3.980141140266419,1.3414124907874139,CRI
Comb. RF/AR(1) dura,combinacion,2012Q4,1,2.638728649479005,3.980141140266419,1.3414124907874139,CRI
Comb. RF/ingenuo suave,combinacion,2012Q4,1,2.638728649479005,3.980141140266419,1.3414124907874139,CRI
Comb. LSTM/AR(1) suave,combinacion,2012Q4,1,2.638728649479005,4.370170395098482,1.7314417456194766,CRI
Comb. 50/50 RF-AR(1),combinacion,2012Q4,1,2.638728649479005,4.510235302448037,1.8715066529690318,CRI
Ingenuo,referencia,2013Q1,1,1.8469476354581182,2.638728649479005,0.791781014020887,CRI
Deriva,referencia,2013Q1,1,1.8469476354581182,2.5786053315830184,0.7316576961249002,CRI
AR(1),Box-Jenkins,2013Q1,1,1.8469476354581182,3.1438210640325517,1.2968734285744334,CRI
"ARMA(2,2)",Box-Jenkins,2013Q1,1,1.8469476354581182,3.2415517925888997,1.3946041571307815,CRI
"ARIMA(1,1,1)",Box-Jenkins,2013Q1,1,1.8469476354581182,3.1031393375207412,1.256191702062623,CRI
Ridge sobre rezagos,regularizado,2013Q1,1,1.8469476354581182,3.606209497693558,1.75926186223544,CRI
Random Forest,aprendizaje,2013Q1,1,1.8469476354581182,4.00352386532534,2.1565762298672215,CRI
LSTM(16),red neuronal,2013Q1,1,1.8469476354581182,3.7200943486738347,1.8731467132157165,CRI
Comb. RF/AR(1) suave,combinacion,2013Q1,1,1.8469476354581182,3.4898059967224926,1.6428583612643743,CRI
Comb. RF/AR(1) dura,combinacion,2013Q1,1,1.8469476354581182,3.4898059967224926,1.6428583612643743,CRI
Comb. RF/ingenuo suave,combinacion,2013Q1,1,1.8469476354581182,3.4898059967224926,1.6428583612643743,CRI
Comb. LSTM/AR(1) suave,combinacion,2013Q1,1,1.8469476354581182,3.994077813266019,2.1471301778079006,CRI
Comb. 50/50 RF-AR(1),combinacion,2013Q1,1,1.8469476354581182,3.1438210640325517,1.2968734285744334,CRI
Ingenuo,referencia,2013Q2,1,3.1077041216527768,1.8469476354581182,-1.2607564861946585,CRI
Deriva,referencia,2013Q2,1,3.1077041216527768,1.778216579960662,-1.3294875416921148,CRI
AR(1),Box-Jenkins,2013Q2,1,3.1077041216527768,2.528037520789659,-0.5796666008631179,CRI
"ARMA(2,2)",Box-Jenkins,2013Q2,1,3.1077041216527768,2.414963871722279,-0.6927402499304978,CRI
"ARIMA(1,1,1)",Box-Jenkins,2013Q2,1,3.1077041216527768,2.0326870979155682,-1.0750170237372085,CRI
Ridge sobre rezagos,regularizado,2013Q2,1,3.1077041216527768,2.223046644259046,-0.8846574773937306,CRI
Random Forest,aprendizaje,2013Q2,1,3.1077041216527768,3.0302297595225864,-0.07747436213019032,CRI
LSTM(16),red neuronal,2013Q2,1,3.1077041216527768,3.290378928518522,0.18267480686574533,CRI
Comb. RF/AR(1) suave,combinacion,2013Q2,1,3.1077041216527768,3.3220159740209976,0.2143118523682208,CRI
Comb. RF/AR(1) dura,combinacion,2013Q2,1,3.1077041216527768,3.3220159740209976,0.2143118523682208,CRI
Comb. RF/ingenuo suave,combinacion,2013Q2,1,3.1077041216527768,3.3220159740209976,0.2143118523682208,CRI
Comb. LSTM/AR(1) suave,combinacion,2013Q2,1,3.1077041216527768,3.4011391145480134,0.29343499289523667,CRI
Comb. 50/50 RF-AR(1),combinacion,2013Q2,1,3.1077041216527768,2.528037520789659,-0.5796666008631179,CRI
Ingenuo,referencia,2013Q3,1,2.4588412272407822,3.1077041216527768,0.6488628944119945,CRI
Deriva,referencia,2013Q3,1,2.4588412272407822,3.054432223616857,0.5955909963760746,CRI
AR(1),Box-Jenkins,2013Q3,1,2.4588412272407822,3.4783432839334765,1.0195020566926942,CRI
"ARMA(2,2)",Box-Jenkins,2013Q3,1,2.4588412272407822,3.8291230146539696,1.3702817874131874,CRI
"ARIMA(1,1,1)",Box-Jenkins,2013Q3,1,2.4588412272407822,2.788771049283546,0.32992982204276355,CRI
Ridge sobre rezagos,regularizado,2013Q3,1,2.4588412272407822,3.0063004801501165,0.5474592529093343,CRI
Random Forest,aprendizaje,2013Q3,1,2.4588412272407822,2.872245326088581,0.4134040988477987,CRI
LSTM(16),red neuronal,2013Q3,1,2.4588412272407822,3.542188939400964,1.0833477121601818,CRI
Comb. RF/AR(1) suave,combinacion,2013Q3,1,2.4588412272407822,3.4647348122989414,1.0058935850581592,CRI
Comb. RF/AR(1) dura,combinacion,2013Q3,1,2.4588412272407822,3.4647348122989414,1.0058935850581592,CRI
Comb. RF/ingenuo suave,combinacion,2013Q3,1,2.4588412272407822,3.4647348122989414,1.0058935850581592,CRI
Comb. LSTM/AR(1) suave,combinacion,2013Q3,1,2.4588412272407822,3.6327850905010397,1.1739438632602575,CRI
Comb. 50/50 RF-AR(1),combinacion,2013Q3,1,2.4588412272407822,3.4783432839334765,1.0195020566926942,CRI
Ingenuo,referencia,2013Q4,1,3.4542448409562443,2.4588412272407822,-0.995403613715462,CRI
Deriva,referencia,2013Q4,1,3.4542448409562443,2.398723455683298,-1.0555213852729461,CRI
AR(1),Box-Jenkins,2013Q4,1,3.4542448409562443,2.9787598899786514,-0.4754849509775929,CRI
"ARMA(2,2)",Box-Jenkins,2013Q4,1,3.4542448409562443,2.310507802062229,-1.1437370388940153,CRI
"ARIMA(1,1,1)",Box-Jenkins,2013Q4,1,3.4542448409562443,2.62743832607145,-0.8268065148847943,CRI
Ridge sobre rezagos,regularizado,2013Q4,1,3.4542448409562443,3.239403616945075,-0.21484122401116945,CRI
Random Forest,aprendizaje,2013Q4,1,3.4542448409562443,3.5713476544385268,0.11710281348228246,CRI
LSTM(16),red neuronal,2013Q4,1,3.4542448409562443,3.1813944097632283,-0.272850431193016,CRI
Comb. RF/AR(1) suave,combinacion,2013Q4,1,3.4542448409562443,3.652667669815949,0.19842282885970475,CRI
Comb. RF/AR(1) dura,combinacion,2013Q4,1,3.4542448409562443,3.652667669815949,0.19842282885970475,CRI
Comb. RF/ingenuo suave,combinacion,2013Q4,1,3.4542448409562443,3.652667669815949,0.19842282885970475,CRI
Comb. LSTM/AR(1) suave,combinacion,2013Q4,1,3.4542448409562443,3.565245878654514,0.11100103769826974,CRI
Comb. 50/50 RF-AR(1),combinacion,2013Q4,1,3.4542448409562443,2.9787598899786514,-0.4754849509775929,CRI
Ingenuo,referencia,2014Q1,1,4.110453863214247,3.4542448409562443,-0.656209022258003,CRI
Deriva,referencia,2014Q1,1,4.110453863214247,3.4061216305950435,-0.7043322326192039,CRI
AR(1),Box-Jenkins,2014Q1,1,4.110453863214247,3.7274772933293567,-0.3829765698848906,CRI
"ARMA(2,2)",Box-Jenkins,2014Q1,1,4.110453863214247,4.356085297011324,0.24563143379707686,CRI
"ARIMA(1,1,1)",Box-Jenkins,2014Q1,1,4.110453863214247,3.198219015542866,-0.9122348476713813,CRI
Ridge sobre rezagos,regularizado,2014Q1,1,4.110453863214247,4.819734509757065,0.7092806465428181,CRI
Random Forest,aprendizaje,2014Q1,1,4.110453863214247,3.136367072983244,-0.9740867902310035,CRI
LSTM(16),red neuronal,2014Q1,1,4.110453863214247,4.662933007015056,0.5524791438008085,CRI
Comb. RF/AR(1) suave,combinacion,2014Q1,1,4.110453863214247,3.548127377500769,-0.5623264857134784,CRI
Comb. RF/AR(1) dura,combinacion,2014Q1,1,4.110453863214247,3.548127377500769,-0.5623264857134784,CRI
Comb. RF/ingenuo suave,combinacion,2014Q1,1,4.110453863214247,3.548127377500769,-0.5623264857134784,CRI
Comb. LSTM/AR(1) suave,combinacion,2014Q1,1,4.110453863214247,3.7742534792445577,-0.33620038396968965,CRI
Comb. 50/50 RF-AR(1),combinacion,2014Q1,1,4.110453863214247,3.7274772933293567,-0.3829765698848906,CRI
Ingenuo,referencia,2014Q2,1,3.0469143071533145,4.110453863214247,1.0635395560609329,CRI
Deriva,referencia,2014Q2,1,3.0469143071533145,4.070244498163375,1.0233301910100607,CRI
AR(1),Box-Jenkins,2014Q2,1,3.0469143071533145,4.219431762172733,1.1725174550194186,CRI
"ARMA(2,2)",Box-Jenkins,2014Q2,1,3.0469143071533145,3.5188175665144357,0.4719032593611212,CRI
"ARIMA(1,1,1)",Box-Jenkins,2014Q2,1,3.0469143071533145,3.9502535332965425,0.903339226143228,CRI
Ridge sobre rezagos,regularizado,2014Q2,1,3.0469143071533145,3.7287719848124103,0.6818576776590959,CRI
Random Forest,aprendizaje,2014Q2,1,3.0469143071533145,4.867986082859894,1.8210717757065797,CRI
LSTM(16),red neuronal,2014Q2,1,3.0469143071533145,4.804865946353748,1.7579516392004333,CRI
Comb. RF/AR(1) suave,combinacion,2014Q2,1,3.0469143071533145,4.533623198890372,1.4867088917370577,CRI
Comb. RF/AR(1) dura,combinacion,2014Q2,1,3.0469143071533145,4.533623198890372,1.4867088917370577,CRI
Comb. RF/ingenuo suave,combinacion,2014Q2,1,3.0469143071533145,4.533623198890372,1.4867088917370577,CRI
Comb. LSTM/AR(1) suave,combinacion,2014Q2,1,3.0469143071533145,4.396641936748015,1.3497276295947005,CRI
Comb. 50/50 RF-AR(1),combinacion,2014Q2,1,3.0469143071533145,4.219431762172733,1.1725174550194186,CRI
Ingenuo,referencia,2014Q3,1,3.524657220923233,3.0469143071533145,-0.4777429137699185,CRI
Deriva,referencia,2014Q3,1,3.524657220923233,2.9953346066467748,-0.5293226142764582,CRI
AR(1),Box-Jenkins,2014Q3,1,3.524657220923233,3.4157815576739385,-0.10887566324929443,CRI
"ARMA(2,2)",Box-Jenkins,2014Q3,1,3.524657220923233,3.674481065528525,0.14982384460529197,CRI
"ARIMA(1,1,1)",Box-Jenkins,2014Q3,1,3.524657220923233,3.3182836083142266,-0.20637361260900633,CRI
Ridge sobre rezagos,regularizado,2014Q3,1,3.524657220923233,3.934190771148296,0.409533550225063,CRI
Random Forest,aprendizaje,2014Q3,1,3.524657220923233,3.9191487586915277,0.3944915377682947,CRI
LSTM(16),red neuronal,2014Q3,1,3.524657220923233,3.6393687751217723,0.11471155419853929,CRI
Comb. RF/AR(1) suave,combinacion,2014Q3,1,3.524657220923233,3.75863109664381,0.23397387572057715,CRI
Comb. RF/AR(1) dura,combinacion,2014Q3,1,3.524657220923233,3.75863109664381,0.23397387572057715,CRI
Comb. RF/ingenuo suave,combinacion,2014Q3,1,3.524657220923233,3.75863109664381,0.23397387572057715,CRI
Comb. LSTM/AR(1) suave,combinacion,2014Q3,1,3.524657220923233,3.7422949512751087,0.21763773035187572,CRI
Comb. 50/50 RF-AR(1),combinacion,2014Q3,1,3.524657220923233,3.4319067932821175,-0.09275042764111552,CRI
Ingenuo,referencia,2014Q4,1,2.4474680635447,3.524657220923233,1.077189157378533,CRI
Deriva,referencia,2014Q4,1,2.4474680635447,3.4788942524417092,1.0314261888970093,CRI
AR(1),Box-Jenkins,2014Q4,1,2.4474680635447,3.772176592665681,1.324708529120981,CRI
"ARMA(2,2)",Box-Jenkins,2014Q4,1,2.4474680635447,3.604825302733318,1.157357239188618,CRI
"ARIMA(1,1,1)",Box-Jenkins,2014Q4,1,2.4474680635447,3.3996041688488785,0.9521361053041786,CRI
Ridge sobre rezagos,regularizado,2014Q4,1,2.4474680635447,3.5845667122640856,1.1370986487193857,CRI
Random Forest,aprendizaje,2014Q4,1,2.4474680635447,4.2728504963608875,1.8253824328161876,CRI
LSTM(16),red neuronal,2014Q4,1,2.4474680635447,3.7355556943088737,1.2880876307641738,CRI
Comb. RF/AR(1) suave,combinacion,2014Q4,1,2.4474680635447,3.8551369239578905,1.4076688604131906,CRI
Comb. RF/AR(1) dura,combinacion,2014Q4,1,2.4474680635447,3.8551369239578905,1.4076688604131906,CRI
Comb. RF/ingenuo suave,combinacion,2014Q4,1,2.4474680635447,3.8551369239578905,1.4076688604131906,CRI
Comb. LSTM/AR(1) suave,combinacion,2014Q4,1,2.4474680635447,3.4883575923516075,1.0408895288069075,CRI
Comb. 50/50 RF-AR(1),combinacion,2014Q4,1,2.4474680635447,3.8007188251631496,1.3532507616184497,CRI
Ingenuo,referencia,2015Q1,1,4.3016184489423015,2.4474680635447,-1.8541503853976016,CRI
Deriva,referencia,2015Q1,1,4.3016184489423015,2.3904939408360346,-1.9111245081062669,CRI
AR(1),Box-Jenkins,2015Q1,1,4.3016184489423015,2.952140819020288,-1.3494776299220135,CRI
"ARMA(2,2)",Box-Jenkins,2015Q1,1,4.3016184489423015,2.8311696342894646,-1.470448814652837,CRI
"ARIMA(1,1,1)",Box-Jenkins,2015Q1,1,4.3016184489423015,2.7246955560256843,-1.5769228929166172,CRI
Ridge sobre rezagos,regularizado,2015Q1,1,4.3016184489423015,2.7973164939169743,-1.5043019550253272,CRI
Random Forest,aprendizaje,2015Q1,1,4.3016184489423015,3.4979695692708583,-0.8036488796714432,CRI
LSTM(16),red neuronal,2015Q1,1,4.3016184489423015,3.09701469372526,-1.2046037552170414,CRI
Comb. RF/AR(1) suave,combinacion,2015Q1,1,4.3016184489423015,3.5887177463899644,-0.7129007025523371,CRI
Comb. RF/AR(1) dura,combinacion,2015Q1,1,4.3016184489423015,3.5887177463899644,-0.7129007025523371,CRI
Comb. RF/ingenuo suave,combinacion,2015Q1,1,4.3016184489423015,3.5887177463899644,-0.7129007025523371,CRI
Comb. LSTM/AR(1) suave,combinacion,2015Q1,1,4.3016184489423015,2.921205867386086,-1.3804125815562154,CRI
Comb. 50/50 RF-AR(1),combinacion,2015Q1,1,4.3016184489423015,3.5663163426416755,-0.735302106300626,CRI
Ingenuo,referencia,2015Q2,1,4.751453518716864,4.3016184489423015,-0.44983506977456233,CRI
Deriva,referencia,2015Q2,1,4.751453518716864,4.265194052127252,-0.48625946658961183,CRI
AR(1),Box-Jenkins,2015Q2,1,4.751453518716864,4.349890074856926,-0.4015634438599376,CRI
"ARMA(2,2)",Box-Jenkins,2015Q2,1,4.751453518716864,4.686806055824913,-0.06464746289195045,CRI
"ARIMA(1,1,1)",Box-Jenkins,2015Q2,1,4.751453518716864,3.811739530707452,-0.9397139880094119,CRI
Ridge sobre rezagos,regularizado,2015Q2,1,4.751453518716864,4.978709025105058,0.22725550638819403,CRI
Random Forest,aprendizaje,2015Q2,1,4.751453518716864,4.283057491911586,-0.46839602680527825,CRI
LSTM(16),red neuronal,2015Q2,1,4.751453518716864,3.848484252006272,-0.902969266710592,CRI
Comb. RF/AR(1) suave,combinacion,2015Q2,1,4.751453518716864,4.391928321513194,-0.35952519720366993,CRI
Comb. RF/AR(1) dura,combinacion,2015Q2,1,4.751453518716864,4.391928321513194,-0.35952519720366993,CRI
Comb. RF/ingenuo suave,combinacion,2015Q2,1,4.751453518716864,4.391928321513194,-0.35952519720366993,CRI
Comb. LSTM/AR(1) suave,combinacion,2015Q2,1,4.751453518716864,4.395622228388581,-0.35583129032828253,CRI
Comb. 50/50 RF-AR(1),combinacion,2015Q2,1,4.751453518716864,4.363451555286629,-0.3880019634302352,CRI
Ingenuo,referencia,2015Q3,1,3.1773486946909957,4.751453518716864,1.5741048240258682,CRI
Deriva,referencia,2015Q3,1,3.1773486946909957,4.72020209495064,1.5428534002596441,CRI
AR(1),Box-Jenkins,2015Q3,1,3.1773486946909957,4.686947482973994,1.5095987882829984,CRI
"ARMA(2,2)",Box-Jenkins,2015Q3,1,3.1773486946909957,4.074337561587824,0.8969888668968284,CRI
"ARIMA(1,1,1)",Box-Jenkins,2015Q3,1,3.1773486946909957,4.644418584331973,1.4670698896409773,CRI
Ridge sobre rezagos,regularizado,2015Q3,1,3.1773486946909957,4.933272745800172,1.7559240511091767,CRI
Random Forest,aprendizaje,2015Q3,1,3.1773486946909957,4.85112761351348,1.6737789188224843,CRI
LSTM(16),red neuronal,2015Q3,1,3.1773486946909957,5.614930931151194,2.437582236460198,CRI
Comb. RF/AR(1) suave,combinacion,2015Q3,1,3.1773486946909957,4.671724370345754,1.4943756756547586,CRI
Comb. RF/AR(1) dura,combinacion,2015Q3,1,3.1773486946909957,4.671724370345754,1.4943756756547586,CRI
Comb. RF/ingenuo suave,combinacion,2015Q3,1,3.1773486946909957,4.671724370345754,1.4943756756547586,CRI
Comb. LSTM/AR(1) suave,combinacion,2015Q3,1,3.1773486946909957,5.269937178175374,2.092588483484378,CRI
Comb. 50/50 RF-AR(1),combinacion,2015Q3,1,3.1773486946909957,4.68353208983548,1.5061833951444843,CRI
Ingenuo,referencia,2015Q4,1,5.514986710454695,3.1773486946909957,-2.337638015763699,CRI
Deriva,referencia,2015Q4,1,5.514986710454695,3.1298567088167757,-2.385130001637919,CRI
AR(1),Box-Jenkins,2015Q4,1,5.514986710454695,3.5072950435584422,-2.0076916668962523,CRI
"ARMA(2,2)",Box-Jenkins,2015Q4,1,5.514986710454695,3.5905388841654484,-1.9244478262892462,CRI
"ARIMA(1,1,1)",Box-Jenkins,2015Q4,1,5.514986710454695,3.5844214019868685,-1.930565308467826,CRI
Ridge sobre rezagos,regularizado,2015Q4,1,5.514986710454695,5.066383643666051,-0.44860306678864337,CRI
Random Forest,aprendizaje,2015Q4,1,5.514986710454695,4.209015206937433,-1.3059715035172612,CRI
LSTM(16),red neuronal,2015Q4,1,5.514986710454695,4.100610631532053,-1.4143760789226416,CRI
Comb. RF/AR(1) suave,combinacion,2015Q4,1,5.514986710454695,4.617325173251906,-0.8976615372027883,CRI
Comb. RF/AR(1) dura,combinacion,2015Q4,1,5.514986710454695,4.617325173251906,-0.8976615372027883,CRI
Comb. RF/ingenuo suave,combinacion,2015Q4,1,5.514986710454695,4.617325173251906,-0.8976615372027883,CRI
Comb. LSTM/AR(1) suave,combinacion,2015Q4,1,5.514986710454695,4.244511976846955,-1.27047473360774,CRI
Comb. 50/50 RF-AR(1),combinacion,2015Q4,1,5.514986710454695,3.5786694778752928,-1.9363172325794018,CRI
Ingenuo,referencia,2016Q1,1,2.8802880458595803,5.514986710454695,2.6346986645951143,CRI
Deriva,referencia,2016Q1,1,2.8802880458595803,5.4923398287642025,2.612051782904622,CRI
AR(1),Box-Jenkins,2016Q1,1,2.8802880458595803,5.251778163655801,2.3714901177962204,CRI
"ARMA(2,2)",Box-Jenkins,2016Q1,1,2.8802880458595803,5.680375274975144,2.8000872291155634,CRI
"ARIMA(1,1,1)",Box-Jenkins,2016Q1,1,2.8802880458595803,4.883768116629372,2.0034800707697915,CRI
Ridge sobre rezagos,regularizado,2016Q1,1,2.8802880458595803,4.29934287859033,1.4190548327307493,CRI
Random Forest,aprendizaje,2016Q1,1,2.8802880458595803,4.463818887732508,1.5835308418729275,CRI
LSTM(16),red neuronal,2016Q1,1,2.8802880458595803,4.304378519774991,1.4240904739154105,CRI
Comb. RF/AR(1) suave,combinacion,2016Q1,1,2.8802880458595803,4.76810029813535,1.8878122522757694,CRI
Comb. RF/AR(1) dura,combinacion,2016Q1,1,2.8802880458595803,4.76810029813535,1.8878122522757694,CRI
Comb. RF/ingenuo suave,combinacion,2016Q1,1,2.8802880458595803,4.76810029813535,1.8878122522757694,CRI
Comb. LSTM/AR(1) suave,combinacion,2016Q1,1,2.8802880458595803,4.586955227864462,1.7066671820048818,CRI
Comb. 50/50 RF-AR(1),combinacion,2016Q1,1,2.8802880458595803,5.251778163655801,2.3714901177962204,CRI
Ingenuo,referencia,2016Q2,1,3.395361004721531,2.8802880458595803,-0.5150729588619507,CRI
Deriva,referencia,2016Q2,1,3.395361004721531,2.8307127952731648,-0.5646482094483662,CRI
AR(1),Box-Jenkins,2016Q2,1,3.395361004721531,3.299527315770552,-0.09583368895097921,CRI
"ARMA(2,2)",Box-Jenkins,2016Q2,1,3.395361004721531,2.290371376063863,-1.104989628657668,CRI
"ARIMA(1,1,1)",Box-Jenkins,2016Q2,1,3.395361004721531,3.638960155231625,0.24359915051009384,CRI
Ridge sobre rezagos,regularizado,2016Q2,1,3.395361004721531,2.9680788580173534,-0.42728214670417763,CRI
Random Forest,aprendizaje,2016Q2,1,3.395361004721531,4.05077869913627,0.655417694414739,CRI
LSTM(16),red neuronal,2016Q2,1,3.395361004721531,4.060897438117473,0.6655364333959417,CRI
Comb. RF/AR(1) suave,combinacion,2016Q2,1,3.395361004721531,4.240933840282921,0.8455728355613896,CRI
Comb. RF/AR(1) dura,combinacion,2016Q2,1,3.395361004721531,4.240933840282921,0.8455728355613896,CRI
Comb. RF/ingenuo suave,combinacion,2016Q2,1,3.395361004721531,4.240933840282921,0.8455728355613896,CRI
Comb. LSTM/AR(1) suave,combinacion,2016Q2,1,3.395361004721531,4.058691538121137,0.6633305333996056,CRI
Comb. 50/50 RF-AR(1),combinacion,2016Q2,1,3.395361004721531,3.299527315770552,-0.09583368895097921,CRI
Ingenuo,referencia,2016Q3,1,4.946124867367563,3.395361004721531,-1.5507638626460318,CRI
Deriva,referencia,2016Q3,1,4.946124867367563,3.351547470558058,-1.594577396809505,CRI
AR(1),Box-Jenkins,2016Q3,1,4.946124867367563,3.6770743581901235,-1.2690505091774393,CRI
"ARMA(2,2)",Box-Jenkins,2016Q3,1,4.946124867367563,4.773507146835745,-0.172617720531818,CRI
"ARIMA(1,1,1)",Box-Jenkins,2016Q3,1,4.946124867367563,3.2409107512619384,-1.7052141161056245,CRI
Ridge sobre rezagos,regularizado,2016Q3,1,4.946124867367563,4.7628489761930215,-0.18327589117454135,CRI
Random Forest,aprendizaje,2016Q3,1,4.946124867367563,3.8834109343738246,-1.0627139329937383,CRI
LSTM(16),red neuronal,2016Q3,1,4.946124867367563,3.8898608813725706,-1.0562639859949923,CRI
Comb. RF/AR(1) suave,combinacion,2016Q3,1,4.946124867367563,4.4687648185383395,-0.47736004882922334,CRI
Comb. RF/AR(1) dura,combinacion,2016Q3,1,4.946124867367563,4.4687648185383395,-0.47736004882922334,CRI
Comb. RF/ingenuo suave,combinacion,2016Q3,1,4.946124867367563,4.4687648185383395,-0.47736004882922334,CRI
Comb. LSTM/AR(1) suave,combinacion,2016Q3,1,4.946124867367563,3.5722763048562713,-1.3738485625112915,CRI
Comb. 50/50 RF-AR(1),combinacion,2016Q3,1,4.946124867367563,3.6770743581901235,-1.2690505091774393,CRI
Ingenuo,referencia,2016Q4,1,2.9591062516428845,4.946124867367563,1.9870186157246783,CRI
Deriva,referencia,2016Q4,1,2.9591062516428845,4.918418175596105,1.9593119239532202,CRI
AR(1),Box-Jenkins,2016Q4,1,2.9591062516428845,4.821196162788196,1.8620899111453113,CRI
"ARMA(2,2)",Box-Jenkins,2016Q4,1,2.9591062516428845,3.8971121087531735,0.9380058571102889,CRI
"ARIMA(1,1,1)",Box-Jenkins,2016Q4,1,2.9591062516428845,4.510722866549342,1.5516166149064574,CRI
Ridge sobre rezagos,regularizado,2016Q4,1,2.9591062516428845,3.3834337852510954,0.42432753360821085,CRI
Random Forest,aprendizaje,2016Q4,1,2.9591062516428845,3.661830632129241,0.7027243804863565,CRI
LSTM(16),red neuronal,2016Q4,1,2.9591062516428845,4.225315792575768,1.2662095409328833,CRI
Comb. RF/AR(1) suave,combinacion,2016Q4,1,2.9591062516428845,3.929581467939707,0.9704752162968227,CRI
Comb. RF/AR(1) dura,combinacion,2016Q4,1,2.9591062516428845,3.929581467939707,0.9704752162968227,CRI
Comb. RF/ingenuo suave,combinacion,2016Q4,1,2.9591062516428845,3.929581467939707,0.9704752162968227,CRI
Comb. LSTM/AR(1) suave,combinacion,2016Q4,1,2.9591062516428845,4.241590790570195,1.28248453892731,CRI
Comb. 50/50 RF-AR(1),combinacion,2016Q4,1,2.9591062516428845,4.821196162788196,1.8620899111453113,CRI
Ingenuo,referencia,2017Q1,1,5.562948714765459,2.9591062516428845,-2.6038424631225743,CRI
Deriva,referencia,2017Q1,1,5.562948714765459,2.9118064406318944,-2.6511422741335644,CRI
AR(1),Box-Jenkins,2017Q1,1,5.562948714765459,3.3589857394592935,-2.2039629753061654,CRI
"ARMA(2,2)",Box-Jenkins,2017Q1,1,5.562948714765459,3.649014091689259,-1.9139346230761998,CRI
"ARIMA(1,1,1)",Box-Jenkins,2017Q1,1,5.562948714765459,3.5302627964865003,-2.0326859182789585,CRI
Ridge sobre rezagos,regularizado,2017Q1,1,5.562948714765459,5.086770529966901,-0.4761781847985578,CRI
Random Forest,aprendizaje,2017Q1,1,5.562948714765459,4.323356617543732,-1.2395920972217267,CRI
LSTM(16),red neuronal,2017Q1,1,5.562948714765459,3.9660836303546363,-1.5968650844108225,CRI
Comb. RF/AR(1) suave,combinacion,2017Q1,1,5.562948714765459,4.544376723367665,-1.0185719913977938,CRI
Comb. RF/AR(1) dura,combinacion,2017Q1,1,5.562948714765459,4.544376723367665,-1.0185719913977938,CRI
Comb. RF/ingenuo suave,combinacion,2017Q1,1,5.562948714765459,4.544376723367665,-1.0185719913977938,CRI
Comb. LSTM/AR(1) suave,combinacion,2017Q1,1,5.562948714765459,3.9808014076971867,-1.5821473070682721,CRI
Comb. 50/50 RF-AR(1),combinacion,2017Q1,1,5.562948714765459,3.3589857394592935,-2.2039629753061654,CRI
Ingenuo,referencia,2017Q2,1,3.7448132890265162,5.562948714765459,1.8181354257389426,CRI
Deriva,referencia,2017Q2,1,3.7448132890265162,5.541897837161732,1.7970845481352153,CRI
AR(1),Box-Jenkins,2017Q2,1,3.7448132890265162,5.265835888533348,1.521022599506832,CRI
"ARMA(2,2)",Box-Jenkins,2017Q2,1,3.7448132890265162,5.171193697300332,1.4263804082738156,CRI
"ARIMA(1,1,1)",Box-Jenkins,2017Q2,1,3.7448132890265162,4.777242698820896,1.0324294097943794,CRI
Ridge sobre rezagos,regularizado,2017Q2,1,3.7448132890265162,5.10612344118084,1.3613101521543234,CRI
Random Forest,aprendizaje,2017Q2,1,3.7448132890265162,4.202304689693235,0.45749140066671856,CRI
LSTM(16),red neuronal,2017Q2,1,3.7448132890265162,4.383093242700911,0.6382799536743944,CRI
Comb. RF/AR(1) suave,combinacion,2017Q2,1,3.7448132890265162,4.514503525310966,0.7696902362844495,CRI
Comb. RF/AR(1) dura,combinacion,2017Q2,1,3.7448132890265162,4.514503525310966,0.7696902362844495,CRI
Comb. RF/ingenuo suave,combinacion,2017Q2,1,3.7448132890265162,4.514503525310966,0.7696902362844495,CRI
Comb. LSTM/AR(1) suave,combinacion,2017Q2,1,3.7448132890265162,4.197037557561178,0.45222426853466136,CRI
Comb. 50/50 RF-AR(1),combinacion,2017Q2,1,3.7448132890265162,5.265835888533348,1.521022599506832,CRI
Ingenuo,referencia,2017Q3,1,4.377035716082145,3.7448132890265162,-0.6322224270556287,CRI
Deriva,referencia,2017Q3,1,4.377035716082145,3.706143935460679,-0.6708917806214658,CRI
AR(1),Box-Jenkins,2017Q3,1,4.377035716082145,3.94393462671409,-0.4331010893680549,CRI
"ARMA(2,2)",Box-Jenkins,2017Q3,1,4.377035716082145,3.3003074720818386,-1.0767282440003063,CRI
"ARIMA(1,1,1)",Box-Jenkins,2017Q3,1,4.377035716082145,4.311836795257275,-0.06519892082487022,CRI
Ridge sobre rezagos,regularizado,2017Q3,1,4.377035716082145,3.452507772392611,-0.924527943689534,CRI
Random Forest,aprendizaje,2017Q3,1,4.377035716082145,3.8551797668330283,-0.5218559492491166,CRI
LSTM(16),red neuronal,2017Q3,1,4.377035716082145,4.1872116649909685,-0.1898240510911764,CRI
Comb. RF/AR(1) suave,combinacion,2017Q3,1,4.377035716082145,4.016212743452872,-0.3608229726292729,CRI
Comb. RF/AR(1) dura,combinacion,2017Q3,1,4.377035716082145,4.016212743452872,-0.3608229726292729,CRI
Comb. RF/ingenuo suave,combinacion,2017Q3,1,4.377035716082145,4.016212743452872,-0.3608229726292729,CRI
Comb. LSTM/AR(1) suave,combinacion,2017Q3,1,4.377035716082145,4.162248493435906,-0.21478722264623862,CRI
Comb. 50/50 RF-AR(1),combinacion,2017Q3,1,4.377035716082145,3.94393462671409,-0.4331010893680549,CRI
Ingenuo,referencia,2017Q4,1,4.357097415157329,4.377035716082145,0.019938300924815522,CRI
Deriva,referencia,2017Q4,1,4.357097415157329,4.344879874949526,-0.012217540207803523,CRI
AR(1),Box-Jenkins,2017Q4,1,4.357097415157329,4.4018659411577445,0.04476852600041514,CRI
"ARMA(2,2)",Box-Jenkins,2017Q4,1,4.357097415157329,5.199944131158558,0.8428467160012287,CRI
"ARIMA(1,1,1)",Box-Jenkins,2017Q4,1,4.357097415157329,4.178283265608418,-0.17881414954891106,CRI
Ridge sobre rezagos,regularizado,2017Q4,1,4.357097415157329,5.357169271020995,1.0000718558636654,CRI
Random Forest,aprendizaje,2017Q4,1,4.357097415157329,4.43163299181291,0.0745355766555802,CRI
LSTM(16),red neuronal,2017Q4,1,4.357097415157329,4.19385539577822,-0.16324201937910932,CRI
Comb. RF/AR(1) suave,combinacion,2017Q4,1,4.357097415157329,4.299216174704931,-0.05788124045239851,CRI
Comb. RF/AR(1) dura,combinacion,2017Q4,1,4.357097415157329,4.299216174704931,-0.05788124045239851,CRI
Comb. RF/ingenuo suave,combinacion,2017Q4,1,4.357097415157329,4.299216174704931,-0.05788124045239851,CRI
Comb. LSTM/AR(1) suave,combinacion,2017Q4,1,4.357097415157329,4.162296503159087,-0.19480091199824212,CRI
Comb. 50/50 RF-AR(1),combinacion,2017Q4,1,4.357097415157329,4.4018659411577445,0.04476852600041514,CRI
Ingenuo,referencia,2018Q1,1,3.1442677858240398,4.357097415157329,1.2128296293332896,CRI
Deriva,referencia,2018Q1,1,3.1442677858240398,4.325059050372863,1.180791264548823,CRI
AR(1),Box-Jenkins,2018Q1,1,3.1442677858240398,4.387139506130985,1.2428717203069448,CRI
"ARMA(2,2)",Box-Jenkins,2018Q1,1,3.1442677858240398,3.44332135929114,0.29905357346710026,CRI
"ARIMA(1,1,1)",Box-Jenkins,2018Q1,1,3.1442677858240398,4.3639625802118776,1.2196947943878378,CRI
Ridge sobre rezagos,regularizado,2018Q1,1,3.1442677858240398,2.8524826606690126,-0.2917851251550272,CRI
Random Forest,aprendizaje,2018Q1,1,3.1442677858240398,3.577949454049658,0.4336816682256184,CRI
LSTM(16),red neuronal,2018Q1,1,3.1442677858240398,4.194663465889772,1.0503956800657326,CRI
Comb. RF/AR(1) suave,combinacion,2018Q1,1,3.1442677858240398,3.632690936315704,0.48842315049166407,CRI
Comb. RF/AR(1) dura,combinacion,2018Q1,1,3.1442677858240398,3.632690936315704,0.48842315049166407,CRI
Comb. RF/ingenuo suave,combinacion,2018Q1,1,3.1442677858240398,3.632690936315704,0.48842315049166407,CRI
Comb. LSTM/AR(1) suave,combinacion,2018Q1,1,3.1442677858240398,4.163951975051684,1.019684189227644,CRI
Comb. 50/50 RF-AR(1),combinacion,2018Q1,1,3.1442677858240398,4.387139506130985,1.2428717203069448,CRI
Ingenuo,referencia,2018Q2,1,2.706860768442665,3.1442677858240398,0.4374070173813749,CRI
Deriva,referencia,2018Q2,1,2.706860768442665,3.1009837899486317,0.3941230215059668,CRI
AR(1),Box-Jenkins,2018Q2,1,2.706860768442665,3.5052073577884846,0.7983465893458197,CRI
"ARMA(2,2)",Box-Jenkins,2018Q2,1,2.706860768442665,4.133038786401922,1.4261780179592574,CRI
"ARIMA(1,1,1)",Box-Jenkins,2018Q2,1,2.706860768442665,3.520626071561294,0.8137653031186289,CRI
Ridge sobre rezagos,regularizado,2018Q2,1,2.706860768442665,4.91943938929135,2.212578620848685,CRI
Random Forest,aprendizaje,2018Q2,1,2.706860768442665,4.241620590457563,1.5347598220148981,CRI
LSTM(16),red neuronal,2018Q2,1,2.706860768442665,4.1601261207362255,1.4532653522935606,CRI
Comb. RF/AR(1) suave,combinacion,2018Q2,1,2.706860768442665,3.909615164087443,1.202754395644778,CRI
Comb. RF/AR(1) dura,combinacion,2018Q2,1,2.706860768442665,3.909615164087443,1.202754395644778,CRI
Comb. RF/ingenuo suave,combinacion,2018Q2,1,2.706860768442665,3.909615164087443,1.202754395644778,CRI
Comb. LSTM/AR(1) suave,combinacion,2018Q2,1,2.706860768442665,4.127285508983418,1.4204247405407529,CRI
Comb. 50/50 RF-AR(1),combinacion,2018Q2,1,2.706860768442665,3.5052073577884846,0.7983465893458197,CRI
Ingenuo,referencia,2018Q3,1,0.30327023141825116,2.706860768442665,2.4035905370244137,CRI
Deriva,referencia,2018Q3,1,0.30327023141825116,2.659858630854936,2.356588399436685,CRI
AR(1),Box-Jenkins,2018Q3,1,0.30327023141825116,3.180267083221687,2.876996851803436,CRI
"ARMA(2,2)",Box-Jenkins,2018Q3,1,0.30327023141825116,2.5476409951140084,2.2443707636957573,CRI
"ARIMA(1,1,1)",Box-Jenkins,2018Q3,1,0.30327023141825116,2.84044432238364,2.537174090965389,CRI
Ridge sobre rezagos,regularizado,2018Q3,1,0.30327023141825116,2.2510349198617483,1.9477646884434971,CRI
Random Forest,aprendizaje,2018Q3,1,0.30327023141825116,3.3879853682704644,3.084715136852213,CRI
LSTM(16),red neuronal,2018Q3,1,0.30327023141825116,4.12164574104012,3.818375509621869,CRI
Comb. RF/AR(1) suave,combinacion,2018Q3,1,0.30327023141825116,3.940748876135109,3.637478644716858,CRI
Comb. RF/AR(1) dura,combinacion,2018Q3,1,0.30327023141825116,3.940748876135109,3.637478644716858,CRI
Comb. RF/ingenuo suave,combinacion,2018Q3,1,0.30327023141825116,3.940748876135109,3.637478644716858,CRI
Comb. LSTM/AR(1) suave,combinacion,2018Q3,1,0.30327023141825116,4.09527171719821,3.7920014857799584,CRI
Comb. 50/50 RF-AR(1),combinacion,2018Q3,1,0.30327023141825116,3.180267083221687,2.876996851803436,CRI
Ingenuo,referencia,2018Q4,1,1.491272934438248,0.30327023141825116,-1.1880027030199969,CRI
Deriva,referencia,2018Q4,1,1.491272934438248,0.23424390318158156,-1.2570290312566665,CRI
AR(1),Box-Jenkins,2018Q4,1,1.491272934438248,1.3857665386422668,-0.1055063957959812,CRI
"ARMA(2,2)",Box-Jenkins,2018Q4,1,1.491272934438248,1.60448400353641,0.11321106909816203,CRI
"ARIMA(1,1,1)",Box-Jenkins,2018Q4,1,1.491272934438248,1.029322600258338,-0.46195033417991005,CRI
Ridge sobre rezagos,regularizado,2018Q4,1,1.491272934438248,1.4120433765450038,-0.07922955789324426,CRI
Random Forest,aprendizaje,2018Q4,1,1.491272934438248,0.9425340221481251,-0.548738912290123,CRI
LSTM(16),red neuronal,2018Q4,1,1.491272934438248,3.042889009881929,1.5516160754436807,CRI
Comb. RF/AR(1) suave,combinacion,2018Q4,1,1.491272934438248,1.516616129200502,0.025343194762253995,CRI
Comb. RF/AR(1) dura,combinacion,2018Q4,1,1.491272934438248,1.516616129200502,0.025343194762253995,CRI
Comb. RF/ingenuo suave,combinacion,2018Q4,1,1.491272934438248,1.516616129200502,0.025343194762253995,CRI
Comb. LSTM/AR(1) suave,combinacion,2018Q4,1,1.491272934438248,3.0272210783572087,1.5359481439189606,CRI
Comb. 50/50 RF-AR(1),combinacion,2018Q4,1,1.491272934438248,1.3857665386422668,-0.1055063957959812,CRI
Ingenuo,referencia,2019Q1,1,1.8693890533973745,1.491272934438248,-0.37811611895912645,CRI
Deriva,referencia,2019Q1,1,1.8693890533973745,1.4338857638983995,-0.435503289498975,CRI
AR(1),Box-Jenkins,2019Q1,1,1.8693890533973745,2.2543546425531202,0.38496558915574575,CRI
"ARMA(2,2)",Box-Jenkins,2019Q1,1,1.8693890533973745,2.4108817780033984,0.5414927246060239,CRI
"ARIMA(1,1,1)",Box-Jenkins,2019Q1,1,1.8693890533973745,1.1194591784235766,-0.7499298749737979,CRI
Ridge sobre rezagos,regularizado,2019Q1,1,1.8693890533973745,1.6176605710794871,-0.25172848231788736,CRI
Random Forest,aprendizaje,2019Q1,1,1.8693890533973745,2.055600232410716,0.1862111790133416,CRI
LSTM(16),red neuronal,2019Q1,1,1.8693890533973745,0.9417282415853974,-0.9276608118119771,CRI
Comb. RF/AR(1) suave,combinacion,2019Q1,1,1.8693890533973745,2.303757798484251,0.43436874508687673,CRI
Comb. RF/AR(1) dura,combinacion,2019Q1,1,1.8693890533973745,2.303757798484251,0.43436874508687673,CRI
Comb. RF/ingenuo suave,combinacion,2019Q1,1,1.8693890533973745,2.303757798484251,0.43436874508687673,CRI
Comb. LSTM/AR(1) suave,combinacion,2019Q1,1,1.8693890533973745,2.493059916688095,0.6236708632907204,CRI
Comb. 50/50 RF-AR(1),combinacion,2019Q1,1,1.8693890533973745,2.2543546425531202,0.38496558915574575,CRI
Ingenuo,referencia,2019Q2,1,2.499105142299385,1.8693890533973745,-0.6297160889020104,CRI
Deriva,referencia,2019Q2,1,2.499105142299385,1.8159973258804523,-0.6831078164189326,CRI
AR(1),Box-Jenkins,2019Q2,1,2.499105142299385,2.5210211260778532,0.021915983778468373,CRI
"ARMA(2,2)",Box-Jenkins,2019Q2,1,2.499105142299385,2.103763563606276,-0.3953415786931087,CRI
"ARIMA(1,1,1)",Box-Jenkins,2019Q2,1,2.499105142299385,1.7567256052667024,-0.7423795370326824,CRI
Ridge sobre rezagos,regularizado,2019Q2,1,2.499105142299385,2.3145563986886253,-0.18454874361075957,CRI
Random Forest,aprendizaje,2019Q2,1,2.499105142299385,3.533541364935829,1.0344362226364443,CRI
LSTM(16),red neuronal,2019Q2,1,2.499105142299385,3.2902638537024558,0.7911587114030709,CRI
Comb. RF/AR(1) suave,combinacion,2019Q2,1,2.499105142299385,3.234393751353486,0.7352886090541011,CRI
Comb. RF/AR(1) dura,combinacion,2019Q2,1,2.499105142299385,3.234393751353486,0.7352886090541011,CRI
Comb. RF/ingenuo suave,combinacion,2019Q2,1,2.499105142299385,3.234393751353486,0.7352886090541011,CRI
Comb. LSTM/AR(1) suave,combinacion,2019Q2,1,2.499105142299385,2.571028676216656,0.07192353391727124,CRI
Comb. 50/50 RF-AR(1),combinacion,2019Q2,1,2.499105142299385,2.5210211260778532,0.021915983778468373,CRI
Ingenuo,referencia,2019Q3,1,3.5977101728067895,2.499105142299385,-1.0986050305074047,CRI
Deriva,referencia,2019Q3,1,3.5977101728067895,2.4519234858408168,-1.1457866869659727,CRI
AR(1),Box-Jenkins,2019Q3,1,3.5977101728067895,2.9800700618109106,-0.6176401109958789,CRI
"ARMA(2,2)",Box-Jenkins,2019Q3,1,3.5977101728067895,3.17473478213922,-0.4229753906675695,CRI
"ARIMA(1,1,1)",Box-Jenkins,2019Q3,1,3.5977101728067895,2.309449351982641,-1.2882608208241484,CRI
Ridge sobre rezagos,regularizado,2019Q3,1,3.5977101728067895,4.832749071612344,1.2350388988055547,CRI
Random Forest,aprendizaje,2019Q3,1,3.5977101728067895,3.513332581556747,-0.08437759125004263,CRI
LSTM(16),red neuronal,2019Q3,1,3.5977101728067895,3.534965954570872,-0.06274421823591769,CRI
Comb. RF/AR(1) suave,combinacion,2019Q3,1,3.5977101728067895,3.334848732173066,-0.2628614406337233,CRI
Comb. RF/AR(1) dura,combinacion,2019Q3,1,3.5977101728067895,3.334848732173066,-0.2628614406337233,CRI
Comb. RF/ingenuo suave,combinacion,2019Q3,1,3.5977101728067895,3.334848732173066,-0.2628614406337233,CRI
Comb. LSTM/AR(1) suave,combinacion,2019Q3,1,3.5977101728067895,3.875933787857844,0.27822361505105464,CRI
Comb. 50/50 RF-AR(1),combinacion,2019Q3,1,3.5977101728067895,2.9800700618109106,-0.6176401109958789,CRI
Ingenuo,referencia,2019Q4,1,1.7655797081490787,3.5977101728067895,1.8321304646577108,CRI
Deriva,referencia,2019Q4,1,1.7655797081490787,3.5608509189335003,1.7952712107844215,CRI
AR(1),Box-Jenkins,2019Q4,1,1.7655797081490787,3.7888838530804314,2.0233041449313527,CRI
"ARMA(2,2)",Box-Jenkins,2019Q4,1,1.7655797081490787,3.4412091010851045,1.6756293929360258,CRI
"ARIMA(1,1,1)",Box-Jenkins,2019Q4,1,1.7655797081490787,3.2701095188608753,1.5045298107117966,CRI
Ridge sobre rezagos,regularizado,2019Q4,1,1.7655797081490787,3.5549939300900717,1.789414221940993,CRI
Random Forest,aprendizaje,2019Q4,1,1.7655797081490787,4.936196869177394,3.170617161028315,CRI
LSTM(16),red neuronal,2019Q4,1,1.7655797081490787,3.885398567768521,2.1198188596194423,CRI
Comb. RF/AR(1) suave,combinacion,2019Q4,1,1.7655797081490787,4.608437004370482,2.8428572962214034,CRI
Comb. RF/AR(1) dura,combinacion,2019Q4,1,1.7655797081490787,4.608437004370482,2.8428572962214034,CRI
Comb. RF/ingenuo suave,combinacion,2019Q4,1,1.7655797081490787,4.608437004370482,2.8428572962214034,CRI
Comb. LSTM/AR(1) suave,combinacion,2019Q4,1,1.7655797081490787,4.472239948365598,2.706660240216519,CRI
Comb. 50/50 RF-AR(1),combinacion,2019Q4,1,1.7655797081490787,3.7888838530804314,2.0233041449313527,CRI
Ingenuo,referencia,2020Q1,1,-7.586710945771058,1.7655797081490787,9.352290653920136,CRI
Deriva,referencia,2020Q1,1,-7.586710945771058,1.7126912470366429,9.299402192807701,CRI
AR(1),Box-Jenkins,2020Q1,1,-7.586710945771058,2.4302670374366944,10.016977983207752,CRI
"ARMA(2,2)",Box-Jenkins,2020Q1,1,-7.586710945771058,2.1052609271691844,9.691971872940243,CRI
"ARIMA(1,1,1)",Box-Jenkins,2020Q1,1,-7.586710945771058,2.327735890008674,9.914446835779732,CRI
Ridge sobre rezagos,regularizado,2020Q1,1,-7.586710945771058,2.8267856540819123,10.41349659985297,CRI
Random Forest,aprendizaje,2020Q1,1,-7.586710945771058,3.9350130065056783,11.521723952276737,CRI
LSTM(16),red neuronal,2020Q1,1,-7.586710945771058,2.8971042632914346,10.483815209062492,CRI
Comb. RF/AR(1) suave,combinacion,2020Q1,1,-7.586710945771058,3.917287012715552,11.503997958486611,CRI
Comb. RF/AR(1) dura,combinacion,2020Q1,1,-7.586710945771058,3.917287012715552,11.503997958486611,CRI
Comb. RF/ingenuo suave,combinacion,2020Q1,1,-7.586710945771058,3.917287012715552,11.503997958486611,CRI
Comb. LSTM/AR(1) suave,combinacion,2020Q1,1,-7.586710945771058,3.7572365391826135,11.343947484953672,CRI
Comb. 50/50 RF-AR(1),combinacion,2020Q1,1,-7.586710945771058,2.4302670374366944,10.016977983207752,CRI
Ingenuo,referencia,2020Q2,1,-6.771120936665342,-7.586710945771058,-0.8155900091057156,CRI
Deriva,referencia,2020Q2,1,-6.771120936665342,-7.721895001510111,-0.9507740648447687,CRI
AR(1),Box-Jenkins,2020Q2,1,-6.771120936665342,-4.998113726239679,1.7730072104256633,CRI
"ARMA(2,2)",Box-Jenkins,2020Q2,1,-6.771120936665342,-6.241609567917873,0.5295113687474693,CRI
"ARIMA(1,1,1)",Box-Jenkins,2020Q2,1,-6.771120936665342,-5.229253003070433,1.5418679335949097,CRI
Ridge sobre rezagos,regularizado,2020Q2,1,-6.771120936665342,-6.73600956395326,0.0351113727120822,CRI
Random Forest,aprendizaje,2020Q2,1,-6.771120936665342,-0.9350726608303913,5.836048275834951,CRI
LSTM(16),red neuronal,2020Q2,1,-6.771120936665342,-2.0285075595419624,4.74261337712338,CRI
Comb. RF/AR(1) suave,combinacion,2020Q2,1,-6.771120936665342,-4.998113726239679,1.7730072104256633,CRI
Comb. RF/AR(1) dura,combinacion,2020Q2,1,-6.771120936665342,-4.998113726239679,1.7730072104256633,CRI
Comb. RF/ingenuo suave,combinacion,2020Q2,1,-6.771120936665342,-7.586710945771058,-0.8155900091057156,CRI
Comb. LSTM/AR(1) suave,combinacion,2020Q2,1,-6.771120936665342,-4.998113726239679,1.7730072104256633,CRI
Comb. 50/50 RF-AR(1),combinacion,2020Q2,1,-6.771120936665342,-4.998113726239679,1.7730072104256633,CRI
Ingenuo,referencia,2020Q3,1,-4.598299911097348,-6.771120936665342,-2.1728210255679947,CRI
Deriva,referencia,2020Q3,1,-4.598299911097348,-6.897964869028564,-2.299664957931216,CRI
AR(1),Box-Jenkins,2020Q3,1,-4.598299911097348,-4.68787825064663,-0.0895783395492824,CRI
"ARMA(2,2)",Box-Jenkins,2020Q3,1,-4.598299911097348,-1.8364056220872043,2.7618942890101437,CRI
"ARIMA(1,1,1)",Box-Jenkins,2020Q3,1,-4.598299911097348,-6.961103066115755,-2.3628031550184074,CRI
Ridge sobre rezagos,regularizado,2020Q3,1,-4.598299911097348,-7.152667724782425,-2.5543678136850776,CRI
Random Forest,aprendizaje,2020Q3,1,-4.598299911097348,-2.7026316182603267,1.895668292837021,CRI
LSTM(16),red neuronal,2020Q3,1,-4.598299911097348,-2.741687106491927,1.8566128046054207,CRI
Comb. RF/AR(1) suave,combinacion,2020Q3,1,-4.598299911097348,-4.68787825064663,-0.0895783395492824,CRI
Comb. RF/AR(1) dura,combinacion,2020Q3,1,-4.598299911097348,-4.68787825064663,-0.0895783395492824,CRI
Comb. RF/ingenuo suave,combinacion,2020Q3,1,-4.598299911097348,-6.771120936665342,-2.1728210255679947,CRI
Comb. LSTM/AR(1) suave,combinacion,2020Q3,1,-4.598299911097348,-4.68787825064663,-0.0895783395492824,CRI
Comb. 50/50 RF-AR(1),combinacion,2020Q3,1,-4.598299911097348,-4.68787825064663,-0.0895783395492824,CRI
Ingenuo,referencia,2020Q4,1,-0.5230531442720454,-4.598299911097348,-4.075246766825302,CRI
Deriva,referencia,2020Q4,1,-0.5230531442720454,-4.705146756869863,-4.182093612597818,CRI
AR(1),Box-Jenkins,2020Q4,1,-0.5230531442720454,-2.9383207409097754,-2.41526759663773,CRI
"ARMA(2,2)",Box-Jenkins,2020Q4,1,-0.5230531442720454,-5.11582843412885,-4.592775289856805,CRI
"ARIMA(1,1,1)",Box-Jenkins,2020Q4,1,-0.5230531442720454,-5.070190570047067,-4.547137425775022,CRI
Ridge sobre rezagos,regularizado,2020Q4,1,-0.5230531442720454,-3.7414687210988555,-3.21841557682681,CRI
Random Forest,aprendizaje,2020Q4,1,-0.5230531442720454,-2.3109954883135857,-1.7879423440415403,CRI
LSTM(16),red neuronal,2020Q4,1,-0.5230531442720454,-6.3222275860037875,-5.799174441731742,CRI
Comb. RF/AR(1) suave,combinacion,2020Q4,1,-0.5230531442720454,-2.9383207409097754,-2.41526759663773,CRI
Comb. RF/AR(1) dura,combinacion,2020Q4,1,-0.5230531442720454,-2.9383207409097754,-2.41526759663773,CRI
Comb. RF/ingenuo suave,combinacion,2020Q4,1,-0.5230531442720454,-4.598299911097348,-4.075246766825302,CRI
Comb. LSTM/AR(1) suave,combinacion,2020Q4,1,-0.5230531442720454,-2.9383207409097754,-2.41526759663773,CRI
Comb. 50/50 RF-AR(1),combinacion,2020Q4,1,-0.5230531442720454,-2.9383207409097754,-2.41526759663773,CRI
Ingenuo,referencia,2021Q1,1,10.3555382998052,-0.5230531442720454,-10.878591444077246,CRI
Deriva,referencia,2021Q1,1,10.3555382998052,-0.5938474589014759,-10.949385758706676,CRI
AR(1),Box-Jenkins,2021Q1,1,10.3555382998052,0.44125329486688497,-9.914285004938316,CRI
"ARMA(2,2)",Box-Jenkins,2021Q1,1,10.3555382998052,1.7324727028515245,-8.623065596953676,CRI
"ARIMA(1,1,1)",Box-Jenkins,2021Q1,1,10.3555382998052,-1.33348047372988,-11.68901877353508,CRI
Ridge sobre rezagos,regularizado,2021Q1,1,10.3555382998052,7.6809760835983925,-2.674562216206808,CRI
Random Forest,aprendizaje,2021Q1,1,10.3555382998052,-1.8095463098133955,-12.165084609618596,CRI
LSTM(16),red neuronal,2021Q1,1,10.3555382998052,1.933244111774366,-8.422294188030834,CRI
Comb. RF/AR(1) suave,combinacion,2021Q1,1,10.3555382998052,0.44125329486688497,-9.914285004938316,CRI
Comb. RF/AR(1) dura,combinacion,2021Q1,1,10.3555382998052,0.44125329486688497,-9.914285004938316,CRI
Comb. RF/ingenuo suave,combinacion,2021Q1,1,10.3555382998052,-0.5230531442720454,-10.878591444077246,CRI
Comb. LSTM/AR(1) suave,combinacion,2021Q1,1,10.3555382998052,0.44125329486688497,-9.914285004938316,CRI
Comb. 50/50 RF-AR(1),combinacion,2021Q1,1,10.3555382998052,0.44125329486688497,-9.914285004938316,CRI
Ingenuo,referencia,2021Q2,1,12.570510654472479,10.3555382998052,-2.214972354667278,CRI
Deriva,referencia,2021Q2,1,12.570510654472479,10.37832847883993,-2.1921821756325492,CRI
AR(1),Box-Jenkins,2021Q2,1,12.570510654472479,8.692299606538716,-3.878211047933762,CRI
"ARMA(2,2)",Box-Jenkins,2021Q2,1,12.570510654472479,7.987001434701817,-4.5835092197706615,CRI
"ARIMA(1,1,1)",Box-Jenkins,2021Q2,1,12.570510654472479,9.50053222356,-3.069978430912478,CRI
Ridge sobre rezagos,regularizado,2021Q2,1,12.570510654472479,11.89464654624911,-0.6758641082233687,CRI
Random Forest,aprendizaje,2021Q2,1,12.570510654472479,7.345520085598979,-5.224990568873499,CRI
LSTM(16),red neuronal,2021Q2,1,12.570510654472479,7.259906056162574,-5.310604598309904,CRI
Comb. RF/AR(1) suave,combinacion,2021Q2,1,12.570510654472479,8.692299606538716,-3.878211047933762,CRI
Comb. RF/AR(1) dura,combinacion,2021Q2,1,12.570510654472479,8.692299606538716,-3.878211047933762,CRI
Comb. RF/ingenuo suave,combinacion,2021Q2,1,12.570510654472479,10.3555382998052,-2.214972354667278,CRI
Comb. LSTM/AR(1) suave,combinacion,2021Q2,1,12.570510654472479,8.692299606538716,-3.878211047933762,CRI
Comb. 50/50 RF-AR(1),combinacion,2021Q2,1,12.570510654472479,8.692299606538716,-3.878211047933762,CRI
Ingenuo,referencia,2021Q3,1,10.189794529884356,12.570510654472479,2.3807161245881225,CRI
Deriva,referencia,2021Q3,1,10.189794529884356,12.61187864855494,2.4220841186705844,CRI
AR(1),Box-Jenkins,2021Q3,1,10.189794529884356,10.542675131009474,0.35288060112511843,CRI
"ARMA(2,2)",Box-Jenkins,2021Q3,1,10.189794529884356,10.317628899041676,0.12783436915731983,CRI
"ARIMA(1,1,1)",Box-Jenkins,2021Q3,1,10.189794529884356,10.526808855340356,0.33701432545599985,CRI
Ridge sobre rezagos,regularizado,2021Q3,1,10.189794529884356,11.654333184375256,1.4645386544908998,CRI
Random Forest,aprendizaje,2021Q3,1,10.189794529884356,10.4560787054812,0.26628417559684436,CRI
LSTM(16),red neuronal,2021Q3,1,10.189794529884356,9.50726759738409,-0.6825269325002665,CRI
Comb. RF/AR(1) suave,combinacion,2021Q3,1,10.189794529884356,10.542675131009474,0.35288060112511843,CRI
Comb. RF/AR(1) dura,combinacion,2021Q3,1,10.189794529884356,10.542675131009474,0.35288060112511843,CRI
Comb. RF/ingenuo suave,combinacion,2021Q3,1,10.189794529884356,12.570510654472479,2.3807161245881225,CRI
Comb. LSTM/AR(1) suave,combinacion,2021Q3,1,10.189794529884356,10.542675131009474,0.35288060112511843,CRI
Comb. 50/50 RF-AR(1),combinacion,2021Q3,1,10.189794529884356,10.542675131009474,0.35288060112511843,CRI
Ingenuo,referencia,2021Q4,1,6.43265378044815,10.189794529884356,3.757140749436206,CRI
Deriva,referencia,2021Q4,1,6.43265378044815,10.210808875910763,3.778155095462613,CRI
AR(1),Box-Jenkins,2021Q4,1,6.43265378044815,8.72723674564121,2.2945829651930607,CRI
"ARMA(2,2)",Box-Jenkins,2021Q4,1,6.43265378044815,7.898839940420294,1.4661861599721444,CRI
"ARIMA(1,1,1)",Box-Jenkins,2021Q4,1,6.43265378044815,10.258486333238984,3.8258325527908346,CRI
Ridge sobre rezagos,regularizado,2021Q4,1,6.43265378044815,6.820552218543481,0.3878984380953314,CRI
Random Forest,aprendizaje,2021Q4,1,6.43265378044815,9.856697350299363,3.4240435698512135,CRI
LSTM(16),red neuronal,2021Q4,1,6.43265378044815,9.951325495630968,3.518671715182818,CRI
Comb. RF/AR(1) suave,combinacion,2021Q4,1,6.43265378044815,8.72723674564121,2.2945829651930607,CRI
Comb. RF/AR(1) dura,combinacion,2021Q4,1,6.43265378044815,8.72723674564121,2.2945829651930607,CRI
Comb. RF/ingenuo suave,combinacion,2021Q4,1,6.43265378044815,10.189794529884356,3.757140749436206,CRI
Comb. LSTM/AR(1) suave,combinacion,2021Q4,1,6.43265378044815,8.72723674564121,2.2945829651930607,CRI
Comb. 50/50 RF-AR(1),combinacion,2021Q4,1,6.43265378044815,8.72723674564121,2.2945829651930607,CRI
Ingenuo,referencia,2022Q1,1,4.71946095609832,6.43265378044815,1.7131928243498296,CRI
Deriva,referencia,2022Q1,1,4.71946095609832,6.4221835006790355,1.7027225445807153,CRI
AR(1),Box-Jenkins,2022Q1,1,4.71946095609832,5.857153046652399,1.1376920905540784,CRI
"ARMA(2,2)",Box-Jenkins,2022Q1,1,4.71946095609832,5.617170484099025,0.8977095280007044,CRI
"ARIMA(1,1,1)",Box-Jenkins,2022Q1,1,4.71946095609832,6.5117341026751445,1.7922731465768242,CRI
Ridge sobre rezagos,regularizado,2022Q1,1,4.71946095609832,0.2059541134689642,-4.513506842629356,CRI
Random Forest,aprendizaje,2022Q1,1,4.71946095609832,5.692809676381386,0.9733487202830657,CRI
LSTM(16),red neuronal,2022Q1,1,4.71946095609832,7.969101356943617,3.249640400845297,CRI
Comb. RF/AR(1) suave,combinacion,2022Q1,1,4.71946095609832,5.857153046652399,1.1376920905540784,CRI
Comb. RF/AR(1) dura,combinacion,2022Q1,1,4.71946095609832,5.857153046652399,1.1376920905540784,CRI
Comb. RF/ingenuo suave,combinacion,2022Q1,1,4.71946095609832,6.43265378044815,1.7131928243498296,CRI
Comb. LSTM/AR(1) suave,combinacion,2022Q1,1,4.71946095609832,5.857153046652399,1.1376920905540784,CRI
Comb. 50/50 RF-AR(1),combinacion,2022Q1,1,4.71946095609832,5.857153046652399,1.1376920905540784,CRI
Ingenuo,referencia,2022Q2,1,2.9091449013971316,4.71946095609832,1.8103160547011887,CRI
Deriva,referencia,2022Q2,1,2.9091449013971316,4.694918589183911,1.7857736877867794,CRI
AR(1),Box-Jenkins,2022Q2,1,2.9091449013971316,4.57933857311404,1.6701936717169081,CRI
"ARMA(2,2)",Box-Jenkins,2022Q2,1,2.9091449013971316,4.458541073531091,1.5493961721339593,CRI
"ARIMA(1,1,1)",Box-Jenkins,2022Q2,1,2.9091449013971316,4.7208482899247,1.8117033885275688,CRI
Ridge sobre rezagos,regularizado,2022Q2,1,2.9091449013971316,4.8049393704927175,1.895794469095586,CRI
Random Forest,aprendizaje,2022Q2,1,2.9091449013971316,4.075490883440254,1.1663459820431221,CRI
LSTM(16),red neuronal,2022Q2,1,2.9091449013971316,4.812907423562455,1.9037625221653238,CRI
Comb. RF/AR(1) suave,combinacion,2022Q2,1,2.9091449013971316,4.57933857311404,1.6701936717169081,CRI
Comb. RF/AR(1) dura,combinacion,2022Q2,1,2.9091449013971316,4.57933857311404,1.6701936717169081,CRI
Comb. RF/ingenuo suave,combinacion,2022Q2,1,2.9091449013971316,4.71946095609832,1.8103160547011887,CRI
Comb. LSTM/AR(1) suave,combinacion,2022Q2,1,2.9091449013971316,4.57933857311404,1.6701936717169081,CRI
Comb. 50/50 RF-AR(1),combinacion,2022Q2,1,2.9091449013971316,4.57933857311404,1.6701936717169081,CRI
Ingenuo,referencia,2022Q3,1,4.326661220792505,2.9091449013971316,-1.4175163193953733,CRI
Deriva,referencia,2022Q3,1,4.326661220792505,2.869965045238568,-1.4566961755539367,CRI
AR(1),Box-Jenkins,2022Q3,1,4.326661220792505,3.231123168462736,-1.0955380523297689,CRI
"ARMA(2,2)",Box-Jenkins,2022Q3,1,4.326661220792505,2.940226059128883,-1.3864351616636217,CRI
"ARIMA(1,1,1)",Box-Jenkins,2022Q3,1,4.326661220792505,3.2334732809687505,-1.0931879398237543,CRI
Ridge sobre rezagos,regularizado,2022Q3,1,4.326661220792505,6.4200149429143085,2.0933537221218037,CRI
Random Forest,aprendizaje,2022Q3,1,4.326661220792505,3.2996271470378287,-1.0270340737546761,CRI
LSTM(16),red neuronal,2022Q3,1,4.326661220792505,1.7146883984004466,-2.611972822392058,CRI
Comb. RF/AR(1) suave,combinacion,2022Q3,1,4.326661220792505,3.231123168462736,-1.0955380523297689,CRI
Comb. RF/AR(1) dura,combinacion,2022Q3,1,4.326661220792505,3.231123168462736,-1.0955380523297689,CRI
Comb. RF/ingenuo suave,combinacion,2022Q3,1,4.326661220792505,2.9091449013971316,-1.4175163193953733,CRI
Comb. LSTM/AR(1) suave,combinacion,2022Q3,1,4.326661220792505,3.231123168462736,-1.0955380523297689,CRI
Comb. 50/50 RF-AR(1),combinacion,2022Q3,1,4.326661220792505,3.231123168462736,-1.0955380523297689,CRI
Ingenuo,referencia,2022Q4,1,4.502126554423924,4.326661220792505,-0.17546533363141936,CRI
Deriva,referencia,2022Q4,1,4.502126554423924,4.299324422971778,-0.2028021314521462,CRI
AR(1),Box-Jenkins,2022Q4,1,4.502126554423924,4.28469942154281,-0.21742713288111393,CRI
"ARMA(2,2)",Box-Jenkins,2022Q4,1,4.502126554423924,4.873274770793053,0.37114821636912865,CRI
"ARIMA(1,1,1)",Box-Jenkins,2022Q4,1,4.502126554423924,4.326818958587089,-0.17530759583683508,CRI
Ridge sobre rezagos,regularizado,2022Q4,1,4.502126554423924,8.883144596444595,4.381018042020671,CRI
Random Forest,aprendizaje,2022Q4,1,4.502126554423924,3.447849194892865,-1.054277359531059,CRI
LSTM(16),red neuronal,2022Q4,1,4.502126554423924,2.1489808576691107,-2.3531456967548134,CRI
Comb. RF/AR(1) suave,combinacion,2022Q4,1,4.502126554423924,4.28469942154281,-0.21742713288111393,CRI
Comb. RF/AR(1) dura,combinacion,2022Q4,1,4.502126554423924,4.28469942154281,-0.21742713288111393,CRI
Comb. RF/ingenuo suave,combinacion,2022Q4,1,4.502126554423924,4.326661220792505,-0.17546533363141936,CRI
Comb. LSTM/AR(1) suave,combinacion,2022Q4,1,4.502126554423924,4.28469942154281,-0.21742713288111393,CRI
Comb. 50/50 RF-AR(1),combinacion,2022Q4,1,4.502126554423924,4.28469942154281,-0.21742713288111393,CRI
Ingenuo,referencia,2023Q1,1,5.799142464059681,4.502126554423924,-1.297015909635757,CRI
Deriva,referencia,2023Q1,1,5.799142464059681,4.476425257663295,-1.3227172063963861,CRI
AR(1),Box-Jenkins,2023Q1,1,5.799142464059681,4.415547003035569,-1.383595461024112,CRI
"ARMA(2,2)",Box-Jenkins,2023Q1,1,5.799142464059681,3.861973486381009,-1.937168977678672,CRI
"ARIMA(1,1,1)",Box-Jenkins,2023Q1,1,5.799142464059681,4.502220112146159,-1.2969223519135218,CRI
Ridge sobre rezagos,regularizado,2023Q1,1,5.799142464059681,4.2053674208364065,-1.5937750432232747,CRI
Random Forest,aprendizaje,2023Q1,1,5.799142464059681,4.144469003871232,-1.654673460188449,CRI
LSTM(16),red neuronal,2023Q1,1,5.799142464059681,4.69518418459565,-1.103958279464031,CRI
Comb. RF/AR(1) suave,combinacion,2023Q1,1,5.799142464059681,4.415547003035569,-1.383595461024112,CRI
Comb. RF/AR(1) dura,combinacion,2023Q1,1,5.799142464059681,4.415547003035569,-1.383595461024112,CRI
Comb. RF/ingenuo suave,combinacion,2023Q1,1,5.799142464059681,4.502126554423924,-1.297015909635757,CRI
Comb. LSTM/AR(1) suave,combinacion,2023Q1,1,5.799142464059681,4.415547003035569,-1.383595461024112,CRI
Comb. 50/50 RF-AR(1),combinacion,2023Q1,1,5.799142464059681,4.415547003035569,-1.383595461024112,CRI
Ingenuo,referencia,2023Q2,1,5.610348694887501,5.799142464059681,0.18879376917217972,CRI
Deriva,referencia,2023Q2,1,5.610348694887501,5.784022904950223,0.173674210062722,CRI
AR(1),Box-Jenkins,2023Q2,1,5.610348694887501,5.381282142066225,-0.2290665528212763,CRI
"ARMA(2,2)",Box-Jenkins,2023Q2,1,5.610348694887501,4.961249015866201,-0.6490996790213002,CRI
"ARIMA(1,1,1)",Box-Jenkins,2023Q2,1,5.610348694887501,6.508321704029477,0.8979730091419755,CRI
Ridge sobre rezagos,regularizado,2023Q2,1,5.610348694887501,5.050336029748838,-0.5600126651386637,CRI
Random Forest,aprendizaje,2023Q2,1,5.610348694887501,5.323551890418682,-0.2867968044688194,CRI
LSTM(16),red neuronal,2023Q2,1,5.610348694887501,6.417650732479347,0.8073020375918452,CRI
Comb. RF/AR(1) suave,combinacion,2023Q2,1,5.610348694887501,4.910903621192515,-0.6994450736949869,CRI
Comb. RF/AR(1) dura,combinacion,2023Q2,1,5.610348694887501,4.910903621192515,-0.6994450736949869,CRI
Comb. RF/ingenuo suave,combinacion,2023Q2,1,5.610348694887501,4.910903621192515,-0.6994450736949869,CRI
Comb. LSTM/AR(1) suave,combinacion,2023Q2,1,5.610348694887501,6.245806889212075,0.6354581943245732,CRI
Comb. 50/50 RF-AR(1),combinacion,2023Q2,1,5.610348694887501,5.381282142066225,-0.2290665528212763,CRI
Ingenuo,referencia,2023Q3,1,4.620970273081082,5.610348694887501,0.9893784218064194,CRI
Deriva,referencia,2023Q3,1,4.620970273081082,5.593850769031514,0.9728804959504318,CRI
AR(1),Box-Jenkins,2023Q3,1,4.620970273081082,5.244550929612618,0.6235806565315363,CRI
"ARMA(2,2)",Box-Jenkins,2023Q3,1,4.620970273081082,6.332543717513625,1.7115734444325428,CRI
"ARIMA(1,1,1)",Box-Jenkins,2023Q3,1,4.620970273081082,4.8553471459467135,0.23437687286563147,CRI
Ridge sobre rezagos,regularizado,2023Q3,1,4.620970273081082,3.334893587173056,-1.286076685908026,CRI
Random Forest,aprendizaje,2023Q3,1,4.620970273081082,4.7852649401036516,0.16429466702256956,CRI
LSTM(16),red neuronal,2023Q3,1,4.620970273081082,6.1477540301576035,1.5267837570765215,CRI
Comb. RF/AR(1) suave,combinacion,2023Q3,1,4.620970273081082,4.580569185763915,-0.04040108731716696,CRI
Comb. RF/AR(1) dura,combinacion,2023Q3,1,4.620970273081082,4.580569185763915,-0.04040108731716696,CRI
Comb. RF/ingenuo suave,combinacion,2023Q3,1,4.620970273081082,4.580569185763915,-0.04040108731716696,CRI
Comb. LSTM/AR(1) suave,combinacion,2023Q3,1,4.620970273081082,5.802683720431991,1.1817134473509094,CRI
Comb. 50/50 RF-AR(1),combinacion,2023Q3,1,4.620970273081082,5.244550929612618,0.6235806565315363,CRI
Ingenuo,referencia,2023Q4,1,4.793201057497254,4.620970273081082,-0.1722307844161719,CRI
Deriva,referencia,2023Q4,1,4.793201057497254,4.596811870879028,-0.1963891866182257,CRI
AR(1),Box-Jenkins,2023Q4,1,4.793201057497254,4.510924892105253,-0.28227616539200096,CRI
"ARMA(2,2)",Box-Jenkins,2023Q4,1,4.793201057497254,4.841007058046398,0.0478060005491443,CRI
"ARIMA(1,1,1)",Box-Jenkins,2023Q4,1,4.793201057497254,5.076909559723354,0.28370850222609967,CRI
Ridge sobre rezagos,regularizado,2023Q4,1,4.793201057497254,3.83877538556188,-0.9544256719353741,CRI
Random Forest,aprendizaje,2023Q4,1,4.793201057497254,4.4993186865793735,-0.2938823709178804,CRI
LSTM(16),red neuronal,2023Q4,1,4.793201057497254,3.93798633685626,-0.8552147206409937,CRI
Comb. RF/AR(1) suave,combinacion,2023Q4,1,4.793201057497254,4.241669583235682,-0.551531474261572,CRI
Comb. RF/AR(1) dura,combinacion,2023Q4,1,4.793201057497254,4.241669583235682,-0.551531474261572,CRI
Comb. RF/ingenuo suave,combinacion,2023Q4,1,4.793201057497254,4.241669583235682,-0.551531474261572,CRI
Comb. LSTM/AR(1) suave,combinacion,2023Q4,1,4.793201057497254,4.169699598263916,-0.6235014592333377,CRI
Comb. 50/50 RF-AR(1),combinacion,2023Q4,1,4.793201057497254,4.510924892105253,-0.28227616539200096,CRI
Ingenuo,referencia,2024Q1,1,4.337265057370909,4.793201057497254,0.4559360001263446,CRI
Deriva,referencia,2024Q1,1,4.337265057370909,4.770576945815655,0.433311888444746,CRI
AR(1),Box-Jenkins,2024Q1,1,4.337265057370909,4.639860051985179,0.3025949946142701,CRI
"ARMA(2,2)",Box-Jenkins,2024Q1,1,4.337265057370909,2.8555182841393423,-1.481746773231567,CRI
"ARIMA(1,1,1)",Box-Jenkins,2024Q1,1,4.337265057370909,4.3926128407141025,0.055347783343193235,CRI
Ridge sobre rezagos,regularizado,2024Q1,1,4.337265057370909,3.5277894890578385,-0.8094755683130708,CRI
Random Forest,aprendizaje,2024Q1,1,4.337265057370909,4.2098628815397365,-0.12740217583117275,CRI
LSTM(16),red neuronal,2024Q1,1,4.337265057370909,3.3776882378402444,-0.9595768195306649,CRI
Comb. RF/AR(1) suave,combinacion,2024Q1,1,4.337265057370909,3.7168181037967263,-0.620446953574183,CRI
Comb. RF/AR(1) dura,combinacion,2024Q1,1,4.337265057370909,3.7168181037967263,-0.620446953574183,CRI
Comb. RF/ingenuo suave,combinacion,2024Q1,1,4.337265057370909,3.7168181037967263,-0.620446953574183,CRI
Comb. LSTM/AR(1) suave,combinacion,2024Q1,1,4.337265057370909,3.505068668740205,-0.8321963886307042,CRI
Comb. 50/50 RF-AR(1),combinacion,2024Q1,1,4.337265057370909,4.639860051985179,0.3025949946142701,CRI
Ingenuo,referencia,2024Q2,1,3.7903819172213415,4.337265057370909,0.5468831401495677,CRI
Deriva,referencia,2024Q2,1,3.7903819172213415,4.311281938802142,0.5209000215808004,CRI
AR(1),Box-Jenkins,2024Q2,1,3.7903819172213415,4.302093566311716,0.5117116490903744,CRI
"ARMA(2,2)",Box-Jenkins,2024Q2,1,3.7903819172213415,4.593908456860054,0.8035265396387121,CRI
"ARIMA(1,1,1)",Box-Jenkins,2024Q2,1,3.7903819172213415,4.599220651581845,0.8088387343605037,CRI
Ridge sobre rezagos,regularizado,2024Q2,1,3.7903819172213415,4.3942161270133555,0.603834209792014,CRI
Random Forest,aprendizaje,2024Q2,1,3.7903819172213415,4.132247386182056,0.3418654689607141,CRI
LSTM(16),red neuronal,2024Q2,1,3.7903819172213415,3.747011556667398,-0.0433703605539435,CRI
Comb. RF/AR(1) suave,combinacion,2024Q2,1,3.7903819172213415,3.4094351131142715,-0.38094680410707005,CRI
Comb. RF/AR(1) dura,combinacion,2024Q2,1,3.7903819172213415,3.4094351131142715,-0.38094680410707005,CRI
Comb. RF/ingenuo suave,combinacion,2024Q2,1,3.7903819172213415,3.4094351131142715,-0.38094680410707005,CRI
Comb. LSTM/AR(1) suave,combinacion,2024Q2,1,3.7903819172213415,3.830407046328788,0.04002512910744649,CRI
Comb. 50/50 RF-AR(1),combinacion,2024Q2,1,3.7903819172213415,4.302093566311716,0.5117116490903744,CRI
Ingenuo,referencia,2024Q3,1,4.391104943197499,3.7903819172213415,-0.6007230259761576,CRI
Deriva,referencia,2024Q3,1,4.391104943197499,3.760391875409645,-0.6307130677878541,CRI
AR(1),Box-Jenkins,2024Q3,1,4.391104943197499,3.8959134324734963,-0.4951915107240028,CRI
"ARMA(2,2)",Box-Jenkins,2024Q3,1,4.391104943197499,5.294775710998334,0.9036707678008353,CRI
"ARIMA(1,1,1)",Box-Jenkins,2024Q3,1,4.391104943197499,3.3685715662231,-1.022533376974399,CRI
Ridge sobre rezagos,regularizado,2024Q3,1,4.391104943197499,4.241329755993241,-0.1497751872042583,CRI
Random Forest,aprendizaje,2024Q3,1,4.391104943197499,3.8054647904021834,-0.5856401527953157,CRI
LSTM(16),red neuronal,2024Q3,1,4.391104943197499,3.6068811380473145,-0.7842238051501846,CRI
Comb. RF/AR(1) suave,combinacion,2024Q3,1,4.391104943197499,3.4425058422373014,-0.9485991009601977,CRI
Comb. RF/AR(1) dura,combinacion,2024Q3,1,4.391104943197499,3.4425058422373014,-0.9485991009601977,CRI
Comb. RF/ingenuo suave,combinacion,2024Q3,1,4.391104943197499,3.4425058422373014,-0.9485991009601977,CRI
Comb. LSTM/AR(1) suave,combinacion,2024Q3,1,4.391104943197499,3.955727847758255,-0.43537709543924397,CRI
Comb. 50/50 RF-AR(1),combinacion,2024Q3,1,4.391104943197499,3.885761726129972,-0.5053432170675269,CRI
Ingenuo,referencia,2024Q4,1,3.56368649311265,4.391104943197499,0.8274184500848492,CRI
Deriva,referencia,2024Q4,1,3.56368649311265,4.365929504956703,0.8022430118440527,CRI
AR(1),Box-Jenkins,2024Q4,1,3.56368649311265,4.341516828217506,0.7778303351048557,CRI
"ARMA(2,2)",Box-Jenkins,2024Q4,1,3.56368649311265,4.962683285219075,1.3989967921064252,CRI
"ARIMA(1,1,1)",Box-Jenkins,2024Q4,1,3.56368649311265,4.985494530024834,1.421808036912184,CRI
Ridge sobre rezagos,regularizado,2024Q4,1,3.56368649311265,4.178084823208992,0.6143983300963418,CRI
Random Forest,aprendizaje,2024Q4,1,3.56368649311265,3.874530643512381,0.31084415039973123,CRI
LSTM(16),red neuronal,2024Q4,1,3.56368649311265,4.018211908558781,0.4545254154461311,CRI
Comb. RF/AR(1) suave,combinacion,2024Q4,1,3.56368649311265,3.507891601971348,-0.05579489114130176,CRI
Comb. RF/AR(1) dura,combinacion,2024Q4,1,3.56368649311265,3.507891601971348,-0.05579489114130176,CRI
Comb. RF/ingenuo suave,combinacion,2024Q4,1,3.56368649311265,3.507891601971348,-0.05579489114130176,CRI
Comb. LSTM/AR(1) suave,combinacion,2024Q4,1,3.56368649311265,3.760348807443267,0.19666231433061698,CRI
Comb. 50/50 RF-AR(1),combinacion,2024Q4,1,3.56368649311265,3.9932117207484508,0.4295252276358008,CRI
Ingenuo,referencia,2025Q1,1,3.55618209610149,3.56368649311265,0.007504397011159902,CRI
Deriva,referencia,2025Q1,1,3.55618209610149,3.532433456297277,-0.023748639804213045,CRI
AR(1),Box-Jenkins,2025Q1,1,3.55618209610149,3.727269845704151,0.17108774960266082,CRI
"ARMA(2,2)",Box-Jenkins,2025Q1,1,3.55618209610149,2.8159814098082037,-0.7402006862932864,CRI
"ARIMA(1,1,1)",Box-Jenkins,2025Q1,1,3.55618209610149,2.7365578171736846,-0.8196242789278054,CRI
Ridge sobre rezagos,regularizado,2025Q1,1,3.55618209610149,3.5060267109948913,-0.05015538510659878,CRI
Random Forest,aprendizaje,2025Q1,1,3.55618209610149,3.510366750725418,-0.0458153453760719,CRI
LSTM(16),red neuronal,2025Q1,1,3.55618209610149,3.558859519456286,0.002677423354795927,CRI
Comb. RF/AR(1) suave,combinacion,2025Q1,1,3.55618209610149,3.7573842459295825,0.20120214982809248,CRI
Comb. RF/AR(1) dura,combinacion,2025Q1,1,3.55618209610149,3.7573842459295825,0.20120214982809248,CRI
Comb. RF/ingenuo suave,combinacion,2025Q1,1,3.55618209610149,3.7573842459295825,0.20120214982809248,CRI
Comb. LSTM/AR(1) suave,combinacion,2025Q1,1,3.55618209610149,3.7689153662440025,0.21273327014251242,CRI
Comb. 50/50 RF-AR(1),combinacion,2025Q1,1,3.55618209610149,3.742364919678618,0.1861828235771279,CRI
Ingenuo,referencia,2010Q4,1,8.206925294941625,8.350485552889975,0.1435602579483497,ECU
Deriva,referencia,2010Q4,1,8.206925294941625,8.385505472674215,0.17858017773258972,ECU
AR(1),Box-Jenkins,2010Q4,1,8.206925294941625,7.291628939355156,-0.9152963555864693,ECU
"ARMA(2,2)",Box-Jenkins,2010Q4,1,8.206925294941625,9.144305185628141,0.9373798906865165,ECU
"ARIMA(1,1,1)",Box-Jenkins,2010Q4,1,8.206925294941625,9.753230393955254,1.5463050990136296,ECU
Ridge sobre rezagos,regularizado,2010Q4,1,8.206925294941625,8.938445462189886,0.7315201672482612,ECU
Random Forest,aprendizaje,2010Q4,1,8.206925294941625,7.081666552504025,-1.1252587424376,ECU
LSTM(16),red neuronal,2010Q4,1,8.206925294941625,9.294353208821104,1.0874279138794787,ECU
Comb. RF/AR(1) suave,combinacion,2010Q4,1,8.206925294941625,7.036015328098688,-1.1709099668429372,ECU
Comb. RF/AR(1) dura,combinacion,2010Q4,1,8.206925294941625,7.036015328098688,-1.1709099668429372,ECU
Comb. RF/ingenuo suave,combinacion,2010Q4,1,8.206925294941625,7.036015328098688,-1.1709099668429372,ECU
Comb. LSTM/AR(1) suave,combinacion,2010Q4,1,8.206925294941625,9.517033167134539,1.3101078721929138,ECU
Comb. 50/50 RF-AR(1),combinacion,2010Q4,1,8.206925294941625,7.148754718455718,-1.0581705764859066,ECU
Ingenuo,referencia,2011Q1,1,9.507442004301737,8.206925294941625,-1.300516709360112,ECU
Deriva,referencia,2011Q1,1,9.507442004301737,8.23748071028255,-1.2699612940191862,ECU
AR(1),Box-Jenkins,2011Q1,1,9.507442004301737,7.277126303257217,-2.2303157010445203,ECU
"ARMA(2,2)",Box-Jenkins,2011Q1,1,9.507442004301737,7.065554540416232,-2.4418874638855046,ECU
"ARIMA(1,1,1)",Box-Jenkins,2011Q1,1,9.507442004301737,7.818745738130431,-1.6886962661713056,ECU
Ridge sobre rezagos,regularizado,2011Q1,1,9.507442004301737,7.711417810161948,-1.7960241941397888,ECU
Random Forest,aprendizaje,2011Q1,1,9.507442004301737,7.030089972621396,-2.477352031680341,ECU
LSTM(16),red neuronal,2011Q1,1,9.507442004301737,7.979930582644443,-1.5275114216572936,ECU
Comb. RF/AR(1) suave,combinacion,2011Q1,1,9.507442004301737,6.921446614853861,-2.585995389447876,ECU
Comb. RF/AR(1) dura,combinacion,2011Q1,1,9.507442004301737,6.921446614853861,-2.585995389447876,ECU
Comb. RF/ingenuo suave,combinacion,2011Q1,1,9.507442004301737,6.921446614853861,-2.585995389447876,ECU
Comb. LSTM/AR(1) suave,combinacion,2011Q1,1,9.507442004301737,7.500761151103687,-2.0066808531980502,ECU
Comb. 50/50 RF-AR(1),combinacion,2011Q1,1,9.507442004301737,7.277126303257217,-2.2303157010445203,ECU
Ingenuo,referencia,2011Q2,1,9.192692773531896,9.507442004301737,0.3147492307698414,ECU
Deriva,referencia,2011Q2,1,9.192692773531896,9.568972085350447,0.3762793118185517,ECU
AR(1),Box-Jenkins,2011Q2,1,9.192692773531896,8.510531217125854,-0.6821615564060419,ECU
"ARMA(2,2)",Box-Jenkins,2011Q2,1,9.192692773531896,7.94544634969005,-1.2472464238418457,ECU
"ARIMA(1,1,1)",Box-Jenkins,2011Q2,1,9.192692773531896,10.027021481581054,0.8343287080491582,ECU
Ridge sobre rezagos,regularizado,2011Q2,1,9.192692773531896,7.945539946857416,-1.2471528266744798,ECU
Random Forest,aprendizaje,2011Q2,1,9.192692773531896,6.1576631034400995,-3.035029670091796,ECU
LSTM(16),red neuronal,2011Q2,1,9.192692773531896,8.167389300705715,-1.025303472826181,ECU
Comb. RF/AR(1) suave,combinacion,2011Q2,1,9.192692773531896,6.2373560049964105,-2.955336768535485,ECU
Comb. RF/AR(1) dura,combinacion,2011Q2,1,9.192692773531896,6.2373560049964105,-2.955336768535485,ECU
Comb. RF/ingenuo suave,combinacion,2011Q2,1,9.192692773531896,6.2373560049964105,-2.955336768535485,ECU
Comb. LSTM/AR(1) suave,combinacion,2011Q2,1,9.192692773531896,8.176385719071254,-1.0163070544606416,ECU
Comb. 50/50 RF-AR(1),combinacion,2011Q2,1,9.192692773531896,8.510531217125854,-0.6821615564060419,ECU
Ingenuo,referencia,2011Q3,1,7.071472774977727,9.192692773531896,2.121219998554168,ECU
Deriva,referencia,2011Q3,1,7.071472774977727,9.245263823346832,2.1737910483691048,ECU
AR(1),Box-Jenkins,2011Q3,1,7.071472774977727,8.339517360631572,1.2680445856538443,ECU
"ARMA(2,2)",Box-Jenkins,2011Q3,1,7.071472774977727,7.204719825014004,0.13324705003627635,ECU
"ARIMA(1,1,1)",Box-Jenkins,2011Q3,1,7.071472774977727,9.037446725009152,1.965973950031425,ECU
Ridge sobre rezagos,regularizado,2011Q3,1,7.071472774977727,7.0130936382688835,-0.05837913670884376,ECU
Random Forest,aprendizaje,2011Q3,1,7.071472774977727,6.168333984986428,-0.9031387899912993,ECU
LSTM(16),red neuronal,2011Q3,1,7.071472774977727,8.396056712542697,1.3245839375649693,ECU
Comb. RF/AR(1) suave,combinacion,2011Q3,1,7.071472774977727,5.530697806560113,-1.5407749684176144,ECU
Comb. RF/AR(1) dura,combinacion,2011Q3,1,7.071472774977727,5.530697806560113,-1.5407749684176144,ECU
Comb. RF/ingenuo suave,combinacion,2011Q3,1,7.071472774977727,5.530697806560113,-1.5407749684176144,ECU
Comb. LSTM/AR(1) suave,combinacion,2011Q3,1,7.071472774977727,8.27476152090508,1.2032887459273534,ECU
Comb. 50/50 RF-AR(1),combinacion,2011Q3,1,7.071472774977727,8.339517360631572,1.2680445856538443,ECU
Ingenuo,referencia,2011Q4,1,6.990423358644371,7.071472774977727,0.08104941633335638,ECU
Deriva,referencia,2011Q4,1,6.990423358644371,7.073490544598033,0.08306718595366203,ECU
AR(1),Box-Jenkins,2011Q4,1,6.990423358644371,6.541504769240921,-0.44891858940344953,ECU
"ARMA(2,2)",Box-Jenkins,2011Q4,1,6.990423358644371,4.690048265435566,-2.300375093208805,ECU
"ARIMA(1,1,1)",Box-Jenkins,2011Q4,1,6.990423358644371,6.273575430744012,-0.7168479279003588,ECU
Ridge sobre rezagos,regularizado,2011Q4,1,6.990423358644371,5.536144425329881,-1.45427893331449,ECU
Random Forest,aprendizaje,2011Q4,1,6.990423358644371,5.743634552351577,-1.2467888062927939,ECU
LSTM(16),red neuronal,2011Q4,1,6.990423358644371,5.82618427663459,-1.1642390820097805,ECU
Comb. RF/AR(1) suave,combinacion,2011Q4,1,6.990423358644371,5.113741765704822,-1.8766815929395486,ECU
Comb. RF/AR(1) dura,combinacion,2011Q4,1,6.990423358644371,5.113741765704822,-1.8766815929395486,ECU
Comb. RF/ingenuo suave,combinacion,2011Q4,1,6.990423358644371,5.113741765704822,-1.8766815929395486,ECU
Comb. LSTM/AR(1) suave,combinacion,2011Q4,1,6.990423358644371,6.452123933632347,-0.5382994250120241,ECU
Comb. 50/50 RF-AR(1),combinacion,2011Q4,1,6.990423358644371,6.541504769240921,-0.44891858940344953,ECU
Ingenuo,referencia,2012Q1,1,5.47099704878784,6.990423358644371,1.5194263098565308,ECU
Deriva,referencia,2012Q1,1,5.47099704878784,6.9905532376748205,1.5195561888869804,ECU
AR(1),Box-Jenkins,2012Q1,1,5.47099704878784,6.496936830467696,1.025939781679856,ECU
"ARMA(2,2)",Box-Jenkins,2012Q1,1,5.47099704878784,5.560974106986073,0.0899770581982331,ECU
"ARIMA(1,1,1)",Box-Jenkins,2012Q1,1,5.47099704878784,7.082587065738089,1.6115900169502488,ECU
Ridge sobre rezagos,regularizado,2012Q1,1,5.47099704878784,4.872728377348194,-0.5982686714396461,ECU
Random Forest,aprendizaje,2012Q1,1,5.47099704878784,6.037866294990738,0.5668692462028977,ECU
LSTM(16),red neuronal,2012Q1,1,5.47099704878784,4.925190500281317,-0.5458065485065227,ECU
Comb. RF/AR(1) suave,combinacion,2012Q1,1,5.47099704878784,5.67502082307642,0.2040237742885802,ECU
Comb. RF/AR(1) dura,combinacion,2012Q1,1,5.47099704878784,6.496936830467696,1.025939781679856,ECU
Comb. RF/ingenuo suave,combinacion,2012Q1,1,5.47099704878784,5.702871203771516,0.23187415498367603,ECU
Comb. LSTM/AR(1) suave,combinacion,2012Q1,1,5.47099704878784,5.230528733034311,-0.240468315753529,ECU
Comb. 50/50 RF-AR(1),combinacion,2012Q1,1,5.47099704878784,6.496936830467696,1.025939781679856,ECU
Ingenuo,referencia,2012Q2,1,5.4426324011205285,5.47099704878784,0.028364647667311615,ECU
Deriva,referencia,2012Q2,1,5.4426324011205285,5.43735901250969,-0.005273388610838481,ECU
AR(1),Box-Jenkins,2012Q2,1,5.4426324011205285,5.264383061532341,-0.1782493395881879,ECU
"ARMA(2,2)",Box-Jenkins,2012Q2,1,5.4426324011205285,4.256003832254322,-1.1866285688662064,ECU
"ARIMA(1,1,1)",Box-Jenkins,2012Q2,1,5.4426324011205285,4.912834589729126,-0.5297978113914024,ECU
Ridge sobre rezagos,regularizado,2012Q2,1,5.4426324011205285,3.9035459635881886,-1.5390864375323399,ECU
Random Forest,aprendizaje,2012Q2,1,5.4426324011205285,4.918211977218487,-0.5244204239020416,ECU
LSTM(16),red neuronal,2012Q2,1,5.4426324011205285,4.159604376442287,-1.2830280246782415,ECU
Comb. RF/AR(1) suave,combinacion,2012Q2,1,5.4426324011205285,4.850271682861469,-0.5923607182590596,ECU
Comb. RF/AR(1) dura,combinacion,2012Q2,1,5.4426324011205285,5.264383061532341,-0.1782493395881879,ECU
Comb. RF/ingenuo suave,combinacion,2012Q2,1,5.4426324011205285,4.860082325352001,-0.5825500757685278,ECU
Comb. LSTM/AR(1) suave,combinacion,2012Q2,1,5.4426324011205285,4.053747732968968,-1.3888846681515608,ECU
Comb. 50/50 RF-AR(1),combinacion,2012Q2,1,5.4426324011205285,5.264383061532341,-0.1782493395881879,ECU
Ingenuo,referencia,2012Q3,1,5.276959933497016,5.4426324011205285,0.16567246762351218,ECU
Deriva,referencia,2012Q3,1,5.276959933497016,5.409109003725223,0.13214907022820643,ECU
AR(1),Box-Jenkins,2012Q3,1,5.276959933497016,5.24638548916737,-0.03057444432964651,ECU
"ARMA(2,2)",Box-Jenkins,2012Q3,1,5.276959933497016,4.871521530108383,-0.4054384033886329,ECU
"ARIMA(1,1,1)",Box-Jenkins,2012Q3,1,5.276959933497016,5.466026522264895,0.1890665887678784,ECU
Ridge sobre rezagos,regularizado,2012Q3,1,5.276959933497016,4.626456227571833,-0.6505037059251837,ECU
Random Forest,aprendizaje,2012Q3,1,5.276959933497016,4.928364640629695,-0.34859529286732105,ECU
LSTM(16),red neuronal,2012Q3,1,5.276959933497016,4.701525803753767,-0.5754341297432495,ECU
Comb. RF/AR(1) suave,combinacion,2012Q3,1,5.276959933497016,5.100724828039905,-0.17623510545711163,ECU
Comb. RF/AR(1) dura,combinacion,2012Q3,1,5.276959933497016,5.24638548916737,-0.03057444432964651,ECU
Comb. RF/ingenuo suave,combinacion,2012Q3,1,5.276959933497016,5.1088579206842475,-0.16810201281276882,ECU
Comb. LSTM/AR(1) suave,combinacion,2012Q3,1,5.276959933497016,4.806200463269447,-0.47075947022756903,ECU
Comb. 50/50 RF-AR(1),combinacion,2012Q3,1,5.276959933497016,5.24638548916737,-0.03057444432964651,ECU
Ingenuo,referencia,2012Q4,1,6.054456081050197,5.276959933497016,-0.7774961475531805,ECU
Deriva,referencia,2012Q4,1,6.054456081050197,5.2406248537564295,-0.8138312272937673,ECU
AR(1),Box-Jenkins,2012Q4,1,6.054456081050197,5.117151434601088,-0.9373046464491086,ECU
"ARMA(2,2)",Box-Jenkins,2012Q4,1,6.054456081050197,4.955948033000621,-1.0985080480495757,ECU
"ARIMA(1,1,1)",Box-Jenkins,2012Q4,1,6.054456081050197,5.216526516492387,-0.8379295645578102,ECU
Ridge sobre rezagos,regularizado,2012Q4,1,6.054456081050197,4.6121056874335675,-1.4423503936166293,ECU
Random Forest,aprendizaje,2012Q4,1,6.054456081050197,4.832380443123035,-1.222075637927162,ECU
LSTM(16),red neuronal,2012Q4,1,6.054456081050197,6.062899781827476,0.008443700777279517,ECU
Comb. RF/AR(1) suave,combinacion,2012Q4,1,6.054456081050197,4.937913730742341,-1.1165423503078555,ECU
Comb. RF/AR(1) dura,combinacion,2012Q4,1,6.054456081050197,4.937913730742341,-1.1165423503078555,ECU
Comb. RF/ingenuo suave,combinacion,2012Q4,1,6.054456081050197,4.937913730742341,-1.1165423503078555,ECU
Comb. LSTM/AR(1) suave,combinacion,2012Q4,1,6.054456081050197,4.998030657692849,-1.0564254233573482,ECU
Comb. 50/50 RF-AR(1),combinacion,2012Q4,1,6.054456081050197,5.069749113107671,-0.9847069679425262,ECU
Ingenuo,referencia,2013Q1,1,7.035518510247041,6.054456081050197,-0.9810624291968439,ECU
Deriva,referencia,2013Q1,1,7.035518510247041,6.035075818544897,-1.000442691702144,ECU
AR(1),Box-Jenkins,2013Q1,1,7.035518510247041,5.748880737069836,-1.2866377731772047,ECU
"ARMA(2,2)",Box-Jenkins,2013Q1,1,7.035518510247041,5.953722740818926,-1.0817957694281146,ECU
"ARIMA(1,1,1)",Box-Jenkins,2013Q1,1,7.035518510247041,6.334674854425052,-0.7008436558219886,ECU
Ridge sobre rezagos,regularizado,2013Q1,1,7.035518510247041,5.737675099122919,-1.2978434111241217,ECU
Random Forest,aprendizaje,2013Q1,1,7.035518510247041,5.1476729894724755,-1.8878455207745652,ECU
LSTM(16),red neuronal,2013Q1,1,7.035518510247041,6.746053189824426,-0.2894653204226145,ECU
Comb. RF/AR(1) suave,combinacion,2013Q1,1,7.035518510247041,5.012719616684863,-2.022798893562178,ECU
Comb. RF/AR(1) dura,combinacion,2013Q1,1,7.035518510247041,5.012719616684863,-2.022798893562178,ECU
Comb. RF/ingenuo suave,combinacion,2013Q1,1,7.035518510247041,5.012719616684863,-2.022798893562178,ECU
Comb. LSTM/AR(1) suave,combinacion,2013Q1,1,7.035518510247041,5.215893448937524,-1.8196250613095168,ECU
Comb. 50/50 RF-AR(1),combinacion,2013Q1,1,7.035518510247041,5.50268926403068,-1.5328292462163606,ECU
Ingenuo,referencia,2013Q2,1,8.076775022205274,7.035518510247041,-1.0412565119582329,ECU
Deriva,referencia,2013Q2,1,8.076775022205274,7.03655544553158,-1.0402195766736932,ECU
AR(1),Box-Jenkins,2013Q2,1,8.076775022205274,6.559433449587167,-1.5173415726181068,ECU
"ARMA(2,2)",Box-Jenkins,2013Q2,1,8.076775022205274,6.856631117600982,-1.2201439046042912,ECU
"ARIMA(1,1,1)",Box-Jenkins,2013Q2,1,8.076775022205274,7.373607889034867,-0.7031671331704068,ECU
Ridge sobre rezagos,regularizado,2013Q2,1,8.076775022205274,6.567648022129479,-1.5091270000757948,ECU
Random Forest,aprendizaje,2013Q2,1,8.076775022205274,6.1952108979836105,-1.8815641242216632,ECU
LSTM(16),red neuronal,2013Q2,1,8.076775022205274,7.046155018082543,-1.0306200041227305,ECU
Comb. RF/AR(1) suave,combinacion,2013Q2,1,8.076775022205274,6.220573357556288,-1.856201664648986,ECU
Comb. RF/AR(1) dura,combinacion,2013Q2,1,8.076775022205274,6.220573357556288,-1.856201664648986,ECU
Comb. RF/ingenuo suave,combinacion,2013Q2,1,8.076775022205274,6.220573357556288,-1.856201664648986,ECU
Comb. LSTM/AR(1) suave,combinacion,2013Q2,1,8.076775022205274,6.626274936846745,-1.450500085358529,ECU
Comb. 50/50 RF-AR(1),combinacion,2013Q2,1,8.076775022205274,6.430143645437068,-1.6466313767682053,ECU
Ingenuo,referencia,2013Q3,1,7.641846618913761,8.076775022205274,0.4349284032915124,ECU
Deriva,referencia,2013Q3,1,7.641846618913761,8.098616349023288,0.45676973010952704,ECU
AR(1),Box-Jenkins,2013Q3,1,7.641846618913761,7.451492895247553,-0.19035372366620784,ECU
"ARMA(2,2)",Box-Jenkins,2013Q3,1,7.641846618913761,7.670934062357269,0.029087443443507333,ECU
"ARIMA(1,1,1)",Box-Jenkins,2013Q3,1,7.641846618913761,8.440240090474491,0.7983934715607299,ECU
Ridge sobre rezagos,regularizado,2013Q3,1,7.641846618913761,7.96436564744662,0.3225190285328585,ECU
Random Forest,aprendizaje,2013Q3,1,7.641846618913761,7.057735660448665,-0.5841109584650965,ECU
LSTM(16),red neuronal,2013Q3,1,7.641846618913761,7.467698205105929,-0.1741484138078322,ECU
Comb. RF/AR(1) suave,combinacion,2013Q3,1,7.641846618913761,7.427137513819202,-0.21470910509455887,ECU
Comb. RF/AR(1) dura,combinacion,2013Q3,1,7.641846618913761,7.427137513819202,-0.21470910509455887,ECU
Comb. RF/ingenuo suave,combinacion,2013Q3,1,7.641846618913761,7.427137513819202,-0.21470910509455887,ECU
Comb. LSTM/AR(1) suave,combinacion,2013Q3,1,7.641846618913761,7.216175601422311,-0.4256710174914504,ECU
Comb. 50/50 RF-AR(1),combinacion,2013Q3,1,7.641846618913761,7.441365968962671,-0.20048064995109005,ECU
Ingenuo,referencia,2013Q4,1,5.294566564472758,7.641846618913761,2.3472800544410033,ECU
Deriva,referencia,2013Q4,1,5.294566564472758,7.654731676513941,2.360165112041183,ECU
AR(1),Box-Jenkins,2013Q4,1,5.294566564472758,7.111406802752913,1.8168402382801547,ECU
"ARMA(2,2)",Box-Jenkins,2013Q4,1,5.294566564472758,6.692505912651001,1.3979393481782427,ECU
"ARIMA(1,1,1)",Box-Jenkins,2013Q4,1,5.294566564472758,7.463541757350466,2.168975192877708,ECU
Ridge sobre rezagos,regularizado,2013Q4,1,5.294566564472758,6.9409099873585305,1.6463434228857725,ECU
Random Forest,aprendizaje,2013Q4,1,5.294566564472758,7.086015839905953,1.7914492754331954,ECU
LSTM(16),red neuronal,2013Q4,1,5.294566564472758,7.020411719337558,1.7258451548647997,ECU
Comb. RF/AR(1) suave,combinacion,2013Q4,1,5.294566564472758,7.3415024375229105,2.0469358730501526,ECU
Comb. RF/AR(1) dura,combinacion,2013Q4,1,5.294566564472758,7.3415024375229105,2.0469358730501526,ECU
Comb. RF/ingenuo suave,combinacion,2013Q4,1,5.294566564472758,7.3415024375229105,2.0469358730501526,ECU
Comb. LSTM/AR(1) suave,combinacion,2013Q4,1,5.294566564472758,7.021170244908045,1.7266036804352867,ECU
Comb. 50/50 RF-AR(1),combinacion,2013Q4,1,5.294566564472758,7.307657574252399,2.0130910097796413,ECU
Ingenuo,referencia,2014Q1,1,4.661263492432743,5.294566564472758,0.6333030720400146,ECU
Deriva,referencia,2014Q1,1,4.661263492432743,5.262063831456762,0.6008003390240182,ECU
AR(1),Box-Jenkins,2014Q1,1,4.661263492432743,5.180623982816035,0.519360490383292,ECU
"ARMA(2,2)",Box-Jenkins,2014Q1,1,4.661263492432743,3.9663715248776006,-0.6948919675551428,ECU
"ARIMA(1,1,1)",Box-Jenkins,2014Q1,1,4.661263492432743,4.434871868899936,-0.22639162353280717,ECU
Ridge sobre rezagos,regularizado,2014Q1,1,4.661263492432743,4.118835800058304,-0.5424276923744396,ECU
Random Forest,aprendizaje,2014Q1,1,4.661263492432743,5.192903003253688,0.5316395108209448,ECU
LSTM(16),red neuronal,2014Q1,1,4.661263492432743,4.6994223563063535,0.038158863873610116,ECU
Comb. RF/AR(1) suave,combinacion,2014Q1,1,4.661263492432743,5.551548152610787,0.8902846601780432,ECU
Comb. RF/AR(1) dura,combinacion,2014Q1,1,4.661263492432743,5.551548152610787,0.8902846601780432,ECU
Comb. RF/ingenuo suave,combinacion,2014Q1,1,4.661263492432743,5.551548152610787,0.8902846601780432,ECU
Comb. LSTM/AR(1) suave,combinacion,2014Q1,1,4.661263492432743,3.9891891638664156,-0.6720743285663278,ECU
Comb. 50/50 RF-AR(1),combinacion,2014Q1,1,4.661263492432743,5.321517817173312,0.6602543247405688,ECU
Ingenuo,referencia,2014Q2,1,3.7666801701953467,4.661263492432743,0.8945833222373967,ECU
Deriva,referencia,2014Q2,1,3.7666801701953467,4.617424903963463,0.8507447337681162,ECU
AR(1),Box-Jenkins,2014Q2,1,3.7666801701953467,4.670960716079598,0.9042805458842516,ECU
"ARMA(2,2)",Box-Jenkins,2014Q2,1,3.7666801701953467,4.130486944526206,0.3638067743308593,ECU
"ARIMA(1,1,1)",Box-Jenkins,2014Q2,1,3.7666801701953467,4.5130859971574475,0.7464058269621008,ECU
Ridge sobre rezagos,regularizado,2014Q2,1,3.7666801701953467,2.985230721604643,-0.7814494485907035,ECU
Random Forest,aprendizaje,2014Q2,1,3.7666801701953467,4.635499159533015,0.8688189893376679,ECU
LSTM(16),red neuronal,2014Q2,1,3.7666801701953467,2.931822944411505,-0.8348572257838418,ECU
Comb. RF/AR(1) suave,combinacion,2014Q2,1,3.7666801701953467,4.808085786933163,1.0414056167378165,ECU
Comb. RF/AR(1) dura,combinacion,2014Q2,1,3.7666801701953467,4.808085786933163,1.0414056167378165,ECU
Comb. RF/ingenuo suave,combinacion,2014Q2,1,3.7666801701953467,4.808085786933163,1.0414056167378165,ECU
Comb. LSTM/AR(1) suave,combinacion,2014Q2,1,3.7666801701953467,3.195413739676173,-0.5712664305191737,ECU
Comb. 50/50 RF-AR(1),combinacion,2014Q2,1,3.7666801701953467,4.734046488484756,0.9673663182894092,ECU
Ingenuo,referencia,2014Q3,1,3.2439498694450064,3.7666801701953467,0.5227303007503403,ECU
Deriva,referencia,2014Q3,1,3.2439498694450064,3.7070870496192496,0.4631371801742432,ECU
AR(1),Box-Jenkins,2014Q3,1,3.2439498694450064,3.9476482497638834,0.703698380318877,ECU
"ARMA(2,2)",Box-Jenkins,2014Q3,1,3.2439498694450064,3.6074202114519327,0.3634703420069263,ECU
"ARIMA(1,1,1)",Box-Jenkins,2014Q3,1,3.2439498694450064,3.4482050799726003,0.20425521052759388,ECU
Ridge sobre rezagos,regularizado,2014Q3,1,3.2439498694450064,3.2330995461657377,-0.010850323279268714,ECU
Random Forest,aprendizaje,2014Q3,1,3.2439498694450064,1.811718906925406,-1.4322309625196004,ECU
LSTM(16),red neuronal,2014Q3,1,3.2439498694450064,3.691773047119291,0.4478231776742847,ECU
Comb. RF/AR(1) suave,combinacion,2014Q3,1,3.2439498694450064,2.6374377031546845,-0.6065121662903219,ECU
Comb. RF/AR(1) dura,combinacion,2014Q3,1,3.2439498694450064,2.6374377031546845,-0.6065121662903219,ECU
Comb. RF/ingenuo suave,combinacion,2014Q3,1,3.2439498694450064,2.6374377031546845,-0.6065121662903219,ECU
Comb. LSTM/AR(1) suave,combinacion,2014Q3,1,3.2439498694450064,3.600087249772299,0.3561373803272927,ECU
Comb. 50/50 RF-AR(1),combinacion,2014Q3,1,3.2439498694450064,3.1462255903285987,-0.09772427911640769,ECU
Ingenuo,referencia,2014Q4,1,3.580158949253409,3.2439498694450064,-0.33620907980840276,ECU
Deriva,referencia,2014Q4,1,3.580158949253409,3.1759360728657415,-0.40422287638766763,ECU
AR(1),Box-Jenkins,2014Q4,1,3.580158949253409,3.51803481035083,-0.06212413890257906,ECU
"ARMA(2,2)",Box-Jenkins,2014Q4,1,3.580158949253409,3.4514355999881925,-0.12872334926521667,ECU
"ARIMA(1,1,1)",Box-Jenkins,2014Q4,1,3.580158949253409,3.0731235989782646,-0.5070353502751446,ECU
Ridge sobre rezagos,regularizado,2014Q4,1,3.580158949253409,4.187230226659511,0.607071277406102,ECU
Random Forest,aprendizaje,2014Q4,1,3.580158949253409,3.1326880087385547,-0.4474709405148545,ECU
LSTM(16),red neuronal,2014Q4,1,3.580158949253409,4.659772448594535,1.079613499341126,ECU
Comb. RF/AR(1) suave,combinacion,2014Q4,1,3.580158949253409,3.461875627381877,-0.11828332187153201,ECU
Comb. RF/AR(1) dura,combinacion,2014Q4,1,3.580158949253409,3.461875627381877,-0.11828332187153201,ECU
Comb. RF/ingenuo suave,combinacion,2014Q4,1,3.580158949253409,3.461875627381877,-0.11828332187153201,ECU
Comb. LSTM/AR(1) suave,combinacion,2014Q4,1,3.580158949253409,4.270648738947112,0.6904897896937028,ECU
Comb. 50/50 RF-AR(1),combinacion,2014Q4,1,3.580158949253409,3.4779508270977617,-0.10220812215564745,ECU
Ingenuo,referencia,2015Q1,1,-0.8163913274021106,3.580158949253409,4.396550276655519,ECU
Deriva,referencia,2015Q1,1,-0.8163913274021106,3.5193634183239237,4.335754745726034,ECU
AR(1),Box-Jenkins,2015Q1,1,-0.8163913274021106,3.785851348468014,4.602242675870125,ECU
"ARMA(2,2)",Box-Jenkins,2015Q1,1,-0.8163913274021106,4.149935781458764,4.966327108860874,ECU
"ARIMA(1,1,1)",Box-Jenkins,2015Q1,1,-0.8163913274021106,3.7179672855255728,4.534358612927683,ECU
Ridge sobre rezagos,regularizado,2015Q1,1,-0.8163913274021106,4.289968728676848,5.106360056078959,ECU
Random Forest,aprendizaje,2015Q1,1,-0.8163913274021106,3.8627592291525117,4.679150556554623,ECU
LSTM(16),red neuronal,2015Q1,1,-0.8163913274021106,4.638395253075149,5.4547865804772595,ECU
Comb. RF/AR(1) suave,combinacion,2015Q1,1,-0.8163913274021106,3.568541837849019,4.384933165251129,ECU
Comb. RF/AR(1) dura,combinacion,2015Q1,1,-0.8163913274021106,3.568541837849019,4.384933165251129,ECU
Comb. RF/ingenuo suave,combinacion,2015Q1,1,-0.8163913274021106,3.568541837849019,4.384933165251129,ECU
Comb. LSTM/AR(1) suave,combinacion,2015Q1,1,-0.8163913274021106,4.707160138170274,5.523551465572385,ECU
Comb. 50/50 RF-AR(1),combinacion,2015Q1,1,-0.8163913274021106,3.648136813906854,4.464528141308964,ECU
Ingenuo,referencia,2015Q2,1,-0.6971355670830737,-0.8163913274021106,-0.11925576031903695,ECU
Deriva,referencia,2015Q2,1,-0.6971355670830737,-0.9532527310636316,-0.25611716398055795,ECU
AR(1),Box-Jenkins,2015Q2,1,-0.6971355670830737,0.12327965079209346,0.8204152178751671,ECU
"ARMA(2,2)",Box-Jenkins,2015Q2,1,-0.6971355670830737,-0.8867357540263856,-0.18960018694331193,ECU
"ARIMA(1,1,1)",Box-Jenkins,2015Q2,1,-0.6971355670830737,-2.3700204406238927,-1.672884873540819,ECU
Ridge sobre rezagos,regularizado,2015Q2,1,-0.6971355670830737,-0.3167069183993796,0.3804286486836941,ECU
Random Forest,aprendizaje,2015Q2,1,-0.6971355670830737,1.1556080089081362,1.8527435759912099,ECU
LSTM(16),red neuronal,2015Q2,1,-0.6971355670830737,-0.5717473265041351,0.1253882405789386,ECU
Comb. RF/AR(1) suave,combinacion,2015Q2,1,-0.6971355670830737,1.2838924351303362,1.98102800221341,ECU
Comb. RF/AR(1) dura,combinacion,2015Q2,1,-0.6971355670830737,0.12327965079209346,0.8204152178751671,ECU
Comb. RF/ingenuo suave,combinacion,2015Q2,1,-0.6971355670830737,1.1056882286954335,1.8028237957785072,ECU
Comb. LSTM/AR(1) suave,combinacion,2015Q2,1,-0.6971355670830737,2.426995929828783,3.1241314969118568,ECU
Comb. 50/50 RF-AR(1),combinacion,2015Q2,1,-0.6971355670830737,0.12327965079209346,0.8204152178751671,ECU
Ingenuo,referencia,2015Q3,1,-1.501350904591825,-0.6971355670830737,0.8042153375087513,ECU
Deriva,referencia,2015Q3,1,-1.501350904591825,-0.829581157572516,0.6717697470193089,ECU
AR(1),Box-Jenkins,2015Q3,1,-1.501350904591825,0.13611914469135566,1.6374700492831806,ECU
"ARMA(2,2)",Box-Jenkins,2015Q3,1,-1.501350904591825,0.6108122260065293,2.112163130598354,ECU
"ARIMA(1,1,1)",Box-Jenkins,2015Q3,1,-1.501350904591825,-0.6629997580873978,0.8383511465044272,ECU
Ridge sobre rezagos,regularizado,2015Q3,1,-1.501350904591825,-0.7830086270108323,0.7183422775809927,ECU
Random Forest,aprendizaje,2015Q3,1,-1.501350904591825,1.3043648165147639,2.805715721106589,ECU
LSTM(16),red neuronal,2015Q3,1,-1.501350904591825,-1.2378095137566545,0.2635413908351705,ECU
Comb. RF/AR(1) suave,combinacion,2015Q3,1,-1.501350904591825,1.1965450367936707,2.6978959413854957,ECU
Comb. RF/AR(1) dura,combinacion,2015Q3,1,-1.501350904591825,0.13611914469135566,1.6374700492831806,ECU
Comb. RF/ingenuo suave,combinacion,2015Q3,1,-1.501350904591825,0.9987906282262722,2.5001415328180974,ECU
Comb. LSTM/AR(1) suave,combinacion,2015Q3,1,-1.501350904591825,-1.1014280680489124,0.3999228365429126,ECU
Comb. 50/50 RF-AR(1),combinacion,2015Q3,1,-1.501350904591825,0.13611914469135566,1.6374700492831806,ECU
Ingenuo,referencia,2015Q4,1,-3.441899648981639,-1.501350904591825,1.940548744389814,ECU
Deriva,referencia,2015Q4,1,-3.441899648981639,-1.6451824229968488,1.7967172259847901,ECU
AR(1),Box-Jenkins,2015Q4,1,-3.441899648981639,-0.6926750780152306,2.7492245709664083,ECU
"ARMA(2,2)",Box-Jenkins,2015Q4,1,-3.441899648981639,-0.001998452549389018,3.43990119643225,ECU
"ARIMA(1,1,1)",Box-Jenkins,2015Q4,1,-3.441899648981639,-1.7387387782163617,1.7031608707652772,ECU
Ridge sobre rezagos,regularizado,2015Q4,1,-3.441899648981639,-0.9560581165526356,2.4858415324290033,ECU
Random Forest,aprendizaje,2015Q4,1,-3.441899648981639,1.2109233291794035,4.652822978161042,ECU
LSTM(16),red neuronal,2015Q4,1,-3.441899648981639,-0.1076046396903303,3.3342950092913086,ECU
Comb. RF/AR(1) suave,combinacion,2015Q4,1,-3.441899648981639,1.1273543381310323,4.569253987112671,ECU
Comb. RF/AR(1) dura,combinacion,2015Q4,1,-3.441899648981639,-0.6926750780152306,2.7492245709664083,ECU
Comb. RF/ingenuo suave,combinacion,2015Q4,1,-3.441899648981639,0.9616989183298892,4.403598567311528,ECU
Comb. LSTM/AR(1) suave,combinacion,2015Q4,1,-3.441899648981639,-0.06797484736918737,3.3739248016124517,ECU
Comb. 50/50 RF-AR(1),combinacion,2015Q4,1,-3.441899648981639,-0.6926750780152306,2.7492245709664083,ECU
Ingenuo,referencia,2016Q1,1,-0.18451563414885186,-3.441899648981639,-3.257384014832787,ECU
Deriva,referencia,2016Q1,1,-0.18451563414885186,-3.6156764544864095,-3.4311608203375576,ECU
AR(1),Box-Jenkins,2016Q1,1,-0.18451563414885186,-2.6926960821733466,-2.5081804480244947,ECU
"ARMA(2,2)",Box-Jenkins,2016Q1,1,-0.18451563414885186,-2.41978860724303,-2.2352729730941783,ECU
"ARIMA(1,1,1)",Box-Jenkins,2016Q1,1,-0.18451563414885186,-4.0400603184218795,-3.8555446842730277,ECU
Ridge sobre rezagos,regularizado,2016Q1,1,-0.18451563414885186,-0.4317060425263435,-0.24719040837749162,ECU
Random Forest,aprendizaje,2016Q1,1,-0.18451563414885186,-0.9827693603698776,-0.7982537262210258,ECU
LSTM(16),red neuronal,2016Q1,1,-0.18451563414885186,-0.4478311969900055,-0.26331556284115365,ECU
Comb. RF/AR(1) suave,combinacion,2016Q1,1,-0.18451563414885186,0.15975804425345658,0.34427367840230844,ECU
Comb. RF/AR(1) dura,combinacion,2016Q1,1,-0.18451563414885186,-2.6926960821733466,-2.5081804480244947,ECU
Comb. RF/ingenuo suave,combinacion,2016Q1,1,-0.18451563414885186,0.03428905668644733,0.2188046908352992,ECU
Comb. LSTM/AR(1) suave,combinacion,2016Q1,1,-0.18451563414885186,-1.3017762675907874,-1.1172606334419355,ECU
Comb. 50/50 RF-AR(1),combinacion,2016Q1,1,-0.18451563414885186,-2.6926960821733466,-2.5081804480244947,ECU
Ingenuo,referencia,2016Q2,1,-1.608815830161059,-0.18451563414885186,1.424300196012207,ECU
Deriva,referencia,2016Q2,1,-1.608815830161059,-0.30204390161530165,1.3067719285457573,ECU
AR(1),Box-Jenkins,2016Q2,1,-1.608815830161059,0.41613636737892845,2.0249521975399873,ECU
"ARMA(2,2)",Box-Jenkins,2016Q2,1,-1.608815830161059,2.312361455513731,3.9211772856747897,ECU
"ARIMA(1,1,1)",Box-Jenkins,2016Q2,1,-1.608815830161059,0.6316397924593801,2.240455622620439,ECU
Ridge sobre rezagos,regularizado,2016Q2,1,-1.608815830161059,1.1566218167262239,2.7654376468872828,ECU
Random Forest,aprendizaje,2016Q2,1,-1.608815830161059,-1.4146598263399226,0.1941560038211363,ECU
LSTM(16),red neuronal,2016Q2,1,-1.608815830161059,2.4329275021553216,4.041743332316381,ECU
Comb. RF/AR(1) suave,combinacion,2016Q2,1,-1.608815830161059,0.25420320941067986,1.8630190395717388,ECU
Comb. RF/AR(1) dura,combinacion,2016Q2,1,-1.608815830161059,0.41613636737892845,2.0249521975399873,ECU
Comb. RF/ingenuo suave,combinacion,2016Q2,1,-1.608815830161059,0.08422267162734666,1.6930385017884055,ECU
Comb. LSTM/AR(1) suave,combinacion,2016Q2,1,-1.608815830161059,1.1208505280335064,2.7296663581945655,ECU
Comb. 50/50 RF-AR(1),combinacion,2016Q2,1,-1.608815830161059,0.41613636737892845,2.0249521975399873,ECU
Ingenuo,referencia,2016Q3,1,2.5546065643129,-1.608815830161059,-4.163422394473959,ECU
Deriva,referencia,2016Q3,1,2.5546065643129,-1.7474210642169563,-4.302027628529856,ECU
AR(1),Box-Jenkins,2016Q3,1,2.5546065643129,-0.9261088638773416,-3.4807154281902415,ECU
"ARMA(2,2)",Box-Jenkins,2016Q3,1,2.5546065643129,-0.24535712543798838,-2.7999636897508884,ECU
"ARIMA(1,1,1)",Box-Jenkins,2016Q3,1,2.5546065643129,-1.8440786871747057,-4.398685251487606,ECU
Ridge sobre rezagos,regularizado,2016Q3,1,2.5546065643129,0.4933810488218864,-2.0612255154910137,ECU
Random Forest,aprendizaje,2016Q3,1,2.5546065643129,-1.8245002882720898,-4.379106852584989,ECU
LSTM(16),red neuronal,2016Q3,1,2.5546065643129,1.5615133351198778,-0.9930932291930223,ECU
Comb. RF/AR(1) suave,combinacion,2016Q3,1,2.5546065643129,-0.7685273660357268,-3.323133930348627,ECU
Comb. RF/AR(1) dura,combinacion,2016Q3,1,2.5546065643129,-0.9261088638773416,-3.4807154281902415,ECU
Comb. RF/ingenuo suave,combinacion,2016Q3,1,2.5546065643129,-0.9427912238814049,-3.497397788194305,ECU
Comb. LSTM/AR(1) suave,combinacion,2016Q3,1,2.5546065643129,0.4517015399070751,-2.102905024405825,ECU
Comb. 50/50 RF-AR(1),combinacion,2016Q3,1,2.5546065643129,-0.9261088638773416,-3.4807154281902415,ECU
Ingenuo,referencia,2016Q4,1,7.6765571868168125,2.5546065643129,-5.121950622503912,ECU
Deriva,referencia,2016Q4,1,7.6765571868168125,2.4842874830908097,-5.192269703726003,ECU
AR(1),Box-Jenkins,2016Q4,1,7.6765571868168125,2.781494411772823,-4.895062775043989,ECU
"ARMA(2,2)",Box-Jenkins,2016Q4,1,7.6765571868168125,4.550950409157853,-3.12560677765896,ECU
"ARIMA(1,1,1)",Box-Jenkins,2016Q4,1,7.6765571868168125,3.2761717034576616,-4.400385483359151,ECU
Ridge sobre rezagos,regularizado,2016Q4,1,7.6765571868168125,4.444445093687196,-3.232112093129617,ECU
Random Forest,aprendizaje,2016Q4,1,7.6765571868168125,3.128323246298207,-4.548233940518605,ECU
LSTM(16),red neuronal,2016Q4,1,7.6765571868168125,4.402838361951918,-3.2737188248648943,ECU
Comb. RF/AR(1) suave,combinacion,2016Q4,1,7.6765571868168125,3.009835940229685,-4.6667212465871275,ECU
Comb. RF/AR(1) dura,combinacion,2016Q4,1,7.6765571868168125,2.781494411772823,-4.895062775043989,ECU
Comb. RF/ingenuo suave,combinacion,2016Q4,1,7.6765571868168125,2.9250805155036153,-4.751476671313197,ECU
Comb. LSTM/AR(1) suave,combinacion,2016Q4,1,7.6765571868168125,3.4253421977143317,-4.251214989102481,ECU
Comb. 50/50 RF-AR(1),combinacion,2016Q4,1,7.6765571868168125,2.781494411772823,-4.895062775043989,ECU
Ingenuo,referencia,2017Q1,1,7.92969593751387,7.6765571868168125,-0.25313875069705727,ECU
Deriva,referencia,2017Q1,1,7.92969593751387,7.687367319715441,-0.24232861779842896,ECU
AR(1),Box-Jenkins,2017Q1,1,7.92969593751387,7.0280483310444595,-0.9016476064694103,ECU
"ARMA(2,2)",Box-Jenkins,2017Q1,1,7.92969593751387,9.773524446189121,1.8438285086752515,ECU
"ARIMA(1,1,1)",Box-Jenkins,2017Q1,1,7.92969593751387,9.213969424551077,1.2842734870372077,ECU
Ridge sobre rezagos,regularizado,2017Q1,1,7.92969593751387,8.389367009693949,0.45967107218007897,ECU
Random Forest,aprendizaje,2017Q1,1,7.92969593751387,8.554168624416075,0.6244726869022053,ECU
LSTM(16),red neuronal,2017Q1,1,7.92969593751387,8.322667827431662,0.3929718899177921,ECU
Comb. RF/AR(1) suave,combinacion,2017Q1,1,7.92969593751387,7.35026463904868,-0.5794312984651899,ECU
Comb. RF/AR(1) dura,combinacion,2017Q1,1,7.92969593751387,7.0280483310444595,-0.9016476064694103,ECU
Comb. RF/ingenuo suave,combinacion,2017Q1,1,7.92969593751387,7.667613025371411,-0.2620829121424588,ECU
Comb. LSTM/AR(1) suave,combinacion,2017Q1,1,7.92969593751387,7.973904979675773,0.0442090421619028,ECU
Comb. 50/50 RF-AR(1),combinacion,2017Q1,1,7.92969593751387,7.0280483310444595,-0.9016476064694103,ECU
Ingenuo,referencia,2017Q2,1,5.384024023618528,7.92969593751387,2.545671913895342,ECU
Deriva,referencia,2017Q2,1,5.384024023618528,7.9442342029940125,2.560210179375485,ECU
AR(1),Box-Jenkins,2017Q2,1,5.384024023618528,7.266985145113668,1.88296112149514,ECU
"ARMA(2,2)",Box-Jenkins,2017Q2,1,5.384024023618528,8.323886225501587,2.9398622018830594,ECU
"ARIMA(1,1,1)",Box-Jenkins,2017Q2,1,5.384024023618528,8.151158019237249,2.767133995618721,ECU
Ridge sobre rezagos,regularizado,2017Q2,1,5.384024023618528,11.621838032898914,6.237814009280386,ECU
Random Forest,aprendizaje,2017Q2,1,5.384024023618528,8.332852743615577,2.9488287199970493,ECU
LSTM(16),red neuronal,2017Q2,1,5.384024023618528,10.224538687686511,4.8405146640679835,ECU
Comb. RF/AR(1) suave,combinacion,2017Q2,1,5.384024023618528,7.512891494990041,2.128867471371513,ECU
Comb. RF/AR(1) dura,combinacion,2017Q2,1,5.384024023618528,7.266985145113668,1.88296112149514,ECU
Comb. RF/ingenuo suave,combinacion,2017Q2,1,5.384024023618528,7.848405731724455,2.464381708105927,ECU
Comb. LSTM/AR(1) suave,combinacion,2017Q2,1,5.384024023618528,8.498529648166203,3.114505624547675,ECU
Comb. 50/50 RF-AR(1),combinacion,2017Q2,1,5.384024023618528,7.266985145113668,1.88296112149514,ECU
Ingenuo,referencia,2017Q3,1,3.0084166240655463,5.384024023618528,2.3756073995529814,ECU
Deriva,referencia,2017Q3,1,3.0084166240655463,5.359771225774799,2.351354601709253,ECU
AR(1),Box-Jenkins,2017Q3,1,3.0084166240655463,5.151625773199446,2.1432091491338996,ECU
"ARMA(2,2)",Box-Jenkins,2017Q3,1,3.0084166240655463,4.397441456702638,1.3890248326370918,ECU
"ARIMA(1,1,1)",Box-Jenkins,2017Q3,1,3.0084166240655463,4.760801022047207,1.7523843979816602,ECU
Ridge sobre rezagos,regularizado,2017Q3,1,3.0084166240655463,4.1262911536208495,1.1178745295553032,ECU
Random Forest,aprendizaje,2017Q3,1,3.0084166240655463,6.630300609088392,3.621883985022846,ECU
LSTM(16),red neuronal,2017Q3,1,3.0084166240655463,4.90292502964221,1.894508405576664,ECU
Comb. RF/AR(1) suave,combinacion,2017Q3,1,3.0084166240655463,6.0598650306187904,3.051448406553244,ECU
Comb. RF/AR(1) dura,combinacion,2017Q3,1,3.0084166240655463,5.151625773199446,2.1432091491338996,ECU
Comb. RF/ingenuo suave,combinacion,2017Q3,1,3.0084166240655463,6.141996603885209,3.133579979819663,ECU
Comb. LSTM/AR(1) suave,combinacion,2017Q3,1,3.0084166240655463,5.237095218727289,2.2286785946617425,ECU
Comb. 50/50 RF-AR(1),combinacion,2017Q3,1,3.0084166240655463,5.151625773199446,2.1432091491338996,ECU
Ingenuo,referencia,2017Q4,1,0.8619108979959877,3.0084166240655463,2.1465057260695586,ECU
Deriva,referencia,2017Q4,1,0.8619108979959877,2.9490689814201874,2.0871580834241996,ECU
AR(1),Box-Jenkins,2017Q4,1,0.8619108979959877,3.217524240348419,2.3556133423524312,ECU
"ARMA(2,2)",Box-Jenkins,2017Q4,1,0.8619108979959877,2.1791045419615855,1.3171936439655978,ECU
"ARIMA(1,1,1)",Box-Jenkins,2017Q4,1,0.8619108979959877,2.395613524133722,1.5337026261377344,ECU
Ridge sobre rezagos,regularizado,2017Q4,1,0.8619108979959877,0.19254591639639607,-0.6693649815995917,ECU
Random Forest,aprendizaje,2017Q4,1,0.8619108979959877,2.739368517294154,1.8774576192981662,ECU
LSTM(16),red neuronal,2017Q4,1,0.8619108979959877,1.1810735983154523,0.3191627003194646,ECU
Comb. RF/AR(1) suave,combinacion,2017Q4,1,0.8619108979959877,3.1408267015444347,2.278915803548447,ECU
Comb. RF/AR(1) dura,combinacion,2017Q4,1,0.8619108979959877,3.217524240348419,2.3556133423524312,ECU
Comb. RF/ingenuo suave,combinacion,2017Q4,1,0.8619108979959877,3.093482067707251,2.2315711697112635,ECU
Comb. LSTM/AR(1) suave,combinacion,2017Q4,1,0.8619108979959877,1.8903406555481697,1.028429757552182,ECU
Comb. 50/50 RF-AR(1),combinacion,2017Q4,1,0.8619108979959877,3.217524240348419,2.3556133423524312,ECU
Ingenuo,referencia,2018Q1,1,0.45246447077764707,0.8619108979959877,0.4094464272183407,ECU
Deriva,referencia,2018Q1,1,0.45246447077764707,0.7718697541238024,0.31940528334615537,ECU
AR(1),Box-Jenkins,2018Q1,1,0.45246447077764707,1.4491097561866848,0.9966452854090377,ECU
"ARMA(2,2)",Box-Jenkins,2018Q1,1,0.45246447077764707,0.6580863503225995,0.20562187954495248,ECU
"ARIMA(1,1,1)",Box-Jenkins,2018Q1,1,0.45246447077764707,0.259114726878089,-0.19334974389955806,ECU
Ridge sobre rezagos,regularizado,2018Q1,1,0.45246447077764707,0.011138970006748572,-0.4413255007708985,ECU
Random Forest,aprendizaje,2018Q1,1,0.45246447077764707,1.6203577361934134,1.1678932654157663,ECU
LSTM(16),red neuronal,2018Q1,1,0.45246447077764707,0.11773921892271755,-0.3347252518549295,ECU
Comb. RF/AR(1) suave,combinacion,2018Q1,1,0.45246447077764707,1.1445624027200214,0.6920979319423743,ECU
Comb. RF/AR(1) dura,combinacion,2018Q1,1,0.45246447077764707,1.4491097561866848,0.9966452854090377,ECU
Comb. RF/ingenuo suave,combinacion,2018Q1,1,0.45246447077764707,1.0578828771553748,0.6054184063777277,ECU
Comb. LSTM/AR(1) suave,combinacion,2018Q1,1,0.45246447077764707,-0.002171026156341682,-0.45463549693398875,ECU
Comb. 50/50 RF-AR(1),combinacion,2018Q1,1,0.45246447077764707,1.4491097561866848,0.9966452854090377,ECU
Ingenuo,referencia,2018Q2,1,2.0980294182437964,0.45246447077764707,-1.6455649474661493,ECU
Deriva,referencia,2018Q2,1,2.0980294182437964,0.35779426482798127,-1.7402351534158151,ECU
AR(1),Box-Jenkins,2018Q2,1,2.0980294182437964,1.0830319562325093,-1.0149974620112872,ECU
"ARMA(2,2)",Box-Jenkins,2018Q2,1,2.0980294182437964,1.0784726748007758,-1.0195567434430206,ECU
"ARIMA(1,1,1)",Box-Jenkins,2018Q2,1,2.0980294182437964,0.3391378258572195,-1.7588915923865769,ECU
Ridge sobre rezagos,regularizado,2018Q2,1,2.0980294182437964,1.4806065041759187,-0.6174229140678777,ECU
Random Forest,aprendizaje,2018Q2,1,2.0980294182437964,1.470287355374298,-0.6277420628694983,ECU
LSTM(16),red neuronal,2018Q2,1,2.0980294182437964,1.129830629885809,-0.9681987883579874,ECU
Comb. RF/AR(1) suave,combinacion,2018Q2,1,2.0980294182437964,0.8070337498934133,-1.2909956683503832,ECU
Comb. RF/AR(1) dura,combinacion,2018Q2,1,2.0980294182437964,1.0830319562325093,-1.0149974620112872,ECU
Comb. RF/ingenuo suave,combinacion,2018Q2,1,2.0980294182437964,0.6658489985626601,-1.4321804196811363,ECU
Comb. LSTM/AR(1) suave,combinacion,2018Q2,1,2.0980294182437964,1.4505675324520484,-0.647461885791748,ECU
Comb. 50/50 RF-AR(1),combinacion,2018Q2,1,2.0980294182437964,1.0830319562325093,-1.0149974620112872,ECU
Ingenuo,referencia,2018Q3,1,0.7816678642439623,2.0980294182437964,1.3163615539998341,ECU
Deriva,referencia,2018Q3,1,0.7816678642439623,2.028219714485785,1.246551850241823,ECU
AR(1),Box-Jenkins,2018Q3,1,0.7816678642439623,2.4443771966535284,1.662709332409566,ECU
"ARMA(2,2)",Box-Jenkins,2018Q3,1,0.7816678642439623,3.352772062943319,2.5711041986993566,ECU
"ARIMA(1,1,1)",Box-Jenkins,2018Q3,1,0.7816678642439623,2.5595202481050614,1.7778523838610991,ECU
Ridge sobre rezagos,regularizado,2018Q3,1,0.7816678642439623,3.7543892636050296,2.9727213993610673,ECU
Random Forest,aprendizaje,2018Q3,1,0.7816678642439623,3.3925595306847995,2.6108916664408373,ECU
LSTM(16),red neuronal,2018Q3,1,0.7816678642439623,4.248448429648751,3.4667805654047887,ECU
Comb. RF/AR(1) suave,combinacion,2018Q3,1,0.7816678642439623,2.036045941436334,1.2543780771923716,ECU
Comb. RF/AR(1) dura,combinacion,2018Q3,1,0.7816678642439623,2.4443771966535284,1.662709332409566,ECU
Comb. RF/ingenuo suave,combinacion,2018Q3,1,0.7816678642439623,1.9666865142293586,1.1850186499853963,ECU
Comb. LSTM/AR(1) suave,combinacion,2018Q3,1,0.7816678642439623,3.619670355051905,2.8380024908079426,ECU
Comb. 50/50 RF-AR(1),combinacion,2018Q3,1,0.7816678642439623,2.4443771966535284,1.662709332409566,ECU
Ingenuo,referencia,2018Q4,1,0.15808999571589322,0.7816678642439623,0.6235778685280691,ECU
Deriva,referencia,2018Q4,1,0.15808999571589322,0.6943010921726859,0.5362110964567927,ECU
AR(1),Box-Jenkins,2018Q4,1,0.15808999571589322,1.3431510235416724,1.1850610278257792,ECU
"ARMA(2,2)",Box-Jenkins,2018Q4,1,0.15808999571589322,1.5488549983577777,1.3907650026418845,ECU
"ARIMA(1,1,1)",Box-Jenkins,2018Q4,1,0.15808999571589322,0.42418401860937077,0.26609402289347756,ECU
Ridge sobre rezagos,regularizado,2018Q4,1,0.15808999571589322,2.207505619914695,2.0494156241988017,ECU
Random Forest,aprendizaje,2018Q4,1,0.15808999571589322,2.1922833449562207,2.0341933492403275,ECU
LSTM(16),red neuronal,2018Q4,1,0.15808999571589322,2.2342818698028752,2.076191874086982,ECU
Comb. RF/AR(1) suave,combinacion,2018Q4,1,0.15808999571589322,1.5329736524402773,1.374883656724384,ECU
Comb. RF/AR(1) dura,combinacion,2018Q4,1,0.15808999571589322,1.3431510235416724,1.1850610278257792,ECU
Comb. RF/ingenuo suave,combinacion,2018Q4,1,0.15808999571589322,1.4872756088940822,1.329185613178189,ECU
Comb. LSTM/AR(1) suave,combinacion,2018Q4,1,0.15808999571589322,1.2265487042408685,1.0684587085249753,ECU
Comb. 50/50 RF-AR(1),combinacion,2018Q4,1,0.15808999571589322,1.3431510235416724,1.1850610278257792,ECU
Ingenuo,referencia,2019Q1,1,0.8087931584344732,0.15808999571589322,-0.65070316271858,ECU
Deriva,referencia,2019Q1,1,0.8087931584344732,0.06327584730493915,-0.745517311129534,ECU
AR(1),Box-Jenkins,2019Q1,1,0.8087931584344732,0.7959857110591364,-0.012807447375336789,ECU
"ARMA(2,2)",Box-Jenkins,2019Q1,1,0.8087931584344732,1.000982331666331,0.1921891732318579,ECU
"ARIMA(1,1,1)",Box-Jenkins,2019Q1,1,0.8087931584344732,0.0018663658420217943,-0.8069267925924514,ECU
Ridge sobre rezagos,regularizado,2019Q1,1,0.8087931584344732,0.8588455291888395,0.050052370754366304,ECU
Random Forest,aprendizaje,2019Q1,1,0.8087931584344732,0.19701621685451257,-0.6117769415799607,ECU
LSTM(16),red neuronal,2019Q1,1,0.8087931584344732,-0.8239878073530793,-1.6327809657875525,ECU
Comb. RF/AR(1) suave,combinacion,2019Q1,1,0.8087931584344732,-0.07679087211617097,-0.8855840305506442,ECU
Comb. RF/AR(1) dura,combinacion,2019Q1,1,0.8087931584344732,-0.07679087211617097,-0.8855840305506442,ECU
Comb. RF/ingenuo suave,combinacion,2019Q1,1,0.8087931584344732,-0.07679087211617097,-0.8855840305506442,ECU
Comb. LSTM/AR(1) suave,combinacion,2019Q1,1,0.8087931584344732,-1.064309974052584,-1.8731031324870573,ECU
Comb. 50/50 RF-AR(1),combinacion,2019Q1,1,0.8087931584344732,0.7440054459686524,-0.06478771246582082,ECU
Ingenuo,referencia,2019Q2,1,0.28908314966771265,0.8087931584344732,0.5197100087667605,ECU
Deriva,referencia,2019Q2,1,0.28908314966771265,0.7241915759294032,0.43510842626169055,ECU
AR(1),Box-Jenkins,2019Q2,1,0.28908314966771265,1.3274572318258082,1.0383740821580956,ECU
"ARMA(2,2)",Box-Jenkins,2019Q2,1,0.28908314966771265,1.96001235571911,1.6709292060513974,ECU
"ARIMA(1,1,1)",Box-Jenkins,2019Q2,1,0.28908314966771265,0.9873544331888118,0.6982712835210991,ECU
Ridge sobre rezagos,regularizado,2019Q2,1,0.28908314966771265,0.9907624356235543,0.7016792859558416,ECU
Random Forest,aprendizaje,2019Q2,1,0.28908314966771265,1.767302357281655,1.4782192076139424,ECU
LSTM(16),red neuronal,2019Q2,1,0.28908314966771265,0.06797211039714757,-0.22111103927056508,ECU
Comb. RF/AR(1) suave,combinacion,2019Q2,1,0.28908314966771265,1.244434056347083,0.9553509066793704,ECU
Comb. RF/AR(1) dura,combinacion,2019Q2,1,0.28908314966771265,1.244434056347083,0.9553509066793704,ECU
Comb. RF/ingenuo suave,combinacion,2019Q2,1,0.28908314966771265,1.244434056347083,0.9553509066793704,ECU
Comb. LSTM/AR(1) suave,combinacion,2019Q2,1,0.28908314966771265,1.4922277195590428,1.2031445698913301,ECU
Comb. 50/50 RF-AR(1),combinacion,2019Q2,1,0.28908314966771265,1.3111852932404637,1.022102143572751,ECU
Ingenuo,referencia,2019Q3,1,-0.5993934156000913,0.28908314966771265,0.8884765652678039,ECU
Deriva,referencia,2019Q3,1,-0.5993934156000913,0.19860172356451167,0.797995139164603,ECU
AR(1),Box-Jenkins,2019Q3,1,-0.5993934156000913,0.869630872864265,1.4690242884643563,ECU
"ARMA(2,2)",Box-Jenkins,2019Q3,1,-0.5993934156000913,1.2361130491119054,1.8355064647119967,ECU
"ARIMA(1,1,1)",Box-Jenkins,2019Q3,1,-0.5993934156000913,0.1465961370823007,0.745989552682392,ECU
Ridge sobre rezagos,regularizado,2019Q3,1,-0.5993934156000913,1.7629664080259109,2.362359823626002,ECU
Random Forest,aprendizaje,2019Q3,1,-0.5993934156000913,1.508783934559846,2.108177350159937,ECU
LSTM(16),red neuronal,2019Q3,1,-0.5993934156000913,1.407865996419881,2.0072594120199723,ECU
Comb. RF/AR(1) suave,combinacion,2019Q3,1,-0.5993934156000913,0.7467561040432429,1.3461495196433342,ECU
Comb. RF/AR(1) dura,combinacion,2019Q3,1,-0.5993934156000913,0.7467561040432429,1.3461495196433342,ECU
Comb. RF/ingenuo suave,combinacion,2019Q3,1,-0.5993934156000913,0.7467561040432429,1.3461495196433342,ECU
Comb. LSTM/AR(1) suave,combinacion,2019Q3,1,-0.5993934156000913,0.6825908737830817,1.281984289383173,ECU
Comb. 50/50 RF-AR(1),combinacion,2019Q3,1,-0.5993934156000913,0.827273667091114,1.4266670826912053,ECU
Ingenuo,referencia,2019Q4,1,-1.901523549372075,-0.5993934156000913,1.3021301337719837,ECU
Deriva,referencia,2019Q4,1,-1.901523549372075,-0.7005147768921537,1.2010087724799212,ECU
AR(1),Box-Jenkins,2019Q4,1,-1.901523549372075,0.08214957652125143,1.9836731258933264,ECU
"ARMA(2,2)",Box-Jenkins,2019Q4,1,-1.901523549372075,0.2471827166542604,2.1487062660263354,ECU
"ARIMA(1,1,1)",Box-Jenkins,2019Q4,1,-1.901523549372075,-0.8288043279579359,1.0727192214141392,ECU
Ridge sobre rezagos,regularizado,2019Q4,1,-1.901523549372075,0.3042622325832429,2.205785781955318,ECU
Random Forest,aprendizaje,2019Q4,1,-1.901523549372075,0.10751498525461332,2.009038534626688,ECU
LSTM(16),red neuronal,2019Q4,1,-1.901523549372075,0.42623124833298265,2.3277547977050577,ECU
Comb. RF/AR(1) suave,combinacion,2019Q4,1,-1.901523549372075,0.2928163385169082,2.194339887888983,ECU
Comb. RF/AR(1) dura,combinacion,2019Q4,1,-1.901523549372075,0.2928163385169082,2.194339887888983,ECU
Comb. RF/ingenuo suave,combinacion,2019Q4,1,-1.901523549372075,0.2928163385169082,2.194339887888983,ECU
Comb. LSTM/AR(1) suave,combinacion,2019Q4,1,-1.901523549372075,0.8947008408005046,2.7962243901725796,ECU
Comb. 50/50 RF-AR(1),combinacion,2019Q4,1,-1.901523549372075,0.2251886958897274,2.1267122452618024,ECU
Ingenuo,referencia,2020Q1,1,-17.983553292501387,-1.901523549372075,16.08202974312931,ECU
Deriva,referencia,2020Q1,1,-17.983553292501387,-2.018447657670452,15.965105634830936,ECU
AR(1),Box-Jenkins,2020Q1,1,-17.983553292501387,-1.1019282271488209,16.881625065352566,ECU
"ARMA(2,2)",Box-Jenkins,2020Q1,1,-17.983553292501387,-1.0509171675086804,16.932636124992708,ECU
"ARIMA(1,1,1)",Box-Jenkins,2020Q1,1,-17.983553292501387,-2.2429518003117264,15.740601492189661,ECU
Ridge sobre rezagos,regularizado,2020Q1,1,-17.983553292501387,-1.7386544692236465,16.24489882327774,ECU
Random Forest,aprendizaje,2020Q1,1,-17.983553292501387,-1.1453035290685607,16.838249763432827,ECU
LSTM(16),red neuronal,2020Q1,1,-17.983553292501387,-1.6064345342324473,16.37711875826894,ECU
Comb. RF/AR(1) suave,combinacion,2020Q1,1,-17.983553292501387,-0.04271229490825654,17.94084099759313,ECU
Comb. RF/AR(1) dura,combinacion,2020Q1,1,-17.983553292501387,-0.04271229490825654,17.94084099759313,ECU
Comb. RF/ingenuo suave,combinacion,2020Q1,1,-17.983553292501387,-0.04271229490825654,17.94084099759313,ECU
Comb. LSTM/AR(1) suave,combinacion,2020Q1,1,-17.983553292501387,-0.7922420835396458,17.191311208961743,ECU
Comb. 50/50 RF-AR(1),combinacion,2020Q1,1,-17.983553292501387,-0.04271229490825654,17.94084099759313,ECU
Ingenuo,referencia,2020Q2,1,-10.362246324396352,-17.983553292501387,-7.621306968105035,ECU
Deriva,referencia,2020Q2,1,-10.362246324396352,-18.30781643501835,-7.945570110621997,ECU
AR(1),Box-Jenkins,2020Q2,1,-10.362246324396352,-17.87478658238321,-7.512540257986856,ECU
"ARMA(2,2)",Box-Jenkins,2020Q2,1,-10.362246324396352,-19.8926383158951,-9.530391991498746,ECU
"ARIMA(1,1,1)",Box-Jenkins,2020Q2,1,-10.362246324396352,-23.621867113416286,-13.259620789019934,ECU
Ridge sobre rezagos,regularizado,2020Q2,1,-10.362246324396352,-22.684938961796654,-12.322692637400301,ECU
Random Forest,aprendizaje,2020Q2,1,-10.362246324396352,-8.536263955704369,1.8259823686919834,ECU
LSTM(16),red neuronal,2020Q2,1,-10.362246324396352,-6.305446672285122,4.056799652111231,ECU
Comb. RF/AR(1) suave,combinacion,2020Q2,1,-10.362246324396352,-17.87478658238321,-7.512540257986856,ECU
Comb. RF/AR(1) dura,combinacion,2020Q2,1,-10.362246324396352,-17.87478658238321,-7.512540257986856,ECU
Comb. RF/ingenuo suave,combinacion,2020Q2,1,-10.362246324396352,-17.983553292501387,-7.621306968105035,ECU
Comb. LSTM/AR(1) suave,combinacion,2020Q2,1,-10.362246324396352,-17.87478658238321,-7.512540257986856,ECU
Comb. 50/50 RF-AR(1),combinacion,2020Q2,1,-10.362246324396352,-17.87478658238321,-7.512540257986856,ECU
Ingenuo,referencia,2020Q3,1,-6.629616696860586,-10.362246324396352,-3.7326296275357667,ECU
Deriva,referencia,2020Q3,1,-6.629616696860586,-10.5846431834438,-3.9550264865832148,ECU
AR(1),Box-Jenkins,2020Q3,1,-6.629616696860586,-8.393454809065052,-1.763838112204466,ECU
"ARMA(2,2)",Box-Jenkins,2020Q3,1,-6.629616696860586,-20.021893913029032,-13.392277216168447,ECU
"ARIMA(1,1,1)",Box-Jenkins,2020Q3,1,-6.629616696860586,-11.471313150073152,-4.841696453212567,ECU
Ridge sobre rezagos,regularizado,2020Q3,1,-6.629616696860586,-13.835330497018468,-7.205713800157882,ECU
Random Forest,aprendizaje,2020Q3,1,-6.629616696860586,-9.290749582545095,-2.661132885684509,ECU
LSTM(16),red neuronal,2020Q3,1,-6.629616696860586,-7.639032795845813,-1.009416098985227,ECU
Comb. RF/AR(1) suave,combinacion,2020Q3,1,-6.629616696860586,-8.393454809065052,-1.763838112204466,ECU
Comb. RF/AR(1) dura,combinacion,2020Q3,1,-6.629616696860586,-8.393454809065052,-1.763838112204466,ECU
Comb. RF/ingenuo suave,combinacion,2020Q3,1,-6.629616696860586,-10.362246324396352,-3.7326296275357667,ECU
Comb. LSTM/AR(1) suave,combinacion,2020Q3,1,-6.629616696860586,-8.393454809065052,-1.763838112204466,ECU
Comb. 50/50 RF-AR(1),combinacion,2020Q3,1,-6.629616696860586,-8.393454809065052,-1.763838112204466,ECU
Ingenuo,referencia,2020Q4,1,-2.5398645859893154,-6.629616696860586,-4.08975211087127,ECU
Deriva,referencia,2020Q4,1,-2.5398645859893154,-6.801949929495588,-4.262085343506272,ECU
AR(1),Box-Jenkins,2020Q4,1,-2.5398645859893154,-5.0476463880983315,-2.507781802109016,ECU
"ARMA(2,2)",Box-Jenkins,2020Q4,1,-2.5398645859893154,-4.382272006564634,-1.8424074205753183,ECU
"ARIMA(1,1,1)",Box-Jenkins,2020Q4,1,-2.5398645859893154,-5.711006055303011,-3.171141469313696,ECU
Ridge sobre rezagos,regularizado,2020Q4,1,-2.5398645859893154,-4.817161580473551,-2.277296994484235,ECU
Random Forest,aprendizaje,2020Q4,1,-2.5398645859893154,-9.643228039081993,-7.103363453092678,ECU
LSTM(16),red neuronal,2020Q4,1,-2.5398645859893154,-6.518644078638832,-3.978779492649517,ECU
Comb. RF/AR(1) suave,combinacion,2020Q4,1,-2.5398645859893154,-5.0476463880983315,-2.507781802109016,ECU
Comb. RF/AR(1) dura,combinacion,2020Q4,1,-2.5398645859893154,-5.0476463880983315,-2.507781802109016,ECU
Comb. RF/ingenuo suave,combinacion,2020Q4,1,-2.5398645859893154,-6.629616696860586,-4.08975211087127,ECU
Comb. LSTM/AR(1) suave,combinacion,2020Q4,1,-2.5398645859893154,-5.0476463880983315,-2.507781802109016,ECU
Comb. 50/50 RF-AR(1),combinacion,2020Q4,1,-2.5398645859893154,-5.0476463880983315,-2.507781802109016,ECU
Ingenuo,referencia,2021Q1,1,19.346945384136195,-2.5398645859893154,-21.886809970125512,ECU
Deriva,referencia,2021Q1,1,19.346945384136195,-2.6589217518304893,-22.005867135966685,ECU
AR(1),Box-Jenkins,2021Q1,1,19.346945384136195,-1.543612984031442,-20.890558368167635,ECU
"ARMA(2,2)",Box-Jenkins,2021Q1,1,19.346945384136195,-0.011869579872743174,-19.35881496400894,ECU
"ARIMA(1,1,1)",Box-Jenkins,2021Q1,1,19.346945384136195,-2.5335125270934196,-21.880457911229612,ECU
Ridge sobre rezagos,regularizado,2021Q1,1,19.346945384136195,5.481973340684868,-13.864972043451328,ECU
Random Forest,aprendizaje,2021Q1,1,19.346945384136195,-5.299811991992451,-24.646757376128647,ECU
LSTM(16),red neuronal,2021Q1,1,19.346945384136195,-2.712725363109629,-22.059670747245825,ECU
Comb. RF/AR(1) suave,combinacion,2021Q1,1,19.346945384136195,-1.543612984031442,-20.890558368167635,ECU
Comb. RF/AR(1) dura,combinacion,2021Q1,1,19.346945384136195,-1.543612984031442,-20.890558368167635,ECU
Comb. RF/ingenuo suave,combinacion,2021Q1,1,19.346945384136195,-2.5398645859893154,-21.886809970125512,ECU
Comb. LSTM/AR(1) suave,combinacion,2021Q1,1,19.346945384136195,-1.543612984031442,-20.890558368167635,ECU
Comb. 50/50 RF-AR(1),combinacion,2021Q1,1,19.346945384136195,-1.543612984031442,-20.890558368167635,ECU
Ingenuo,referencia,2021Q2,1,12.395984742422606,19.346945384136195,6.950960641713589,ECU
Deriva,referencia,2021Q2,1,12.395984742422606,19.49956559034399,7.1035808479213856,ECU
AR(1),Box-Jenkins,2021Q2,1,12.395984742422606,15.115236698192296,2.719251955769691,ECU
"ARMA(2,2)",Box-Jenkins,2021Q2,1,12.395984742422606,15.596975842741246,3.2009911003186406,ECU
"ARIMA(1,1,1)",Box-Jenkins,2021Q2,1,12.395984742422606,15.098806808128138,2.702822065705533,ECU
Ridge sobre rezagos,regularizado,2021Q2,1,12.395984742422606,14.229432944646453,1.8334482022238472,ECU
Random Forest,aprendizaje,2021Q2,1,12.395984742422606,9.20596921548518,-3.190015526937426,ECU
LSTM(16),red neuronal,2021Q2,1,12.395984742422606,12.225878766014603,-0.17010597640800285,ECU
Comb. RF/AR(1) suave,combinacion,2021Q2,1,12.395984742422606,15.115236698192296,2.719251955769691,ECU
Comb. RF/AR(1) dura,combinacion,2021Q2,1,12.395984742422606,15.115236698192296,2.719251955769691,ECU
Comb. RF/ingenuo suave,combinacion,2021Q2,1,12.395984742422606,19.346945384136195,6.950960641713589,ECU
Comb. LSTM/AR(1) suave,combinacion,2021Q2,1,12.395984742422606,15.115236698192296,2.719251955769691,ECU
Comb. 50/50 RF-AR(1),combinacion,2021Q2,1,12.395984742422606,15.115236698192296,2.719251955769691,ECU
Ingenuo,referencia,2021Q3,1,10.360979300555773,12.395984742422606,2.035005441866833,ECU
Deriva,referencia,2021Q3,1,10.360979300555773,12.461975913899655,2.1009966133438827,ECU
AR(1),Box-Jenkins,2021Q3,1,10.360979300555773,9.797398947379781,-0.5635803531759915,ECU
"ARMA(2,2)",Box-Jenkins,2021Q3,1,10.360979300555773,7.5995650117467815,-2.761414288808991,ECU
"ARIMA(1,1,1)",Box-Jenkins,2021Q3,1,10.360979300555773,9.789505564386785,-0.5714737361689881,ECU
Ridge sobre rezagos,regularizado,2021Q3,1,10.360979300555773,12.341066450112285,1.9800871495565122,ECU
Random Forest,aprendizaje,2021Q3,1,10.360979300555773,9.317188085904473,-1.0437912146513,ECU
LSTM(16),red neuronal,2021Q3,1,10.360979300555773,13.240148189367064,2.879168888811291,ECU
Comb. RF/AR(1) suave,combinacion,2021Q3,1,10.360979300555773,9.797398947379781,-0.5635803531759915,ECU
Comb. RF/AR(1) dura,combinacion,2021Q3,1,10.360979300555773,9.797398947379781,-0.5635803531759915,ECU
Comb. RF/ingenuo suave,combinacion,2021Q3,1,10.360979300555773,12.395984742422606,2.035005441866833,ECU
Comb. LSTM/AR(1) suave,combinacion,2021Q3,1,10.360979300555773,9.797398947379781,-0.5635803531759915,ECU
Comb. 50/50 RF-AR(1),combinacion,2021Q3,1,10.360979300555773,9.797398947379781,-0.5635803531759915,ECU
Ingenuo,referencia,2021Q4,1,8.983731520120841,10.360979300555773,1.3772477804349315,ECU
Deriva,referencia,2021Q4,1,8.983731520120841,10.401657259823859,1.4179257397030174,ECU
AR(1),Box-Jenkins,2021Q4,1,8.983731520120841,8.390607117242963,-0.5931244028778782,ECU
"ARMA(2,2)",Box-Jenkins,2021Q4,1,8.983731520120841,10.040468741195902,1.0567372210750605,ECU
"ARIMA(1,1,1)",Box-Jenkins,2021Q4,1,8.983731520120841,8.385139762050482,-0.5985917580703592,ECU
Ridge sobre rezagos,regularizado,2021Q4,1,8.983731520120841,12.76390553333636,3.780174013215518,ECU
Random Forest,aprendizaje,2021Q4,1,8.983731520120841,8.744024428778316,-0.23970709134252566,ECU
LSTM(16),red neuronal,2021Q4,1,8.983731520120841,8.306929661648665,-0.6768018584721762,ECU
Comb. RF/AR(1) suave,combinacion,2021Q4,1,8.983731520120841,8.390607117242963,-0.5931244028778782,ECU
Comb. RF/AR(1) dura,combinacion,2021Q4,1,8.983731520120841,8.390607117242963,-0.5931244028778782,ECU
Comb. RF/ingenuo suave,combinacion,2021Q4,1,8.983731520120841,10.360979300555773,1.3772477804349315,ECU
Comb. LSTM/AR(1) suave,combinacion,2021Q4,1,8.983731520120841,8.390607117242963,-0.5931244028778782,ECU
Comb. 50/50 RF-AR(1),combinacion,2021Q4,1,8.983731520120841,8.390607117242963,-0.5931244028778782,ECU
Ingenuo,referencia,2022Q1,1,5.24649110547577,8.983731520120841,3.737240414645071,ECU
Deriva,referencia,2022Q1,1,5.24649110547577,9.00752941105913,3.7610383055833596,ECU
AR(1),Box-Jenkins,2022Q1,1,5.24649110547577,7.4360986099416255,2.1896075044658554,ECU
"ARMA(2,2)",Box-Jenkins,2022Q1,1,5.24649110547577,5.5620219041180885,0.31553079864231837,ECU
"ARIMA(1,1,1)",Box-Jenkins,2022Q1,1,5.24649110547577,9.031892562988595,3.785401457512825,ECU
Ridge sobre rezagos,regularizado,2022Q1,1,5.24649110547577,-10.920203973990589,-16.166695079466358,ECU
Random Forest,aprendizaje,2022Q1,1,5.24649110547577,8.244441790049995,2.997950684574225,ECU
LSTM(16),red neuronal,2022Q1,1,5.24649110547577,7.015392699242192,1.7689015937664223,ECU
Comb. RF/AR(1) suave,combinacion,2022Q1,1,5.24649110547577,7.4360986099416255,2.1896075044658554,ECU
Comb. RF/AR(1) dura,combinacion,2022Q1,1,5.24649110547577,7.4360986099416255,2.1896075044658554,ECU
Comb. RF/ingenuo suave,combinacion,2022Q1,1,5.24649110547577,8.983731520120841,3.737240414645071,ECU
Comb. LSTM/AR(1) suave,combinacion,2022Q1,1,5.24649110547577,7.4360986099416255,2.1896075044658554,ECU
Comb. 50/50 RF-AR(1),combinacion,2022Q1,1,5.24649110547577,7.4360986099416255,2.1896075044658554,ECU
Ingenuo,referencia,2022Q2,1,5.42016792995168,5.24649110547577,-0.17367682447591015,ECU
Deriva,referencia,2022Q2,1,5.42016792995168,5.226041486936608,-0.19412644301507243,ECU
AR(1),Box-Jenkins,2022Q2,1,5.42016792995168,4.752274203737047,-0.6678937262146336,ECU
"ARMA(2,2)",Box-Jenkins,2022Q2,1,5.42016792995168,5.632761898796402,0.21259396884472181,ECU
"ARIMA(1,1,1)",Box-Jenkins,2022Q2,1,5.42016792995168,5.366202381542698,-0.053965548408982045,ECU
Ridge sobre rezagos,regularizado,2022Q2,1,5.42016792995168,12.011062043868142,6.590894113916462,ECU
Random Forest,aprendizaje,2022Q2,1,5.42016792995168,4.406330201104171,-1.0138377288475091,ECU
LSTM(16),red neuronal,2022Q2,1,5.42016792995168,4.327701344610234,-1.0924665853414464,ECU
Comb. RF/AR(1) suave,combinacion,2022Q2,1,5.42016792995168,4.752274203737047,-0.6678937262146336,ECU
Comb. RF/AR(1) dura,combinacion,2022Q2,1,5.42016792995168,4.752274203737047,-0.6678937262146336,ECU
Comb. RF/ingenuo suave,combinacion,2022Q2,1,5.42016792995168,5.24649110547577,-0.17367682447591015,ECU
Comb. LSTM/AR(1) suave,combinacion,2022Q2,1,5.42016792995168,4.752274203737047,-0.6678937262146336,ECU
Comb. 50/50 RF-AR(1),combinacion,2022Q2,1,5.42016792995168,4.752274203737047,-0.6678937262146336,ECU
Ingenuo,referencia,2022Q3,1,3.9865618688560867,5.42016792995168,1.4336060610955936,ECU
Deriva,referencia,2022Q3,1,3.9865618688560867,5.4019755956336235,1.4154137267775369,ECU
AR(1),Box-Jenkins,2022Q3,1,3.9865618688560867,4.883015115366727,0.8964532465106405,ECU
"ARMA(2,2)",Box-Jenkins,2022Q3,1,3.9865618688560867,4.177145053991221,0.19058318513513406,ECU
"ARIMA(1,1,1)",Box-Jenkins,2022Q3,1,3.9865618688560867,5.406395424908095,1.4198335560520086,ECU
Ridge sobre rezagos,regularizado,2022Q3,1,3.9865618688560867,8.451713308300272,4.465151439444186,ECU
Random Forest,aprendizaje,2022Q3,1,3.9865618688560867,5.069407877479904,1.0828460086238172,ECU
LSTM(16),red neuronal,2022Q3,1,3.9865618688560867,4.740002025022225,0.7534401561661381,ECU
Comb. RF/AR(1) suave,combinacion,2022Q3,1,3.9865618688560867,4.883015115366727,0.8964532465106405,ECU
Comb. RF/AR(1) dura,combinacion,2022Q3,1,3.9865618688560867,4.883015115366727,0.8964532465106405,ECU
Comb. RF/ingenuo suave,combinacion,2022Q3,1,3.9865618688560867,5.42016792995168,1.4336060610955936,ECU
Comb. LSTM/AR(1) suave,combinacion,2022Q3,1,3.9865618688560867,4.883015115366727,0.8964532465106405,ECU
Comb. 50/50 RF-AR(1),combinacion,2022Q3,1,3.9865618688560867,4.883015115366727,0.8964532465106405,ECU
Ingenuo,referencia,2022Q4,1,2.528435552664021,3.9865618688560867,1.4581263161920655,ECU
Deriva,referencia,2022Q4,1,2.528435552664021,3.952100411241736,1.4236648585777147,ECU
AR(1),Box-Jenkins,2022Q4,1,2.528435552664021,3.864506734927823,1.3360711822638018,ECU
"ARMA(2,2)",Box-Jenkins,2022Q4,1,2.528435552664021,4.185970664775392,1.657535112111371,ECU
"ARIMA(1,1,1)",Box-Jenkins,2022Q4,1,2.528435552664021,4.035776446921211,1.5073408942571902,ECU
Ridge sobre rezagos,regularizado,2022Q4,1,2.528435552664021,3.510095735833389,0.9816601831693679,ECU
Random Forest,aprendizaje,2022Q4,1,2.528435552664021,2.8819284133346432,0.353492860670622,ECU
LSTM(16),red neuronal,2022Q4,1,2.528435552664021,4.194463469272114,1.6660279166080931,ECU
Comb. RF/AR(1) suave,combinacion,2022Q4,1,2.528435552664021,3.864506734927823,1.3360711822638018,ECU
Comb. RF/AR(1) dura,combinacion,2022Q4,1,2.528435552664021,3.864506734927823,1.3360711822638018,ECU
Comb. RF/ingenuo suave,combinacion,2022Q4,1,2.528435552664021,3.9865618688560867,1.4581263161920655,ECU
Comb. LSTM/AR(1) suave,combinacion,2022Q4,1,2.528435552664021,3.864506734927823,1.3360711822638018,ECU
Comb. 50/50 RF-AR(1),combinacion,2022Q4,1,2.528435552664021,3.864506734927823,1.3360711822638018,ECU
Ingenuo,referencia,2023Q1,1,4.901305339664885,2.528435552664021,-2.372869787000864,ECU
Deriva,referencia,2023Q1,1,4.901305339664885,2.4777960852931056,-2.4235092543717798,ECU
AR(1),Box-Jenkins,2023Q1,1,4.901305339664885,2.8255279896788528,-2.0757773499860326,ECU
"ARMA(2,2)",Box-Jenkins,2023Q1,1,4.901305339664885,2.146228094098782,-2.7550772455661034,ECU
"ARIMA(1,1,1)",Box-Jenkins,2023Q1,1,4.901305339664885,2.8264675061018405,-2.074837833563045,ECU
Ridge sobre rezagos,regularizado,2023Q1,1,4.901305339664885,2.585724386506128,-2.3155809531587574,ECU
Random Forest,aprendizaje,2023Q1,1,4.901305339664885,2.0563577743683337,-2.8449475652965517,ECU
LSTM(16),red neuronal,2023Q1,1,4.901305339664885,1.970378230146729,-2.9309271095181564,ECU
Comb. RF/AR(1) suave,combinacion,2023Q1,1,4.901305339664885,2.8255279896788528,-2.0757773499860326,ECU
Comb. RF/AR(1) dura,combinacion,2023Q1,1,4.901305339664885,2.8255279896788528,-2.0757773499860326,ECU
Comb. RF/ingenuo suave,combinacion,2023Q1,1,4.901305339664885,2.528435552664021,-2.372869787000864,ECU
Comb. LSTM/AR(1) suave,combinacion,2023Q1,1,4.901305339664885,2.8255279896788528,-2.0757773499860326,ECU
Comb. 50/50 RF-AR(1),combinacion,2023Q1,1,4.901305339664885,2.8255279896788528,-2.0757773499860326,ECU
Ingenuo,referencia,2023Q2,1,-0.08591134827988789,4.901305339664885,4.987216687944773,ECU
Deriva,referencia,2023Q2,1,-0.08591134827988789,4.877896313354327,4.963807661634215,ECU
AR(1),Box-Jenkins,2023Q2,1,-0.08591134827988789,4.513303558640763,4.5992149069206505,ECU
"ARMA(2,2)",Box-Jenkins,2023Q2,1,-0.08591134827988789,5.867761409070155,5.953672757350043,ECU
"ARIMA(1,1,1)",Box-Jenkins,2023Q2,1,-0.08591134827988789,4.816646453959895,4.902557802239783,ECU
Ridge sobre rezagos,regularizado,2023Q2,1,-0.08591134827988789,3.51612384389879,3.6020351921786777,ECU
Random Forest,aprendizaje,2023Q2,1,-0.08591134827988789,5.402883753117076,5.488795101396964,ECU
LSTM(16),red neuronal,2023Q2,1,-0.08591134827988789,4.46508171317492,4.5509930614548075,ECU
Comb. RF/AR(1) suave,combinacion,2023Q2,1,-0.08591134827988789,4.848279070905788,4.934190419185676,ECU
Comb. RF/AR(1) dura,combinacion,2023Q2,1,-0.08591134827988789,4.513303558640763,4.5992149069206505,ECU
Comb. RF/ingenuo suave,combinacion,2023Q2,1,-0.08591134827988789,4.939187396353174,5.025098744633062,ECU
Comb. LSTM/AR(1) suave,combinacion,2023Q2,1,-0.08591134827988789,4.3767855071001245,4.462696855380012,ECU
Comb. 50/50 RF-AR(1),combinacion,2023Q2,1,-0.08591134827988789,4.513303558640763,4.5992149069206505,ECU
Ingenuo,referencia,2023Q3,1,0.6769379973560863,-0.08591134827988789,-0.7628493456359742,ECU
Deriva,referencia,2023Q3,1,0.6769379973560863,-0.1644737930530487,-0.8414117904091349,ECU
AR(1),Box-Jenkins,2023Q3,1,0.6769379973560863,0.977826032814559,0.30088803545847276,ECU
"ARMA(2,2)",Box-Jenkins,2023Q3,1,0.6769379973560863,-1.6265337238577395,-2.3034717212138256,ECU
"ARIMA(1,1,1)",Box-Jenkins,2023Q3,1,0.6769379973560863,0.1462462693662664,-0.5306917279898199,ECU
Ridge sobre rezagos,regularizado,2023Q3,1,0.6769379973560863,0.5827572184784566,-0.09418077887762966,ECU
Random Forest,aprendizaje,2023Q3,1,0.6769379973560863,-0.3591077719369905,-1.036045769293077,ECU
LSTM(16),red neuronal,2023Q3,1,0.6769379973560863,1.284551545346135,0.6076135479900486,ECU
Comb. RF/AR(1) suave,combinacion,2023Q3,1,0.6769379973560863,-0.7670329105512375,-1.4439709079073237,ECU
Comb. RF/AR(1) dura,combinacion,2023Q3,1,0.6769379973560863,-0.7670329105512375,-1.4439709079073237,ECU
Comb. RF/ingenuo suave,combinacion,2023Q3,1,0.6769379973560863,-0.7670329105512375,-1.4439709079073237,ECU
Comb. LSTM/AR(1) suave,combinacion,2023Q3,1,0.6769379973560863,1.8952952817196462,1.21835728436356,ECU
Comb. 50/50 RF-AR(1),combinacion,2023Q3,1,0.6769379973560863,0.977826032814559,0.30088803545847276,ECU
Ingenuo,referencia,2023Q4,1,-1.1765452358174722,0.6769379973560863,1.8534832331735585,ECU
Deriva,referencia,2023Q4,1,-1.1765452358174722,0.6076218359940149,1.784167071811487,ECU
AR(1),Box-Jenkins,2023Q4,1,-1.1765452358174722,1.5052334802087592,2.6817787160262316,ECU
"ARMA(2,2)",Box-Jenkins,2023Q4,1,-1.1765452358174722,4.285210776031551,5.461756011849023,ECU
"ARIMA(1,1,1)",Box-Jenkins,2023Q4,1,-1.1765452358174722,0.6213442143056328,1.797889450123105,ECU
Ridge sobre rezagos,regularizado,2023Q4,1,-1.1765452358174722,1.3141899367055787,2.490735172523051,ECU
Random Forest,aprendizaje,2023Q4,1,-1.1765452358174722,1.0210972184895084,2.1976424543069806,ECU
LSTM(16),red neuronal,2023Q4,1,-1.1765452358174722,0.5619513715749043,1.7384966073923764,ECU
Comb. RF/AR(1) suave,combinacion,2023Q4,1,-1.1765452358174722,0.35044359069435105,1.5269888265118232,ECU
Comb. RF/AR(1) dura,combinacion,2023Q4,1,-1.1765452358174722,0.35044359069435105,1.5269888265118232,ECU
Comb. RF/ingenuo suave,combinacion,2023Q4,1,-1.1765452358174722,0.35044359069435105,1.5269888265118232,ECU
Comb. LSTM/AR(1) suave,combinacion,2023Q4,1,-1.1765452358174722,-2.947972828676486,-1.771427592859014,ECU
Comb. 50/50 RF-AR(1),combinacion,2023Q4,1,-1.1765452358174722,1.5052334802087592,2.6817787160262316,ECU
Ingenuo,referencia,2024Q1,1,-4.074126185582738,-1.1765452358174722,2.897580949765266,ECU
Deriva,referencia,2024Q1,1,-4.074126185582738,-1.2652545175253207,2.8088716680574173,ECU
AR(1),Box-Jenkins,2024Q1,1,-4.074126185582738,0.16187952236381564,4.236005707946553,ECU
"ARMA(2,2)",Box-Jenkins,2024Q1,1,-4.074126185582738,-3.3558145291116683,0.7183116564710699,ECU
"ARIMA(1,1,1)",Box-Jenkins,2024Q1,1,-4.074126185582738,-1.0797529941197217,2.9943731914630165,ECU
Ridge sobre rezagos,regularizado,2024Q1,1,-4.074126185582738,-1.8154837808330941,2.258642404749644,ECU
Random Forest,aprendizaje,2024Q1,1,-4.074126185582738,-0.7612096766614683,3.31291650892127,ECU
LSTM(16),red neuronal,2024Q1,1,-4.074126185582738,-1.3753813571872797,2.6987448283954585,ECU
Comb. RF/AR(1) suave,combinacion,2024Q1,1,-4.074126185582738,-3.8402611493157472,0.23386503626699096,ECU
Comb. RF/AR(1) dura,combinacion,2024Q1,1,-4.074126185582738,-3.8402611493157472,0.23386503626699096,ECU
Comb. RF/ingenuo suave,combinacion,2024Q1,1,-4.074126185582738,-3.8402611493157472,0.23386503626699096,ECU
Comb. LSTM/AR(1) suave,combinacion,2024Q1,1,-4.074126185582738,-1.499756798953599,2.5743693866291393,ECU
Comb. 50/50 RF-AR(1),combinacion,2024Q1,1,-4.074126185582738,0.16187952236381564,4.236005707946553,ECU
Ingenuo,referencia,2024Q2,1,-1.7810076832769028,-4.074126185582738,-2.2931185023058354,ECU
Deriva,referencia,2024Q2,1,-1.7810076832769028,-4.193038388452495,-2.412030705175592,ECU
AR(1),Box-Jenkins,2024Q2,1,-1.7810076832769028,-1.9975320100660279,-0.21652432678912503,ECU
"ARMA(2,2)",Box-Jenkins,2024Q2,1,-1.7810076832769028,0.36390308452410625,2.144910767801009,ECU
"ARIMA(1,1,1)",Box-Jenkins,2024Q2,1,-1.7810076832769028,-3.9546678018227492,-2.1736601185458464,ECU
Ridge sobre rezagos,regularizado,2024Q2,1,-1.7810076832769028,-0.28895155316231236,1.4920561301145905,ECU
Random Forest,aprendizaje,2024Q2,1,-1.7810076832769028,-5.726896992645134,-3.9458893093682312,ECU
LSTM(16),red neuronal,2024Q2,1,-1.7810076832769028,-3.336007318889083,-1.5549996356121802,ECU
Comb. RF/AR(1) suave,combinacion,2024Q2,1,-1.7810076832769028,-6.864016308990061,-5.083008625713159,ECU
Comb. RF/AR(1) dura,combinacion,2024Q2,1,-1.7810076832769028,-6.864016308990061,-5.083008625713159,ECU
Comb. RF/ingenuo suave,combinacion,2024Q2,1,-1.7810076832769028,-6.864016308990061,-5.083008625713159,ECU
Comb. LSTM/AR(1) suave,combinacion,2024Q2,1,-1.7810076832769028,-3.649190435718952,-1.8681827524420491,ECU
Comb. 50/50 RF-AR(1),combinacion,2024Q2,1,-1.7810076832769028,-1.9975320100660279,-0.21652432678912503,ECU
Ingenuo,referencia,2024Q3,1,-0.9271501310371355,-1.7810076832769028,-0.8538575522397673,ECU
Deriva,referencia,2024Q3,1,-0.9271501310371355,-1.8742599850277697,-0.9471098539906342,ECU
AR(1),Box-Jenkins,2024Q3,1,-0.9271501310371355,-0.356422379265362,0.5707277517717735,ECU
"ARMA(2,2)",Box-Jenkins,2024Q3,1,-0.9271501310371355,-2.024202667460151,-1.0970525364230155,ECU
"ARIMA(1,1,1)",Box-Jenkins,2024Q3,1,-0.9271501310371355,-1.9041423329682867,-0.9769922019311512,ECU
Ridge sobre rezagos,regularizado,2024Q3,1,-0.9271501310371355,-1.1173156367791135,-0.190165505741978,ECU
Random Forest,aprendizaje,2024Q3,1,-0.9271501310371355,-6.275910860716469,-5.348760729679334,ECU
LSTM(16),red neuronal,2024Q3,1,-0.9271501310371355,-1.9487418616029828,-1.0215917305658473,ECU
Comb. RF/AR(1) suave,combinacion,2024Q3,1,-0.9271501310371355,-5.597760201610365,-4.670610070573229,ECU
Comb. RF/AR(1) dura,combinacion,2024Q3,1,-0.9271501310371355,-5.597760201610365,-4.670610070573229,ECU
Comb. RF/ingenuo suave,combinacion,2024Q3,1,-0.9271501310371355,-5.597760201610365,-4.670610070573229,ECU
Comb. LSTM/AR(1) suave,combinacion,2024Q3,1,-0.9271501310371355,-1.8405407935622415,-0.913390662525106,ECU
Comb. 50/50 RF-AR(1),combinacion,2024Q3,1,-0.9271501310371355,-0.356422379265362,0.5707277517717735,ECU
Ingenuo,referencia,2024Q4,1,3.355941893183978,-0.9271501310371355,-4.283092024221114,ECU
Deriva,referencia,2024Q4,1,3.355941893183978,-1.0104328553775748,-4.366374748561553,ECU
AR(1),Box-Jenkins,2024Q4,1,3.355941893183978,0.23920230316966618,-3.116739590014312,ECU
"ARMA(2,2)",Box-Jenkins,2024Q4,1,3.355941893183978,1.993862090836032,-1.362079802347946,ECU
"ARIMA(1,1,1)",Box-Jenkins,2024Q4,1,3.355941893183978,-0.9583264902662214,-4.3142683834502,ECU
Ridge sobre rezagos,regularizado,2024Q4,1,3.355941893183978,1.2565585923781497,-2.0993833008058282,ECU
Random Forest,aprendizaje,2024Q4,1,3.355941893183978,-1.604704686299528,-4.960646579483506,ECU
LSTM(16),red neuronal,2024Q4,1,3.355941893183978,1.5073760413769821,-1.8485658518069958,ECU
Comb. RF/AR(1) suave,combinacion,2024Q4,1,3.355941893183978,-1.6983378520028283,-5.054279745186806,ECU
Comb. RF/AR(1) dura,combinacion,2024Q4,1,3.355941893183978,-1.6983378520028283,-5.054279745186806,ECU
Comb. RF/ingenuo suave,combinacion,2024Q4,1,3.355941893183978,-1.6983378520028283,-5.054279745186806,ECU
Comb. LSTM/AR(1) suave,combinacion,2024Q4,1,3.355941893183978,1.3307357340897021,-2.025206159094276,ECU
Comb. 50/50 RF-AR(1),combinacion,2024Q4,1,3.355941893183978,0.23920230316966618,-3.116739590014312,ECU
Ingenuo,referencia,2010Q4,1,3.8181173812941616,4.377883141787042,0.5597657604928807,HND
Deriva,referencia,2010Q4,1,3.8181173812941616,4.417345911754845,0.5992285304606835,HND
AR(1),Box-Jenkins,2010Q4,1,3.8181173812941616,4.363967931433343,0.545850550139181,HND
"ARMA(2,2)",Box-Jenkins,2010Q4,1,3.8181173812941616,5.020691286323514,1.202573905029352,HND
"ARIMA(1,1,1)",Box-Jenkins,2010Q4,1,3.8181173812941616,4.349933225034333,0.5318158437401719,HND
Ridge sobre rezagos,regularizado,2010Q4,1,3.8181173812941616,6.5670185757259745,2.748901194431813,HND
Random Forest,aprendizaje,2010Q4,1,3.8181173812941616,4.495810141035698,0.6776927597415368,HND
LSTM(16),red neuronal,2010Q4,1,3.8181173812941616,4.161870315805992,0.34375293451183087,HND
Comb. RF/AR(1) suave,combinacion,2010Q4,1,3.8181173812941616,5.253313355748124,1.4351959744539622,HND
Comb. RF/AR(1) dura,combinacion,2010Q4,1,3.8181173812941616,4.363967931433343,0.545850550139181,HND
Comb. RF/ingenuo suave,combinacion,2010Q4,1,3.8181173812941616,5.2538348492572,1.4357174679630385,HND
Comb. LSTM/AR(1) suave,combinacion,2010Q4,1,3.8181173812941616,4.23361775432279,0.4155003730286282,HND
Comb. 50/50 RF-AR(1),combinacion,2010Q4,1,3.8181173812941616,4.363967931433343,0.545850550139181,HND
Ingenuo,referencia,2011Q1,1,2.664069359086918,3.8181173812941616,1.1540480222072436,HND
Deriva,referencia,2011Q1,1,2.664069359086918,3.842599438000447,1.178530078913529,HND
AR(1),Box-Jenkins,2011Q1,1,2.664069359086918,3.9301676450202705,1.2660982859333525,HND
"ARMA(2,2)",Box-Jenkins,2011Q1,1,2.664069359086918,3.17346378755398,0.5093944284670622,HND
"ARIMA(1,1,1)",Box-Jenkins,2011Q1,1,2.664069359086918,3.88613326977038,1.2220639106834619,HND
Ridge sobre rezagos,regularizado,2011Q1,1,2.664069359086918,6.426692976897746,3.762623617810828,HND
Random Forest,aprendizaje,2011Q1,1,2.664069359086918,3.9199642737231626,1.2558949146362446,HND
LSTM(16),red neuronal,2011Q1,1,2.664069359086918,4.267191667825999,1.6031223087390813,HND
Comb. RF/AR(1) suave,combinacion,2011Q1,1,2.664069359086918,2.6585438611219563,-0.005525497964961712,HND
Comb. RF/AR(1) dura,combinacion,2011Q1,1,2.664069359086918,2.6585438611219563,-0.005525497964961712,HND
Comb. RF/ingenuo suave,combinacion,2011Q1,1,2.664069359086918,2.6585438611219563,-0.005525497964961712,HND
Comb. LSTM/AR(1) suave,combinacion,2011Q1,1,2.664069359086918,4.0998264570783505,1.4357570979914325,HND
Comb. 50/50 RF-AR(1),combinacion,2011Q1,1,2.664069359086918,3.9301676450202705,1.2660982859333525,HND
Ingenuo,referencia,2011Q2,1,5.518433671152256,2.664069359086918,-2.8543643120653384,HND
Deriva,referencia,2011Q2,1,5.518433671152256,2.6598067797221416,-2.8586268914301147,HND
AR(1),Box-Jenkins,2011Q2,1,5.518433671152256,3.0312941970798635,-2.487139474072393,HND
"ARMA(2,2)",Box-Jenkins,2011Q2,1,5.518433671152256,3.5207173977262936,-1.9977162734259628,HND
"ARIMA(1,1,1)",Box-Jenkins,2011Q2,1,5.518433671152256,2.79170019324736,-2.7267334779048964,HND
Ridge sobre rezagos,regularizado,2011Q2,1,5.518433671152256,4.671912158530663,-0.8465215126215933,HND
Random Forest,aprendizaje,2011Q2,1,5.518433671152256,3.907559089859231,-1.6108745812930252,HND
LSTM(16),red neuronal,2011Q2,1,5.518433671152256,3.787735892956073,-1.7306977781961832,HND
Comb. RF/AR(1) suave,combinacion,2011Q2,1,5.518433671152256,2.6446433775567066,-2.8737902935955497,HND
Comb. RF/AR(1) dura,combinacion,2011Q2,1,5.518433671152256,2.6446433775567066,-2.8737902935955497,HND
Comb. RF/ingenuo suave,combinacion,2011Q2,1,5.518433671152256,2.6446433775567066,-2.8737902935955497,HND
Comb. LSTM/AR(1) suave,combinacion,2011Q2,1,5.518433671152256,3.63284645238,-1.8855872187722564,HND
Comb. 50/50 RF-AR(1),combinacion,2011Q2,1,5.518433671152256,3.0312941970798635,-2.487139474072393,HND
Ingenuo,referencia,2011Q3,1,3.358804534152471,5.518433671152256,2.1596291369997855,HND
Deriva,referencia,2011Q3,1,3.358804534152471,5.58223363682153,2.2234291026690594,HND
AR(1),Box-Jenkins,2011Q3,1,3.358804534152471,5.2213619519912084,1.8625574178387376,HND
"ARMA(2,2)",Box-Jenkins,2011Q3,1,3.358804534152471,5.7271434405375015,2.3683389063850306,HND
"ARIMA(1,1,1)",Box-Jenkins,2011Q3,1,3.358804534152471,5.135034457538368,1.7762299233858974,HND
Ridge sobre rezagos,regularizado,2011Q3,1,3.358804534152471,6.364638536147999,3.0058340019955283,HND
Random Forest,aprendizaje,2011Q3,1,3.358804534152471,5.358124362896285,1.9993198287438139,HND
LSTM(16),red neuronal,2011Q3,1,3.358804534152471,4.154458464498622,0.795653930346151,HND
Comb. RF/AR(1) suave,combinacion,2011Q3,1,3.358804534152471,5.977887740241371,2.6190832060889004,HND
Comb. RF/AR(1) dura,combinacion,2011Q3,1,3.358804534152471,5.2213619519912084,1.8625574178387376,HND
Comb. RF/ingenuo suave,combinacion,2011Q3,1,3.358804534152471,5.989168011695205,2.6303634775427343,HND
Comb. LSTM/AR(1) suave,combinacion,2011Q3,1,3.358804534152471,4.248007191409948,0.8892026572574769,HND
Comb. 50/50 RF-AR(1),combinacion,2011Q3,1,3.358804534152471,5.2213619519912084,1.8625574178387376,HND
Ingenuo,referencia,2011Q4,1,4.782113246100028,3.358804534152471,-1.4233087119475574,HND
Deriva,referencia,2011Q4,1,4.782113246100028,3.3708968462713016,-1.4112163998287266,HND
AR(1),Box-Jenkins,2011Q4,1,4.782113246100028,3.583588093535359,-1.1985251525646694,HND
"ARMA(2,2)",Box-Jenkins,2011Q4,1,4.782113246100028,2.335588032486201,-2.4465252136138274,HND
"ARIMA(1,1,1)",Box-Jenkins,2011Q4,1,4.782113246100028,3.7235605708014132,-1.058552675298615,HND
Ridge sobre rezagos,regularizado,2011Q4,1,4.782113246100028,4.269026167109619,-0.5130870789904094,HND
Random Forest,aprendizaje,2011Q4,1,4.782113246100028,4.462589996030133,-0.3195232500698948,HND
LSTM(16),red neuronal,2011Q4,1,4.782113246100028,3.9743155422517322,-0.807797703848296,HND
Comb. RF/AR(1) suave,combinacion,2011Q4,1,4.782113246100028,3.6850494759597012,-1.097063770140327,HND
Comb. RF/AR(1) dura,combinacion,2011Q4,1,4.782113246100028,3.6850494759597012,-1.097063770140327,HND
Comb. RF/ingenuo suave,combinacion,2011Q4,1,4.782113246100028,3.6850494759597012,-1.097063770140327,HND
Comb. LSTM/AR(1) suave,combinacion,2011Q4,1,4.782113246100028,3.9482769199196306,-0.8338363261803976,HND
Comb. 50/50 RF-AR(1),combinacion,2011Q4,1,4.782113246100028,3.583588093535359,-1.1985251525646694,HND
Ingenuo,referencia,2012Q1,1,4.927491867281808,4.782113246100028,-0.1453786211817798,HND
Deriva,referencia,2012Q1,1,4.927491867281808,4.826278658214966,-0.10121320906684161,HND
AR(1),Box-Jenkins,2012Q1,1,4.927491867281808,4.653239757127626,-0.2742521101541824,HND
"ARMA(2,2)",Box-Jenkins,2012Q1,1,4.927491867281808,6.331564260843306,1.4040723935614983,HND
"ARIMA(1,1,1)",Box-Jenkins,2012Q1,1,4.927491867281808,4.50609796857186,-0.42139389870994837,HND
Ridge sobre rezagos,regularizado,2012Q1,1,4.927491867281808,5.584433984514425,0.6569421172326173,HND
Random Forest,aprendizaje,2012Q1,1,4.927491867281808,5.553980349685066,0.6264884824032579,HND
LSTM(16),red neuronal,2012Q1,1,4.927491867281808,4.183663297034631,-0.7438285702471772,HND
Comb. RF/AR(1) suave,combinacion,2012Q1,1,4.927491867281808,5.377522789541522,0.45003092225971386,HND
Comb. RF/AR(1) dura,combinacion,2012Q1,1,4.927491867281808,5.377522789541522,0.45003092225971386,HND
Comb. RF/ingenuo suave,combinacion,2012Q1,1,4.927491867281808,5.377522789541522,0.45003092225971386,HND
Comb. LSTM/AR(1) suave,combinacion,2012Q1,1,4.927491867281808,4.155946871651743,-0.7715449956300651,HND
Comb. 50/50 RF-AR(1),combinacion,2012Q1,1,4.927491867281808,4.653239757127626,-0.2742521101541824,HND
Ingenuo,referencia,2012Q2,1,3.2185575345397455,4.927491867281808,1.7089343327420625,HND
Deriva,referencia,2012Q2,1,3.2185575345397455,4.973906461820453,1.755348927280708,HND
AR(1),Box-Jenkins,2012Q2,1,3.2185575345397455,4.765979476317005,1.5474219417772597,HND
"ARMA(2,2)",Box-Jenkins,2012Q2,1,3.2185575345397455,3.2168760997795136,-0.0016814347602318591,HND
"ARIMA(1,1,1)",Box-Jenkins,2012Q2,1,3.2185575345397455,4.9178641265982215,1.699306592058476,HND
Ridge sobre rezagos,regularizado,2012Q2,1,3.2185575345397455,3.5999862626884935,0.38142872814874806,HND
Random Forest,aprendizaje,2012Q2,1,3.2185575345397455,4.725464015858535,1.5069064813187891,HND
LSTM(16),red neuronal,2012Q2,1,3.2185575345397455,4.394463414760438,1.175905880220692,HND
Comb. RF/AR(1) suave,combinacion,2012Q2,1,3.2185575345397455,5.268680623584536,2.0501230890447903,HND
Comb. RF/AR(1) dura,combinacion,2012Q2,1,3.2185575345397455,5.268680623584536,2.0501230890447903,HND
Comb. RF/ingenuo suave,combinacion,2012Q2,1,3.2185575345397455,5.268680623584536,2.0501230890447903,HND
Comb. LSTM/AR(1) suave,combinacion,2012Q2,1,3.2185575345397455,4.347603965454167,1.1290464309144213,HND
Comb. 50/50 RF-AR(1),combinacion,2012Q2,1,3.2185575345397455,4.765979476317005,1.5474219417772597,HND
Ingenuo,referencia,2012Q3,1,3.6244229762527835,3.2185575345397455,-0.40586544171303807,HND
Deriva,referencia,2012Q3,1,3.6244229762527835,3.22681236978968,-0.39761060646310353,HND
AR(1),Box-Jenkins,2012Q3,1,3.6244229762527835,3.48569096984998,-0.1387320064028037,HND
"ARMA(2,2)",Box-Jenkins,2012Q3,1,3.6244229762527835,4.648260464679413,1.0238374884266292,HND
"ARIMA(1,1,1)",Box-Jenkins,2012Q3,1,3.6244229762527835,3.5154307495949224,-0.10899222665786112,HND
Ridge sobre rezagos,regularizado,2012Q3,1,3.6244229762527835,4.332587012261401,0.7081640360086174,HND
Random Forest,aprendizaje,2012Q3,1,3.6244229762527835,5.16988882944646,1.5454658531936767,HND
LSTM(16),red neuronal,2012Q3,1,3.6244229762527835,4.010106468707254,0.3856834924544703,HND
Comb. RF/AR(1) suave,combinacion,2012Q3,1,3.6244229762527835,4.212175187221623,0.5877522109688398,HND
Comb. RF/AR(1) dura,combinacion,2012Q3,1,3.6244229762527835,4.212175187221623,0.5877522109688398,HND
Comb. RF/ingenuo suave,combinacion,2012Q3,1,3.6244229762527835,4.212175187221623,0.5877522109688398,HND
Comb. LSTM/AR(1) suave,combinacion,2012Q3,1,3.6244229762527835,4.127369374509416,0.5029463982566327,HND
Comb. 50/50 RF-AR(1),combinacion,2012Q3,1,3.6244229762527835,3.48569096984998,-0.1387320064028037,HND
Ingenuo,referencia,2012Q4,1,2.1872421810545273,3.6244229762527835,1.4371807951982563,HND
Deriva,referencia,2012Q4,1,2.1872421810545273,3.641137611640231,1.4538954305857037,HND
AR(1),Box-Jenkins,2012Q4,1,2.1872421810545273,3.7843002415103486,1.5970580604558213,HND
"ARMA(2,2)",Box-Jenkins,2012Q4,1,2.1872421810545273,2.960882332525446,0.7736401514709188,HND
"ARIMA(1,1,1)",Box-Jenkins,2012Q4,1,2.1872421810545273,3.548587390376375,1.3613452093218479,HND
Ridge sobre rezagos,regularizado,2012Q4,1,2.1872421810545273,3.069214357572502,0.8819721765179747,HND
Random Forest,aprendizaje,2012Q4,1,2.1872421810545273,4.729501746461726,2.542259565407199,HND
LSTM(16),red neuronal,2012Q4,1,2.1872421810545273,4.112799806519502,1.9255576254649744,HND
Comb. RF/AR(1) suave,combinacion,2012Q4,1,2.1872421810545273,4.439459968820149,2.2522177877656215,HND
Comb. RF/AR(1) dura,combinacion,2012Q4,1,2.1872421810545273,4.439459968820149,2.2522177877656215,HND
Comb. RF/ingenuo suave,combinacion,2012Q4,1,2.1872421810545273,4.439459968820149,2.2522177877656215,HND
Comb. LSTM/AR(1) suave,combinacion,2012Q4,1,2.1872421810545273,4.0794718169156425,1.8922296358611153,HND
Comb. 50/50 RF-AR(1),combinacion,2012Q4,1,2.1872421810545273,3.7843002415103486,1.5970580604558213,HND
Ingenuo,referencia,2013Q1,1,3.5390874086285606,2.1872421810545273,-1.3518452275740334,HND
Deriva,referencia,2013Q1,1,3.5390874086285606,2.1736673283047727,-1.365420080323788,HND
AR(1),Box-Jenkins,2013Q1,1,3.5390874086285606,2.700675499999187,-0.8384119086293738,HND
"ARMA(2,2)",Box-Jenkins,2013Q1,1,3.5390874086285606,3.1809808443507723,-0.3581065642777883,HND
"ARIMA(1,1,1)",Box-Jenkins,2013Q1,1,3.5390874086285606,2.4450767082358498,-1.0940107003927109,HND
Ridge sobre rezagos,regularizado,2013Q1,1,3.5390874086285606,2.8534236240771476,-0.6856637845514131,HND
Random Forest,aprendizaje,2013Q1,1,3.5390874086285606,4.394826090850547,0.8557386822219861,HND
LSTM(16),red neuronal,2013Q1,1,3.5390874086285606,3.8756271947303205,0.33653978610175983,HND
Comb. RF/AR(1) suave,combinacion,2013Q1,1,3.5390874086285606,3.8606047933729553,0.3215173847443946,HND
Comb. RF/AR(1) dura,combinacion,2013Q1,1,3.5390874086285606,3.8606047933729553,0.3215173847443946,HND
Comb. RF/ingenuo suave,combinacion,2013Q1,1,3.5390874086285606,3.8606047933729553,0.3215173847443946,HND
Comb. LSTM/AR(1) suave,combinacion,2013Q1,1,3.5390874086285606,3.6598283828867664,0.12074097425820574,HND
Comb. 50/50 RF-AR(1),combinacion,2013Q1,1,3.5390874086285606,2.7626249825988243,-0.7764624260297364,HND
Ingenuo,referencia,2013Q2,1,2.60974738806401,3.5390874086285606,0.9293400205645508,HND
Deriva,referencia,2013Q2,1,2.60974738806401,3.553378271803781,0.9436308837397713,HND
AR(1),Box-Jenkins,2013Q2,1,2.60974738806401,3.7071965467851618,1.097449158721152,HND
"ARMA(2,2)",Box-Jenkins,2013Q2,1,2.60974738806401,3.6444780199084943,1.0347306318444844,HND
"ARIMA(1,1,1)",Box-Jenkins,2013Q2,1,2.60974738806401,3.2759329601591833,0.6661855720951735,HND
Ridge sobre rezagos,regularizado,2013Q2,1,2.60974738806401,3.7589929585160524,1.1492455704520426,HND
Random Forest,aprendizaje,2013Q2,1,2.60974738806401,4.157259510786377,1.5475121227223667,HND
LSTM(16),red neuronal,2013Q2,1,2.60974738806401,3.6736154278566095,1.0638680397925997,HND
Comb. RF/AR(1) suave,combinacion,2013Q2,1,2.60974738806401,3.614268255641498,1.004520867577488,HND
Comb. RF/AR(1) dura,combinacion,2013Q2,1,2.60974738806401,3.614268255641498,1.004520867577488,HND
Comb. RF/ingenuo suave,combinacion,2013Q2,1,2.60974738806401,3.614268255641498,1.004520867577488,HND
Comb. LSTM/AR(1) suave,combinacion,2013Q2,1,2.60974738806401,3.657067006987331,1.047319618923321,HND
Comb. 50/50 RF-AR(1),combinacion,2013Q2,1,2.60974738806401,3.701102536478164,1.091355148414154,HND
Ingenuo,referencia,2013Q3,1,2.8232435957491697,2.60974738806401,-0.21349620768515987,HND
Deriva,referencia,2013Q3,1,2.8232435957491697,2.605165633564435,-0.21807796218473463,HND
AR(1),Box-Jenkins,2013Q3,1,2.8232435957491697,3.0085655771113213,0.1853219813621516,HND
"ARMA(2,2)",Box-Jenkins,2013Q3,1,2.8232435957491697,2.7107139787502037,-0.11252961699896602,HND
"ARIMA(1,1,1)",Box-Jenkins,2013Q3,1,2.8232435957491697,2.801458152291181,-0.02178544345798894,HND
Ridge sobre rezagos,regularizado,2013Q3,1,2.8232435957491697,3.0908661966618425,0.26762260091267276,HND
Random Forest,aprendizaje,2013Q3,1,2.8232435957491697,4.064440848454856,1.2411972527056863,HND
LSTM(16),red neuronal,2013Q3,1,2.8232435957491697,3.192693866481594,0.3694502707324241,HND
Comb. RF/AR(1) suave,combinacion,2013Q3,1,2.8232435957491697,3.278033360966855,0.4547897652176851,HND
Comb. RF/AR(1) dura,combinacion,2013Q3,1,2.8232435957491697,3.278033360966855,0.4547897652176851,HND
Comb. RF/ingenuo suave,combinacion,2013Q3,1,2.8232435957491697,3.278033360966855,0.4547897652176851,HND
Comb. LSTM/AR(1) suave,combinacion,2013Q3,1,2.8232435957491697,3.622225453648201,0.7989818578990313,HND
Comb. 50/50 RF-AR(1),combinacion,2013Q3,1,2.8232435957491697,3.1488882756020375,0.3256446798528678,HND
Ingenuo,referencia,2013Q4,1,3.8796939365303595,2.8232435957491697,-1.0564503407811898,HND
Deriva,referencia,2013Q4,1,3.8796939365303595,2.8229378797238054,-1.0567560568065542,HND
AR(1),Box-Jenkins,2013Q4,1,3.8796939365303595,3.159219775199143,-0.7204741613312167,HND
"ARMA(2,2)",Box-Jenkins,2013Q4,1,3.8796939365303595,3.5161550345690626,-0.3635389019612969,HND
"ARIMA(1,1,1)",Box-Jenkins,2013Q4,1,3.8796939365303595,2.7716115957833107,-1.1080823407470488,HND
Ridge sobre rezagos,regularizado,2013Q4,1,3.8796939365303595,3.7348119354082563,-0.14488200112210325,HND
Random Forest,aprendizaje,2013Q4,1,3.8796939365303595,3.8329629336769213,-0.04673100285343823,HND
LSTM(16),red neuronal,2013Q4,1,3.8796939365303595,3.2387636423957673,-0.6409302941345922,HND
Comb. RF/AR(1) suave,combinacion,2013Q4,1,3.8796939365303595,3.5308591356191203,-0.3488348009112392,HND
Comb. RF/AR(1) dura,combinacion,2013Q4,1,3.8796939365303595,3.5308591356191203,-0.3488348009112392,HND
Comb. RF/ingenuo suave,combinacion,2013Q4,1,3.8796939365303595,3.5308591356191203,-0.3488348009112392,HND
Comb. LSTM/AR(1) suave,combinacion,2013Q4,1,3.8796939365303595,3.5969372853961628,-0.2827566511341968,HND
Comb. 50/50 RF-AR(1),combinacion,2013Q4,1,3.8796939365303595,3.3929044742593724,-0.4867894622709872,HND
Ingenuo,referencia,2014Q1,1,2.8901372166663775,3.8796939365303595,0.9895567198639821,HND
Deriva,referencia,2014Q1,1,2.8901372166663775,3.89971045236666,1.0095732357002825,HND
AR(1),Box-Jenkins,2014Q1,1,2.8901372166663775,3.94242655510773,1.0522893384413528,HND
"ARMA(2,2)",Box-Jenkins,2014Q1,1,2.8901372166663775,3.7766813950555242,0.8865441783891468,HND
"ARIMA(1,1,1)",Box-Jenkins,2014Q1,1,2.8901372166663775,3.6826248854806716,0.7924876688142941,HND
Ridge sobre rezagos,regularizado,2014Q1,1,2.8901372166663775,2.9206842473439676,0.030547030677590126,HND
Random Forest,aprendizaje,2014Q1,1,2.8901372166663775,3.427638716161259,0.5375014994948817,HND
LSTM(16),red neuronal,2014Q1,1,2.8901372166663775,3.6213176251793255,0.7311804085129481,HND
Comb. RF/AR(1) suave,combinacion,2014Q1,1,2.8901372166663775,3.3803261482460187,0.4901889315796413,HND
Comb. RF/AR(1) dura,combinacion,2014Q1,1,2.8901372166663775,3.3803261482460187,0.4901889315796413,HND
Comb. RF/ingenuo suave,combinacion,2014Q1,1,2.8901372166663775,3.3803261482460187,0.4901889315796413,HND
Comb. LSTM/AR(1) suave,combinacion,2014Q1,1,2.8901372166663775,3.6132708963032467,0.7231336796368693,HND
Comb. 50/50 RF-AR(1),combinacion,2014Q1,1,2.8901372166663775,3.555516672673931,0.6653794560075537,HND
Ingenuo,referencia,2014Q2,1,2.8424335362253084,2.8901372166663775,0.047703680441069096,HND
Deriva,referencia,2014Q2,1,2.8424335362253084,2.8911051808856914,0.048671644660382984,HND
AR(1),Box-Jenkins,2014Q2,1,2.8424335362253084,3.2042312739536167,0.36179773772830837,HND
"ARMA(2,2)",Box-Jenkins,2014Q2,1,2.8424335362253084,3.0109671678063297,0.1685336315810213,HND
"ARIMA(1,1,1)",Box-Jenkins,2014Q2,1,2.8424335362253084,3.08922596150491,0.24679242527960144,HND
Ridge sobre rezagos,regularizado,2014Q2,1,2.8424335362253084,3.8481171422660374,1.005683606040729,HND
Random Forest,aprendizaje,2014Q2,1,2.8424335362253084,3.97855809788122,1.1361245616559117,HND
LSTM(16),red neuronal,2014Q2,1,2.8424335362253084,3.49386016661607,0.6514266303907617,HND
Comb. RF/AR(1) suave,combinacion,2014Q2,1,2.8424335362253084,3.690553818245603,0.8481202820202944,HND
Comb. RF/AR(1) dura,combinacion,2014Q2,1,2.8424335362253084,3.690553818245603,0.8481202820202944,HND
Comb. RF/ingenuo suave,combinacion,2014Q2,1,2.8424335362253084,3.690553818245603,0.8481202820202944,HND
Comb. LSTM/AR(1) suave,combinacion,2014Q2,1,2.8424335362253084,3.5873061245397215,0.7448725883144132,HND
Comb. 50/50 RF-AR(1),combinacion,2014Q2,1,2.8424335362253084,3.631454612041148,0.7890210758158398,HND
Ingenuo,referencia,2014Q3,1,2.640317829682415,2.8424335362253084,0.20211570654289357,HND
Deriva,referencia,2014Q3,1,2.640317829682415,2.842500173691652,0.20218234400923718,HND
AR(1),Box-Jenkins,2014Q3,1,2.640317829682415,3.16156340629118,0.5212455766087651,HND
"ARMA(2,2)",Box-Jenkins,2014Q3,1,2.640317829682415,3.3838781273944165,0.7435602977120017,HND
"ARIMA(1,1,1)",Box-Jenkins,2014Q3,1,2.640317829682415,2.844258838939688,0.2039410092572731,HND
Ridge sobre rezagos,regularizado,2014Q3,1,2.640317829682415,2.950589347660459,0.3102715179780442,HND
Random Forest,aprendizaje,2014Q3,1,2.640317829682415,3.2726165450680265,0.6322987153856117,HND
LSTM(16),red neuronal,2014Q3,1,2.640317829682415,3.3901008850617442,0.7497830553793294,HND
Comb. RF/AR(1) suave,combinacion,2014Q3,1,2.640317829682415,3.188521283650627,0.5482034539682124,HND
Comb. RF/AR(1) dura,combinacion,2014Q3,1,2.640317829682415,3.188521283650627,0.5482034539682124,HND
Comb. RF/ingenuo suave,combinacion,2014Q3,1,2.640317829682415,3.188521283650627,0.5482034539682124,HND
Comb. LSTM/AR(1) suave,combinacion,2014Q3,1,2.640317829682415,3.4188604998691163,0.7785426701867015,HND
Comb. 50/50 RF-AR(1),combinacion,2014Q3,1,2.640317829682415,3.1844331110000246,0.5441152813176098,HND
Ingenuo,referencia,2014Q4,1,3.55263709889313,2.640317829682415,-0.9123192692107152,HND
Deriva,referencia,2014Q4,1,3.55263709889313,2.6367084245304087,-0.9159286743627213,HND
AR(1),Box-Jenkins,2014Q4,1,3.55263709889313,3.002871250966491,-0.549765847926639,HND
"ARMA(2,2)",Box-Jenkins,2014Q4,1,3.55263709889313,2.7065154111571132,-0.8461216877360167,HND
"ARIMA(1,1,1)",Box-Jenkins,2014Q4,1,3.55263709889313,2.679035375778181,-0.8736017231149491,HND
Ridge sobre rezagos,regularizado,2014Q4,1,3.55263709889313,2.848999984018905,-0.7036371148742249,HND
Random Forest,aprendizaje,2014Q4,1,3.55263709889313,3.2342433427946515,-0.3183937560984784,HND
LSTM(16),red neuronal,2014Q4,1,3.55263709889313,3.2414059378220808,-0.3112311610710492,HND
Comb. RF/AR(1) suave,combinacion,2014Q4,1,3.55263709889313,3.1614665583628745,-0.39117054053025546,HND
Comb. RF/AR(1) dura,combinacion,2014Q4,1,3.55263709889313,3.1614665583628745,-0.39117054053025546,HND
Comb. RF/ingenuo suave,combinacion,2014Q4,1,3.55263709889313,3.1614665583628745,-0.39117054053025546,HND
Comb. LSTM/AR(1) suave,combinacion,2014Q4,1,3.55263709889313,3.2086999676725534,-0.34393713122057656,HND
Comb. 50/50 RF-AR(1),combinacion,2014Q4,1,3.55263709889313,3.1280817731302064,-0.42455532576292354,HND
Ingenuo,referencia,2015Q1,1,2.8700282547272415,3.55263709889313,0.6826088441658884,HND
Deriva,referencia,2015Q1,1,2.8700282547272415,3.5653835629261725,0.695355308198931,HND
AR(1),Box-Jenkins,2015Q1,1,2.8700282547272415,3.678328546550457,0.8083002918232154,HND
"ARMA(2,2)",Box-Jenkins,2015Q1,1,2.8700282547272415,4.142661992713589,1.2726337379863475,HND
"ARIMA(1,1,1)",Box-Jenkins,2015Q1,1,2.8700282547272415,3.3752713521253805,0.505243097398139,HND
Ridge sobre rezagos,regularizado,2015Q1,1,2.8700282547272415,3.9292563355897245,1.059228080862483,HND
Random Forest,aprendizaje,2015Q1,1,2.8700282547272415,3.176998989042494,0.30697073431525235,HND
LSTM(16),red neuronal,2015Q1,1,2.8700282547272415,3.396597202771838,0.5265689480445963,HND
Comb. RF/AR(1) suave,combinacion,2015Q1,1,2.8700282547272415,3.3038456213776755,0.4338173666504339,HND
Comb. RF/AR(1) dura,combinacion,2015Q1,1,2.8700282547272415,3.3038456213776755,0.4338173666504339,HND
Comb. RF/ingenuo suave,combinacion,2015Q1,1,2.8700282547272415,3.3038456213776755,0.4338173666504339,HND
Comb. LSTM/AR(1) suave,combinacion,2015Q1,1,2.8700282547272415,3.4086796115379085,0.538651356810667,HND
Comb. 50/50 RF-AR(1),combinacion,2015Q1,1,2.8700282547272415,3.330936575648225,0.46090832092098344,HND
Ingenuo,referencia,2015Q2,1,4.304523712321484,2.8700282547272415,-1.4344954575942426,HND
Deriva,referencia,2015Q2,1,4.304523712321484,2.8705755028269695,-1.4339482094945146,HND
AR(1),Box-Jenkins,2015Q2,1,4.304523712321484,3.1671338776757807,-1.1373898346457034,HND
"ARMA(2,2)",Box-Jenkins,2015Q2,1,4.304523712321484,2.443508440985058,-1.8610152713364263,HND
"ARIMA(1,1,1)",Box-Jenkins,2015Q2,1,4.304523712321484,3.0102711268150917,-1.2942525855063924,HND
Ridge sobre rezagos,regularizado,2015Q2,1,4.304523712321484,3.466563805185512,-0.8379599071359722,HND
Random Forest,aprendizaje,2015Q2,1,4.304523712321484,3.0918630723712757,-1.2126606399502085,HND
LSTM(16),red neuronal,2015Q2,1,4.304523712321484,3.3341716476377443,-0.9703520646837398,HND
Comb. RF/AR(1) suave,combinacion,2015Q2,1,4.304523712321484,3.0131182626268287,-1.2914054496946554,HND
Comb. RF/AR(1) dura,combinacion,2015Q2,1,4.304523712321484,3.0131182626268287,-1.2914054496946554,HND
Comb. RF/ingenuo suave,combinacion,2015Q2,1,4.304523712321484,3.0131182626268287,-1.2914054496946554,HND
Comb. LSTM/AR(1) suave,combinacion,2015Q2,1,4.304523712321484,3.327756121601724,-0.9767675907197599,HND
Comb. 50/50 RF-AR(1),combinacion,2015Q2,1,4.304523712321484,3.0131182626268287,-1.2914054496946554,HND
Ingenuo,referencia,2015Q3,1,4.631100280672751,4.304523712321484,-0.3265765683512667,HND
Deriva,referencia,2015Q3,1,4.631100280672751,4.3297942054124965,-0.3013060752602543,HND
AR(1),Box-Jenkins,2015Q3,1,4.631100280672751,4.229187782534857,-0.40191249813789387,HND
"ARMA(2,2)",Box-Jenkins,2015Q3,1,4.631100280672751,5.236857593483965,0.6057573128112139,HND
"ARIMA(1,1,1)",Box-Jenkins,2015Q3,1,4.631100280672751,4.01137324072703,-0.6197270399457206,HND
Ridge sobre rezagos,regularizado,2015Q3,1,4.631100280672751,4.845719178547222,0.21461889787447141,HND
Random Forest,aprendizaje,2015Q3,1,4.631100280672751,3.6345205815697894,-0.9965796991029614,HND
LSTM(16),red neuronal,2015Q3,1,4.631100280672751,3.6733560126439233,-0.9577442680288275,HND
Comb. RF/AR(1) suave,combinacion,2015Q3,1,4.631100280672751,3.7437317002217485,-0.8873685804510023,HND
Comb. RF/AR(1) dura,combinacion,2015Q3,1,4.631100280672751,3.7437317002217485,-0.8873685804510023,HND
Comb. RF/ingenuo suave,combinacion,2015Q3,1,4.631100280672751,3.7437317002217485,-0.8873685804510023,HND
Comb. LSTM/AR(1) suave,combinacion,2015Q3,1,4.631100280672751,3.693746397093532,-0.937353883579219,HND
Comb. 50/50 RF-AR(1),combinacion,2015Q3,1,4.631100280672751,3.842164876862613,-0.7889354038101377,HND
Ingenuo,referencia,2015Q4,1,3.6857692971963285,4.631100280672751,0.9453309834764223,HND
Deriva,referencia,2015Q4,1,3.6857692971963285,4.661477656395293,0.9757083591989648,HND
AR(1),Box-Jenkins,2015Q4,1,3.6857692971963285,4.472769497674188,0.7870002004778591,HND
"ARMA(2,2)",Box-Jenkins,2015Q4,1,3.6857692971963285,3.45424362495603,-0.23152567224029852,HND
"ARIMA(1,1,1)",Box-Jenkins,2015Q4,1,3.6857692971963285,4.581224633320485,0.8954553361241562,HND
Ridge sobre rezagos,regularizado,2015Q4,1,3.6857692971963285,4.078747480891005,0.39297818369467663,HND
Random Forest,aprendizaje,2015Q4,1,3.6857692971963285,3.809397743110153,0.1236284459138246,HND
LSTM(16),red neuronal,2015Q4,1,3.6857692971963285,4.014301368802602,0.32853207160627385,HND
Comb. RF/AR(1) suave,combinacion,2015Q4,1,3.6857692971963285,4.395392445708379,0.7096231485120503,HND
Comb. RF/AR(1) dura,combinacion,2015Q4,1,3.6857692971963285,4.395392445708379,0.7096231485120503,HND
Comb. RF/ingenuo suave,combinacion,2015Q4,1,3.6857692971963285,4.395392445708379,0.7096231485120503,HND
Comb. LSTM/AR(1) suave,combinacion,2015Q4,1,3.6857692971963285,4.010733286137276,0.32496398894094725,HND
Comb. 50/50 RF-AR(1),combinacion,2015Q4,1,3.6857692971963285,4.408393200025612,0.7226239028292838,HND
Ingenuo,referencia,2016Q1,1,3.577819799072479,3.6857692971963285,0.10794949812384935,HND
Deriva,referencia,2016Q1,1,3.577819799072479,3.6998848669322215,0.12206506785974236,HND
AR(1),Box-Jenkins,2016Q1,1,3.577819799072479,3.775103149676215,0.19728335060373592,HND
"ARMA(2,2)",Box-Jenkins,2016Q1,1,3.577819799072479,4.553938959982079,0.9761191609096,HND
"ARIMA(1,1,1)",Box-Jenkins,2016Q1,1,3.577819799072479,3.873639659728679,0.2958198606561999,HND
Ridge sobre rezagos,regularizado,2016Q1,1,3.577819799072479,4.463129777263376,0.8853099781908966,HND
Random Forest,aprendizaje,2016Q1,1,3.577819799072479,4.117865731862216,0.5400459327897371,HND
LSTM(16),red neuronal,2016Q1,1,3.577819799072479,3.904151257487862,0.3263314584153827,HND
Comb. RF/AR(1) suave,combinacion,2016Q1,1,3.577819799072479,3.7395875003845607,0.1617677013120815,HND
Comb. RF/AR(1) dura,combinacion,2016Q1,1,3.577819799072479,3.7395875003845607,0.1617677013120815,HND
Comb. RF/ingenuo suave,combinacion,2016Q1,1,3.577819799072479,3.7395875003845607,0.1617677013120815,HND
Comb. LSTM/AR(1) suave,combinacion,2016Q1,1,3.577819799072479,3.969192890739984,0.3913730916675049,HND
Comb. 50/50 RF-AR(1),combinacion,2016Q1,1,3.577819799072479,3.7446818456221034,0.16686204654962422,HND
Ingenuo,referencia,2016Q2,1,3.2130523055026394,3.577819799072479,0.36476749356983973,HND
Deriva,referencia,2016Q2,1,3.2130523055026394,3.589934302122147,0.3768819966195074,HND
AR(1),Box-Jenkins,2016Q2,1,3.2130523055026394,3.6937574101400577,0.4807051046374182,HND
"ARMA(2,2)",Box-Jenkins,2016Q2,1,3.2130523055026394,3.1081602276599307,-0.10489207784270871,HND
"ARIMA(1,1,1)",Box-Jenkins,2016Q2,1,3.2130523055026394,3.593077127966476,0.38002482246383673,HND
Ridge sobre rezagos,regularizado,2016Q2,1,3.2130523055026394,3.2401821930103374,0.02712988750769796,HND
Random Forest,aprendizaje,2016Q2,1,3.2130523055026394,4.082402667178044,0.8693503616754041,HND
LSTM(16),red neuronal,2016Q2,1,3.2130523055026394,3.7776675404850057,0.5646152349823663,HND
Comb. RF/AR(1) suave,combinacion,2016Q2,1,3.2130523055026394,3.5077309145466273,0.2946786090439879,HND
Comb. RF/AR(1) dura,combinacion,2016Q2,1,3.2130523055026394,3.5077309145466273,0.2946786090439879,HND
Comb. RF/ingenuo suave,combinacion,2016Q2,1,3.2130523055026394,3.5077309145466273,0.2946786090439879,HND
Comb. LSTM/AR(1) suave,combinacion,2016Q2,1,3.2130523055026394,3.8431525137122398,0.6301002082096003,HND
Comb. 50/50 RF-AR(1),combinacion,2016Q2,1,3.2130523055026394,3.544949861548079,0.3318975560454396,HND
Ingenuo,referencia,2016Q3,1,5.08115077095832,3.2130523055026394,-1.868098465455681,HND
Deriva,referencia,2016Q3,1,5.08115077095832,3.2190880666713473,-1.862062704286973,HND
AR(1),Box-Jenkins,2016Q3,1,5.08115077095832,3.421830113798208,-1.6593206571601122,HND
"ARMA(2,2)",Box-Jenkins,2016Q3,1,5.08115077095832,3.9552584503845942,-1.1258923205737261,HND
"ARIMA(1,1,1)",Box-Jenkins,2016Q3,1,5.08115077095832,3.283706524674371,-1.7974442462839493,HND
Ridge sobre rezagos,regularizado,2016Q3,1,5.08115077095832,3.374488026529566,-1.7066627444287543,HND
Random Forest,aprendizaje,2016Q3,1,5.08115077095832,3.434586797727824,-1.6465639732304962,HND
LSTM(16),red neuronal,2016Q3,1,5.08115077095832,3.5304042536752918,-1.5507465172830286,HND
Comb. RF/AR(1) suave,combinacion,2016Q3,1,5.08115077095832,3.422422170512032,-1.6587286004462882,HND
Comb. RF/AR(1) dura,combinacion,2016Q3,1,5.08115077095832,3.422422170512032,-1.6587286004462882,HND
Comb. RF/ingenuo suave,combinacion,2016Q3,1,5.08115077095832,3.422422170512032,-1.6587286004462882,HND
Comb. LSTM/AR(1) suave,combinacion,2016Q3,1,5.08115077095832,3.5603515708363185,-1.5207992001220019,HND
Comb. 50/50 RF-AR(1),combinacion,2016Q3,1,5.08115077095832,3.422358359045959,-1.6587924119123612,HND
Ingenuo,referencia,2016Q4,1,4.321181872957691,5.08115077095832,0.7599688980006292,HND
Deriva,referencia,2016Q4,1,4.321181872957691,5.116743082988727,0.7955612100310354,HND
AR(1),Box-Jenkins,2016Q4,1,4.321181872957691,4.796332549264442,0.47515067630675123,HND
"ARMA(2,2)",Box-Jenkins,2016Q4,1,4.321181872957691,4.597614954614517,0.2764330816568261,HND
"ARIMA(1,1,1)",Box-Jenkins,2016Q4,1,4.321181872957691,4.707921589980156,0.3867397170224649,HND
Ridge sobre rezagos,regularizado,2016Q4,1,4.321181872957691,5.1379208999795685,0.8167390270218773,HND
Random Forest,aprendizaje,2016Q4,1,4.321181872957691,4.100553832951033,-0.22062804000665803,HND
LSTM(16),red neuronal,2016Q4,1,4.321181872957691,4.070250163694046,-0.2509317092636456,HND
Comb. RF/AR(1) suave,combinacion,2016Q4,1,4.321181872957691,4.579878679155226,0.258696806197535,HND
Comb. RF/AR(1) dura,combinacion,2016Q4,1,4.321181872957691,4.579878679155226,0.258696806197535,HND
Comb. RF/ingenuo suave,combinacion,2016Q4,1,4.321181872957691,4.579878679155226,0.258696806197535,HND
Comb. LSTM/AR(1) suave,combinacion,2016Q4,1,4.321181872957691,3.9478240082000777,-0.37335786475761346,HND
Comb. 50/50 RF-AR(1),combinacion,2016Q4,1,4.321181872957691,4.677129887357701,0.3559480144000098,HND
Ingenuo,referencia,2017Q1,1,5.093638001056622,4.321181872957691,-0.7724561280989306,HND
Deriva,referencia,2017Q1,1,5.093638001056622,4.344343541081362,-0.7492944599752596,HND
AR(1),Box-Jenkins,2017Q1,1,5.093638001056622,4.24088936578144,-0.8527486352751819,HND
"ARMA(2,2)",Box-Jenkins,2017Q1,1,5.093638001056622,4.1579901700539565,-0.9356478310026652,HND
"ARIMA(1,1,1)",Box-Jenkins,2017Q1,1,5.093638001056622,4.487089432553744,-0.6065485685028777,HND
Ridge sobre rezagos,regularizado,2017Q1,1,5.093638001056622,4.925670759938677,-0.16796724111794514,HND
Random Forest,aprendizaje,2017Q1,1,5.093638001056622,3.886821578391347,-1.2068164226652747,HND
LSTM(16),red neuronal,2017Q1,1,5.093638001056622,3.9873481742364425,-1.1062898268201793,HND
Comb. RF/AR(1) suave,combinacion,2017Q1,1,5.093638001056622,3.7981196817150202,-1.2955183193416016,HND
Comb. RF/AR(1) dura,combinacion,2017Q1,1,5.093638001056622,3.7981196817150202,-1.2955183193416016,HND
Comb. RF/ingenuo suave,combinacion,2017Q1,1,5.093638001056622,3.7981196817150202,-1.2955183193416016,HND
Comb. LSTM/AR(1) suave,combinacion,2017Q1,1,5.093638001056622,4.055800752348472,-1.0378372487081498,HND
Comb. 50/50 RF-AR(1),combinacion,2017Q1,1,5.093638001056622,3.996444766893594,-1.097193234163028,HND
Ingenuo,referencia,2017Q2,1,6.227883217303654,5.093638001056622,-1.1342452162470318,HND
Deriva,referencia,2017Q2,1,6.227883217303654,5.128327276256835,-1.0995559410468188,HND
AR(1),Box-Jenkins,2017Q2,1,6.227883217303654,4.81029946929962,-1.4175837480040334,HND
"ARMA(2,2)",Box-Jenkins,2017Q2,1,6.227883217303654,5.161352897164557,-1.0665303201390968,HND
"ARIMA(1,1,1)",Box-Jenkins,2017Q2,1,6.227883217303654,4.928423454226929,-1.2994597630767242,HND
Ridge sobre rezagos,regularizado,2017Q2,1,6.227883217303654,5.332994566307696,-0.8948886509959575,HND
Random Forest,aprendizaje,2017Q2,1,6.227883217303654,4.3664924801329255,-1.8613907371707281,HND
LSTM(16),red neuronal,2017Q2,1,6.227883217303654,4.4471713970704085,-1.780711820233245,HND
Comb. RF/AR(1) suave,combinacion,2017Q2,1,6.227883217303654,4.4403562366273155,-1.787526980676338,HND
Comb. RF/AR(1) dura,combinacion,2017Q2,1,6.227883217303654,4.4403562366273155,-1.787526980676338,HND
Comb. RF/ingenuo suave,combinacion,2017Q2,1,6.227883217303654,4.4403562366273155,-1.787526980676338,HND
Comb. LSTM/AR(1) suave,combinacion,2017Q2,1,6.227883217303654,4.323161103079138,-1.9047221142245156,HND
Comb. 50/50 RF-AR(1),combinacion,2017Q2,1,6.227883217303654,4.604319002000054,-1.6235642153035998,HND
Ingenuo,referencia,2017Q3,1,3.7500247363109196,6.227883217303654,2.477858480992734,HND
Deriva,referencia,2017Q3,1,3.7500247363109196,6.279232431004576,2.529207694693657,HND
AR(1),Box-Jenkins,2017Q3,1,3.7500247363109196,5.6580227068637425,1.907997970552823,HND
"ARMA(2,2)",Box-Jenkins,2017Q3,1,3.7500247363109196,5.575444683634814,1.8254199473238941,HND
"ARIMA(1,1,1)",Box-Jenkins,2017Q3,1,3.7500247363109196,6.007145035556308,2.257120299245388,HND
Ridge sobre rezagos,regularizado,2017Q3,1,3.7500247363109196,4.775373974870186,1.025349238559266,HND
Random Forest,aprendizaje,2017Q3,1,3.7500247363109196,4.869906428817772,1.1198816925068522,HND
LSTM(16),red neuronal,2017Q3,1,3.7500247363109196,5.365464011021414,1.6154392747104946,HND
Comb. RF/AR(1) suave,combinacion,2017Q3,1,3.7500247363109196,5.268666070352445,1.5186413340415257,HND
Comb. RF/AR(1) dura,combinacion,2017Q3,1,3.7500247363109196,5.268666070352445,1.5186413340415257,HND
Comb. RF/ingenuo suave,combinacion,2017Q3,1,3.7500247363109196,5.268666070352445,1.5186413340415257,HND
Comb. LSTM/AR(1) suave,combinacion,2017Q3,1,3.7500247363109196,5.2339194706058425,1.483894734294923,HND
Comb. 50/50 RF-AR(1),combinacion,2017Q3,1,3.7500247363109196,5.407171177073954,1.657146440763034,HND
Ingenuo,referencia,2017Q4,1,3.9519645490171396,3.7500247363109196,-0.20193981270621997,HND
Deriva,referencia,2017Q4,1,3.9519645490171396,3.763624581434325,-0.18833996758281435,HND
AR(1),Box-Jenkins,2017Q4,1,3.9519645490171396,3.8382327823952265,-0.11373176662191309,HND
"ARMA(2,2)",Box-Jenkins,2017Q4,1,3.9519645490171396,3.495914999496259,-0.4560495495208805,HND
"ARIMA(1,1,1)",Box-Jenkins,2017Q4,1,3.9519645490171396,4.2794110342906855,0.3274464852735459,HND
Ridge sobre rezagos,regularizado,2017Q4,1,3.9519645490171396,4.32717495294183,0.3752104039246902,HND
Random Forest,aprendizaje,2017Q4,1,3.9519645490171396,4.590349464250213,0.6383849152330736,HND
LSTM(16),red neuronal,2017Q4,1,3.9519645490171396,4.460889950621569,0.5089254016044293,HND
Comb. RF/AR(1) suave,combinacion,2017Q4,1,3.9519645490171396,4.038587196958459,0.08662264794131946,HND
Comb. RF/AR(1) dura,combinacion,2017Q4,1,3.9519645490171396,4.038587196958459,0.08662264794131946,HND
Comb. RF/ingenuo suave,combinacion,2017Q4,1,3.9519645490171396,4.038587196958459,0.08662264794131946,HND
Comb. LSTM/AR(1) suave,combinacion,2017Q4,1,3.9519645490171396,4.289886093033975,0.3379215440168357,HND
Comb. 50/50 RF-AR(1),combinacion,2017Q4,1,3.9519645490171396,3.85878140666932,-0.09318314234781955,HND
Ingenuo,referencia,2018Q1,1,3.7972865433512526,3.9519645490171396,0.15467800566588696,HND
Deriva,referencia,2018Q1,1,3.7972865433512526,3.968334099546175,0.1710475561949223,HND
AR(1),Box-Jenkins,2018Q1,1,3.7972865433512526,3.9838106452026043,0.1865241018513517,HND
"ARMA(2,2)",Box-Jenkins,2018Q1,1,3.7972865433512526,4.660491635209214,0.863205091857961,HND
"ARIMA(1,1,1)",Box-Jenkins,2018Q1,1,3.7972865433512526,3.908419233553337,0.11113269020208438,HND
Ridge sobre rezagos,regularizado,2018Q1,1,3.7972865433512526,3.651770192934106,-0.1455163504171466,HND
Random Forest,aprendizaje,2018Q1,1,3.7972865433512526,3.8649373254798833,0.06765078212863074,HND
LSTM(16),red neuronal,2018Q1,1,3.7972865433512526,4.339392294560016,0.542105751208763,HND
Comb. RF/AR(1) suave,combinacion,2018Q1,1,3.7972865433512526,3.562908388364608,-0.23437815498664438,HND
Comb. RF/AR(1) dura,combinacion,2018Q1,1,3.7972865433512526,3.562908388364608,-0.23437815498664438,HND
Comb. RF/ingenuo suave,combinacion,2018Q1,1,3.7972865433512526,3.562908388364608,-0.23437815498664438,HND
Comb. LSTM/AR(1) suave,combinacion,2018Q1,1,3.7972865433512526,4.258699957592345,0.4614134142410924,HND
Comb. 50/50 RF-AR(1),combinacion,2018Q1,1,3.7972865433512526,3.9838106452026043,0.1865241018513517,HND
Ingenuo,referencia,2018Q2,1,3.102139617281874,3.7972865433512526,0.6951469260693788,HND
Deriva,referencia,2018Q2,1,3.102139617281874,3.8111771437905064,0.7090375265086326,HND
AR(1),Box-Jenkins,2018Q2,1,3.102139617281874,3.870891453777534,0.7687518364956603,HND
"ARMA(2,2)",Box-Jenkins,2018Q2,1,3.102139617281874,3.2970583797047324,0.19491876242285855,HND
"ARIMA(1,1,1)",Box-Jenkins,2018Q2,1,3.102139617281874,3.8299345372254545,0.7277949199435807,HND
Ridge sobre rezagos,regularizado,2018Q2,1,3.102139617281874,3.4324718033089283,0.3303321860270545,HND
Random Forest,aprendizaje,2018Q2,1,3.102139617281874,3.8216702468797243,0.7195306295978505,HND
LSTM(16),red neuronal,2018Q2,1,3.102139617281874,4.298321376365297,1.196181759083423,HND
Comb. RF/AR(1) suave,combinacion,2018Q2,1,3.102139617281874,3.715043735177773,0.6129041178958992,HND
Comb. RF/AR(1) dura,combinacion,2018Q2,1,3.102139617281874,3.715043735177773,0.6129041178958992,HND
Comb. RF/ingenuo suave,combinacion,2018Q2,1,3.102139617281874,3.715043735177773,0.6129041178958992,HND
Comb. LSTM/AR(1) suave,combinacion,2018Q2,1,3.102139617281874,4.181518566829227,1.079378949547353,HND
Comb. 50/50 RF-AR(1),combinacion,2018Q2,1,3.102139617281874,3.870891453777534,0.7687518364956603,HND
Ingenuo,referencia,2018Q3,1,4.530594338902882,3.102139617281874,-1.4284547216210086,HND
Deriva,referencia,2018Q3,1,4.530594338902882,3.1059011101995755,-1.424693228703307,HND
AR(1),Box-Jenkins,2018Q3,1,4.530594338902882,3.364201965382159,-1.1663923735207233,HND
"ARMA(2,2)",Box-Jenkins,2018Q3,1,4.530594338902882,3.836945693604987,-0.6936486452978956,HND
"ARIMA(1,1,1)",Box-Jenkins,2018Q3,1,4.530594338902882,3.247219834944202,-1.2833745039586804,HND
Ridge sobre rezagos,regularizado,2018Q3,1,4.530594338902882,3.892911665768036,-0.6376826731348464,HND
Random Forest,aprendizaje,2018Q3,1,4.530594338902882,4.049216741323895,-0.48137759757898735,HND
LSTM(16),red neuronal,2018Q3,1,4.530594338902882,4.123366125763427,-0.40722821313945534,HND
Comb. RF/AR(1) suave,combinacion,2018Q3,1,4.530594338902882,3.318623942867669,-1.2119703960352135,HND
Comb. RF/AR(1) dura,combinacion,2018Q3,1,4.530594338902882,3.318623942867669,-1.2119703960352135,HND
Comb. RF/ingenuo suave,combinacion,2018Q3,1,4.530594338902882,3.318623942867669,-1.2119703960352135,HND
Comb. LSTM/AR(1) suave,combinacion,2018Q3,1,4.530594338902882,4.052609251176778,-0.47798508772610404,HND
Comb. 50/50 RF-AR(1),combinacion,2018Q3,1,4.530594338902882,3.3621845523887606,-1.1684097865141219,HND
Ingenuo,referencia,2018Q4,1,3.4034967952364825,4.530594338902882,1.1270975436664,HND
Deriva,referencia,2018Q4,1,3.4034967952364825,4.554421933633307,1.1509251383968246,HND
AR(1),Box-Jenkins,2018Q4,1,3.4034967952364825,4.397552817999948,0.9940560227634654,HND
"ARMA(2,2)",Box-Jenkins,2018Q4,1,3.4034967952364825,4.254548691205251,0.8510518959687685,HND
"ARIMA(1,1,1)",Box-Jenkins,2018Q4,1,3.4034967952364825,4.225899530218039,0.8224027349815568,HND
Ridge sobre rezagos,regularizado,2018Q4,1,3.4034967952364825,4.477355894269789,1.0738590990333066,HND
Random Forest,aprendizaje,2018Q4,1,3.4034967952364825,4.613309104623576,1.2098123093870932,HND
LSTM(16),red neuronal,2018Q4,1,3.4034967952364825,4.1656176909552185,0.762120895718736,HND
Comb. RF/AR(1) suave,combinacion,2018Q4,1,3.4034967952364825,4.719445224781046,1.3159484295445631,HND
Comb. RF/AR(1) dura,combinacion,2018Q4,1,3.4034967952364825,4.719445224781046,1.3159484295445631,HND
Comb. RF/ingenuo suave,combinacion,2018Q4,1,3.4034967952364825,4.719445224781046,1.3159484295445631,HND
Comb. LSTM/AR(1) suave,combinacion,2018Q4,1,3.4034967952364825,4.08755059857694,0.6840538033404577,HND
Comb. 50/50 RF-AR(1),combinacion,2018Q4,1,3.4034967952364825,4.454215033588282,1.0507182383517994,HND
Ingenuo,referencia,2019Q1,1,1.9456817272343052,3.4034967952364825,1.4578150680021773,HND
Deriva,referencia,2019Q1,1,1.9456817272343052,3.4113393186002843,1.465657591365979,HND
AR(1),Box-Jenkins,2019Q1,1,1.9456817272343052,3.584187785970755,1.63850605873645,HND
"ARMA(2,2)",Box-Jenkins,2019Q1,1,1.9456817272343052,3.4287467811888215,1.4830650539545163,HND
"ARIMA(1,1,1)",Box-Jenkins,2019Q1,1,1.9456817272343052,3.651001977168985,1.7053202499346796,HND
Ridge sobre rezagos,regularizado,2019Q1,1,1.9456817272343052,3.699398777857154,1.753717050622849,HND
Random Forest,aprendizaje,2019Q1,1,1.9456817272343052,3.7434062345369785,1.7977245073026733,HND
LSTM(16),red neuronal,2019Q1,1,1.9456817272343052,4.08723374389829,2.1415520166639848,HND
Comb. RF/AR(1) suave,combinacion,2019Q1,1,1.9456817272343052,3.48554605230129,1.539864325066985,HND
Comb. RF/AR(1) dura,combinacion,2019Q1,1,1.9456817272343052,3.48554605230129,1.539864325066985,HND
Comb. RF/ingenuo suave,combinacion,2019Q1,1,1.9456817272343052,3.48554605230129,1.539864325066985,HND
Comb. LSTM/AR(1) suave,combinacion,2019Q1,1,1.9456817272343052,4.0151264009929415,2.0694446737586363,HND
Comb. 50/50 RF-AR(1),combinacion,2019Q1,1,1.9456817272343052,3.566275722446605,1.6205939952122996,HND
Ingenuo,referencia,2019Q2,1,2.6403398002525558,1.9456817272343052,-0.6946580730182506,HND
Deriva,referencia,2019Q2,1,2.6403398002525558,1.9334467493465184,-0.7068930509060374,HND
AR(1),Box-Jenkins,2019Q2,1,2.6403398002525558,2.523248692256374,-0.11709110799618161,HND
"ARMA(2,2)",Box-Jenkins,2019Q2,1,2.6403398002525558,2.5223522786838353,-0.1179875215687205,HND
"ARIMA(1,1,1)",Box-Jenkins,2019Q2,1,2.6403398002525558,2.2582531677292237,-0.3820866325233321,HND
Ridge sobre rezagos,regularizado,2019Q2,1,2.6403398002525558,1.967061088344427,-0.6732787119081287,HND
Random Forest,aprendizaje,2019Q2,1,2.6403398002525558,3.7431165958228263,1.1027767955702705,HND
LSTM(16),red neuronal,2019Q2,1,2.6403398002525558,3.0466236700202938,0.406283869767738,HND
Comb. RF/AR(1) suave,combinacion,2019Q2,1,2.6403398002525558,3.029081871992758,0.38874207174020237,HND
Comb. RF/AR(1) dura,combinacion,2019Q2,1,2.6403398002525558,3.029081871992758,0.38874207174020237,HND
Comb. RF/ingenuo suave,combinacion,2019Q2,1,2.6403398002525558,3.029081871992758,0.38874207174020237,HND
Comb. LSTM/AR(1) suave,combinacion,2019Q2,1,2.6403398002525558,2.4984151470609532,-0.14192465319160252,HND
Comb. 50/50 RF-AR(1),combinacion,2019Q2,1,2.6403398002525558,2.603319862858813,-0.037019937393742985,HND
Ingenuo,referencia,2019Q3,1,2.2673817087657033,2.6403398002525558,0.37295809148685244,HND
Deriva,referencia,2019Q3,1,2.2673817087657033,2.6376574311607963,0.370275722395093,HND
AR(1),Box-Jenkins,2019Q3,1,2.2673817087657033,3.0197906947356254,0.7524089859699221,HND
"ARMA(2,2)",Box-Jenkins,2019Q3,1,2.2673817087657033,3.2491788551556224,0.9817971463899191,HND
"ARIMA(1,1,1)",Box-Jenkins,2019Q3,1,2.2673817087657033,2.500927837825275,0.2335461290595715,HND
Ridge sobre rezagos,regularizado,2019Q3,1,2.2673817087657033,2.102483852338196,-0.16489785642750743,HND
Random Forest,aprendizaje,2019Q3,1,2.2673817087657033,3.3881851050893705,1.1208033963236672,HND
LSTM(16),red neuronal,2019Q3,1,2.2673817087657033,2.9067947884624243,0.639413079696721,HND
Comb. RF/AR(1) suave,combinacion,2019Q3,1,2.2673817087657033,2.8332125506657855,0.5658308419000821,HND
Comb. RF/AR(1) dura,combinacion,2019Q3,1,2.2673817087657033,2.8332125506657855,0.5658308419000821,HND
Comb. RF/ingenuo suave,combinacion,2019Q3,1,2.2673817087657033,2.8332125506657855,0.5658308419000821,HND
Comb. LSTM/AR(1) suave,combinacion,2019Q3,1,2.2673817087657033,2.947747764103646,0.6803660553379425,HND
Comb. 50/50 RF-AR(1),combinacion,2019Q3,1,2.2673817087657033,2.9956064380863543,0.728224729320651,HND
Ingenuo,referencia,2019Q4,1,-1.5916359795190793,2.2673817087657033,3.8590176882847826,HND
Deriva,referencia,2019Q4,1,-1.5916359795190793,2.2597623300420095,3.851398309561089,HND
AR(1),Box-Jenkins,2019Q4,1,-1.5916359795190793,2.7403094325988464,4.331945412117926,HND
"ARMA(2,2)",Box-Jenkins,2019Q4,1,-1.5916359795190793,2.3339201588877194,3.9255561384067987,HND
"ARIMA(1,1,1)",Box-Jenkins,2019Q4,1,-1.5916359795190793,2.3439008439481026,3.935536823467182,HND
Ridge sobre rezagos,regularizado,2019Q4,1,-1.5916359795190793,2.777032317567372,4.368668297086451,HND
Random Forest,aprendizaje,2019Q4,1,-1.5916359795190793,3.533373265649048,5.125009245168128,HND
LSTM(16),red neuronal,2019Q4,1,-1.5916359795190793,2.798141680662641,4.38977766018172,HND
Comb. RF/AR(1) suave,combinacion,2019Q4,1,-1.5916359795190793,3.3952638420941916,4.986899821613271,HND
Comb. RF/AR(1) dura,combinacion,2019Q4,1,-1.5916359795190793,3.3952638420941916,4.986899821613271,HND
Comb. RF/ingenuo suave,combinacion,2019Q4,1,-1.5916359795190793,3.3952638420941916,4.986899821613271,HND
Comb. LSTM/AR(1) suave,combinacion,2019Q4,1,-1.5916359795190793,2.8366366584173726,4.428272637936452,HND
Comb. 50/50 RF-AR(1),combinacion,2019Q4,1,-1.5916359795190793,3.2177789897040228,4.809414969223102,HND
Ingenuo,referencia,2020Q1,1,-18.12322191427036,-1.5916359795190793,16.53158593475128,HND
Deriva,referencia,2020Q1,1,-18.12322191427036,-1.6499316517896296,16.47329026248073,HND
AR(1),Box-Jenkins,2020Q1,1,-18.12322191427036,-0.17418116634860836,17.949040747921753,HND
"ARMA(2,2)",Box-Jenkins,2020Q1,1,-18.12322191427036,-0.5622720372457024,17.560949877024658,HND
"ARIMA(1,1,1)",Box-Jenkins,2020Q1,1,-18.12322191427036,-0.7816964741195577,17.341525440150804,HND
Ridge sobre rezagos,regularizado,2020Q1,1,-18.12322191427036,0.11110808805579486,18.234330002326153,HND
Random Forest,aprendizaje,2020Q1,1,-18.12322191427036,0.03239095244809697,18.155612866718457,HND
LSTM(16),red neuronal,2020Q1,1,-18.12322191427036,0.26048311380887945,18.38370502807924,HND
Comb. RF/AR(1) suave,combinacion,2020Q1,1,-18.12322191427036,0.2375119846158907,18.360733898886252,HND
Comb. RF/AR(1) dura,combinacion,2020Q1,1,-18.12322191427036,-0.17418116634860836,17.949040747921753,HND
Comb. RF/ingenuo suave,combinacion,2020Q1,1,-18.12322191427036,0.06543050731996863,18.18865242159033,HND
Comb. LSTM/AR(1) suave,combinacion,2020Q1,1,-18.12322191427036,0.27842573132165505,18.401647645592014,HND
Comb. 50/50 RF-AR(1),combinacion,2020Q1,1,-18.12322191427036,-0.17418116634860836,17.949040747921753,HND
Ingenuo,referencia,2020Q2,1,-8.299208791684553,-18.12322191427036,-9.824013122585807,HND
Deriva,referencia,2020Q2,1,-8.299208791684553,-18.39545642111858,-10.096247629434028,HND
AR(1),Box-Jenkins,2020Q2,1,-8.299208791684553,-17.788958681280498,-9.489749889595945,HND
"ARMA(2,2)",Box-Jenkins,2020Q2,1,-8.299208791684553,-21.77391312063865,-13.474704328954097,HND
"ARIMA(1,1,1)",Box-Jenkins,2020Q2,1,-8.299208791684553,-19.950556741335568,-11.651347949651015,HND
Ridge sobre rezagos,regularizado,2020Q2,1,-8.299208791684553,-23.338446515712484,-15.039237724027931,HND
Random Forest,aprendizaje,2020Q2,1,-8.299208791684553,-8.510482829933993,-0.21127403824944047,HND
LSTM(16),red neuronal,2020Q2,1,-8.299208791684553,-4.122897375846455,4.176311415838097,HND
Comb. RF/AR(1) suave,combinacion,2020Q2,1,-8.299208791684553,-17.788958681280498,-9.489749889595945,HND
Comb. RF/AR(1) dura,combinacion,2020Q2,1,-8.299208791684553,-17.788958681280498,-9.489749889595945,HND
Comb. RF/ingenuo suave,combinacion,2020Q2,1,-8.299208791684553,-18.12322191427036,-9.824013122585807,HND
Comb. LSTM/AR(1) suave,combinacion,2020Q2,1,-8.299208791684553,-17.788958681280498,-9.489749889595945,HND
Comb. 50/50 RF-AR(1),combinacion,2020Q2,1,-8.299208791684553,-17.788958681280498,-9.489749889595945,HND
Ingenuo,referencia,2020Q3,1,-7.889247920008424,-8.299208791684553,-0.4099608716761285,HND
Deriva,referencia,2020Q3,1,-7.889247920008424,-8.442004226360543,-0.5527563063521193,HND
AR(1),Box-Jenkins,2020Q3,1,-7.889247920008424,-5.349327183169232,2.539920736839192,HND
"ARMA(2,2)",Box-Jenkins,2020Q3,1,-7.889247920008424,-1.3827342619691678,6.506513658039257,HND
"ARIMA(1,1,1)",Box-Jenkins,2020Q3,1,-7.889247920008424,-8.887180593096058,-0.9979326730876341,HND
Ridge sobre rezagos,regularizado,2020Q3,1,-7.889247920008424,-5.891828309664275,1.9974196103441493,HND
Random Forest,aprendizaje,2020Q3,1,-7.889247920008424,-8.803948653960521,-0.9147007339520972,HND
LSTM(16),red neuronal,2020Q3,1,-7.889247920008424,-2.773095476920492,5.116152443087932,HND
Comb. RF/AR(1) suave,combinacion,2020Q3,1,-7.889247920008424,-5.349327183169232,2.539920736839192,HND
Comb. RF/AR(1) dura,combinacion,2020Q3,1,-7.889247920008424,-5.349327183169232,2.539920736839192,HND
Comb. RF/ingenuo suave,combinacion,2020Q3,1,-7.889247920008424,-8.299208791684553,-0.4099608716761285,HND
Comb. LSTM/AR(1) suave,combinacion,2020Q3,1,-7.889247920008424,-5.349327183169232,2.539920736839192,HND
Comb. 50/50 RF-AR(1),combinacion,2020Q3,1,-7.889247920008424,-5.349327183169232,2.539920736839192,HND
Ingenuo,referencia,2020Q4,1,2.569655000195681,-7.889247920008424,-10.458902920204105,HND
Deriva,referencia,2020Q4,1,2.569655000195681,-8.025046439414135,-10.594701439609816,HND
AR(1),Box-Jenkins,2020Q4,1,2.569655000195681,-5.407457294886746,-7.977112295082427,HND
"ARMA(2,2)",Box-Jenkins,2020Q4,1,2.569655000195681,-6.600946941863545,-9.170601942059225,HND
"ARIMA(1,1,1)",Box-Jenkins,2020Q4,1,2.569655000195681,-7.928044722763465,-10.497699722959146,HND
Ridge sobre rezagos,regularizado,2020Q4,1,2.569655000195681,-10.119058308164588,-12.688713308360269,HND
Random Forest,aprendizaje,2020Q4,1,2.569655000195681,-10.821357589196818,-13.3910125893925,HND
LSTM(16),red neuronal,2020Q4,1,2.569655000195681,-0.9591095275997219,-3.5287645277954027,HND
Comb. RF/AR(1) suave,combinacion,2020Q4,1,2.569655000195681,-5.407457294886746,-7.977112295082427,HND
Comb. RF/AR(1) dura,combinacion,2020Q4,1,2.569655000195681,-5.407457294886746,-7.977112295082427,HND
Comb. RF/ingenuo suave,combinacion,2020Q4,1,2.569655000195681,-7.889247920008424,-10.458902920204105,HND
Comb. LSTM/AR(1) suave,combinacion,2020Q4,1,2.569655000195681,-5.407457294886746,-7.977112295082427,HND
Comb. 50/50 RF-AR(1),combinacion,2020Q4,1,2.569655000195681,-5.407457294886746,-7.977112295082427,HND
Ingenuo,referencia,2021Q1,1,25.155978717446104,2.569655000195681,-22.586323717250423,HND
Deriva,referencia,2021Q1,1,25.155978717446104,2.5662902487850925,-22.58968846866101,HND
AR(1),Box-Jenkins,2021Q1,1,25.155978717446104,2.7847677163449647,-22.371211001101138,HND
"ARMA(2,2)",Box-Jenkins,2021Q1,1,25.155978717446104,5.601486323228202,-19.554492394217903,HND
"ARIMA(1,1,1)",Box-Jenkins,2021Q1,1,25.155978717446104,-0.39748948102004356,-25.55346819846615,HND
Ridge sobre rezagos,regularizado,2021Q1,1,25.155978717446104,7.501666107420499,-17.654312610025606,HND
Random Forest,aprendizaje,2021Q1,1,25.155978717446104,3.525603056510022,-21.63037566093608,HND
LSTM(16),red neuronal,2021Q1,1,25.155978717446104,3.5833758317935795,-21.572602885652525,HND
Comb. RF/AR(1) suave,combinacion,2021Q1,1,25.155978717446104,2.7847677163449647,-22.371211001101138,HND
Comb. RF/AR(1) dura,combinacion,2021Q1,1,25.155978717446104,2.7847677163449647,-22.371211001101138,HND
Comb. RF/ingenuo suave,combinacion,2021Q1,1,25.155978717446104,2.569655000195681,-22.586323717250423,HND
Comb. LSTM/AR(1) suave,combinacion,2021Q1,1,25.155978717446104,2.7847677163449647,-22.371211001101138,HND
Comb. 50/50 RF-AR(1),combinacion,2021Q1,1,25.155978717446104,2.7847677163449647,-22.371211001101138,HND
Ingenuo,referencia,2021Q2,1,12.339476251927861,25.155978717446104,12.816502465518242,HND
Deriva,referencia,2021Q2,1,12.339476251927861,25.43149900885849,13.09202275693063,HND
AR(1),Box-Jenkins,2021Q2,1,12.339476251927861,18.369834657286486,6.0303584053586246,HND
"ARMA(2,2)",Box-Jenkins,2021Q2,1,12.339476251927861,25.82901760121144,13.489541349283579,HND
"ARIMA(1,1,1)",Box-Jenkins,2021Q2,1,12.339476251927861,18.388941514702346,6.0494652627744845,HND
Ridge sobre rezagos,regularizado,2021Q2,1,12.339476251927861,21.41755614335554,9.078079891427679,HND
Random Forest,aprendizaje,2021Q2,1,12.339476251927861,7.710302206988644,-4.629174044939217,HND
LSTM(16),red neuronal,2021Q2,1,12.339476251927861,7.201823769823358,-5.137652482104503,HND
Comb. RF/AR(1) suave,combinacion,2021Q2,1,12.339476251927861,18.369834657286486,6.0303584053586246,HND
Comb. RF/AR(1) dura,combinacion,2021Q2,1,12.339476251927861,18.369834657286486,6.0303584053586246,HND
Comb. RF/ingenuo suave,combinacion,2021Q2,1,12.339476251927861,25.155978717446104,12.816502465518242,HND
Comb. LSTM/AR(1) suave,combinacion,2021Q2,1,12.339476251927861,18.369834657286486,6.0303584053586246,HND
Comb. 50/50 RF-AR(1),combinacion,2021Q2,1,12.339476251927861,18.369834657286486,6.0303584053586246,HND
Ingenuo,referencia,2021Q3,1,12.290917261832114,12.339476251927861,0.04855899009574749,HND
Deriva,referencia,2021Q3,1,12.290917261832114,12.455337729231339,0.1644204673992249,HND
AR(1),Box-Jenkins,2021Q3,1,12.290917261832114,8.907190934788389,-3.383726327043725,HND
"ARMA(2,2)",Box-Jenkins,2021Q3,1,12.290917261832114,7.200773042980488,-5.090144218851625,HND
"ARIMA(1,1,1)",Box-Jenkins,2021Q3,1,12.290917261832114,8.912506644669602,-3.378410617162512,HND
Ridge sobre rezagos,regularizado,2021Q3,1,12.290917261832114,12.905749091957945,0.6148318301258318,HND
Random Forest,aprendizaje,2021Q3,1,12.290917261832114,7.019621262654209,-5.271295999177904,HND
LSTM(16),red neuronal,2021Q3,1,12.290917261832114,9.011998996657752,-3.2789182651743616,HND
Comb. RF/AR(1) suave,combinacion,2021Q3,1,12.290917261832114,8.907190934788389,-3.383726327043725,HND
Comb. RF/AR(1) dura,combinacion,2021Q3,1,12.290917261832114,8.907190934788389,-3.383726327043725,HND
Comb. RF/ingenuo suave,combinacion,2021Q3,1,12.290917261832114,12.339476251927861,0.04855899009574749,HND
Comb. LSTM/AR(1) suave,combinacion,2021Q3,1,12.290917261832114,8.907190934788389,-3.383726327043725,HND
Comb. 50/50 RF-AR(1),combinacion,2021Q3,1,12.290917261832114,8.907190934788389,-3.383726327043725,HND
Ingenuo,referencia,2021Q4,1,5.360484594784132,12.290917261832114,6.930432667047982,HND
Deriva,referencia,2021Q4,1,5.360484594784132,12.404797769648853,7.044313174864722,HND
AR(1),Box-Jenkins,2021Q4,1,5.360484594784132,9.068813762851459,3.708329168067327,HND
"ARMA(2,2)",Box-Jenkins,2021Q4,1,5.360484594784132,10.415461131449614,5.054976536665483,HND
"ARIMA(1,1,1)",Box-Jenkins,2021Q4,1,5.360484594784132,9.073820011151694,3.7133354163675625,HND
Ridge sobre rezagos,regularizado,2021Q4,1,5.360484594784132,-1.4153753979651191,-6.77585999274925,HND
Random Forest,aprendizaje,2021Q4,1,5.360484594784132,6.9221440227978475,1.5616594280137157,HND
LSTM(16),red neuronal,2021Q4,1,5.360484594784132,9.395452181828592,4.03496758704446,HND
Comb. RF/AR(1) suave,combinacion,2021Q4,1,5.360484594784132,9.068813762851459,3.708329168067327,HND
Comb. RF/AR(1) dura,combinacion,2021Q4,1,5.360484594784132,9.068813762851459,3.708329168067327,HND
Comb. RF/ingenuo suave,combinacion,2021Q4,1,5.360484594784132,12.290917261832114,6.930432667047982,HND
Comb. LSTM/AR(1) suave,combinacion,2021Q4,1,5.360484594784132,9.068813762851459,3.708329168067327,HND
Comb. 50/50 RF-AR(1),combinacion,2021Q4,1,5.360484594784132,9.068813762851459,3.708329168067327,HND
Ingenuo,referencia,2022Q1,1,4.713916210967217,5.360484594784132,0.6465683838169145,HND
Deriva,referencia,2022Q1,1,4.713916210967217,5.390504231471529,0.6765880205043118,HND
AR(1),Box-Jenkins,2022Q1,1,4.713916210967217,4.738141746154792,0.024225535187574643,HND
"ARMA(2,2)",Box-Jenkins,2022Q1,1,4.713916210967217,1.8007702433637878,-2.9131459676034295,HND
"ARIMA(1,1,1)",Box-Jenkins,2022Q1,1,4.713916210967217,6.296994570759677,1.5830783597924594,HND
Ridge sobre rezagos,regularizado,2022Q1,1,4.713916210967217,-7.674371083311199,-12.388287294278417,HND
Random Forest,aprendizaje,2022Q1,1,4.713916210967217,5.111282538072211,0.39736632710499364,HND
LSTM(16),red neuronal,2022Q1,1,4.713916210967217,7.409869818819551,2.695953607852334,HND
Comb. RF/AR(1) suave,combinacion,2022Q1,1,4.713916210967217,4.738141746154792,0.024225535187574643,HND
Comb. RF/AR(1) dura,combinacion,2022Q1,1,4.713916210967217,4.738141746154792,0.024225535187574643,HND
Comb. RF/ingenuo suave,combinacion,2022Q1,1,4.713916210967217,5.360484594784132,0.6465683838169145,HND
Comb. LSTM/AR(1) suave,combinacion,2022Q1,1,4.713916210967217,4.738141746154792,0.024225535187574643,HND
Comb. 50/50 RF-AR(1),combinacion,2022Q1,1,4.713916210967217,4.738141746154792,0.024225535187574643,HND
Ingenuo,referencia,2022Q2,1,3.55425505461755,4.713916210967217,1.1596611563496673,HND
Deriva,referencia,2022Q2,1,3.55425505461755,4.735975988589858,1.1817209339723078,HND
AR(1),Box-Jenkins,2022Q2,1,3.55425505461755,4.35218294775886,0.7979278931413099,HND
"ARMA(2,2)",Box-Jenkins,2022Q2,1,3.55425505461755,5.638387540889012,2.0841324862714616,HND
"ARIMA(1,1,1)",Box-Jenkins,2022Q2,1,3.55425505461755,4.734607147883894,1.180352093266344,HND
Ridge sobre rezagos,regularizado,2022Q2,1,3.55425505461755,18.406871415718815,14.852616361101266,HND
Random Forest,aprendizaje,2022Q2,1,3.55425505461755,5.176375201013826,1.6221201463962762,HND
LSTM(16),red neuronal,2022Q2,1,3.55425505461755,5.97081881513515,2.4165637605176,HND
Comb. RF/AR(1) suave,combinacion,2022Q2,1,3.55425505461755,4.35218294775886,0.7979278931413099,HND
Comb. RF/AR(1) dura,combinacion,2022Q2,1,3.55425505461755,4.35218294775886,0.7979278931413099,HND
Comb. RF/ingenuo suave,combinacion,2022Q2,1,3.55425505461755,4.713916210967217,1.1596611563496673,HND
Comb. LSTM/AR(1) suave,combinacion,2022Q2,1,3.55425505461755,4.35218294775886,0.7979278931413099,HND
Comb. 50/50 RF-AR(1),combinacion,2022Q2,1,3.55425505461755,4.35218294775886,0.7979278931413099,HND
Ingenuo,referencia,2022Q3,1,3.019179084137491,3.55425505461755,0.535075970480059,HND
Deriva,referencia,2022Q3,1,3.019179084137491,3.5625738911474896,0.5433948070099985,HND
AR(1),Box-Jenkins,2022Q3,1,3.019179084137491,3.6513297182282614,0.6321506340907703,HND
"ARMA(2,2)",Box-Jenkins,2022Q3,1,3.019179084137491,5.708583719487033,2.6894046353495416,HND
"ARIMA(1,1,1)",Box-Jenkins,2022Q3,1,3.019179084137491,3.7000692225035663,0.6808901383660753,HND
Ridge sobre rezagos,regularizado,2022Q3,1,3.019179084137491,8.443521383034593,5.424342298897102,HND
Random Forest,aprendizaje,2022Q3,1,3.019179084137491,3.976869641730645,0.9576905575931538,HND
LSTM(16),red neuronal,2022Q3,1,3.019179084137491,3.966082797129713,0.946903712992222,HND
Comb. RF/AR(1) suave,combinacion,2022Q3,1,3.019179084137491,3.6513297182282614,0.6321506340907703,HND
Comb. RF/AR(1) dura,combinacion,2022Q3,1,3.019179084137491,3.6513297182282614,0.6321506340907703,HND
Comb. RF/ingenuo suave,combinacion,2022Q3,1,3.019179084137491,3.55425505461755,0.535075970480059,HND
Comb. LSTM/AR(1) suave,combinacion,2022Q3,1,3.019179084137491,3.6513297182282614,0.6321506340907703,HND
Comb. 50/50 RF-AR(1),combinacion,2022Q3,1,3.019179084137491,3.6513297182282614,0.6321506340907703,HND
Ingenuo,referencia,2022Q4,1,2.7934030232694473,3.019179084137491,0.2257760608680437,HND
Deriva,referencia,2022Q4,1,2.7934030232694473,3.0212520033454764,0.22784898007602905,HND
AR(1),Box-Jenkins,2022Q4,1,2.7934030232694473,3.325090940279981,0.5316879170105335,HND
"ARMA(2,2)",Box-Jenkins,2022Q4,1,2.7934030232694473,1.7809837967352322,-1.0124192265342151,HND
"ARIMA(1,1,1)",Box-Jenkins,2022Q4,1,2.7934030232694473,3.0723192770102106,0.27891625374076323,HND
Ridge sobre rezagos,regularizado,2022Q4,1,2.7934030232694473,12.444001085497453,9.650598062228006,HND
Random Forest,aprendizaje,2022Q4,1,2.7934030232694473,3.431859419015538,0.6384563957460907,HND
LSTM(16),red neuronal,2022Q4,1,2.7934030232694473,1.9511598539368766,-0.8422431693325707,HND
Comb. RF/AR(1) suave,combinacion,2022Q4,1,2.7934030232694473,3.325090940279981,0.5316879170105335,HND
Comb. RF/AR(1) dura,combinacion,2022Q4,1,2.7934030232694473,3.325090940279981,0.5316879170105335,HND
Comb. RF/ingenuo suave,combinacion,2022Q4,1,2.7934030232694473,3.019179084137491,0.2257760608680437,HND
Comb. LSTM/AR(1) suave,combinacion,2022Q4,1,2.7934030232694473,3.325090940279981,0.5316879170105335,HND
Comb. 50/50 RF-AR(1),combinacion,2022Q4,1,2.7934030232694473,3.325090940279981,0.5316879170105335,HND
Ingenuo,referencia,2023Q1,1,3.371965811965816,2.7934030232694473,-0.5785627886963685,HND
Deriva,referencia,2023Q1,1,3.371965811965816,2.7928867495220233,-0.5790790624437925,HND
AR(1),Box-Jenkins,2023Q1,1,3.371965811965816,3.184249408871889,-0.18771640309392668,HND
"ARMA(2,2)",Box-Jenkins,2023Q1,1,3.371965811965816,0.9513910271884094,-2.4205747847774064,HND
"ARIMA(1,1,1)",Box-Jenkins,2023Q1,1,3.371965811965816,2.8165164223886174,-0.5554493895771984,HND
Ridge sobre rezagos,regularizado,2023Q1,1,3.371965811965816,-3.1992486842271117,-6.571214496192928,HND
Random Forest,aprendizaje,2023Q1,1,3.371965811965816,2.151446864221155,-1.2205189477446607,HND
LSTM(16),red neuronal,2023Q1,1,3.371965811965816,0.7429432324456973,-2.6290225795201185,HND
Comb. RF/AR(1) suave,combinacion,2023Q1,1,3.371965811965816,3.184249408871889,-0.18771640309392668,HND
Comb. RF/AR(1) dura,combinacion,2023Q1,1,3.371965811965816,3.184249408871889,-0.18771640309392668,HND
Comb. RF/ingenuo suave,combinacion,2023Q1,1,3.371965811965816,2.7934030232694473,-0.5785627886963685,HND
Comb. LSTM/AR(1) suave,combinacion,2023Q1,1,3.371965811965816,3.184249408871889,-0.18771640309392668,HND
Comb. 50/50 RF-AR(1),combinacion,2023Q1,1,3.371965811965816,3.184249408871889,-0.18771640309392668,HND
Ingenuo,referencia,2023Q2,1,4.400034496811589,3.371965811965816,-1.0280686848457732,HND
Deriva,referencia,2023Q2,1,4.400034496811589,3.377956044537985,-1.022078452273604,HND
AR(1),Box-Jenkins,2023Q2,1,4.400034496811589,3.5314039217914424,-0.8686305750201466,HND
"ARMA(2,2)",Box-Jenkins,2023Q2,1,4.400034496811589,4.839321789270146,0.43928729245855713,HND
"ARIMA(1,1,1)",Box-Jenkins,2023Q2,1,4.400034496811589,3.2974840112749044,-1.1025504855366846,HND
Ridge sobre rezagos,regularizado,2023Q2,1,4.400034496811589,2.433184027068804,-1.966850469742785,HND
Random Forest,aprendizaje,2023Q2,1,4.400034496811589,2.853894589013115,-1.5461399077984739,HND
LSTM(16),red neuronal,2023Q2,1,4.400034496811589,1.5439058230358813,-2.8561286737757077,HND
Comb. RF/AR(1) suave,combinacion,2023Q2,1,4.400034496811589,3.5314039217914424,-0.8686305750201466,HND
Comb. RF/AR(1) dura,combinacion,2023Q2,1,4.400034496811589,3.5314039217914424,-0.8686305750201466,HND
Comb. RF/ingenuo suave,combinacion,2023Q2,1,4.400034496811589,3.371965811965816,-1.0280686848457732,HND
Comb. LSTM/AR(1) suave,combinacion,2023Q2,1,4.400034496811589,3.5314039217914424,-0.8686305750201466,HND
Comb. 50/50 RF-AR(1),combinacion,2023Q2,1,4.400034496811589,3.5314039217914424,-0.8686305750201466,HND
Ingenuo,referencia,2023Q3,1,3.7190470130409548,4.400034496811589,0.6809874837706342,HND
Deriva,referencia,2023Q3,1,3.7190470130409548,4.417381156631243,0.6983341435902881,HND
AR(1),Box-Jenkins,2023Q3,1,3.7190470130409548,4.153886574119504,0.43483956107854915,HND
"ARMA(2,2)",Box-Jenkins,2023Q3,1,3.7190470130409548,6.650695921257222,2.9316489082162676,HND
"ARIMA(1,1,1)",Box-Jenkins,2023Q3,1,3.7190470130409548,4.279100212122901,0.5600531990819464,HND
Ridge sobre rezagos,regularizado,2023Q3,1,3.7190470130409548,3.072106992337078,-0.6469400207038767,HND
Random Forest,aprendizaje,2023Q3,1,3.7190470130409548,3.8660610520543357,0.14701403901338095,HND
LSTM(16),red neuronal,2023Q3,1,3.7190470130409548,3.8068438757959147,0.0877968627549599,HND
Comb. RF/AR(1) suave,combinacion,2023Q3,1,3.7190470130409548,3.9301087092257605,0.21106169618480575,HND
Comb. RF/AR(1) dura,combinacion,2023Q3,1,3.7190470130409548,4.153886574119504,0.43483956107854915,HND
Comb. RF/ingenuo suave,combinacion,2023Q3,1,3.7190470130409548,4.107633389251166,0.3885863762102115,HND
Comb. LSTM/AR(1) suave,combinacion,2023Q3,1,3.7190470130409548,3.98478569758011,0.2657386845391554,HND
Comb. 50/50 RF-AR(1),combinacion,2023Q3,1,3.7190470130409548,4.153886574119504,0.43483956107854915,HND
Ingenuo,referencia,2023Q4,1,3.7825804687460662,3.7190470130409548,-0.06353345570511149,HND
Deriva,referencia,2023Q4,1,3.7825804687460662,3.7287196712826933,-0.05386079746337291,HND
AR(1),Box-Jenkins,2023Q4,1,3.7825804687460662,3.743223219558441,-0.039357249187625065,HND
"ARMA(2,2)",Box-Jenkins,2023Q4,1,3.7825804687460662,3.1262512844838874,-0.6563291842621788,HND
"ARIMA(1,1,1)",Box-Jenkins,2023Q4,1,3.7825804687460662,3.815520164876686,0.032939696130619645,HND
Ridge sobre rezagos,regularizado,2023Q4,1,3.7825804687460662,3.855241199773551,0.07266073102748472,HND
Random Forest,aprendizaje,2023Q4,1,3.7825804687460662,3.2089965130495037,-0.5735839556965625,HND
LSTM(16),red neuronal,2023Q4,1,3.7825804687460662,3.308912352237262,-0.47366811650880436,HND
Comb. RF/AR(1) suave,combinacion,2023Q4,1,3.7825804687460662,3.2301535558564036,-0.5524269128896626,HND
Comb. RF/AR(1) dura,combinacion,2023Q4,1,3.7825804687460662,3.743223219558441,-0.039357249187625065,HND
Comb. RF/ingenuo suave,combinacion,2023Q4,1,3.7825804687460662,3.214838996632882,-0.5677414721131844,HND
Comb. LSTM/AR(1) suave,combinacion,2023Q4,1,3.7825804687460662,3.53948571639145,-0.24309475235461608,HND
Comb. 50/50 RF-AR(1),combinacion,2023Q4,1,3.7825804687460662,3.743223219558441,-0.039357249187625065,HND
Ingenuo,referencia,2024Q1,1,4.355030212029898,3.7825804687460662,-0.5724497432838316,HND
Deriva,referencia,2024Q1,1,4.355030212029898,3.7928385704384935,-0.5621916415914043,HND
AR(1),Box-Jenkins,2024Q1,1,4.355030212029898,3.78150899584286,-0.573521216187038,HND
"ARMA(2,2)",Box-Jenkins,2024Q1,1,4.355030212029898,0.9374751319128309,-3.417555080117067,HND
"ARIMA(1,1,1)",Box-Jenkins,2024Q1,1,4.355030212029898,3.765574897881244,-0.5894553141486538,HND
Ridge sobre rezagos,regularizado,2024Q1,1,4.355030212029898,3.4580998095998186,-0.8969304024300793,HND
Random Forest,aprendizaje,2024Q1,1,4.355030212029898,3.493383571571531,-0.8616466404583667,HND
LSTM(16),red neuronal,2024Q1,1,4.355030212029898,3.4938743818546287,-0.8611558301752691,HND
Comb. RF/AR(1) suave,combinacion,2024Q1,1,4.355030212029898,2.688220749510651,-1.6668094625192467,HND
Comb. RF/AR(1) dura,combinacion,2024Q1,1,4.355030212029898,2.688220749510651,-1.6668094625192467,HND
Comb. RF/ingenuo suave,combinacion,2024Q1,1,4.355030212029898,2.688220749510651,-1.6668094625192467,HND
Comb. LSTM/AR(1) suave,combinacion,2024Q1,1,4.355030212029898,3.185349407851763,-1.1696808041781348,HND
Comb. 50/50 RF-AR(1),combinacion,2024Q1,1,4.355030212029898,2.688220749510651,-1.6668094625192467,HND
Ingenuo,referencia,2024Q2,1,2.7563295803712196,4.355030212029898,1.5987006316586783,HND
Deriva,referencia,2024Q2,1,2.7563295803712196,4.371333385137286,1.6150038047660669,HND
AR(1),Box-Jenkins,2024Q2,1,2.7563295803712196,4.128789028801381,1.3724594484301615,HND
"ARMA(2,2)",Box-Jenkins,2024Q2,1,2.7563295803712196,4.619870593189243,1.8635410128180236,HND
"ARIMA(1,1,1)",Box-Jenkins,2024Q2,1,2.7563295803712196,4.2851161915064875,1.528786611135268,HND
Ridge sobre rezagos,regularizado,2024Q2,1,2.7563295803712196,3.794649474726216,1.0383198943549963,HND
Random Forest,aprendizaje,2024Q2,1,2.7563295803712196,3.657188306102893,0.9008587257316734,HND
LSTM(16),red neuronal,2024Q2,1,2.7563295803712196,4.154217216951055,1.3978876365798358,HND
Comb. RF/AR(1) suave,combinacion,2024Q2,1,2.7563295803712196,3.6096500732574115,0.8533204928861919,HND
Comb. RF/AR(1) dura,combinacion,2024Q2,1,2.7563295803712196,3.6096500732574115,0.8533204928861919,HND
Comb. RF/ingenuo suave,combinacion,2024Q2,1,2.7563295803712196,3.6096500732574115,0.8533204928861919,HND
Comb. LSTM/AR(1) suave,combinacion,2024Q2,1,2.7563295803712196,3.203505965976006,0.44717638560478656,HND
Comb. 50/50 RF-AR(1),combinacion,2024Q2,1,2.7563295803712196,3.609676291730024,0.8533467113588045,HND
Ingenuo,referencia,2024Q3,1,3.3470776841038052,2.7563295803712196,-0.5907481037325857,HND
Deriva,referencia,2024Q3,1,3.3470776841038052,2.7554518619385435,-0.5916258221652617,HND
AR(1),Box-Jenkins,2024Q3,1,3.3470776841038052,3.162010594193119,-0.1850670899106861,HND
"ARMA(2,2)",Box-Jenkins,2024Q3,1,3.3470776841038052,6.311826403197155,2.9647487190933495,HND
"ARIMA(1,1,1)",Box-Jenkins,2024Q3,1,3.3470776841038052,2.963356631314961,-0.3837210527888444,HND
Ridge sobre rezagos,regularizado,2024Q3,1,3.3470776841038052,3.5249063335345543,0.17782864943074905,HND
Random Forest,aprendizaje,2024Q3,1,3.3470776841038052,3.8616937322094276,0.5146160481056223,HND
LSTM(16),red neuronal,2024Q3,1,3.3470776841038052,2.758459348915831,-0.5886183351879741,HND
Comb. RF/AR(1) suave,combinacion,2024Q3,1,3.3470776841038052,3.2718402959282735,-0.07523738817553172,HND
Comb. RF/AR(1) dura,combinacion,2024Q3,1,3.3470776841038052,3.2718402959282735,-0.07523738817553172,HND
Comb. RF/ingenuo suave,combinacion,2024Q3,1,3.3470776841038052,3.2718402959282735,-0.07523738817553172,HND
Comb. LSTM/AR(1) suave,combinacion,2024Q3,1,3.3470776841038052,3.0405533415479966,-0.3065243425558086,HND
Comb. 50/50 RF-AR(1),combinacion,2024Q3,1,3.3470776841038052,3.2384619545564792,-0.10861572954732601,HND
Ingenuo,referencia,2024Q4,1,5.266637463246515,3.3470776841038052,-1.91955977914271,HND
Deriva,referencia,2024Q4,1,5.266637463246515,3.352427605904448,-1.9142098573420672,HND
AR(1),Box-Jenkins,2024Q4,1,5.266637463246515,3.5157463901661075,-1.7508910730804077,HND
"ARMA(2,2)",Box-Jenkins,2024Q4,1,5.266637463246515,2.298578999089376,-2.968058464157139,HND
"ARIMA(1,1,1)",Box-Jenkins,2024Q4,1,5.266637463246515,3.253706873653934,-2.0129305895925813,HND
Ridge sobre rezagos,regularizado,2024Q4,1,5.266637463246515,3.4802189782002304,-1.7864184850462848,HND
Random Forest,aprendizaje,2024Q4,1,5.266637463246515,3.743522763363175,-1.5231146998833403,HND
LSTM(16),red neuronal,2024Q4,1,5.266637463246515,3.0797123234304635,-2.1869251398160516,HND
Comb. RF/AR(1) suave,combinacion,2024Q4,1,5.266637463246515,3.480964283555951,-1.7856731796905643,HND
Comb. RF/AR(1) dura,combinacion,2024Q4,1,5.266637463246515,3.480964283555951,-1.7856731796905643,HND
Comb. RF/ingenuo suave,combinacion,2024Q4,1,5.266637463246515,3.480964283555951,-1.7856731796905643,HND
Comb. LSTM/AR(1) suave,combinacion,2024Q4,1,5.266637463246515,3.3179375810551415,-1.9486998821913737,HND
Comb. 50/50 RF-AR(1),combinacion,2024Q4,1,5.266637463246515,3.491374434380371,-1.775263028866144,HND
Ingenuo,referencia,2003Q4,1,2.4560118731971725,1.0526750947206454,-1.4033367784765272,MEX
Deriva,referencia,2003Q4,1,2.4560118731971725,1.0070000625366335,-1.449011810660539,MEX
AR(1),Box-Jenkins,2003Q4,1,2.4560118731971725,1.3052680101103633,-1.1507438630868092,MEX
"ARMA(2,2)",Box-Jenkins,2003Q4,1,2.4560118731971725,1.6804067757038819,-0.7756050974932907,MEX
"ARIMA(1,1,1)",Box-Jenkins,2003Q4,1,2.4560118731971725,1.3884788019191079,-1.0675330712780646,MEX
Ridge sobre rezagos,regularizado,2003Q4,1,2.4560118731971725,2.085748107075088,-0.37026376612208445,MEX
Random Forest,aprendizaje,2003Q4,1,2.4560118731971725,1.0091022404445618,-1.4469096327526108,MEX
LSTM(16),red neuronal,2003Q4,1,2.4560118731971725,1.9951700006355104,-0.4608418725616621,MEX
Comb. RF/AR(1) suave,combinacion,2003Q4,1,2.4560118731971725,0.24747577316536373,-2.2085361000318087,MEX
Comb. RF/AR(1) dura,combinacion,2003Q4,1,2.4560118731971725,0.24747577316536373,-2.2085361000318087,MEX
Comb. RF/ingenuo suave,combinacion,2003Q4,1,2.4560118731971725,0.24747577316536373,-2.2085361000318087,MEX
Comb. LSTM/AR(1) suave,combinacion,2003Q4,1,2.4560118731971725,1.9750491749795374,-0.48096269821763515,MEX
Comb. 50/50 RF-AR(1),combinacion,2003Q4,1,2.4560118731971725,0.24747577316536373,-2.2085361000318087,MEX
Ingenuo,referencia,2004Q1,1,3.656320507211519,2.4560118731971725,-1.2003086340143465,MEX
Deriva,referencia,2004Q1,1,3.656320507211519,2.446562136279674,-1.2097583709318451,MEX
AR(1),Box-Jenkins,2004Q1,1,3.656320507211519,2.482439644415301,-1.173880862796218,MEX
"ARMA(2,2)",Box-Jenkins,2004Q1,1,3.656320507211519,3.8398562784100645,0.18353577119854547,MEX
"ARIMA(1,1,1)",Box-Jenkins,2004Q1,1,3.656320507211519,3.001804372424999,-0.6545161347865198,MEX
Ridge sobre rezagos,regularizado,2004Q1,1,3.656320507211519,4.0170944396725705,0.3607739324610515,MEX
Random Forest,aprendizaje,2004Q1,1,3.656320507211519,2.274103267849947,-1.3822172393615721,MEX
LSTM(16),red neuronal,2004Q1,1,3.656320507211519,2.02557328938023,-1.630747217831289,MEX
Comb. RF/AR(1) suave,combinacion,2004Q1,1,3.656320507211519,1.7218152814130319,-1.9345052257984872,MEX
Comb. RF/AR(1) dura,combinacion,2004Q1,1,3.656320507211519,1.7218152814130319,-1.9345052257984872,MEX
Comb. RF/ingenuo suave,combinacion,2004Q1,1,3.656320507211519,1.7218152814130319,-1.9345052257984872,MEX
Comb. LSTM/AR(1) suave,combinacion,2004Q1,1,3.656320507211519,2.005026589438616,-1.651293917772903,MEX
Comb. 50/50 RF-AR(1),combinacion,2004Q1,1,3.656320507211519,1.7580891685953304,-1.8982313386161886,MEX
Ingenuo,referencia,2004Q2,1,3.5401209983908943,3.656320507211519,0.11619950882062469,MEX
Deriva,referencia,2004Q2,1,3.5401209983908943,3.676377072024066,0.1362560736331715,MEX
AR(1),Box-Jenkins,2004Q2,1,3.5401209983908943,3.489482769883554,-0.050638228507340344,MEX
"ARMA(2,2)",Box-Jenkins,2004Q2,1,3.5401209983908943,4.380581100793034,0.8404601024021394,MEX
"ARIMA(1,1,1)",Box-Jenkins,2004Q2,1,3.5401209983908943,4.090980945084894,0.5508599466939996,MEX
Ridge sobre rezagos,regularizado,2004Q2,1,3.5401209983908943,4.723041882803212,1.1829208844123178,MEX
Random Forest,aprendizaje,2004Q2,1,3.5401209983908943,4.1258441936535055,0.5857231952626112,MEX
LSTM(16),red neuronal,2004Q2,1,3.5401209983908943,2.0917474504006326,-1.4483735479902617,MEX
Comb. RF/AR(1) suave,combinacion,2004Q2,1,3.5401209983908943,4.730124647080856,1.1900036486899612,MEX
Comb. RF/AR(1) dura,combinacion,2004Q2,1,3.5401209983908943,4.730124647080856,1.1900036486899612,MEX
Comb. RF/ingenuo suave,combinacion,2004Q2,1,3.5401209983908943,4.730124647080856,1.1900036486899612,MEX
Comb. LSTM/AR(1) suave,combinacion,2004Q2,1,3.5401209983908943,2.074442419136621,-1.4656785792542735,MEX
Comb. 50/50 RF-AR(1),combinacion,2004Q2,1,3.5401209983908943,4.730124647080856,1.1900036486899612,MEX
Ingenuo,referencia,2004Q3,1,3.7003109753024344,3.5401209983908943,-0.16018997691154002,MEX
Deriva,referencia,2004Q3,1,3.7003109753024344,3.55693337097408,-0.14337760432835456,MEX
AR(1),Box-Jenkins,2004Q3,1,3.7003109753024344,3.3960370667655377,-0.3042739085368966,MEX
"ARMA(2,2)",Box-Jenkins,2004Q3,1,3.7003109753024344,2.9083460895143878,-0.7919648857880466,MEX
"ARIMA(1,1,1)",Box-Jenkins,2004Q3,1,3.7003109753024344,3.4269509737279575,-0.2733600015744768,MEX
Ridge sobre rezagos,regularizado,2004Q3,1,3.7003109753024344,3.5641964984129433,-0.13611447688949108,MEX
Random Forest,aprendizaje,2004Q3,1,3.7003109753024344,3.864738097021556,0.16442712171912177,MEX
LSTM(16),red neuronal,2004Q3,1,3.7003109753024344,2.1386342395456914,-1.561676735756743,MEX
Comb. RF/AR(1) suave,combinacion,2004Q3,1,3.7003109753024344,4.148704759280012,0.44839378397757734,MEX
Comb. RF/AR(1) dura,combinacion,2004Q3,1,3.7003109753024344,4.148704759280012,0.44839378397757734,MEX
Comb. RF/ingenuo suave,combinacion,2004Q3,1,3.7003109753024344,4.148704759280012,0.44839378397757734,MEX
Comb. LSTM/AR(1) suave,combinacion,2004Q3,1,3.7003109753024344,2.9790978519863036,-0.7212131233161307,MEX
Comb. 50/50 RF-AR(1),combinacion,2004Q3,1,3.7003109753024344,3.7903843675278472,0.09007339222541288,MEX
Ingenuo,referencia,2004Q4,1,2.569841022654318,3.7003109753024344,1.1304699526481166,MEX
Deriva,referencia,2004Q4,1,2.569841022654318,3.720457710776977,1.1506166881226592,MEX
AR(1),Box-Jenkins,2004Q4,1,2.569841022654318,3.5340590355787285,0.9642180129244107,MEX
"ARMA(2,2)",Box-Jenkins,2004Q4,1,2.569841022654318,2.7177510750219556,0.14791005236763777,MEX
"ARIMA(1,1,1)",Box-Jenkins,2004Q4,1,2.569841022654318,3.784801844379368,1.2149608217250503,MEX
Ridge sobre rezagos,regularizado,2004Q4,1,2.569841022654318,3.33645004827118,0.7666090256168623,MEX
Random Forest,aprendizaje,2004Q4,1,2.569841022654318,3.8450648553296354,1.2752238326753176,MEX
LSTM(16),red neuronal,2004Q4,1,2.569841022654318,2.3295715676330553,-0.2402694550212625,MEX
Comb. RF/AR(1) suave,combinacion,2004Q4,1,2.569841022654318,4.010195526520065,1.4403545038657475,MEX
Comb. RF/AR(1) dura,combinacion,2004Q4,1,2.569841022654318,4.010195526520065,1.4403545038657475,MEX
Comb. RF/ingenuo suave,combinacion,2004Q4,1,2.569841022654318,4.010195526520065,1.4403545038657475,MEX
Comb. LSTM/AR(1) suave,combinacion,2004Q4,1,2.569841022654318,3.461218649455785,0.891377626801467,MEX
Comb. 50/50 RF-AR(1),combinacion,2004Q4,1,2.569841022654318,3.685123546026773,1.1152825233724553,MEX
Ingenuo,referencia,2005Q1,1,1.2205843495044055,2.569841022654318,1.3492566731499123,MEX
Deriva,referencia,2005Q1,1,1.2205843495044055,2.5638373788533455,1.34325302934894,MEX
AR(1),Box-Jenkins,2005Q1,1,1.2205843495044055,2.5904183293190677,1.3698339798146622,MEX
"ARMA(2,2)",Box-Jenkins,2005Q1,1,1.2205843495044055,2.511513623909445,1.2909292744050394,MEX
"ARIMA(1,1,1)",Box-Jenkins,2005Q1,1,1.2205843495044055,2.078824907206455,0.8582405577020493,MEX
Ridge sobre rezagos,regularizado,2005Q1,1,1.2205843495044055,2.514046812731791,1.2934624632273857,MEX
Random Forest,aprendizaje,2005Q1,1,1.2205843495044055,2.814668299466075,1.5940839499616697,MEX
LSTM(16),red neuronal,2005Q1,1,1.2205843495044055,2.44549236114095,1.2249080116365443,MEX
Comb. RF/AR(1) suave,combinacion,2005Q1,1,1.2205843495044055,2.7145280866635217,1.4939437371591162,MEX
Comb. RF/AR(1) dura,combinacion,2005Q1,1,1.2205843495044055,2.7145280866635217,1.4939437371591162,MEX
Comb. RF/ingenuo suave,combinacion,2005Q1,1,1.2205843495044055,2.7145280866635217,1.4939437371591162,MEX
Comb. LSTM/AR(1) suave,combinacion,2005Q1,1,1.2205843495044055,3.2544713953475766,2.033887045843171,MEX
Comb. 50/50 RF-AR(1),combinacion,2005Q1,1,1.2205843495044055,2.623996559885498,1.4034122103810924,MEX
Ingenuo,referencia,2005Q2,1,2.3428782729058018,1.2205843495044055,-1.1222939234013962,MEX
Deriva,referencia,2005Q2,1,2.3428782729058018,1.1847306383845677,-1.158147634521234,MEX
AR(1),Box-Jenkins,2005Q2,1,2.3428782729058018,1.4610345244983909,-0.8818437484074109,MEX
"ARMA(2,2)",Box-Jenkins,2005Q2,1,2.3428782729058018,0.9708263525101266,-1.3720519203956751,MEX
"ARIMA(1,1,1)",Box-Jenkins,2005Q2,1,2.3428782729058018,0.7143398917429684,-1.6285383811628333,MEX
Ridge sobre rezagos,regularizado,2005Q2,1,2.3428782729058018,1.4850255997274286,-0.8578526731783731,MEX
Random Forest,aprendizaje,2005Q2,1,2.3428782729058018,1.291142127882414,-1.0517361450233877,MEX
LSTM(16),red neuronal,2005Q2,1,2.3428782729058018,0.2758968382841065,-2.0669814346216953,MEX
Comb. RF/AR(1) suave,combinacion,2005Q2,1,2.3428782729058018,1.2478450101732441,-1.0950332627325576,MEX
Comb. RF/AR(1) dura,combinacion,2005Q2,1,2.3428782729058018,1.2478450101732441,-1.0950332627325576,MEX
Comb. RF/ingenuo suave,combinacion,2005Q2,1,2.3428782729058018,1.2478450101732441,-1.0950332627325576,MEX
Comb. LSTM/AR(1) suave,combinacion,2005Q2,1,2.3428782729058018,2.748201566719246,0.40532329381344434,MEX
Comb. 50/50 RF-AR(1),combinacion,2005Q2,1,2.3428782729058018,1.432142551250201,-0.9107357216556007,MEX
Ingenuo,referencia,2005Q3,1,3.136229166636828,2.3428782729058018,-0.7933508937310263,MEX
Deriva,referencia,2005Q3,1,3.136229166636828,2.3322016842755557,-0.8040274823612723,MEX
AR(1),Box-Jenkins,2005Q3,1,3.136229166636828,2.394859650724858,-0.7413695159119702,MEX
"ARMA(2,2)",Box-Jenkins,2005Q3,1,3.136229166636828,2.1810343483577412,-0.9551948182790868,MEX
"ARIMA(1,1,1)",Box-Jenkins,2005Q3,1,3.136229166636828,2.894985654141775,-0.24124351249505294,MEX
Ridge sobre rezagos,regularizado,2005Q3,1,3.136229166636828,2.6724772354649033,-0.4637519311719247,MEX
Random Forest,aprendizaje,2005Q3,1,3.136229166636828,2.4937315824469786,-0.6424975841898495,MEX
LSTM(16),red neuronal,2005Q3,1,3.136229166636828,1.7083587940996954,-1.4278703725371327,MEX
Comb. RF/AR(1) suave,combinacion,2005Q3,1,3.136229166636828,2.2665299631934492,-0.8696992034433788,MEX
Comb. RF/AR(1) dura,combinacion,2005Q3,1,3.136229166636828,2.2665299631934492,-0.8696992034433788,MEX
Comb. RF/ingenuo suave,combinacion,2005Q3,1,3.136229166636828,2.2665299631934492,-0.8696992034433788,MEX
Comb. LSTM/AR(1) suave,combinacion,2005Q3,1,3.136229166636828,2.743810745965876,-0.392418420670952,MEX
Comb. 50/50 RF-AR(1),combinacion,2005Q3,1,3.136229166636828,2.3811904055404107,-0.7550387610964173,MEX
Ingenuo,referencia,2005Q4,1,4.915043945729147,3.136229166636828,-1.7788147790923192,MEX
Deriva,referencia,2005Q4,1,4.915043945729147,3.1426595457163966,-1.7723844000127507,MEX
AR(1),Box-Jenkins,2005Q4,1,4.915043945729147,3.05520049173864,-1.859843453990507,MEX
"ARMA(2,2)",Box-Jenkins,2005Q4,1,4.915043945729147,4.2700599994915995,-0.6449839462375477,MEX
"ARIMA(1,1,1)",Box-Jenkins,2005Q4,1,4.915043945729147,3.3816357904184655,-1.5334081553106818,MEX
Ridge sobre rezagos,regularizado,2005Q4,1,4.915043945729147,4.169853786257628,-0.7451901594715196,MEX
Random Forest,aprendizaje,2005Q4,1,4.915043945729147,3.202156801280158,-1.7128871444489895,MEX
LSTM(16),red neuronal,2005Q4,1,4.915043945729147,2.7385845862377796,-2.1764593594913677,MEX
Comb. RF/AR(1) suave,combinacion,2005Q4,1,4.915043945729147,2.966546364041016,-1.9484975816881311,MEX
Comb. RF/AR(1) dura,combinacion,2005Q4,1,4.915043945729147,2.966546364041016,-1.9484975816881311,MEX
Comb. RF/ingenuo suave,combinacion,2005Q4,1,4.915043945729147,2.966546364041016,-1.9484975816881311,MEX
Comb. LSTM/AR(1) suave,combinacion,2005Q4,1,4.915043945729147,2.8007396708157355,-2.1143042749134118,MEX
Comb. 50/50 RF-AR(1),combinacion,2005Q4,1,4.915043945729147,3.0442762776695576,-1.8707676680595897,MEX
Ingenuo,referencia,2006Q1,1,5.836054212691821,4.915043945729147,-0.9210102669626741,MEX
Deriva,referencia,2006Q1,1,5.836054212691821,4.958398999808981,-0.8776552128828401,MEX
AR(1),Box-Jenkins,2006Q1,1,5.836054212691821,4.541562374402501,-1.2944918382893205,MEX
"ARMA(2,2)",Box-Jenkins,2006Q1,1,5.836054212691821,5.543330350381788,-0.29272386231003367,MEX
"ARIMA(1,1,1)",Box-Jenkins,2006Q1,1,5.836054212691821,5.63486717894568,-0.201187033746141,MEX
Ridge sobre rezagos,regularizado,2006Q1,1,5.836054212691821,5.434912396698483,-0.40114181599333865,MEX
Random Forest,aprendizaje,2006Q1,1,5.836054212691821,4.944790706650647,-0.8912635060411747,MEX
LSTM(16),red neuronal,2006Q1,1,5.836054212691821,3.045045307681178,-2.7910089050106435,MEX
Comb. RF/AR(1) suave,combinacion,2006Q1,1,5.836054212691821,4.697602544994266,-1.138451667697555,MEX
Comb. RF/AR(1) dura,combinacion,2006Q1,1,5.836054212691821,4.697602544994266,-1.138451667697555,MEX
Comb. RF/ingenuo suave,combinacion,2006Q1,1,5.836054212691821,4.697602544994266,-1.138451667697555,MEX
Comb. LSTM/AR(1) suave,combinacion,2006Q1,1,5.836054212691821,3.1969992501922913,-2.63905496249953,MEX
Comb. 50/50 RF-AR(1),combinacion,2006Q1,1,5.836054212691821,4.541562374402501,-1.2944918382893205,MEX
Ingenuo,referencia,2006Q2,1,5.014041730793295,5.836054212691821,0.8220124818985264,MEX
Deriva,referencia,2006Q2,1,5.014041730793295,5.897320597646815,0.8832788668535203,MEX
AR(1),Box-Jenkins,2006Q2,1,5.014041730793295,5.32943800907582,0.3153962782825248,MEX
"ARMA(2,2)",Box-Jenkins,2006Q2,1,5.014041730793295,5.373556405466893,0.35951467467359777,MEX
"ARIMA(1,1,1)",Box-Jenkins,2006Q2,1,5.014041730793295,6.125606680494049,1.111564949700754,MEX
Ridge sobre rezagos,regularizado,2006Q2,1,5.014041730793295,5.360541521509207,0.34649979071591197,MEX
Random Forest,aprendizaje,2006Q2,1,5.014041730793295,4.95473384419145,-0.05930788660184483,MEX
LSTM(16),red neuronal,2006Q2,1,5.014041730793295,5.649861706869681,0.6358199760763856,MEX
Comb. RF/AR(1) suave,combinacion,2006Q2,1,5.014041730793295,4.966315216159828,-0.04772651463346733,MEX
Comb. RF/AR(1) dura,combinacion,2006Q2,1,5.014041730793295,4.966315216159828,-0.04772651463346733,MEX
Comb. RF/ingenuo suave,combinacion,2006Q2,1,5.014041730793295,4.966315216159828,-0.04772651463346733,MEX
Comb. LSTM/AR(1) suave,combinacion,2006Q2,1,5.014041730793295,5.607547929423282,0.5935061986299868,MEX
Comb. 50/50 RF-AR(1),combinacion,2006Q2,1,5.014041730793295,5.32943800907582,0.3153962782825248,MEX
Ingenuo,referencia,2006Q3,1,3.468916409431233,5.014041730793295,1.545125321362062,MEX
Deriva,referencia,2006Q3,1,3.468916409431233,5.057642538411219,1.588726128979986,MEX
AR(1),Box-Jenkins,2006Q3,1,3.468916409431233,4.648265549857215,1.1793491404259822,MEX
"ARMA(2,2)",Box-Jenkins,2006Q3,1,3.468916409431233,3.708245322433397,0.23932891300216408,MEX
"ARIMA(1,1,1)",Box-Jenkins,2006Q3,1,3.468916409431233,4.620189119452381,1.1512727100211482,MEX
Ridge sobre rezagos,regularizado,2006Q3,1,3.468916409431233,4.397617086660498,0.9287006772292647,MEX
Random Forest,aprendizaje,2006Q3,1,3.468916409431233,4.0588931879999794,0.5899767785687464,MEX
LSTM(16),red neuronal,2006Q3,1,3.468916409431233,4.5477735898053275,1.0788571803740945,MEX
Comb. RF/AR(1) suave,combinacion,2006Q3,1,3.468916409431233,4.357448355465918,0.8885319460346848,MEX
Comb. RF/AR(1) dura,combinacion,2006Q3,1,3.468916409431233,4.357448355465918,0.8885319460346848,MEX
Comb. RF/ingenuo suave,combinacion,2006Q3,1,3.468916409431233,4.357448355465918,0.8885319460346848,MEX
Comb. LSTM/AR(1) suave,combinacion,2006Q3,1,3.468916409431233,3.7175246796670516,0.24860827023581855,MEX
Comb. 50/50 RF-AR(1),combinacion,2006Q3,1,3.468916409431233,4.569585440419733,1.1006690309884997,MEX
Ingenuo,referencia,2006Q4,1,2.1911458435847964,3.468916409431233,1.2777705658464367,MEX
Deriva,referencia,2006Q4,1,2.1911458435847964,3.481365724324059,1.2902198807392629,MEX
AR(1),Box-Jenkins,2006Q4,1,2.1911458435847964,3.3619101288144773,1.170764285229681,MEX
"ARMA(2,2)",Box-Jenkins,2006Q4,1,2.1911458435847964,2.015816169957911,-0.17532967362688545,MEX
"ARIMA(1,1,1)",Box-Jenkins,2006Q4,1,2.1911458435847964,2.8700451359781574,0.678899292393361,MEX
Ridge sobre rezagos,regularizado,2006Q4,1,2.1911458435847964,2.3453707435181164,0.15422489993332,MEX
Random Forest,aprendizaje,2006Q4,1,2.1911458435847964,2.6221949632487447,0.4310491196639483,MEX
LSTM(16),red neuronal,2006Q4,1,2.1911458435847964,2.3164910496795623,0.12534520609476596,MEX
Comb. RF/AR(1) suave,combinacion,2006Q4,1,2.1911458435847964,2.9755105776473116,0.7843647340625153,MEX
Comb. RF/AR(1) dura,combinacion,2006Q4,1,2.1911458435847964,2.9755105776473116,0.7843647340625153,MEX
Comb. RF/ingenuo suave,combinacion,2006Q4,1,2.1911458435847964,2.9755105776473116,0.7843647340625153,MEX
Comb. LSTM/AR(1) suave,combinacion,2006Q4,1,2.1911458435847964,3.790212649313596,1.5990668057287998,MEX
Comb. 50/50 RF-AR(1),combinacion,2006Q4,1,2.1911458435847964,3.09075371197936,0.8996078683945639,MEX
Ingenuo,referencia,2007Q1,1,1.9792521930483753,2.1911458435847964,0.21189365053642106,MEX
Deriva,referencia,2007Q1,1,1.9792521930483753,2.178783237694175,0.19953104464579985,MEX
AR(1),Box-Jenkins,2007Q1,1,1.9792521930483753,2.301700965077548,0.32244877202917266,MEX
"ARMA(2,2)",Box-Jenkins,2007Q1,1,1.9792521930483753,1.5568997437228642,-0.4223524493255111,MEX
"ARIMA(1,1,1)",Box-Jenkins,2007Q1,1,1.9792521930483753,1.7343411298332072,-0.2449110632151681,MEX
Ridge sobre rezagos,regularizado,2007Q1,1,1.9792521930483753,1.8346168422529687,-0.14463535079540657,MEX
Random Forest,aprendizaje,2007Q1,1,1.9792521930483753,1.273905955403163,-0.7053462376452122,MEX
LSTM(16),red neuronal,2007Q1,1,1.9792521930483753,1.2673200333238301,-0.7119321597245452,MEX
Comb. RF/AR(1) suave,combinacion,2007Q1,1,1.9792521930483753,1.357649335997412,-0.6216028570509633,MEX
Comb. RF/AR(1) dura,combinacion,2007Q1,1,1.9792521930483753,1.357649335997412,-0.6216028570509633,MEX
Comb. RF/ingenuo suave,combinacion,2007Q1,1,1.9792521930483753,1.357649335997412,-0.6216028570509633,MEX
Comb. LSTM/AR(1) suave,combinacion,2007Q1,1,1.9792521930483753,3.524169805255139,1.5449176122067638,MEX
Comb. 50/50 RF-AR(1),combinacion,2007Q1,1,1.9792521930483753,1.6417214719602078,-0.3375307210881675,MEX
Ingenuo,referencia,2007Q2,1,2.0933841527697394,1.9792521930483753,-0.11413195972136414,MEX
Deriva,referencia,2007Q2,1,2.0933841527697394,1.9631248504663237,-0.13025930230341576,MEX
AR(1),Box-Jenkins,2007Q2,1,2.0933841527697394,2.123399765795089,0.03001561302534972,MEX
"ARMA(2,2)",Box-Jenkins,2007Q2,1,2.0933841527697394,2.3316957596948007,0.23831160692506126,MEX
"ARIMA(1,1,1)",Box-Jenkins,2007Q2,1,2.0933841527697394,1.9618513215262652,-0.13153283124347426,MEX
Ridge sobre rezagos,regularizado,2007Q2,1,2.0933841527697394,2.467692376583492,0.3743082238137525,MEX
Random Forest,aprendizaje,2007Q2,1,2.0933841527697394,1.3593213581272436,-0.7340627946424958,MEX
LSTM(16),red neuronal,2007Q2,1,2.0933841527697394,1.838522949983307,-0.25486120278643254,MEX
Comb. RF/AR(1) suave,combinacion,2007Q2,1,2.0933841527697394,1.201966273792569,-0.8914178789771705,MEX
Comb. RF/AR(1) dura,combinacion,2007Q2,1,2.0933841527697394,1.201966273792569,-0.8914178789771705,MEX
Comb. RF/ingenuo suave,combinacion,2007Q2,1,2.0933841527697394,1.201966273792569,-0.8914178789771705,MEX
Comb. LSTM/AR(1) suave,combinacion,2007Q2,1,2.0933841527697394,1.0019402168044556,-1.0914439359652839,MEX
Comb. 50/50 RF-AR(1),combinacion,2007Q2,1,2.0933841527697394,1.936803571830565,-0.15658058093917449,MEX
Ingenuo,referencia,2007Q3,1,1.9774541704414839,2.0933841527697394,0.11592998232825558,MEX
Deriva,referencia,2007Q3,1,1.9774541704414839,2.079669019489603,0.10221484904811895,MEX
AR(1),Box-Jenkins,2007Q3,1,1.9774541704414839,2.2154839011917646,0.23802973075028078,MEX
"ARMA(2,2)",Box-Jenkins,2007Q3,1,1.9774541704414839,2.7489579073883377,0.7715037369468538,MEX
"ARIMA(1,1,1)",Box-Jenkins,2007Q3,1,1.9774541704414839,2.1456217820391843,0.16816761159770044,MEX
Ridge sobre rezagos,regularizado,2007Q3,1,1.9774541704414839,2.830095426229626,0.852641255788142,MEX
Random Forest,aprendizaje,2007Q3,1,1.9774541704414839,2.2280551149733068,0.2506009445318229,MEX
LSTM(16),red neuronal,2007Q3,1,1.9774541704414839,2.5948117963253066,0.6173576258838227,MEX
Comb. RF/AR(1) suave,combinacion,2007Q3,1,1.9774541704414839,1.9444703302612572,-0.03298384018022671,MEX
Comb. RF/AR(1) dura,combinacion,2007Q3,1,1.9774541704414839,1.9444703302612572,-0.03298384018022671,MEX
Comb. RF/ingenuo suave,combinacion,2007Q3,1,1.9774541704414839,1.9444703302612572,-0.03298384018022671,MEX
Comb. LSTM/AR(1) suave,combinacion,2007Q3,1,1.9774541704414839,1.4179440006059854,-0.5595101698354985,MEX
Comb. 50/50 RF-AR(1),combinacion,2007Q3,1,1.9774541704414839,2.2154839011917646,0.23802973075028078,MEX
Ingenuo,referencia,2007Q4,1,1.3005918450392784,1.9774541704414839,0.6768623254022055,MEX
Deriva,referencia,2007Q4,1,1.3005918450392784,1.9618805853604726,0.6612887403211942,MEX
AR(1),Box-Jenkins,2007Q4,1,1.3005918450392784,2.1168391868344303,0.8162473417951519,MEX
"ARMA(2,2)",Box-Jenkins,2007Q4,1,1.3005918450392784,2.083574491805231,0.7829826467659524,MEX
"ARIMA(1,1,1)",Box-Jenkins,2007Q4,1,1.3005918450392784,1.9186397920933276,0.6180479470540492,MEX
Ridge sobre rezagos,regularizado,2007Q4,1,1.3005918450392784,2.329846827680409,1.0292549826411306,MEX
Random Forest,aprendizaje,2007Q4,1,1.3005918450392784,2.4031170112623452,1.1025251662230668,MEX
LSTM(16),red neuronal,2007Q4,1,1.3005918450392784,2.367492390604466,1.0669005455651877,MEX
Comb. RF/AR(1) suave,combinacion,2007Q4,1,1.3005918450392784,2.201408054498233,0.9008162094589545,MEX
Comb. RF/AR(1) dura,combinacion,2007Q4,1,1.3005918450392784,2.201408054498233,0.9008162094589545,MEX
Comb. RF/ingenuo suave,combinacion,2007Q4,1,1.3005918450392784,2.201408054498233,0.9008162094589545,MEX
Comb. LSTM/AR(1) suave,combinacion,2007Q4,1,1.3005918450392784,2.507046760637818,1.2064549155985396,MEX
Comb. 50/50 RF-AR(1),combinacion,2007Q4,1,1.3005918450392784,2.1168391868344303,0.8162473417951519,MEX
Ingenuo,referencia,2008Q1,1,1.3134110440534252,1.3005918450392784,-0.012819199014146854,MEX
Deriva,referencia,2008Q1,1,1.3134110440534252,1.2732095324525314,-0.0402015116008938,MEX
AR(1),Box-Jenkins,2008Q1,1,1.3134110440534252,1.551205396272749,0.23779435221932377,MEX
"ARMA(2,2)",Box-Jenkins,2008Q1,1,1.3134110440534252,1.0080672914162305,-0.3053437526371947,MEX
"ARIMA(1,1,1)",Box-Jenkins,2008Q1,1,1.3134110440534252,1.0169160436221643,-0.296495000431261,MEX
Ridge sobre rezagos,regularizado,2008Q1,1,1.3134110440534252,1.1541891855099933,-0.15922185854343196,MEX
Random Forest,aprendizaje,2008Q1,1,1.3134110440534252,1.5609611657302138,0.24755012167678858,MEX
LSTM(16),red neuronal,2008Q1,1,1.3134110440534252,0.9617661777131359,-0.35164486634028935,MEX
Comb. RF/AR(1) suave,combinacion,2008Q1,1,1.3134110440534252,1.6408464212466776,0.32743537719325233,MEX
Comb. RF/AR(1) dura,combinacion,2008Q1,1,1.3134110440534252,1.6408464212466776,0.32743537719325233,MEX
Comb. RF/ingenuo suave,combinacion,2008Q1,1,1.3134110440534252,1.6408464212466776,0.32743537719325233,MEX
Comb. LSTM/AR(1) suave,combinacion,2008Q1,1,1.3134110440534252,1.513528692640841,0.20011764858741565,MEX
Comb. 50/50 RF-AR(1),combinacion,2008Q1,1,1.3134110440534252,1.5526437062182366,0.23923266216481132,MEX
Ingenuo,referencia,2008Q2,1,1.0530259184593938,1.3134110440534252,0.2603851255940315,MEX
Deriva,referencia,2008Q2,1,1.0530259184593938,1.286734021143887,0.23370810268449316,MEX
AR(1),Box-Jenkins,2008Q2,1,1.0530259184593938,1.5567775881350268,0.503751669675633,MEX
"ARMA(2,2)",Box-Jenkins,2008Q2,1,1.0530259184593938,1.391815970405247,0.3387900519458533,MEX
"ARIMA(1,1,1)",Box-Jenkins,2008Q2,1,1.0530259184593938,1.3658638706487287,0.31283795218933497,MEX
Ridge sobre rezagos,regularizado,2008Q2,1,1.0530259184593938,1.3677273161945664,0.3147013977351727,MEX
Random Forest,aprendizaje,2008Q2,1,1.0530259184593938,1.557161817743718,0.5041358992843243,MEX
LSTM(16),red neuronal,2008Q2,1,1.0530259184593938,1.339444580114271,0.28641866165487717,MEX
Comb. RF/AR(1) suave,combinacion,2008Q2,1,1.0530259184593938,1.5201535660692955,0.4671276476099018,MEX
Comb. RF/AR(1) dura,combinacion,2008Q2,1,1.0530259184593938,1.5201535660692955,0.4671276476099018,MEX
Comb. RF/ingenuo suave,combinacion,2008Q2,1,1.0530259184593938,1.5201535660692955,0.4671276476099018,MEX
Comb. LSTM/AR(1) suave,combinacion,2008Q2,1,1.0530259184593938,2.20014584041318,1.1471199219537862,MEX
Comb. 50/50 RF-AR(1),combinacion,2008Q2,1,1.0530259184593938,1.5567775881350268,0.503751669675633,MEX
Ingenuo,referencia,2008Q3,1,-0.8014463522932558,1.0530259184593938,1.8544722707526495,MEX
Deriva,referencia,2008Q3,1,-0.8014463522932558,1.0223194455035711,1.823765797796827,MEX
AR(1),Box-Jenkins,2008Q3,1,-0.8014463522932558,1.3346361958929867,2.136082548186242,MEX
"ARMA(2,2)",Box-Jenkins,2008Q3,1,-0.8014463522932558,1.85645123486205,2.657897587155306,MEX
"ARIMA(1,1,1)",Box-Jenkins,2008Q3,1,-0.8014463522932558,0.931951072756349,1.733397425049605,MEX
Ridge sobre rezagos,regularizado,2008Q3,1,-0.8014463522932558,1.5634622370389872,2.3649085893322432,MEX
Random Forest,aprendizaje,2008Q3,1,-0.8014463522932558,1.459511250324907,2.260957602618163,MEX
LSTM(16),red neuronal,2008Q3,1,-0.8014463522932558,2.1650555663356927,2.9665019186289485,MEX
Comb. RF/AR(1) suave,combinacion,2008Q3,1,-0.8014463522932558,1.4807504275835035,2.2821967798767595,MEX
Comb. RF/AR(1) dura,combinacion,2008Q3,1,-0.8014463522932558,1.4807504275835035,2.2821967798767595,MEX
Comb. RF/ingenuo suave,combinacion,2008Q3,1,-0.8014463522932558,1.4807504275835035,2.2821967798767595,MEX
Comb. LSTM/AR(1) suave,combinacion,2008Q3,1,-0.8014463522932558,2.1612025588002526,2.9626489110935084,MEX
Comb. 50/50 RF-AR(1),combinacion,2008Q3,1,-0.8014463522932558,1.3346361958929867,2.136082548186242,MEX
Ingenuo,referencia,2008Q4,1,-6.9575380691571205,-0.8014463522932558,6.156091716863864,MEX
Deriva,referencia,2008Q4,1,-6.9575380691571205,-0.8630641099574993,6.094473959199621,MEX
AR(1),Box-Jenkins,2008Q4,1,-6.9575380691571205,-0.22866353169414416,6.728874537462977,MEX
"ARMA(2,2)",Box-Jenkins,2008Q4,1,-6.9575380691571205,-0.5529762216807164,6.404561847476404,MEX
"ARIMA(1,1,1)",Box-Jenkins,2008Q4,1,-6.9575380691571205,-1.5872362171962346,5.370301851960885,MEX
Ridge sobre rezagos,regularizado,2008Q4,1,-6.9575380691571205,-0.25008588556633615,6.707452183590784,MEX
Random Forest,aprendizaje,2008Q4,1,-6.9575380691571205,-0.4149419840077565,6.542596085149364,MEX
LSTM(16),red neuronal,2008Q4,1,-6.9575380691571205,-1.1840563518776248,5.773481717279496,MEX
Comb. RF/AR(1) suave,combinacion,2008Q4,1,-6.9575380691571205,-0.3143826712198453,6.643155397937275,MEX
Comb. RF/AR(1) dura,combinacion,2008Q4,1,-6.9575380691571205,-0.3143826712198453,6.643155397937275,MEX
Comb. RF/ingenuo suave,combinacion,2008Q4,1,-6.9575380691571205,-0.3143826712198453,6.643155397937275,MEX
Comb. LSTM/AR(1) suave,combinacion,2008Q4,1,-6.9575380691571205,0.1272227363956726,7.0847608055527935,MEX
Comb. 50/50 RF-AR(1),combinacion,2008Q4,1,-6.9575380691571205,-0.22866353169414416,6.728874537462977,MEX
Ingenuo,referencia,2009Q1,1,-9.087968155184022,-6.9575380691571205,2.1304300860269016,MEX
Deriva,referencia,2009Q1,1,-9.087968155184022,-7.120730392808024,1.9672377623759978,MEX
AR(1),Box-Jenkins,2009Q1,1,-9.087968155184022,-5.678362168365178,3.4096059868188444,MEX
"ARMA(2,2)",Box-Jenkins,2009Q1,1,-9.087968155184022,-8.666685730031658,0.4212824251523646,MEX
"ARIMA(1,1,1)",Box-Jenkins,2009Q1,1,-9.087968155184022,-9.729847641889943,-0.6418794867059212,MEX
Ridge sobre rezagos,regularizado,2009Q1,1,-9.087968155184022,-8.383418771853092,0.7045493833309298,MEX
Random Forest,aprendizaje,2009Q1,1,-9.087968155184022,-3.71393903786046,5.374029117323563,MEX
LSTM(16),red neuronal,2009Q1,1,-9.087968155184022,-6.313798336523024,2.774169818660998,MEX
Comb. RF/AR(1) suave,combinacion,2009Q1,1,-9.087968155184022,-5.678362168365178,3.4096059868188444,MEX
Comb. RF/AR(1) dura,combinacion,2009Q1,1,-9.087968155184022,-5.678362168365178,3.4096059868188444,MEX
Comb. RF/ingenuo suave,combinacion,2009Q1,1,-9.087968155184022,-6.9575380691571205,2.1304300860269016,MEX
Comb. LSTM/AR(1) suave,combinacion,2009Q1,1,-9.087968155184022,-5.678362168365178,3.4096059868188444,MEX
Comb. 50/50 RF-AR(1),combinacion,2009Q1,1,-9.087968155184022,-5.678362168365178,3.4096059868188444,MEX
Ingenuo,referencia,2009Q2,1,-5.912378734607682,-9.087968155184022,-3.1755894205763404,MEX
Deriva,referencia,2009Q2,1,-5.912378734607682,-9.283410278218138,-3.3710315436104565,MEX
AR(1),Box-Jenkins,2009Q2,1,-5.912378734607682,-7.984323481265913,-2.0719447466582315,MEX
"ARMA(2,2)",Box-Jenkins,2009Q2,1,-5.912378734607682,-9.883847274574817,-3.9714685399671357,MEX
"ARIMA(1,1,1)",Box-Jenkins,2009Q2,1,-5.912378734607682,-9.599381791685586,-3.687003057077904,MEX
Ridge sobre rezagos,regularizado,2009Q2,1,-5.912378734607682,-9.28379711599715,-3.371418381389468,MEX
Random Forest,aprendizaje,2009Q2,1,-5.912378734607682,-6.377857859403162,-0.4654791247954799,MEX
LSTM(16),red neuronal,2009Q2,1,-5.912378734607682,-7.7611396121035785,-1.8487608774958968,MEX
Comb. RF/AR(1) suave,combinacion,2009Q2,1,-5.912378734607682,-6.554904850857996,-0.6425261162503144,MEX
Comb. RF/AR(1) dura,combinacion,2009Q2,1,-5.912378734607682,-7.984323481265913,-2.0719447466582315,MEX
Comb. RF/ingenuo suave,combinacion,2009Q2,1,-5.912378734607682,-7.126028720802045,-1.2136499861943637,MEX
Comb. LSTM/AR(1) suave,combinacion,2009Q2,1,-5.912378734607682,-6.831681356610078,-0.9193026220023963,MEX
Comb. 50/50 RF-AR(1),combinacion,2009Q2,1,-5.912378734607682,-7.984323481265913,-2.0719447466582315,MEX
Ingenuo,referencia,2009Q3,1,-2.3143908015087478,-5.912378734607682,-3.597987933098934,MEX
Deriva,referencia,2009Q3,1,-2.3143908015087478,-6.053449381131952,-3.7390585796232045,MEX
AR(1),Box-Jenkins,2009Q3,1,-2.3143908015087478,-4.933792749732058,-2.6194019482233104,MEX
"ARMA(2,2)",Box-Jenkins,2009Q3,1,-2.3143908015087478,-0.4777158759415281,1.8366749255672197,MEX
"ARIMA(1,1,1)",Box-Jenkins,2009Q3,1,-2.3143908015087478,-5.69674363364382,-3.382352832135072,MEX
Ridge sobre rezagos,regularizado,2009Q3,1,-2.3143908015087478,-1.9532203762533418,0.361170425255406,MEX
Random Forest,aprendizaje,2009Q3,1,-2.3143908015087478,-5.292356958281447,-2.977966156772699,MEX
LSTM(16),red neuronal,2009Q3,1,-2.3143908015087478,-0.0820123011666416,2.232378500342106,MEX
Comb. RF/AR(1) suave,combinacion,2009Q3,1,-2.3143908015087478,-5.03502559125025,-2.720634789741502,MEX
Comb. RF/AR(1) dura,combinacion,2009Q3,1,-2.3143908015087478,-4.933792749732058,-2.6194019482233104,MEX
Comb. RF/ingenuo suave,combinacion,2009Q3,1,-2.3143908015087478,-5.0380425595988765,-2.7236517580901287,MEX
Comb. LSTM/AR(1) suave,combinacion,2009Q3,1,-2.3143908015087478,-3.4643227529327993,-1.1499319514240516,MEX
Comb. 50/50 RF-AR(1),combinacion,2009Q3,1,-2.3143908015087478,-4.933792749732058,-2.6194019482233104,MEX
Ingenuo,referencia,2009Q4,1,4.537464001554259,-2.3143908015087478,-6.851854803063007,MEX
Deriva,referencia,2009Q4,1,4.537464001554259,-2.3961113118485233,-6.933575313402782,MEX
AR(1),Box-Jenkins,2009Q4,1,4.537464001554259,-1.6936474490619067,-6.231111450616165,MEX
"ARMA(2,2)",Box-Jenkins,2009Q4,1,4.537464001554259,3.360271646445535,-1.177192355108724,MEX
"ARIMA(1,1,1)",Box-Jenkins,2009Q4,1,4.537464001554259,-0.3894355327815906,-4.926899534335849,MEX
Ridge sobre rezagos,regularizado,2009Q4,1,4.537464001554259,2.4732277015003046,-2.0642363000539543,MEX
Random Forest,aprendizaje,2009Q4,1,4.537464001554259,-2.3991905218490204,-6.936654523403279,MEX
LSTM(16),red neuronal,2009Q4,1,4.537464001554259,6.576947903556808,2.039483902002549,MEX
Comb. RF/AR(1) suave,combinacion,2009Q4,1,4.537464001554259,-2.751181582869464,-7.288645584423723,MEX
Comb. RF/AR(1) dura,combinacion,2009Q4,1,4.537464001554259,-2.751181582869464,-7.288645584423723,MEX
Comb. RF/ingenuo suave,combinacion,2009Q4,1,4.537464001554259,-2.751181582869464,-7.288645584423723,MEX
Comb. LSTM/AR(1) suave,combinacion,2009Q4,1,4.537464001554259,-1.2382575354300052,-5.775721536984264,MEX
Comb. 50/50 RF-AR(1),combinacion,2009Q4,1,4.537464001554259,-1.6936474490619067,-6.231111450616165,MEX
Ingenuo,referencia,2010Q1,1,7.515906592334143,4.537464001554259,-2.978442590779884,MEX
Deriva,referencia,2010Q1,1,7.515906592334143,4.564080605486402,-2.951825986847741,MEX
AR(1),Box-Jenkins,2010Q1,1,7.515906592334143,4.120655621388086,-3.3952509709460568,MEX
"ARMA(2,2)",Box-Jenkins,2010Q1,1,7.515906592334143,6.602577553505002,-0.9133290388291408,MEX
"ARIMA(1,1,1)",Box-Jenkins,2010Q1,1,7.515906592334143,7.839446352592374,0.32353976025823084,MEX
Ridge sobre rezagos,regularizado,2010Q1,1,7.515906592334143,7.175146827180031,-0.3407597651541119,MEX
Random Forest,aprendizaje,2010Q1,1,7.515906592334143,4.825222672397757,-2.6906839199363857,MEX
LSTM(16),red neuronal,2010Q1,1,7.515906592334143,4.213754131266544,-3.3021524610675987,MEX
Comb. RF/AR(1) suave,combinacion,2010Q1,1,7.515906592334143,4.674540859003648,-2.8413657333304947,MEX
Comb. RF/AR(1) dura,combinacion,2010Q1,1,7.515906592334143,4.120655621388086,-3.3952509709460568,MEX
Comb. RF/ingenuo suave,combinacion,2010Q1,1,7.515906592334143,4.755778218228454,-2.7601283741056886,MEX
Comb. LSTM/AR(1) suave,combinacion,2010Q1,1,7.515906592334143,4.299143112829381,-3.2167634795047615,MEX
Comb. 50/50 RF-AR(1),combinacion,2010Q1,1,7.515906592334143,4.120655621388086,-3.3952509709460568,MEX
Ingenuo,referencia,2010Q2,1,4.700207888631791,7.515906592334143,2.8156987037023518,MEX
Deriva,referencia,2010Q2,1,4.700207888631791,7.587935903756251,2.88772801512446,MEX
AR(1),Box-Jenkins,2010Q2,1,4.700207888631791,6.649157851101146,1.9489499624693547,MEX
"ARMA(2,2)",Box-Jenkins,2010Q2,1,4.700207888631791,7.497211989147819,2.7970041005160278,MEX
"ARIMA(1,1,1)",Box-Jenkins,2010Q2,1,4.700207888631791,8.33383662071764,3.6336287320858496,MEX
Ridge sobre rezagos,regularizado,2010Q2,1,4.700207888631791,7.781830884774493,3.081622996142702,MEX
Random Forest,aprendizaje,2010Q2,1,4.700207888631791,7.482380634497172,2.782172745865381,MEX
LSTM(16),red neuronal,2010Q2,1,4.700207888631791,4.4838160374407785,-0.21639185119101256,MEX
Comb. RF/AR(1) suave,combinacion,2010Q2,1,4.700207888631791,7.091268600938705,2.3910607123069143,MEX
Comb. RF/AR(1) dura,combinacion,2010Q2,1,4.700207888631791,6.649157851101146,1.9489499624693547,MEX
Comb. RF/ingenuo suave,combinacion,2010Q2,1,4.700207888631791,7.1304341523403325,2.4302262637085414,MEX
Comb. LSTM/AR(1) suave,combinacion,2010Q2,1,4.700207888631791,6.300576901033492,1.6003690124017007,MEX
Comb. 50/50 RF-AR(1),combinacion,2010Q2,1,4.700207888631791,6.649157851101146,1.9489499624693547,MEX
Ingenuo,referencia,2010Q3,1,3.319091117308215,4.700207888631791,1.3811167713235761,MEX
Deriva,referencia,2010Q3,1,3.319091117308215,4.728483745279286,1.4093926279710711,MEX
AR(1),Box-Jenkins,2010Q3,1,3.319091117308215,4.272635920708769,0.953544803400554,MEX
"ARMA(2,2)",Box-Jenkins,2010Q3,1,3.319091117308215,2.364244421088734,-0.954846696219481,MEX
"ARIMA(1,1,1)",Box-Jenkins,2010Q3,1,3.319091117308215,3.2413334779689804,-0.07775763933923452,MEX
Ridge sobre rezagos,regularizado,2010Q3,1,3.319091117308215,2.6363055250203424,-0.6827855922878725,MEX
Random Forest,aprendizaje,2010Q3,1,3.319091117308215,5.466477834563095,2.1473867172548804,MEX
LSTM(16),red neuronal,2010Q3,1,3.319091117308215,2.995932115908188,-0.32315900140002674,MEX
Comb. RF/AR(1) suave,combinacion,2010Q3,1,3.319091117308215,6.09801125082056,2.7789201335123455,MEX
Comb. RF/AR(1) dura,combinacion,2010Q3,1,3.319091117308215,6.09801125082056,2.7789201335123455,MEX
Comb. RF/ingenuo suave,combinacion,2010Q3,1,3.319091117308215,6.09801125082056,2.7789201335123455,MEX
Comb. LSTM/AR(1) suave,combinacion,2010Q3,1,3.319091117308215,3.7388688484979182,0.4197777311897033,MEX
Comb. 50/50 RF-AR(1),combinacion,2010Q3,1,3.319091117308215,4.272635920708769,0.953544803400554,MEX
Ingenuo,referencia,2010Q4,1,3.593285592573414,3.319091117308215,-0.27419447526519924,MEX
Deriva,referencia,2010Q4,1,3.593285592573414,3.3263312630904704,-0.26695432948294373,MEX
AR(1),Box-Jenkins,2010Q4,1,3.593285592573414,3.1292757284310375,-0.46400986414237666,MEX
"ARMA(2,2)",Box-Jenkins,2010Q4,1,3.593285592573414,0.41320264192362455,-3.1800829506497896,MEX
"ARIMA(1,1,1)",Box-Jenkins,2010Q4,1,3.593285592573414,3.841244777542967,0.24795918496955283,MEX
Ridge sobre rezagos,regularizado,2010Q4,1,3.593285592573414,1.0332395897647286,-2.5600460028086856,MEX
Random Forest,aprendizaje,2010Q4,1,3.593285592573414,2.2682084937618767,-1.3250770988115375,MEX
LSTM(16),red neuronal,2010Q4,1,3.593285592573414,2.198054135387946,-1.395231457185468,MEX
Comb. RF/AR(1) suave,combinacion,2010Q4,1,3.593285592573414,3.041686683426385,-0.551598909147029,MEX
Comb. RF/AR(1) dura,combinacion,2010Q4,1,3.593285592573414,3.041686683426385,-0.551598909147029,MEX
Comb. RF/ingenuo suave,combinacion,2010Q4,1,3.593285592573414,3.041686683426385,-0.551598909147029,MEX
Comb. LSTM/AR(1) suave,combinacion,2010Q4,1,3.593285592573414,3.129424669141412,-0.46386092343200236,MEX
Comb. 50/50 RF-AR(1),combinacion,2010Q4,1,3.593285592573414,3.1292757284310375,-0.46400986414237666,MEX
Ingenuo,referencia,2011Q1,1,2.823906760881978,3.593285592573414,0.7693788316914363,MEX
Deriva,referencia,2011Q1,1,2.823906760881978,3.604451537318654,0.7805447764366762,MEX
AR(1),Box-Jenkins,2011Q1,1,2.823906760881978,3.3598239264477465,0.5359171655657686,MEX
"ARMA(2,2)",Box-Jenkins,2011Q1,1,2.823906760881978,3.628266147223557,0.804359386341579,MEX
"ARIMA(1,1,1)",Box-Jenkins,2011Q1,1,2.823906760881978,3.260644928386428,0.43673816750444994,MEX
Ridge sobre rezagos,regularizado,2011Q1,1,2.823906760881978,4.924091546502713,2.100184785620735,MEX
Random Forest,aprendizaje,2011Q1,1,2.823906760881978,2.8777211052495977,0.05381434436761978,MEX
LSTM(16),red neuronal,2011Q1,1,2.823906760881978,3.936521745893612,1.1126149850116342,MEX
Comb. RF/AR(1) suave,combinacion,2011Q1,1,2.823906760881978,4.093088975277913,1.2691822143959355,MEX
Comb. RF/AR(1) dura,combinacion,2011Q1,1,2.823906760881978,4.093088975277913,1.2691822143959355,MEX
Comb. RF/ingenuo suave,combinacion,2011Q1,1,2.823906760881978,4.093088975277913,1.2691822143959355,MEX
Comb. LSTM/AR(1) suave,combinacion,2011Q1,1,2.823906760881978,4.303762089528905,1.4798553286469271,MEX
Comb. 50/50 RF-AR(1),combinacion,2011Q1,1,2.823906760881978,3.3598239264477465,0.5359171655657686,MEX
Ingenuo,referencia,2011Q2,1,3.7405834839911334,2.823906760881978,-0.9166767231091555,MEX
Deriva,referencia,2011Q2,1,3.7405834839911334,2.8237604624904544,-0.916823021500679,MEX
AR(1),Box-Jenkins,2011Q2,1,3.7405834839911334,2.7252410470893658,-1.0153424369017676,MEX
"ARMA(2,2)",Box-Jenkins,2011Q2,1,3.7405834839911334,4.267699391323041,0.5271159073319076,MEX
"ARIMA(1,1,1)",Box-Jenkins,2011Q2,1,3.7405834839911334,2.642756882851611,-1.0978266011395226,MEX
Ridge sobre rezagos,regularizado,2011Q2,1,3.7405834839911334,4.672813251877303,0.9322297678861693,MEX
Random Forest,aprendizaje,2011Q2,1,3.7405834839911334,2.6615652988738208,-1.0790181851173126,MEX
LSTM(16),red neuronal,2011Q2,1,3.7405834839911334,3.914789566483221,0.1742060824920877,MEX
Comb. RF/AR(1) suave,combinacion,2011Q2,1,3.7405834839911334,2.8994013359212327,-0.8411821480699007,MEX
Comb. RF/AR(1) dura,combinacion,2011Q2,1,3.7405834839911334,2.8994013359212327,-0.8411821480699007,MEX
Comb. RF/ingenuo suave,combinacion,2011Q2,1,3.7405834839911334,2.8994013359212327,-0.8411821480699007,MEX
Comb. LSTM/AR(1) suave,combinacion,2011Q2,1,3.7405834839911334,2.261445864149828,-1.4791376198413055,MEX
Comb. 50/50 RF-AR(1),combinacion,2011Q2,1,3.7405834839911334,2.7252410470893658,-1.0153424369017676,MEX
Ingenuo,referencia,2011Q3,1,3.645857557640353,3.7405834839911334,0.09472592635078048,MEX
Deriva,referencia,2011Q3,1,3.645857557640353,3.753534657335334,0.10767709969498096,MEX
AR(1),Box-Jenkins,2011Q3,1,3.645857557640353,3.4862821043596055,-0.1595754532807474,MEX
"ARMA(2,2)",Box-Jenkins,2011Q3,1,3.645857557640353,2.9931216570744446,-0.6527359005659084,MEX
"ARIMA(1,1,1)",Box-Jenkins,2011Q3,1,3.645857557640353,4.525422598970974,0.8795650413306211,MEX
Ridge sobre rezagos,regularizado,2011Q3,1,3.645857557640353,3.964189095046048,0.3183315374056952,MEX
Random Forest,aprendizaje,2011Q3,1,3.645857557640353,3.5700499245995245,-0.07580763304082838,MEX
LSTM(16),red neuronal,2011Q3,1,3.645857557640353,3.7424813893241686,0.09662383168381572,MEX
Comb. RF/AR(1) suave,combinacion,2011Q3,1,3.645857557640353,4.003410084427205,0.35755252678685245,MEX
Comb. RF/AR(1) dura,combinacion,2011Q3,1,3.645857557640353,3.4862821043596055,-0.1595754532807474,MEX
Comb. RF/ingenuo suave,combinacion,2011Q3,1,3.645857557640353,4.009018800504621,0.3631612428642681,MEX
Comb. LSTM/AR(1) suave,combinacion,2011Q3,1,3.645857557640353,4.897344539120816,1.251486981480463,MEX
Comb. 50/50 RF-AR(1),combinacion,2011Q3,1,3.645857557640353,3.4862821043596055,-0.1595754532807474,MEX
Ingenuo,referencia,2011Q4,1,3.9560974125356863,3.645857557640353,-0.31023985489533334,MEX
Deriva,referencia,2011Q4,1,3.9560974125356863,3.65729215211561,-0.2988052604200764,MEX
AR(1),Box-Jenkins,2011Q4,1,3.9560974125356863,3.411680023124259,-0.5444173894114273,MEX
"ARMA(2,2)",Box-Jenkins,2011Q4,1,3.9560974125356863,2.5679113205372026,-1.3881860919984836,MEX
"ARIMA(1,1,1)",Box-Jenkins,2011Q4,1,3.9560974125356863,2.813194499135556,-1.14290291340013,MEX
Ridge sobre rezagos,regularizado,2011Q4,1,3.9560974125356863,2.978779654263012,-0.9773177582726742,MEX
Random Forest,aprendizaje,2011Q4,1,3.9560974125356863,3.9318085949984787,-0.024288817537207574,MEX
LSTM(16),red neuronal,2011Q4,1,3.9560974125356863,3.2825112408498147,-0.6735861716858715,MEX
Comb. RF/AR(1) suave,combinacion,2011Q4,1,3.9560974125356863,3.8427715520402317,-0.11332586049545457,MEX
Comb. RF/AR(1) dura,combinacion,2011Q4,1,3.9560974125356863,3.411680023124259,-0.5444173894114273,MEX
Comb. RF/ingenuo suave,combinacion,2011Q4,1,3.9560974125356863,3.855310149446274,-0.10078726308941244,MEX
Comb. LSTM/AR(1) suave,combinacion,2011Q4,1,3.9560974125356863,2.6153067266699117,-1.3407906858657745,MEX
Comb. 50/50 RF-AR(1),combinacion,2011Q4,1,3.9560974125356863,3.411680023124259,-0.5444173894114273,MEX
Ingenuo,referencia,2012Q1,1,4.214634716024501,3.9560974125356863,-0.258537303488815,MEX
Deriva,referencia,2012Q1,1,4.214634716024501,3.971682080072333,-0.2429526359521681,MEX
AR(1),Box-Jenkins,2012Q1,1,4.214634716024501,3.6729069266693073,-0.541727789355194,MEX
"ARMA(2,2)",Box-Jenkins,2012Q1,1,4.214634716024501,3.801271186550643,-0.413363529473858,MEX
"ARIMA(1,1,1)",Box-Jenkins,2012Q1,1,4.214634716024501,4.975034068793228,0.7603993527687267,MEX
Ridge sobre rezagos,regularizado,2012Q1,1,4.214634716024501,3.6895528814479888,-0.5250818345765125,MEX
Random Forest,aprendizaje,2012Q1,1,4.214634716024501,3.5518306084993894,-0.6628041075251119,MEX
LSTM(16),red neuronal,2012Q1,1,4.214634716024501,3.1751270415519577,-1.0395076744725436,MEX
Comb. RF/AR(1) suave,combinacion,2012Q1,1,4.214634716024501,3.5554875565552275,-0.6591471594692737,MEX
Comb. RF/AR(1) dura,combinacion,2012Q1,1,4.214634716024501,3.5554875565552275,-0.6591471594692737,MEX
Comb. RF/ingenuo suave,combinacion,2012Q1,1,4.214634716024501,3.5554875565552275,-0.6591471594692737,MEX
Comb. LSTM/AR(1) suave,combinacion,2012Q1,1,4.214634716024501,2.580048850547056,-1.6345858654774452,MEX
Comb. 50/50 RF-AR(1),combinacion,2012Q1,1,4.214634716024501,3.6729069266693073,-0.541727789355194,MEX
Ingenuo,referencia,2012Q2,1,2.5725178914975944,4.214634716024501,1.6421168245269069,MEX
Deriva,referencia,2012Q2,1,2.5725178914975944,4.233547501861863,1.6610296103642685,MEX
AR(1),Box-Jenkins,2012Q2,1,2.5725178914975944,3.8924562659991286,1.3199383745015343,MEX
"ARMA(2,2)",Box-Jenkins,2012Q2,1,2.5725178914975944,4.390539765458869,1.8180218739612748,MEX
"ARIMA(1,1,1)",Box-Jenkins,2012Q2,1,2.5725178914975944,3.3832794055643585,0.8107615140667641,MEX
Ridge sobre rezagos,regularizado,2012Q2,1,2.5725178914975944,3.499889448102869,0.9273715566052747,MEX
Random Forest,aprendizaje,2012Q2,1,2.5725178914975944,3.7757969668242635,1.2032790753266691,MEX
LSTM(16),red neuronal,2012Q2,1,2.5725178914975944,3.6463200202481634,1.073802128750569,MEX
Comb. RF/AR(1) suave,combinacion,2012Q2,1,2.5725178914975944,3.6363103498380958,1.0637924583405014,MEX
Comb. RF/AR(1) dura,combinacion,2012Q2,1,2.5725178914975944,3.6363103498380958,1.0637924583405014,MEX
Comb. RF/ingenuo suave,combinacion,2012Q2,1,2.5725178914975944,3.6363103498380958,1.0637924583405014,MEX
Comb. LSTM/AR(1) suave,combinacion,2012Q2,1,2.5725178914975944,2.388737277431923,-0.18378061406567126,MEX
Comb. 50/50 RF-AR(1),combinacion,2012Q2,1,2.5725178914975944,3.8924562659991286,1.3199383745015343,MEX
Ingenuo,referencia,2012Q3,1,2.631954297581296,2.5725178914975944,-0.0594364060837016,MEX
Deriva,referencia,2012Q3,1,2.631954297581296,2.568984331248952,-0.06296996633234375,MEX
AR(1),Box-Jenkins,2012Q3,1,2.631954297581296,2.5346891266805196,-0.09726517090077635,MEX
"ARMA(2,2)",Box-Jenkins,2012Q3,1,2.631954297581296,1.7617760067500898,-0.8701782908312061,MEX
"ARIMA(1,1,1)",Box-Jenkins,2012Q3,1,2.631954297581296,2.3219025753314195,-0.3100517222498764,MEX
Ridge sobre rezagos,regularizado,2012Q3,1,2.631954297581296,2.060171822402459,-0.571782475178837,MEX
Random Forest,aprendizaje,2012Q3,1,2.631954297581296,2.323046527831965,-0.308907769749331,MEX
LSTM(16),red neuronal,2012Q3,1,2.631954297581296,1.8825218249700266,-0.7494324726112693,MEX
Comb. RF/AR(1) suave,combinacion,2012Q3,1,2.631954297581296,2.1802627979879445,-0.4516914995933514,MEX
Comb. RF/AR(1) dura,combinacion,2012Q3,1,2.631954297581296,2.1802627979879445,-0.4516914995933514,MEX
Comb. RF/ingenuo suave,combinacion,2012Q3,1,2.631954297581296,2.1802627979879445,-0.4516914995933514,MEX
Comb. LSTM/AR(1) suave,combinacion,2012Q3,1,2.631954297581296,1.5743433888931153,-1.0576109086881806,MEX
Comb. 50/50 RF-AR(1),combinacion,2012Q3,1,2.631954297581296,2.5346891266805196,-0.09726517090077635,MEX
Ingenuo,referencia,2012Q4,1,1.749456280610584,2.631954297581296,0.882498016970712,MEX
Deriva,referencia,2012Q4,1,1.749456280610584,2.629260336883752,0.8798040562731679,MEX
AR(1),Box-Jenkins,2012Q4,1,1.749456280610584,2.5843463357449767,0.8348900551343927,MEX
"ARMA(2,2)",Box-Jenkins,2012Q4,1,1.749456280610584,1.3956450818478072,-0.3538111987627768,MEX
"ARIMA(1,1,1)",Box-Jenkins,2012Q4,1,1.749456280610584,2.917919179268424,1.16846289865784,MEX
Ridge sobre rezagos,regularizado,2012Q4,1,1.749456280610584,2.264469965197938,0.5150136845873541,MEX
Random Forest,aprendizaje,2012Q4,1,1.749456280610584,2.565703062016352,0.8162467814057681,MEX
LSTM(16),red neuronal,2012Q4,1,1.749456280610584,1.7708520920017368,0.021395811391152764,MEX
Comb. RF/AR(1) suave,combinacion,2012Q4,1,1.749456280610584,2.358190519075451,0.6087342384648671,MEX
Comb. RF/AR(1) dura,combinacion,2012Q4,1,1.749456280610584,2.358190519075451,0.6087342384648671,MEX
Comb. RF/ingenuo suave,combinacion,2012Q4,1,1.749456280610584,2.358190519075451,0.6087342384648671,MEX
Comb. LSTM/AR(1) suave,combinacion,2012Q4,1,1.749456280610584,2.328652884628215,0.5791966040176311,MEX
Comb. 50/50 RF-AR(1),combinacion,2012Q4,1,1.749456280610584,2.581486680156095,0.832030399545511,MEX
Ingenuo,referencia,2013Q1,1,0.6631590162981649,1.749456280610584,1.0862972643124191,MEX
Deriva,referencia,2013Q1,1,0.6631590162981649,1.7351859507515508,1.072026934453386,MEX
AR(1),Box-Jenkins,2013Q1,1,0.6631590162981649,1.8554742699751197,1.1923152536769548,MEX
"ARMA(2,2)",Box-Jenkins,2013Q1,1,0.6631590162981649,2.070358337064927,1.407199320766762,MEX
"ARIMA(1,1,1)",Box-Jenkins,2013Q1,1,0.6631590162981649,0.8923420970062317,0.2291830807080668,MEX
Ridge sobre rezagos,regularizado,2013Q1,1,0.6631590162981649,1.6249729724784903,0.9618139561803254,MEX
Random Forest,aprendizaje,2013Q1,1,0.6631590162981649,1.401089868814726,0.7379308525165611,MEX
LSTM(16),red neuronal,2013Q1,1,0.6631590162981649,2.6231633178221374,1.9600043015239725,MEX
Comb. RF/AR(1) suave,combinacion,2013Q1,1,0.6631590162981649,1.0625459673646207,0.39938695106645583,MEX
Comb. RF/AR(1) dura,combinacion,2013Q1,1,0.6631590162981649,1.0625459673646207,0.39938695106645583,MEX
Comb. RF/ingenuo suave,combinacion,2013Q1,1,0.6631590162981649,1.0625459673646207,0.39938695106645583,MEX
Comb. LSTM/AR(1) suave,combinacion,2013Q1,1,0.6631590162981649,2.45563070009581,1.792471683797645,MEX
Comb. 50/50 RF-AR(1),combinacion,2013Q1,1,0.6631590162981649,1.8452901675862334,1.1821311512880686,MEX
Ingenuo,referencia,2013Q2,1,1.0898635306475724,0.6631590162981649,-0.4267045143494075,MEX
Deriva,referencia,2013Q2,1,1.0898635306475724,0.6349662587189578,-0.4548972719286145,MEX
AR(1),Box-Jenkins,2013Q2,1,1.0898635306475724,0.9552039456538832,-0.13465958499368913,MEX
"ARMA(2,2)",Box-Jenkins,2013Q2,1,1.0898635306475724,0.9834384458213749,-0.1064250848261975,MEX
"ARIMA(1,1,1)",Box-Jenkins,2013Q2,1,1.0898635306475724,0.8004608848503456,-0.28940264579722674,MEX
Ridge sobre rezagos,regularizado,2013Q2,1,1.0898635306475724,1.0141130526390938,-0.07575047800847856,MEX
Random Forest,aprendizaje,2013Q2,1,1.0898635306475724,0.8184207823848179,-0.2714427482627545,MEX
LSTM(16),red neuronal,2013Q2,1,1.0898635306475724,0.08819856521439906,-1.0016649654331733,MEX
Comb. RF/AR(1) suave,combinacion,2013Q2,1,1.0898635306475724,0.7741493154579407,-0.3157142151896316,MEX
Comb. RF/AR(1) dura,combinacion,2013Q2,1,1.0898635306475724,0.7741493154579407,-0.3157142151896316,MEX
Comb. RF/ingenuo suave,combinacion,2013Q2,1,1.0898635306475724,0.7741493154579407,-0.3157142151896316,MEX
Comb. LSTM/AR(1) suave,combinacion,2013Q2,1,1.0898635306475724,0.339805687664005,-0.7500578429835674,MEX
Comb. 50/50 RF-AR(1),combinacion,2013Q2,1,1.0898635306475724,0.9552039456538832,-0.13465958499368913,MEX
Ingenuo,referencia,2013Q3,1,0.8026105736987033,1.0898635306475724,0.2872529569488691,MEX
Deriva,referencia,2013Q3,1,0.8026105736987033,1.0675027893751423,0.26489221567643906,MEX
AR(1),Box-Jenkins,2013Q3,1,0.8026105736987033,1.304570217023612,0.5019596433249087,MEX
"ARMA(2,2)",Box-Jenkins,2013Q3,1,0.8026105736987033,1.0259885624427074,0.22337798874400416,MEX
"ARIMA(1,1,1)",Box-Jenkins,2013Q3,1,0.8026105736987033,1.233326650191217,0.43071607649251376,MEX
Ridge sobre rezagos,regularizado,2013Q3,1,0.8026105736987033,1.1424330189388914,0.3398224452401881,MEX
Random Forest,aprendizaje,2013Q3,1,0.8026105736987033,1.0707395071808734,0.26812893348217015,MEX
LSTM(16),red neuronal,2013Q3,1,0.8026105736987033,0.6090061785290435,-0.19360439516965977,MEX
Comb. RF/AR(1) suave,combinacion,2013Q3,1,0.8026105736987033,0.9838303261690673,0.18121975247036404,MEX
Comb. RF/AR(1) dura,combinacion,2013Q3,1,0.8026105736987033,0.9838303261690673,0.18121975247036404,MEX
Comb. RF/ingenuo suave,combinacion,2013Q3,1,0.8026105736987033,0.9838303261690673,0.18121975247036404,MEX
Comb. LSTM/AR(1) suave,combinacion,2013Q3,1,0.8026105736987033,0.8983100164245719,0.09569944272586861,MEX
Comb. 50/50 RF-AR(1),combinacion,2013Q3,1,0.8026105736987033,1.304570217023612,0.5019596433249087,MEX
Ingenuo,referencia,2013Q4,1,1.3550829039584045,0.8026105736987033,-0.5524723302597012,MEX
Deriva,referencia,2013Q4,1,1.3550829039584045,0.7768967664050526,-0.5781861375533519,MEX
AR(1),Box-Jenkins,2013Q4,1,1.3550829039584045,1.063555360052524,-0.2915275439058804,MEX
"ARMA(2,2)",Box-Jenkins,2013Q4,1,1.3550829039584045,1.3801892015573258,0.025106297598921357,MEX
"ARIMA(1,1,1)",Box-Jenkins,2013Q4,1,1.3550829039584045,0.4731547660253086,-0.8819281379330959,MEX
Ridge sobre rezagos,regularizado,2013Q4,1,1.3550829039584045,1.4104310602140828,0.05534815625567835,MEX
Random Forest,aprendizaje,2013Q4,1,1.3550829039584045,0.7161142352507698,-0.6389686687076347,MEX
LSTM(16),red neuronal,2013Q4,1,1.3550829039584045,0.9580547223691791,-0.39702818158922537,MEX
Comb. RF/AR(1) suave,combinacion,2013Q4,1,1.3550829039584045,0.8742392048024534,-0.48084369915595104,MEX
Comb. RF/AR(1) dura,combinacion,2013Q4,1,1.3550829039584045,0.8742392048024534,-0.48084369915595104,MEX
Comb. RF/ingenuo suave,combinacion,2013Q4,1,1.3550829039584045,0.8742392048024534,-0.48084369915595104,MEX
Comb. LSTM/AR(1) suave,combinacion,2013Q4,1,1.3550829039584045,1.0965286593778723,-0.2585542445805322,MEX
Comb. 50/50 RF-AR(1),combinacion,2013Q4,1,1.3550829039584045,1.0592159027058965,-0.295867001252508,MEX
Ingenuo,referencia,2014Q1,1,3.0943009598676685,1.3550829039584045,-1.739218055909264,MEX
Deriva,referencia,2014Q1,1,3.0943009598676685,1.3365964233841707,-1.7577045364834978,MEX
AR(1),Box-Jenkins,2014Q1,1,3.0943009598676685,1.5175485528214154,-1.576752407046253,MEX
"ARMA(2,2)",Box-Jenkins,2014Q1,1,3.0943009598676685,1.9593525888885872,-1.1349483709790813,MEX
"ARIMA(1,1,1)",Box-Jenkins,2014Q1,1,3.0943009598676685,2.040556121508492,-1.0537448383591763,MEX
Ridge sobre rezagos,regularizado,2014Q1,1,3.0943009598676685,1.9214330126977637,-1.1728679471699048,MEX
Random Forest,aprendizaje,2014Q1,1,3.0943009598676685,0.6355482541802627,-2.458752705687406,MEX
LSTM(16),red neuronal,2014Q1,1,3.0943009598676685,1.0644910363285474,-2.029809923539121,MEX
Comb. RF/AR(1) suave,combinacion,2014Q1,1,3.0943009598676685,1.0526792865143462,-2.0416216733533226,MEX
Comb. RF/AR(1) dura,combinacion,2014Q1,1,3.0943009598676685,1.0526792865143462,-2.0416216733533226,MEX
Comb. RF/ingenuo suave,combinacion,2014Q1,1,3.0943009598676685,1.0526792865143462,-2.0416216733533226,MEX
Comb. LSTM/AR(1) suave,combinacion,2014Q1,1,3.0943009598676685,1.331807339839302,-1.7624936200283665,MEX
Comb. 50/50 RF-AR(1),combinacion,2014Q1,1,3.0943009598676685,1.484249304017476,-1.6100516558501925,MEX
Ingenuo,referencia,2014Q2,1,2.621577275991216,3.0943009598676685,0.4727236838764526,MEX
Deriva,referencia,2014Q2,1,2.621577275991216,3.097514535299404,0.47593725930818787,MEX
AR(1),Box-Jenkins,2014Q2,1,2.621577275991216,2.9518032084262487,0.33022593243503273,MEX
"ARMA(2,2)",Box-Jenkins,2014Q2,1,2.621577275991216,3.6990233358804936,1.0774460598892777,MEX
"ARIMA(1,1,1)",Box-Jenkins,2014Q2,1,2.621577275991216,3.555482809607115,0.9339055336158992,MEX
Ridge sobre rezagos,regularizado,2014Q2,1,2.621577275991216,3.504515739896865,0.8829384639056492,MEX
Random Forest,aprendizaje,2014Q2,1,2.621577275991216,3.982341243336718,1.3607639673455019,MEX
LSTM(16),red neuronal,2014Q2,1,2.621577275991216,3.2911246482952428,0.6695473723040268,MEX
Comb. RF/AR(1) suave,combinacion,2014Q2,1,2.621577275991216,3.6808558227375308,1.0592785467463148,MEX
Comb. RF/AR(1) dura,combinacion,2014Q2,1,2.621577275991216,3.6808558227375308,1.0592785467463148,MEX
Comb. RF/ingenuo suave,combinacion,2014Q2,1,2.621577275991216,3.6808558227375308,1.0592785467463148,MEX
Comb. LSTM/AR(1) suave,combinacion,2014Q2,1,2.621577275991216,3.111418149088297,0.4898408730970809,MEX
Comb. 50/50 RF-AR(1),combinacion,2014Q2,1,2.621577275991216,2.9518032084262487,0.33022593243503273,MEX
Ingenuo,referencia,2014Q3,1,2.9851689776354773,2.621577275991216,-0.36359170164426136,MEX
Deriva,referencia,2014Q3,1,2.9851689776354773,2.618986738504559,-0.3661822391309184,MEX
AR(1),Box-Jenkins,2014Q3,1,2.9851689776354773,2.563517435602685,-0.4216515420327922,MEX
"ARMA(2,2)",Box-Jenkins,2014Q3,1,2.9851689776354773,2.9048252237279297,-0.08034375390754755,MEX
"ARIMA(1,1,1)",Box-Jenkins,2014Q3,1,2.9851689776354773,1.8583619217629876,-1.1268070558724896,MEX
Ridge sobre rezagos,regularizado,2014Q3,1,2.9851689776354773,2.8290931602821803,-0.156075817353297,MEX
Random Forest,aprendizaje,2014Q3,1,2.9851689776354773,2.530864832834485,-0.4543041448009921,MEX
LSTM(16),red neuronal,2014Q3,1,2.9851689776354773,2.746231495635086,-0.2389374820003911,MEX
Comb. RF/AR(1) suave,combinacion,2014Q3,1,2.9851689776354773,2.356130313903259,-0.6290386637322181,MEX
Comb. RF/AR(1) dura,combinacion,2014Q3,1,2.9851689776354773,2.356130313903259,-0.6290386637322181,MEX
Comb. RF/ingenuo suave,combinacion,2014Q3,1,2.9851689776354773,2.356130313903259,-0.6290386637322181,MEX
Comb. LSTM/AR(1) suave,combinacion,2014Q3,1,2.9851689776354773,2.6098333095014423,-0.37533566813403496,MEX
Comb. 50/50 RF-AR(1),combinacion,2014Q3,1,2.9851689776354773,2.5557310460898086,-0.42943793154566867,MEX
Ingenuo,referencia,2014Q4,1,2.8023172288912157,2.9851689776354773,0.18285174874426158,MEX
Deriva,referencia,2014Q4,1,2.8023172288912157,2.986990274355217,0.1846730454640011,MEX
AR(1),Box-Jenkins,2014Q4,1,2.8023172288912157,2.864085800398437,0.06176857150722137,MEX
"ARMA(2,2)",Box-Jenkins,2014Q4,1,2.8023172288912157,2.1654317612670035,-0.6368854676242122,MEX
"ARIMA(1,1,1)",Box-Jenkins,2014Q4,1,2.8023172288912157,3.9705078509808533,1.1681906220896376,MEX
Ridge sobre rezagos,regularizado,2014Q4,1,2.8023172288912157,2.7917471830818434,-0.010570045809372264,MEX
Random Forest,aprendizaje,2014Q4,1,2.8023172288912157,3.1401089103983924,0.33779168150717664,MEX
LSTM(16),red neuronal,2014Q4,1,2.8023172288912157,2.531884175431408,-0.27043305345980784,MEX
Comb. RF/AR(1) suave,combinacion,2014Q4,1,2.8023172288912157,2.6955856930295115,-0.10673153586170425,MEX
Comb. RF/AR(1) dura,combinacion,2014Q4,1,2.8023172288912157,2.6955856930295115,-0.10673153586170425,MEX
Comb. RF/ingenuo suave,combinacion,2014Q4,1,2.8023172288912157,2.6955856930295115,-0.10673153586170425,MEX
Comb. LSTM/AR(1) suave,combinacion,2014Q4,1,2.8023172288912157,2.6477170767832403,-0.1546001521079754,MEX
Comb. 50/50 RF-AR(1),combinacion,2014Q4,1,2.8023172288912157,2.831673943305003,0.029356714413787177,MEX
Ingenuo,referencia,2015Q1,1,2.3974511257314868,2.8023172288912157,0.40486610315972893,MEX
Deriva,referencia,2015Q1,1,2.3974511257314868,2.8019400369744787,0.4044889112429919,MEX
AR(1),Box-Jenkins,2015Q1,1,2.3974511257314868,2.714747766491552,0.31729664076006525,MEX
"ARMA(2,2)",Box-Jenkins,2015Q1,1,2.3974511257314868,2.5102991583234937,0.11284803259200693,MEX
"ARIMA(1,1,1)",Box-Jenkins,2015Q1,1,2.3974511257314868,1.719489224334334,-0.6779619013971527,MEX
Ridge sobre rezagos,regularizado,2015Q1,1,2.3974511257314868,2.424985747675382,0.02753462194389522,MEX
Random Forest,aprendizaje,2015Q1,1,2.3974511257314868,3.196439072910276,0.7989879471787891,MEX
LSTM(16),red neuronal,2015Q1,1,2.3974511257314868,2.366727717223017,-0.030723408508469774,MEX
Comb. RF/AR(1) suave,combinacion,2015Q1,1,2.3974511257314868,2.8117468818425824,0.4142957561110956,MEX
Comb. RF/AR(1) dura,combinacion,2015Q1,1,2.3974511257314868,2.8117468818425824,0.4142957561110956,MEX
Comb. RF/ingenuo suave,combinacion,2015Q1,1,2.3974511257314868,2.8117468818425824,0.4142957561110956,MEX
Comb. LSTM/AR(1) suave,combinacion,2015Q1,1,2.3974511257314868,2.3758774078092233,-0.02157371792226348,MEX
Comb. 50/50 RF-AR(1),combinacion,2015Q1,1,2.3974511257314868,2.7228316425519616,0.32538051682047486,MEX
Ingenuo,referencia,2015Q2,1,3.437109294753582,2.3974511257314868,-1.0396581690220952,MEX
Deriva,referencia,2015Q2,1,3.437109294753582,2.392315240741303,-1.044794054012279,MEX
AR(1),Box-Jenkins,2015Q2,1,3.437109294753582,2.3820260174644776,-1.0550832772891043,MEX
"ARMA(2,2)",Box-Jenkins,2015Q2,1,3.437109294753582,2.516076471526155,-0.921032823227427,MEX
"ARIMA(1,1,1)",Box-Jenkins,2015Q2,1,3.437109294753582,3.201818483760347,-0.2352908109932348,MEX
Ridge sobre rezagos,regularizado,2015Q2,1,3.437109294753582,2.816161165148623,-0.620948129604959,MEX
Random Forest,aprendizaje,2015Q2,1,3.437109294753582,2.7606770421941476,-0.6764322525594344,MEX
LSTM(16),red neuronal,2015Q2,1,3.437109294753582,2.0303457718409432,-1.4067635229126387,MEX
Comb. RF/AR(1) suave,combinacion,2015Q2,1,3.437109294753582,2.7656757877496485,-0.6714335070039334,MEX
Comb. RF/AR(1) dura,combinacion,2015Q2,1,3.437109294753582,2.7656757877496485,-0.6714335070039334,MEX
Comb. RF/ingenuo suave,combinacion,2015Q2,1,3.437109294753582,2.7656757877496485,-0.6714335070039334,MEX
Comb. LSTM/AR(1) suave,combinacion,2015Q2,1,3.437109294753582,2.0630790299504707,-1.3740302648031113,MEX
Comb. 50/50 RF-AR(1),combinacion,2015Q2,1,3.437109294753582,2.45451784329806,-0.9825914514555221,MEX
Ingenuo,referencia,2015Q3,1,2.265225573827734,3.437109294753582,1.1718837209258481,MEX
Deriva,referencia,2015Q3,1,2.265225573827734,3.444122177833308,1.1788966040055744,MEX
AR(1),Box-Jenkins,2015Q3,1,2.265225573827734,3.2390098937727605,0.9737843199450267,MEX
"ARMA(2,2)",Box-Jenkins,2015Q3,1,2.265225573827734,3.4211969957769317,1.1559714219491979,MEX
"ARIMA(1,1,1)",Box-Jenkins,2015Q3,1,2.265225573827734,3.3087337904311602,1.0435082166034264,MEX
Ridge sobre rezagos,regularizado,2015Q3,1,2.265225573827734,3.5402024549163587,1.2749768810886248,MEX
Random Forest,aprendizaje,2015Q3,1,2.265225573827734,3.4810732316133226,1.2158476577855888,MEX
LSTM(16),red neuronal,2015Q3,1,2.265225573827734,2.656497650261721,0.391272076433987,MEX
Comb. RF/AR(1) suave,combinacion,2015Q3,1,2.265225573827734,3.5470332105291975,1.2818076367014637,MEX
Comb. RF/AR(1) dura,combinacion,2015Q3,1,2.265225573827734,3.5470332105291975,1.2818076367014637,MEX
Comb. RF/ingenuo suave,combinacion,2015Q3,1,2.265225573827734,3.5470332105291975,1.2818076367014637,MEX
Comb. LSTM/AR(1) suave,combinacion,2015Q3,1,2.265225573827734,2.824511436935497,0.5592858631077631,MEX
Comb. 50/50 RF-AR(1),combinacion,2015Q3,1,2.265225573827734,3.2694264987159434,1.0042009248882096,MEX
Ingenuo,referencia,2015Q4,1,1.7174749163761271,2.265225573827734,0.5477506574516067,MEX
Deriva,referencia,2015Q4,1,1.7174749163761271,2.2586879212292352,0.5412130048531081,MEX
AR(1),Box-Jenkins,2015Q4,1,1.7174749163761271,2.2757565241391617,0.5582816077630346,MEX
"ARMA(2,2)",Box-Jenkins,2015Q4,1,1.7174749163761271,2.197167370997537,0.47969245462140986,MEX
"ARIMA(1,1,1)",Box-Jenkins,2015Q4,1,1.7174749163761271,1.6384704843682338,-0.07900443200789331,MEX
Ridge sobre rezagos,regularizado,2015Q4,1,1.7174749163761271,2.185855217242218,0.46838030086609095,MEX
Random Forest,aprendizaje,2015Q4,1,1.7174749163761271,2.7829067507934413,1.0654318344173141,MEX
LSTM(16),red neuronal,2015Q4,1,1.7174749163761271,2.2431271117718854,0.5256521953957582,MEX
Comb. RF/AR(1) suave,combinacion,2015Q4,1,1.7174749163761271,3.0205456401653588,1.3030707237892316,MEX
Comb. RF/AR(1) dura,combinacion,2015Q4,1,1.7174749163761271,3.0205456401653588,1.3030707237892316,MEX
Comb. RF/ingenuo suave,combinacion,2015Q4,1,1.7174749163761271,3.0205456401653588,1.3030707237892316,MEX
Comb. LSTM/AR(1) suave,combinacion,2015Q4,1,1.7174749163761271,2.3470117696336197,0.6295368532574925,MEX
Comb. 50/50 RF-AR(1),combinacion,2015Q4,1,1.7174749163761271,2.3201311134393765,0.6026561970632494,MEX
Ingenuo,referencia,2016Q1,1,1.1911894940927148,1.7174749163761271,0.5262854222834124,MEX
Deriva,referencia,2016Q1,1,1.1911894940927148,1.7047871159952068,0.513597621902492,MEX
AR(1),Box-Jenkins,2016Q1,1,1.1911894940927148,1.8248517748286888,0.633662280735974,MEX
"ARMA(2,2)",Box-Jenkins,2016Q1,1,1.1911894940927148,0.9209904646756952,-0.27019902941701957,MEX
"ARIMA(1,1,1)",Box-Jenkins,2016Q1,1,1.1911894940927148,1.9845992173291693,0.7934097232364545,MEX
Ridge sobre rezagos,regularizado,2016Q1,1,1.1911894940927148,1.5723893822779422,0.38119988818522743,MEX
Random Forest,aprendizaje,2016Q1,1,1.1911894940927148,1.3502643585976004,0.15907486450488562,MEX
LSTM(16),red neuronal,2016Q1,1,1.1911894940927148,1.734236042475974,0.5430465483832592,MEX
Comb. RF/AR(1) suave,combinacion,2016Q1,1,1.1911894940927148,1.8703996973480834,0.6792102032553686,MEX
Comb. RF/AR(1) dura,combinacion,2016Q1,1,1.1911894940927148,1.8703996973480834,0.6792102032553686,MEX
Comb. RF/ingenuo suave,combinacion,2016Q1,1,1.1911894940927148,1.8703996973480834,0.6792102032553686,MEX
Comb. LSTM/AR(1) suave,combinacion,2016Q1,1,1.1911894940927148,1.8210713612477516,0.6298818671550368,MEX
Comb. 50/50 RF-AR(1),combinacion,2016Q1,1,1.1911894940927148,1.82752467557825,0.6363351814855351,MEX
Ingenuo,referencia,2016Q2,1,0.9121809662907543,1.1911894940927148,0.2790085278019605,MEX
Deriva,referencia,2016Q2,1,0.9121809662907543,1.1727309339151373,0.260549967624383,MEX
AR(1),Box-Jenkins,2016Q2,1,0.9121809662907543,1.3901884726910718,0.47800750640031753,MEX
"ARMA(2,2)",Box-Jenkins,2016Q2,1,0.9121809662907543,1.1051070995571957,0.19292613326644137,MEX
"ARIMA(1,1,1)",Box-Jenkins,2016Q2,1,0.9121809662907543,0.5892764603150398,-0.3229045059757145,MEX
Ridge sobre rezagos,regularizado,2016Q2,1,0.9121809662907543,0.8301327027563603,-0.08204826353439398,MEX
Random Forest,aprendizaje,2016Q2,1,0.9121809662907543,1.0541611659971943,0.14198019970644005,MEX
LSTM(16),red neuronal,2016Q2,1,0.9121809662907543,1.3432544108293238,0.43107344453856955,MEX
Comb. RF/AR(1) suave,combinacion,2016Q2,1,0.9121809662907543,1.5017539748321282,0.589573008541374,MEX
Comb. RF/AR(1) dura,combinacion,2016Q2,1,0.9121809662907543,1.5017539748321282,0.589573008541374,MEX
Comb. RF/ingenuo suave,combinacion,2016Q2,1,0.9121809662907543,1.5017539748321282,0.589573008541374,MEX
Comb. LSTM/AR(1) suave,combinacion,2016Q2,1,0.9121809662907543,1.3997434092976917,0.4875624430069374,MEX
Comb. 50/50 RF-AR(1),combinacion,2016Q2,1,0.9121809662907543,1.4734990731375697,0.5613181068468154,MEX
Ingenuo,referencia,2016Q3,1,2.3411900708776967,0.9121809662907543,-1.4290091045869424,MEX
Deriva,referencia,2016Q3,1,2.3411900708776967,0.8908274064729059,-1.450362664404791,MEX
AR(1),Box-Jenkins,2016Q3,1,2.3411900708776967,1.1576479067218948,-1.183542164155802,MEX
"ARMA(2,2)",Box-Jenkins,2016Q3,1,2.3411900708776967,1.5778667254786614,-0.7633233453990353,MEX
"ARIMA(1,1,1)",Box-Jenkins,2016Q3,1,2.3411900708776967,1.327607828195674,-1.0135822426820227,MEX
Ridge sobre rezagos,regularizado,2016Q3,1,2.3411900708776967,1.6959177384013016,-0.6452723324763951,MEX
Random Forest,aprendizaje,2016Q3,1,2.3411900708776967,0.8869320181693154,-1.4542580527083813,MEX
LSTM(16),red neuronal,2016Q3,1,2.3411900708776967,1.2194632848716795,-1.1217267860060172,MEX
Comb. RF/AR(1) suave,combinacion,2016Q3,1,2.3411900708776967,1.1874097568480844,-1.1537803140296123,MEX
Comb. RF/AR(1) dura,combinacion,2016Q3,1,2.3411900708776967,1.1874097568480844,-1.1537803140296123,MEX
Comb. RF/ingenuo suave,combinacion,2016Q3,1,2.3411900708776967,1.1874097568480844,-1.1537803140296123,MEX
Comb. LSTM/AR(1) suave,combinacion,2016Q3,1,2.3411900708776967,1.205855999142875,-1.1353340717348217,MEX
Comb. 50/50 RF-AR(1),combinacion,2016Q3,1,2.3411900708776967,1.1781263162197846,-1.1630637546579121,MEX
Ingenuo,referencia,2016Q4,1,2.9823211891988777,2.3411900708776967,-0.641131118321181,MEX
Deriva,referencia,2016Q4,1,2.9823211891988777,2.335774562317044,-0.6465466268818338,MEX
AR(1),Box-Jenkins,2016Q4,1,2.9823211891988777,2.331604989717257,-0.6507161994816206,MEX
"ARMA(2,2)",Box-Jenkins,2016Q4,1,2.9823211891988777,2.9927876663624193,0.010466477163541654,MEX
"ARIMA(1,1,1)",Box-Jenkins,2016Q4,1,2.9823211891988777,2.8490324645114278,-0.1332887246874499,MEX
Ridge sobre rezagos,regularizado,2016Q4,1,2.9823211891988777,2.9192045075400546,-0.06311668165882311,MEX
Random Forest,aprendizaje,2016Q4,1,2.9823211891988777,3.2196357435948317,0.23731455439595406,MEX
LSTM(16),red neuronal,2016Q4,1,2.9823211891988777,2.1319251345290575,-0.8503960546698202,MEX
Comb. RF/AR(1) suave,combinacion,2016Q4,1,2.9823211891988777,2.8713028330438135,-0.11101835615506417,MEX
Comb. RF/AR(1) dura,combinacion,2016Q4,1,2.9823211891988777,2.8713028330438135,-0.11101835615506417,MEX
Comb. RF/ingenuo suave,combinacion,2016Q4,1,2.9823211891988777,2.8713028330438135,-0.11101835615506417,MEX
Comb. LSTM/AR(1) suave,combinacion,2016Q4,1,2.9823211891988777,2.1500624972171236,-0.8322586919817541,MEX
Comb. 50/50 RF-AR(1),combinacion,2016Q4,1,2.9823211891988777,2.5055359919257283,-0.4767851972731494,MEX
Ingenuo,referencia,2017Q1,1,2.7365960912585363,2.9823211891988777,0.24572509794034136,MEX
Deriva,referencia,2017Q1,1,2.7365960912585363,2.9839333613652013,0.24733727010666495,MEX
AR(1),Box-Jenkins,2017Q1,1,2.7365960912585363,2.858625815001433,0.12202972374289667,MEX
"ARMA(2,2)",Box-Jenkins,2017Q1,1,2.7365960912585363,3.5060585169286362,0.7694624256700999,MEX
"ARIMA(1,1,1)",Box-Jenkins,2017Q1,1,2.7365960912585363,2.8926797599554903,0.156083668696954,MEX
Ridge sobre rezagos,regularizado,2017Q1,1,2.7365960912585363,3.4380383557894154,0.7014422645308791,MEX
Random Forest,aprendizaje,2017Q1,1,2.7365960912585363,3.420415632412165,0.6838195411536288,MEX
LSTM(16),red neuronal,2017Q1,1,2.7365960912585363,2.8079803771768446,0.07138428591830825,MEX
Comb. RF/AR(1) suave,combinacion,2017Q1,1,2.7365960912585363,3.232764934645809,0.49616884338727285,MEX
Comb. RF/AR(1) dura,combinacion,2017Q1,1,2.7365960912585363,3.232764934645809,0.49616884338727285,MEX
Comb. RF/ingenuo suave,combinacion,2017Q1,1,2.7365960912585363,3.232764934645809,0.49616884338727285,MEX
Comb. LSTM/AR(1) suave,combinacion,2017Q1,1,2.7365960912585363,3.2923091642484543,0.555713072989918,MEX
Comb. 50/50 RF-AR(1),combinacion,2017Q1,1,2.7365960912585363,3.044787587250865,0.30819149599232887,MEX
Ingenuo,referencia,2017Q2,1,1.2116959538275962,2.7365960912585363,1.52490013743094,MEX
Deriva,referencia,2017Q2,1,1.2116959538275962,2.7355487228860786,1.5238527690584824,MEX
AR(1),Box-Jenkins,2017Q2,1,1.2116959538275962,2.658005454637245,1.4463095008096487,MEX
"ARMA(2,2)",Box-Jenkins,2017Q2,1,1.2116959538275962,2.3628284438144185,1.1511324899868223,MEX
"ARIMA(1,1,1)",Box-Jenkins,2017Q2,1,1.2116959538275962,2.6669665775483304,1.4552706237207342,MEX
Ridge sobre rezagos,regularizado,2017Q2,1,1.2116959538275962,2.5947440791532825,1.3830481253256863,MEX
Random Forest,aprendizaje,2017Q2,1,1.2116959538275962,3.0377344495577385,1.8260384957301423,MEX
LSTM(16),red neuronal,2017Q2,1,1.2116959538275962,2.8681865074650994,1.6564905536375032,MEX
Comb. RF/AR(1) suave,combinacion,2017Q2,1,1.2116959538275962,2.9144201500101836,1.7027241961825874,MEX
Comb. RF/AR(1) dura,combinacion,2017Q2,1,1.2116959538275962,2.9144201500101836,1.7027241961825874,MEX
Comb. RF/ingenuo suave,combinacion,2017Q2,1,1.2116959538275962,2.9144201500101836,1.7027241961825874,MEX
Comb. LSTM/AR(1) suave,combinacion,2017Q2,1,1.2116959538275962,2.805333663372938,1.5936377095453418,MEX
Comb. 50/50 RF-AR(1),combinacion,2017Q2,1,1.2116959538275962,2.7641297394970445,1.5524337856694483,MEX
Ingenuo,referencia,2017Q3,1,1.4939689789344568,1.2116959538275962,-0.2822730251068606,MEX
Deriva,referencia,2017Q3,1,1.4939689789344568,1.1944373857843036,-0.2995315931501532,MEX
AR(1),Box-Jenkins,2017Q3,1,1.4939689789344568,1.4066343168296873,-0.08733466210476948,MEX
"ARMA(2,2)",Box-Jenkins,2017Q3,1,1.4939689789344568,0.33224073388416997,-1.1617282450502868,MEX
"ARIMA(1,1,1)",Box-Jenkins,2017Q3,1,1.4939689789344568,0.29750723328903883,-1.196461745645418,MEX
Ridge sobre rezagos,regularizado,2017Q3,1,1.4939689789344568,0.3194648372038391,-1.1745041417306177,MEX
Random Forest,aprendizaje,2017Q3,1,1.4939689789344568,1.0401347059659107,-0.45383427296854606,MEX
LSTM(16),red neuronal,2017Q3,1,1.4939689789344568,2.3701286989944106,0.8761597200599538,MEX
Comb. RF/AR(1) suave,combinacion,2017Q3,1,1.4939689789344568,1.39898683161219,-0.09498214732226673,MEX
Comb. RF/AR(1) dura,combinacion,2017Q3,1,1.4939689789344568,1.39898683161219,-0.09498214732226673,MEX
Comb. RF/ingenuo suave,combinacion,2017Q3,1,1.4939689789344568,1.39898683161219,-0.09498214732226673,MEX
Comb. LSTM/AR(1) suave,combinacion,2017Q3,1,1.4939689789344568,0.32664320348754017,-1.1673257754469166,MEX
Comb. 50/50 RF-AR(1),combinacion,2017Q3,1,1.4939689789344568,1.4056188622331878,-0.08835011670126902,MEX
Ingenuo,referencia,2017Q4,1,2.2079817372255617,1.4939689789344568,-0.7140127582911049,MEX
Deriva,referencia,2017Q4,1,2.2079817372255617,1.4798633750295869,-0.7281183621959748,MEX
AR(1),Box-Jenkins,2017Q4,1,2.2079817372255617,1.6363771667220257,-0.571604570503536,MEX
"ARMA(2,2)",Box-Jenkins,2017Q4,1,2.2079817372255617,1.2744149042303563,-0.9335668329952054,MEX
"ARIMA(1,1,1)",Box-Jenkins,2017Q4,1,2.2079817372255617,2.5715308472508775,0.36354911002531587,MEX
Ridge sobre rezagos,regularizado,2017Q4,1,2.2079817372255617,1.8466619596345688,-0.3613197775909929,MEX
Random Forest,aprendizaje,2017Q4,1,2.2079817372255617,1.631582810551434,-0.5763989266741276,MEX
LSTM(16),red neuronal,2017Q4,1,2.2079817372255617,1.3421145088655455,-0.8658672283600162,MEX
Comb. RF/AR(1) suave,combinacion,2017Q4,1,2.2079817372255617,1.8048890325473592,-0.40309270467820246,MEX
Comb. RF/AR(1) dura,combinacion,2017Q4,1,2.2079817372255617,1.8048890325473592,-0.40309270467820246,MEX
Comb. RF/ingenuo suave,combinacion,2017Q4,1,2.2079817372255617,1.8048890325473592,-0.40309270467820246,MEX
Comb. LSTM/AR(1) suave,combinacion,2017Q4,1,2.2079817372255617,1.3028388331629328,-0.9051429040626289,MEX
Comb. 50/50 RF-AR(1),combinacion,2017Q4,1,2.2079817372255617,1.656734372438777,-0.5512473647867846,MEX
Ingenuo,referencia,2018Q1,1,1.7148915129593156,2.2079817372255617,0.49309022426624605,MEX
Deriva,referencia,2018Q1,1,1.7148915129593156,2.2014606995935666,0.48656918663425097,MEX
AR(1),Box-Jenkins,2018Q1,1,1.7148915129593156,2.2209468357036135,0.5060553227442979,MEX
"ARMA(2,2)",Box-Jenkins,2018Q1,1,1.7148915129593156,3.411573860749522,1.6966823477902064,MEX
"ARIMA(1,1,1)",Box-Jenkins,2018Q1,1,1.7148915129593156,1.6002553173462168,-0.11463619561309879,MEX
Ridge sobre rezagos,regularizado,2018Q1,1,1.7148915129593156,2.9625726396125867,1.247681126653271,MEX
Random Forest,aprendizaje,2018Q1,1,1.7148915129593156,1.9639599763286197,0.2490684633693041,MEX
LSTM(16),red neuronal,2018Q1,1,1.7148915129593156,2.1795689567850354,0.46467744382571974,MEX
Comb. RF/AR(1) suave,combinacion,2018Q1,1,1.7148915129593156,1.963672274725754,0.24878076176643837,MEX
Comb. RF/AR(1) dura,combinacion,2018Q1,1,1.7148915129593156,1.963672274725754,0.24878076176643837,MEX
Comb. RF/ingenuo suave,combinacion,2018Q1,1,1.7148915129593156,1.963672274725754,0.24878076176643837,MEX
Comb. LSTM/AR(1) suave,combinacion,2018Q1,1,1.7148915129593156,2.138905652650229,0.42401413969091317,MEX
Comb. 50/50 RF-AR(1),combinacion,2018Q1,1,1.7148915129593156,2.187038398592741,0.4721468856334252,MEX
Ingenuo,referencia,2018Q2,1,2.755098176945081,1.7148915129593156,-1.0402066639857654,MEX
Deriva,referencia,2018Q2,1,2.755098176945081,1.7033542981455239,-1.0517438787995572,MEX
AR(1),Box-Jenkins,2018Q2,1,2.755098176945081,1.816348144940604,-0.938750032004477,MEX
"ARMA(2,2)",Box-Jenkins,2018Q2,1,2.755098176945081,2.269399354044497,-0.48569882290058386,MEX
"ARIMA(1,1,1)",Box-Jenkins,2018Q2,1,2.755098176945081,2.0016151813177556,-0.7534829956273255,MEX
Ridge sobre rezagos,regularizado,2018Q2,1,2.755098176945081,2.284740413722847,-0.4703577632222342,MEX
Random Forest,aprendizaje,2018Q2,1,2.755098176945081,1.293004395780835,-1.462093781164246,MEX
LSTM(16),red neuronal,2018Q2,1,2.755098176945081,1.9868186784863164,-0.7682794984587646,MEX
Comb. RF/AR(1) suave,combinacion,2018Q2,1,2.755098176945081,1.701336934175528,-1.053761242769553,MEX
Comb. RF/AR(1) dura,combinacion,2018Q2,1,2.755098176945081,1.701336934175528,-1.053761242769553,MEX
Comb. RF/ingenuo suave,combinacion,2018Q2,1,2.755098176945081,1.701336934175528,-1.053761242769553,MEX
Comb. LSTM/AR(1) suave,combinacion,2018Q2,1,2.755098176945081,1.9642953492840711,-0.79080282766101,MEX
Comb. 50/50 RF-AR(1),combinacion,2018Q2,1,2.755098176945081,1.801953785099185,-0.9531443918458962,MEX
Ingenuo,referencia,2018Q3,1,1.161130192797999,2.755098176945081,1.5939679841470822,MEX
Deriva,referencia,2018Q3,1,1.161130192797999,2.754293042527203,1.5931628497292043,MEX
AR(1),Box-Jenkins,2018Q3,1,1.161130192797999,2.6682203262464643,1.5070901334484654,MEX
"ARMA(2,2)",Box-Jenkins,2018Q3,1,1.161130192797999,2.0235249829544983,0.8623947901564994,MEX
"ARIMA(1,1,1)",Box-Jenkins,2018Q3,1,1.161130192797999,3.1352694865602277,1.9741392937622289,MEX
Ridge sobre rezagos,regularizado,2018Q3,1,1.161130192797999,2.7082342714107663,1.5471040786127674,MEX
Random Forest,aprendizaje,2018Q3,1,1.161130192797999,2.7622660373772066,1.6011358445792077,MEX
LSTM(16),red neuronal,2018Q3,1,1.161130192797999,2.0190853629391423,0.8579551701411434,MEX
Comb. RF/AR(1) suave,combinacion,2018Q3,1,1.161130192797999,3.1126573683908596,1.9515271755928607,MEX
Comb. RF/AR(1) dura,combinacion,2018Q3,1,1.161130192797999,3.1126573683908596,1.9515271755928607,MEX
Comb. RF/ingenuo suave,combinacion,2018Q3,1,1.161130192797999,3.1126573683908596,1.9515271755928607,MEX
Comb. LSTM/AR(1) suave,combinacion,2018Q3,1,1.161130192797999,2.1665010419805038,1.0053708491825049,MEX
Comb. 50/50 RF-AR(1),combinacion,2018Q3,1,1.161130192797999,2.7555634936251154,1.5944333008271165,MEX
Ingenuo,referencia,2018Q4,1,-0.09302964278854464,1.161130192797999,1.2541598355865435,MEX
Deriva,referencia,2018Q4,1,-0.09302964278854464,1.1442325043424524,1.237262147130997,MEX
AR(1),Box-Jenkins,2018Q4,1,-0.09302964278854464,1.3634204536436525,1.4564500964321971,MEX
"ARMA(2,2)",Box-Jenkins,2018Q4,1,-0.09302964278854464,1.0894086919952792,1.1824383347838239,MEX
"ARIMA(1,1,1)",Box-Jenkins,2018Q4,1,-0.09302964278854464,-0.22680075086674578,-0.13377110807820114,MEX
Ridge sobre rezagos,regularizado,2018Q4,1,-0.09302964278854464,0.7719060810402232,0.8649357238287678,MEX
Random Forest,aprendizaje,2018Q4,1,-0.09302964278854464,1.1266994388736402,1.2197290816621849,MEX
LSTM(16),red neuronal,2018Q4,1,-0.09302964278854464,1.9790542891659577,2.072083931954502,MEX
Comb. RF/AR(1) suave,combinacion,2018Q4,1,-0.09302964278854464,1.596449876869201,1.6894795196577457,MEX
Comb. RF/AR(1) dura,combinacion,2018Q4,1,-0.09302964278854464,1.596449876869201,1.6894795196577457,MEX
Comb. RF/ingenuo suave,combinacion,2018Q4,1,-0.09302964278854464,1.596449876869201,1.6894795196577457,MEX
Comb. LSTM/AR(1) suave,combinacion,2018Q4,1,-0.09302964278854464,1.9566234733042929,2.0496531160928377,MEX
Comb. 50/50 RF-AR(1),combinacion,2018Q4,1,-0.09302964278854464,1.381084795955376,1.4741144387439207,MEX
Ingenuo,referencia,2019Q1,1,-0.01498553522869539,-0.09302964278854464,-0.07804410755984925,MEX
Deriva,referencia,2019Q1,1,-0.01498553522869539,-0.12229995271540117,-0.10731441748670578,MEX
AR(1),Box-Jenkins,2019Q1,1,-0.01498553522869539,0.33093626358985945,0.34592179881855484,MEX
"ARMA(2,2)",Box-Jenkins,2019Q1,1,-0.01498553522869539,-0.2234230460684068,-0.2084375108397114,MEX
"ARIMA(1,1,1)",Box-Jenkins,2019Q1,1,-0.01498553522869539,0.4828675103406802,0.4978530455693756,MEX
Ridge sobre rezagos,regularizado,2019Q1,1,-0.01498553522869539,0.07046880253085108,0.08545433775954647,MEX
Random Forest,aprendizaje,2019Q1,1,-0.01498553522869539,-0.8458608155098896,-0.8308752802811942,MEX
LSTM(16),red neuronal,2019Q1,1,-0.01498553522869539,1.7461560011941692,1.7611415364228646,MEX
Comb. RF/AR(1) suave,combinacion,2019Q1,1,-0.01498553522869539,0.2778939719164667,0.2928795071451621,MEX
Comb. RF/AR(1) dura,combinacion,2019Q1,1,-0.01498553522869539,0.2778939719164667,0.2928795071451621,MEX
Comb. RF/ingenuo suave,combinacion,2019Q1,1,-0.01498553522869539,0.2778939719164667,0.2928795071451621,MEX
Comb. LSTM/AR(1) suave,combinacion,2019Q1,1,-0.01498553522869539,1.7398007631750205,1.754786298403716,MEX
Comb. 50/50 RF-AR(1),combinacion,2019Q1,1,-0.01498553522869539,0.3298941428157117,0.3448796780444071,MEX
Ingenuo,referencia,2019Q2,1,-0.4604731780726068,-0.01498553522869539,0.4454876428439114,MEX
Deriva,referencia,2019Q2,1,-0.4604731780726068,-0.043193326170535035,0.41727985190207173,MEX
AR(1),Box-Jenkins,2019Q2,1,-0.4604731780726068,0.3891167243448013,0.8495899024174081,MEX
"ARMA(2,2)",Box-Jenkins,2019Q2,1,-0.4604731780726068,0.3284220719209823,0.7888952499935891,MEX
"ARIMA(1,1,1)",Box-Jenkins,2019Q2,1,-0.4604731780726068,-0.5346506925243566,-0.0741775144517498,MEX
Ridge sobre rezagos,regularizado,2019Q2,1,-0.4604731780726068,0.11638260761323815,0.576855785685845,MEX
Random Forest,aprendizaje,2019Q2,1,-0.4604731780726068,-1.0208116201778408,-0.560338442105234,MEX
LSTM(16),red neuronal,2019Q2,1,-0.4604731780726068,0.4309794491895218,0.8914526272621286,MEX
Comb. RF/AR(1) suave,combinacion,2019Q2,1,-0.4604731780726068,0.6866565176988224,1.1471296957714292,MEX
Comb. RF/AR(1) dura,combinacion,2019Q2,1,-0.4604731780726068,0.6866565176988224,1.1471296957714292,MEX
Comb. RF/ingenuo suave,combinacion,2019Q2,1,-0.4604731780726068,0.6866565176988224,1.1471296957714292,MEX
Comb. LSTM/AR(1) suave,combinacion,2019Q2,1,-0.4604731780726068,0.348237728439845,0.8087109065124518,MEX
Comb. 50/50 RF-AR(1),combinacion,2019Q2,1,-0.4604731780726068,0.3891167243448013,0.8495899024174081,MEX
Ingenuo,referencia,2019Q3,1,-0.9811429470639621,-0.4604731780726068,0.5206697689913553,MEX
Deriva,referencia,2019Q3,1,-0.9811429470639621,-0.49277194795466284,0.48837099910929926,MEX
AR(1),Box-Jenkins,2019Q3,1,-0.9811429470639621,0.014944575915170455,0.9960875229791326,MEX
"ARMA(2,2)",Box-Jenkins,2019Q3,1,-0.9811429470639621,0.6998275515904293,1.6809704986543914,MEX
"ARIMA(1,1,1)",Box-Jenkins,2019Q3,1,-0.9811429470639621,-0.2283779289688691,0.752765018095093,MEX
Ridge sobre rezagos,regularizado,2019Q3,1,-0.9811429470639621,0.8889602576150104,1.8701032046789725,MEX
Random Forest,aprendizaje,2019Q3,1,-0.9811429470639621,-2.0607027743276523,-1.0795598272636902,MEX
LSTM(16),red neuronal,2019Q3,1,-0.9811429470639621,0.7746175973034903,1.7557605443674524,MEX
Comb. RF/AR(1) suave,combinacion,2019Q3,1,-0.9811429470639621,-0.2406958791538785,0.7404470679100836,MEX
Comb. RF/AR(1) dura,combinacion,2019Q3,1,-0.9811429470639621,-0.2406958791538785,0.7404470679100836,MEX
Comb. RF/ingenuo suave,combinacion,2019Q3,1,-0.9811429470639621,-0.2406958791538785,0.7404470679100836,MEX
Comb. LSTM/AR(1) suave,combinacion,2019Q3,1,-0.9811429470639621,0.6015446012273444,1.5826875482913065,MEX
Comb. 50/50 RF-AR(1),combinacion,2019Q3,1,-0.9811429470639621,-0.008770156994893306,0.9723727900690688,MEX
Ingenuo,referencia,2019Q4,1,-2.1410094259241674,-0.9811429470639621,1.1598664788602053,MEX
Deriva,referencia,2019Q4,1,-2.1410094259241674,-1.018183182956788,1.1228262429673794,MEX
AR(1),Box-Jenkins,2019Q4,1,-2.1410094259241674,-0.42528464243512293,1.7157247834890446,MEX
"ARMA(2,2)",Box-Jenkins,2019Q4,1,-2.1410094259241674,-0.29881856034421017,1.8421908655799573,MEX
"ARIMA(1,1,1)",Box-Jenkins,2019Q4,1,-2.1410094259241674,-1.5404420857079297,0.6005673402162377,MEX
Ridge sobre rezagos,regularizado,2019Q4,1,-2.1410094259241674,-0.39333247851261,1.7476769474115574,MEX
Random Forest,aprendizaje,2019Q4,1,-2.1410094259241674,-2.7701977682581944,-0.629188342334027,MEX
LSTM(16),red neuronal,2019Q4,1,-2.1410094259241674,0.05444972186311947,2.195459147787287,MEX
Comb. RF/AR(1) suave,combinacion,2019Q4,1,-2.1410094259241674,-1.0694657487590158,1.0715436771651516,MEX
Comb. RF/AR(1) dura,combinacion,2019Q4,1,-2.1410094259241674,-1.0694657487590158,1.0715436771651516,MEX
Comb. RF/ingenuo suave,combinacion,2019Q4,1,-2.1410094259241674,-1.0694657487590158,1.0715436771651516,MEX
Comb. LSTM/AR(1) suave,combinacion,2019Q4,1,-2.1410094259241674,-0.004361622407287324,2.13664780351688,MEX
Comb. 50/50 RF-AR(1),combinacion,2019Q4,1,-2.1410094259241674,-0.5410216482285386,1.5999877776956288,MEX
Ingenuo,referencia,2020Q1,1,-20.460899473453054,-2.1410094259241674,18.319890047528887,MEX
Deriva,referencia,2020Q1,1,-20.460899473453054,-2.188846067999372,18.272053405453683,MEX
AR(1),Box-Jenkins,2020Q1,1,-20.460899473453054,-1.4073142542746067,19.053585219178448,MEX
"ARMA(2,2)",Box-Jenkins,2020Q1,1,-20.460899473453054,-1.905944602230057,18.554954871222996,MEX
"ARIMA(1,1,1)",Box-Jenkins,2020Q1,1,-20.460899473453054,-2.322083911594239,18.138815561858816,MEX
Ridge sobre rezagos,regularizado,2020Q1,1,-20.460899473453054,-1.9200721033381138,18.54082737011494,MEX
Random Forest,aprendizaje,2020Q1,1,-20.460899473453054,-2.138044288872935,18.32285518458012,MEX
LSTM(16),red neuronal,2020Q1,1,-20.460899473453054,-3.42885866533911,17.032040808113944,MEX
Comb. RF/AR(1) suave,combinacion,2020Q1,1,-20.460899473453054,-0.6137777665773261,19.84712170687573,MEX
Comb. RF/AR(1) dura,combinacion,2020Q1,1,-20.460899473453054,-0.6137777665773261,19.84712170687573,MEX
Comb. RF/ingenuo suave,combinacion,2020Q1,1,-20.460899473453054,-0.6137777665773261,19.84712170687573,MEX
Comb. LSTM/AR(1) suave,combinacion,2020Q1,1,-20.460899473453054,-2.6710174300270273,17.789882043426026,MEX
Comb. 50/50 RF-AR(1),combinacion,2020Q1,1,-20.460899473453054,-1.3170594840975063,19.14383998935555,MEX
Ingenuo,referencia,2020Q2,1,-8.136151539860414,-20.460899473453054,-12.32474793359264,MEX
Deriva,referencia,2020Q2,1,-8.136151539860414,-20.682755671770675,-12.54660413191026,MEX
AR(1),Box-Jenkins,2020Q2,1,-8.136151539860414,-18.164679603310926,-10.028528063450512,MEX
"ARMA(2,2)",Box-Jenkins,2020Q2,1,-8.136151539860414,-23.853545889475217,-15.717394349614803,MEX
"ARIMA(1,1,1)",Box-Jenkins,2020Q2,1,-8.136151539860414,-32.21910162798097,-24.082950088120555,MEX
Ridge sobre rezagos,regularizado,2020Q2,1,-8.136151539860414,-27.153989664682456,-19.017838124822042,MEX
Random Forest,aprendizaje,2020Q2,1,-8.136151539860414,-7.30861442010976,0.8275371197506542,MEX
LSTM(16),red neuronal,2020Q2,1,-8.136151539860414,-12.676260970079861,-4.540109430219447,MEX
Comb. RF/AR(1) suave,combinacion,2020Q2,1,-8.136151539860414,-18.164679603310926,-10.028528063450512,MEX
Comb. RF/AR(1) dura,combinacion,2020Q2,1,-8.136151539860414,-18.164679603310926,-10.028528063450512,MEX
Comb. RF/ingenuo suave,combinacion,2020Q2,1,-8.136151539860414,-20.460899473453054,-12.32474793359264,MEX
Comb. LSTM/AR(1) suave,combinacion,2020Q2,1,-8.136151539860414,-18.164679603310926,-10.028528063450512,MEX
Comb. 50/50 RF-AR(1),combinacion,2020Q2,1,-8.136151539860414,-18.164679603310926,-10.028528063450512,MEX
Ingenuo,referencia,2020Q3,1,-3.4421541126177457,-8.136151539860414,-4.693997427242668,MEX
Deriva,referencia,2020Q3,1,-3.4421541126177457,-8.239643548254353,-4.797489435636607,MEX
AR(1),Box-Jenkins,2020Q3,1,-3.4421541126177457,-5.780728690012832,-2.338574577395086,MEX
"ARMA(2,2)",Box-Jenkins,2020Q3,1,-3.4421541126177457,-13.96941611121348,-10.527261998595733,MEX
"ARIMA(1,1,1)",Box-Jenkins,2020Q3,1,-3.4421541126177457,-8.98982019422014,-5.547666081602395,MEX
Ridge sobre rezagos,regularizado,2020Q3,1,-3.4421541126177457,-11.991143040466426,-8.54898892784868,MEX
Random Forest,aprendizaje,2020Q3,1,-3.4421541126177457,-7.1715299079191706,-3.729375795301425,MEX
LSTM(16),red neuronal,2020Q3,1,-3.4421541126177457,-6.34940133801525,-2.907247225397504,MEX
Comb. RF/AR(1) suave,combinacion,2020Q3,1,-3.4421541126177457,-5.780728690012832,-2.338574577395086,MEX
Comb. RF/AR(1) dura,combinacion,2020Q3,1,-3.4421541126177457,-5.780728690012832,-2.338574577395086,MEX
Comb. RF/ingenuo suave,combinacion,2020Q3,1,-3.4421541126177457,-8.136151539860414,-4.693997427242668,MEX
Comb. LSTM/AR(1) suave,combinacion,2020Q3,1,-3.4421541126177457,-5.780728690012832,-2.338574577395086,MEX
Comb. 50/50 RF-AR(1),combinacion,2020Q3,1,-3.4421541126177457,-5.780728690012832,-2.338574577395086,MEX
Ingenuo,referencia,2020Q4,1,-1.5886958213141122,-3.4421541126177457,-1.8534582913036335,MEX
Deriva,referencia,2020Q4,1,-1.5886958213141122,-3.500809771145922,-1.9121139498318098,MEX
AR(1),Box-Jenkins,2020Q4,1,-1.5886958213141122,-2.141712128720408,-0.5530163074062959,MEX
"ARMA(2,2)",Box-Jenkins,2020Q4,1,-1.5886958213141122,6.301766791600184,7.8904626129142965,MEX
"ARIMA(1,1,1)",Box-Jenkins,2020Q4,1,-1.5886958213141122,-2.202083556821287,-0.6133877355071746,MEX
Ridge sobre rezagos,regularizado,2020Q4,1,-1.5886958213141122,0.8650182002084248,2.4537140215225373,MEX
Random Forest,aprendizaje,2020Q4,1,-1.5886958213141122,-1.3478498030217685,0.24084601829234376,MEX
LSTM(16),red neuronal,2020Q4,1,-1.5886958213141122,1.8273115227097154,3.4160073440238277,MEX
Comb. RF/AR(1) suave,combinacion,2020Q4,1,-1.5886958213141122,-2.141712128720408,-0.5530163074062959,MEX
Comb. RF/AR(1) dura,combinacion,2020Q4,1,-1.5886958213141122,-2.141712128720408,-0.5530163074062959,MEX
Comb. RF/ingenuo suave,combinacion,2020Q4,1,-1.5886958213141122,-3.4421541126177457,-1.8534582913036335,MEX
Comb. LSTM/AR(1) suave,combinacion,2020Q4,1,-1.5886958213141122,-2.141712128720408,-0.5530163074062959,MEX
Comb. 50/50 RF-AR(1),combinacion,2020Q4,1,-1.5886958213141122,-2.141712128720408,-0.5530163074062959,MEX
Ingenuo,referencia,2021Q1,1,22.532090076582946,-1.5886958213141122,-24.120785897897058,MEX
Deriva,referencia,2021Q1,1,22.532090076582946,-1.6296467210475494,-24.161736797630496,MEX
AR(1),Box-Jenkins,2021Q1,1,22.532090076582946,-0.7542415057021282,-23.286331582285076,MEX
"ARMA(2,2)",Box-Jenkins,2021Q1,1,22.532090076582946,1.0191972394091093,-21.512892837173837,MEX
"ARIMA(1,1,1)",Box-Jenkins,2021Q1,1,22.532090076582946,-0.7851878196654091,-23.317277896248356,MEX
Ridge sobre rezagos,regularizado,2021Q1,1,22.532090076582946,9.45877002747882,-13.073320049104126,MEX
Random Forest,aprendizaje,2021Q1,1,22.532090076582946,0.6875183487985607,-21.844571727784384,MEX
LSTM(16),red neuronal,2021Q1,1,22.532090076582946,5.088484591798361,-17.443605484784584,MEX
Comb. RF/AR(1) suave,combinacion,2021Q1,1,22.532090076582946,-0.7542415057021282,-23.286331582285076,MEX
Comb. RF/AR(1) dura,combinacion,2021Q1,1,22.532090076582946,-0.7542415057021282,-23.286331582285076,MEX
Comb. RF/ingenuo suave,combinacion,2021Q1,1,22.532090076582946,-1.5886958213141122,-24.120785897897058,MEX
Comb. LSTM/AR(1) suave,combinacion,2021Q1,1,22.532090076582946,-0.7542415057021282,-23.286331582285076,MEX
Comb. 50/50 RF-AR(1),combinacion,2021Q1,1,22.532090076582946,-0.7542415057021282,-23.286331582285076,MEX
Ingenuo,referencia,2021Q2,1,5.085012434141434,22.532090076582946,17.447077642441513,MEX
Deriva,referencia,2021Q2,1,5.085012434141434,22.712806486919515,17.627794052778082,MEX
AR(1),Box-Jenkins,2021Q2,1,5.085012434141434,16.455754573891937,11.370742139750504,MEX
"ARMA(2,2)",Box-Jenkins,2021Q2,1,5.085012434141434,10.66042250885463,5.575410074713196,MEX
"ARIMA(1,1,1)",Box-Jenkins,2021Q2,1,5.085012434141434,16.48556561417051,11.400553180029078,MEX
Ridge sobre rezagos,regularizado,2021Q2,1,5.085012434141434,8.675277423879095,3.590264989737661,MEX
Random Forest,aprendizaje,2021Q2,1,5.085012434141434,6.885226899078331,1.8002144649368974,MEX
LSTM(16),red neuronal,2021Q2,1,5.085012434141434,11.640906774770158,6.555894340628725,MEX
Comb. RF/AR(1) suave,combinacion,2021Q2,1,5.085012434141434,16.455754573891937,11.370742139750504,MEX
Comb. RF/AR(1) dura,combinacion,2021Q2,1,5.085012434141434,16.455754573891937,11.370742139750504,MEX
Comb. RF/ingenuo suave,combinacion,2021Q2,1,5.085012434141434,22.532090076582946,17.447077642441513,MEX
Comb. LSTM/AR(1) suave,combinacion,2021Q2,1,5.085012434141434,16.455754573891937,11.370742139750504,MEX
Comb. 50/50 RF-AR(1),combinacion,2021Q2,1,5.085012434141434,16.455754573891937,11.370742139750504,MEX
Ingenuo,referencia,2021Q3,1,1.9370558975518204,5.085012434141434,3.1479565365896134,MEX
Deriva,referencia,2021Q3,1,1.9370558975518204,5.105476171270928,3.168420273719107,MEX
AR(1),Box-Jenkins,2021Q3,1,1.9370558975518204,3.837607555911476,1.9005516583596558,MEX
"ARMA(2,2)",Box-Jenkins,2021Q3,1,1.9370558975518204,5.245233688816485,3.308177791264665,MEX
"ARIMA(1,1,1)",Box-Jenkins,2021Q3,1,1.9370558975518204,9.297739257949488,7.360683360397667,MEX
Ridge sobre rezagos,regularizado,2021Q3,1,1.9370558975518204,6.546477312768038,4.609421415216217,MEX
Random Forest,aprendizaje,2021Q3,1,1.9370558975518204,5.571858970291173,3.634803072739353,MEX
LSTM(16),red neuronal,2021Q3,1,1.9370558975518204,5.984631738019475,4.047575840467655,MEX
Comb. RF/AR(1) suave,combinacion,2021Q3,1,1.9370558975518204,3.837607555911476,1.9005516583596558,MEX
Comb. RF/AR(1) dura,combinacion,2021Q3,1,1.9370558975518204,3.837607555911476,1.9005516583596558,MEX
Comb. RF/ingenuo suave,combinacion,2021Q3,1,1.9370558975518204,5.085012434141434,3.1479565365896134,MEX
Comb. LSTM/AR(1) suave,combinacion,2021Q3,1,1.9370558975518204,3.837607555911476,1.9005516583596558,MEX
Comb. 50/50 RF-AR(1),combinacion,2021Q3,1,1.9370558975518204,3.837607555911476,1.9005516583596558,MEX
Ingenuo,referencia,2021Q4,1,2.6966995668241234,1.9370558975518204,-0.759643669272303,MEX
Deriva,referencia,2021Q4,1,2.6966995668241234,1.928975307891052,-0.7677242589330713,MEX
AR(1),Box-Jenkins,2021Q4,1,2.6966995668241234,1.947076281694618,-0.7496232851295053,MEX
"ARMA(2,2)",Box-Jenkins,2021Q4,1,2.6966995668241234,5.520355314946569,2.8236557481224454,MEX
"ARIMA(1,1,1)",Box-Jenkins,2021Q4,1,2.6966995668241234,1.9470308779450338,-0.7496686888790896,MEX
Ridge sobre rezagos,regularizado,2021Q4,1,2.6966995668241234,9.597659523016622,6.900959956192499,MEX
Random Forest,aprendizaje,2021Q4,1,2.6966995668241234,1.4885266935666683,-1.208172873257455,MEX
LSTM(16),red neuronal,2021Q4,1,2.6966995668241234,0.9385279313172259,-1.7581716355068975,MEX
Comb. RF/AR(1) suave,combinacion,2021Q4,1,2.6966995668241234,1.947076281694618,-0.7496232851295053,MEX
Comb. RF/AR(1) dura,combinacion,2021Q4,1,2.6966995668241234,1.947076281694618,-0.7496232851295053,MEX
Comb. RF/ingenuo suave,combinacion,2021Q4,1,2.6966995668241234,1.9370558975518204,-0.759643669272303,MEX
Comb. LSTM/AR(1) suave,combinacion,2021Q4,1,2.6966995668241234,1.947076281694618,-0.7496232851295053,MEX
Comb. 50/50 RF-AR(1),combinacion,2021Q4,1,2.6966995668241234,1.947076281694618,-0.7496232851295053,MEX
Ingenuo,referencia,2022Q1,1,2.8958888944799366,2.6966995668241234,-0.1991893276558132,MEX
Deriva,referencia,2022Q1,1,2.8958888944799366,2.695473658046686,-0.20041523643325077,MEX
AR(1),Box-Jenkins,2022Q1,1,2.8958888944799366,2.4038908469290026,-0.491998047550934,MEX
"ARMA(2,2)",Box-Jenkins,2022Q1,1,2.8958888944799366,-0.573899671150347,-3.4697885656302834,MEX
"ARIMA(1,1,1)",Box-Jenkins,2022Q1,1,2.8958888944799366,2.404622923266966,-0.4912659712129708,MEX
Ridge sobre rezagos,regularizado,2022Q1,1,2.8958888944799366,-17.1202951152239,-20.016184009703835,MEX
Random Forest,aprendizaje,2022Q1,1,2.8958888944799366,2.6188327407577736,-0.27705615372216297,MEX
LSTM(16),red neuronal,2022Q1,1,2.8958888944799366,2.4213291771173835,-0.4745597173625531,MEX
Comb. RF/AR(1) suave,combinacion,2022Q1,1,2.8958888944799366,2.4038908469290026,-0.491998047550934,MEX
Comb. RF/AR(1) dura,combinacion,2022Q1,1,2.8958888944799366,2.4038908469290026,-0.491998047550934,MEX
Comb. RF/ingenuo suave,combinacion,2022Q1,1,2.8958888944799366,2.6966995668241234,-0.1991893276558132,MEX
Comb. LSTM/AR(1) suave,combinacion,2022Q1,1,2.8958888944799366,2.4038908469290026,-0.491998047550934,MEX
Comb. 50/50 RF-AR(1),combinacion,2022Q1,1,2.8958888944799366,2.4038908469290026,-0.491998047550934,MEX
Ingenuo,referencia,2022Q2,1,4.569845444705867,2.8958888944799366,-1.6739565502259302,MEX
Deriva,referencia,2022Q2,1,4.569845444705867,2.8964365718656255,-1.6734088728402412,MEX
AR(1),Box-Jenkins,2022Q2,1,4.569845444705867,2.5264125430418196,-2.043432901664047,MEX
"ARMA(2,2)",Box-Jenkins,2022Q2,1,4.569845444705867,5.3804092840216375,0.8105638393157708,MEX
"ARIMA(1,1,1)",Box-Jenkins,2022Q2,1,4.569845444705867,2.5273448311603532,-2.0425006135455135,MEX
Ridge sobre rezagos,regularizado,2022Q2,1,4.569845444705867,17.351328383266832,12.781482938560966,MEX
Random Forest,aprendizaje,2022Q2,1,4.569845444705867,3.046645421340236,-1.5232000233656309,MEX
LSTM(16),red neuronal,2022Q2,1,4.569845444705867,3.997376878768256,-0.5724685659376108,MEX
Comb. RF/AR(1) suave,combinacion,2022Q2,1,4.569845444705867,2.5264125430418196,-2.043432901664047,MEX
Comb. RF/AR(1) dura,combinacion,2022Q2,1,4.569845444705867,2.5264125430418196,-2.043432901664047,MEX
Comb. RF/ingenuo suave,combinacion,2022Q2,1,4.569845444705867,2.8958888944799366,-1.6739565502259302,MEX
Comb. LSTM/AR(1) suave,combinacion,2022Q2,1,4.569845444705867,2.5264125430418196,-2.043432901664047,MEX
Comb. 50/50 RF-AR(1),combinacion,2022Q2,1,4.569845444705867,2.5264125430418196,-2.043432901664047,MEX
Ingenuo,referencia,2022Q3,1,4.6424952813772125,4.569845444705867,-0.07264983667134572,MEX
Deriva,referencia,2022Q3,1,4.6424952813772125,4.585072147291909,-0.05742313408530375,MEX
AR(1),Box-Jenkins,2022Q3,1,4.6424952813772125,3.5385707820676293,-1.1039244993095831,MEX
"ARMA(2,2)",Box-Jenkins,2022Q3,1,4.6424952813772125,1.0880340846969996,-3.554461196680213,MEX
"ARIMA(1,1,1)",Box-Jenkins,2022Q3,1,4.6424952813772125,3.5412146157927245,-1.101280665584488,MEX
Ridge sobre rezagos,regularizado,2022Q3,1,4.6424952813772125,10.761058420495074,6.118563139117861,MEX
Random Forest,aprendizaje,2022Q3,1,4.6424952813772125,4.490488518763209,-0.15200676261400314,MEX
LSTM(16),red neuronal,2022Q3,1,4.6424952813772125,5.771301453778305,1.1288061724010925,MEX
Comb. RF/AR(1) suave,combinacion,2022Q3,1,4.6424952813772125,3.5385707820676293,-1.1039244993095831,MEX
Comb. RF/AR(1) dura,combinacion,2022Q3,1,4.6424952813772125,3.5385707820676293,-1.1039244993095831,MEX
Comb. RF/ingenuo suave,combinacion,2022Q3,1,4.6424952813772125,4.569845444705867,-0.07264983667134572,MEX
Comb. LSTM/AR(1) suave,combinacion,2022Q3,1,4.6424952813772125,3.5385707820676293,-1.1039244993095831,MEX
Comb. 50/50 RF-AR(1),combinacion,2022Q3,1,4.6424952813772125,3.5385707820676293,-1.1039244993095831,MEX
Ingenuo,referencia,2022Q4,1,3.9032654700443814,4.6424952813772125,0.739229811332831,MEX
Deriva,referencia,2022Q4,1,3.9032654700443814,4.6582213155639955,0.7549558455196141,MEX
AR(1),Box-Jenkins,2022Q4,1,3.9032654700443814,3.5945354321596104,-0.30873003788477105,MEX
"ARMA(2,2)",Box-Jenkins,2022Q4,1,3.9032654700443814,5.905159513596043,2.001894043551662,MEX
"ARIMA(1,1,1)",Box-Jenkins,2022Q4,1,3.9032654700443814,3.5972324881321747,-0.30603298191220674,MEX
Ridge sobre rezagos,regularizado,2022Q4,1,3.9032654700443814,6.066193033010744,2.1629275629663622,MEX
Random Forest,aprendizaje,2022Q4,1,3.9032654700443814,4.518061921416527,0.614796451372146,MEX
LSTM(16),red neuronal,2022Q4,1,3.9032654700443814,4.556461016466423,0.653195546422042,MEX
Comb. RF/AR(1) suave,combinacion,2022Q4,1,3.9032654700443814,3.5945354321596104,-0.30873003788477105,MEX
Comb. RF/AR(1) dura,combinacion,2022Q4,1,3.9032654700443814,3.5945354321596104,-0.30873003788477105,MEX
Comb. RF/ingenuo suave,combinacion,2022Q4,1,3.9032654700443814,4.6424952813772125,0.739229811332831,MEX
Comb. LSTM/AR(1) suave,combinacion,2022Q4,1,3.9032654700443814,3.5945354321596104,-0.30873003788477105,MEX
Comb. 50/50 RF-AR(1),combinacion,2022Q4,1,3.9032654700443814,3.5945354321596104,-0.30873003788477105,MEX
Ingenuo,referencia,2023Q1,1,3.5629275828954254,3.9032654700443814,0.34033788714895596,MEX
Deriva,referencia,2023Q1,1,3.5629275828954254,3.912483264183582,0.3495556812881566,MEX
AR(1),Box-Jenkins,2023Q1,1,3.5629275828954254,3.1582000613959638,-0.4047275214994617,MEX
"ARMA(2,2)",Box-Jenkins,2023Q1,1,3.5629275828954254,0.7757882662297493,-2.787139316665676,MEX
"ARIMA(1,1,1)",Box-Jenkins,2023Q1,1,3.5629275828954254,3.160106994571814,-0.40282058832361134,MEX
Ridge sobre rezagos,regularizado,2023Q1,1,3.5629275828954254,-1.642457692492001,-5.205385275387426,MEX
Random Forest,aprendizaje,2023Q1,1,3.5629275828954254,3.695002047436636,0.13207446454121063,MEX
LSTM(16),red neuronal,2023Q1,1,3.5629275828954254,3.031188402666724,-0.5317391802287013,MEX
Comb. RF/AR(1) suave,combinacion,2023Q1,1,3.5629275828954254,3.1582000613959638,-0.4047275214994617,MEX
Comb. RF/AR(1) dura,combinacion,2023Q1,1,3.5629275828954254,3.1582000613959638,-0.4047275214994617,MEX
Comb. RF/ingenuo suave,combinacion,2023Q1,1,3.5629275828954254,3.9032654700443814,0.34033788714895596,MEX
Comb. LSTM/AR(1) suave,combinacion,2023Q1,1,3.5629275828954254,3.1582000613959638,-0.4047275214994617,MEX
Comb. 50/50 RF-AR(1),combinacion,2023Q1,1,3.5629275828954254,3.1582000613959638,-0.4047275214994617,MEX
Ingenuo,referencia,2023Q2,1,3.46870003439006,3.5629275828954254,0.09422754850536563,MEX
Deriva,referencia,2023Q2,1,3.46870003439006,3.5691577216390007,0.10045768724894089,MEX
AR(1),Box-Jenkins,2023Q2,1,3.46870003439006,2.959618188828367,-0.5090818455616928,MEX
"ARMA(2,2)",Box-Jenkins,2023Q2,1,3.46870003439006,5.225453378202243,1.756753343812183,MEX
"ARIMA(1,1,1)",Box-Jenkins,2023Q2,1,3.46870003439006,2.9611575811855975,-0.5075424532044623,MEX
Ridge sobre rezagos,regularizado,2023Q2,1,3.46870003439006,1.8092055951385202,-1.6594944392515396,MEX
Random Forest,aprendizaje,2023Q2,1,3.46870003439006,2.7678471223424848,-0.700852912047575,MEX
LSTM(16),red neuronal,2023Q2,1,3.46870003439006,2.8435534202329538,-0.625146614157106,MEX
Comb. RF/AR(1) suave,combinacion,2023Q2,1,3.46870003439006,2.959618188828367,-0.5090818455616928,MEX
Comb. RF/AR(1) dura,combinacion,2023Q2,1,3.46870003439006,2.959618188828367,-0.5090818455616928,MEX
Comb. RF/ingenuo suave,combinacion,2023Q2,1,3.46870003439006,3.5629275828954254,0.09422754850536563,MEX
Comb. LSTM/AR(1) suave,combinacion,2023Q2,1,3.46870003439006,2.959618188828367,-0.5090818455616928,MEX
Comb. 50/50 RF-AR(1),combinacion,2023Q2,1,3.46870003439006,2.959618188828367,-0.5090818455616928,MEX
Ingenuo,referencia,2023Q3,1,2.52326043194675,3.46870003439006,0.9454396024433098,MEX
Deriva,referencia,2023Q3,1,2.52326043194675,3.474078836801017,0.9508184048542669,MEX
AR(1),Box-Jenkins,2023Q3,1,2.52326043194675,2.9082921420687455,0.38503171012199555,MEX
"ARMA(2,2)",Box-Jenkins,2023Q3,1,2.52326043194675,0.7044162284805477,-1.8188442034662022,MEX
"ARIMA(1,1,1)",Box-Jenkins,2023Q3,1,2.52326043194675,2.90971670811101,0.3864562761642598,MEX
Ridge sobre rezagos,regularizado,2023Q3,1,2.52326043194675,2.784565513057839,0.2613050811110891,MEX
Random Forest,aprendizaje,2023Q3,1,2.52326043194675,2.7468164852128814,0.22355605326613137,MEX
LSTM(16),red neuronal,2023Q3,1,2.52326043194675,3.176753687495721,0.653493255548971,MEX
Comb. RF/AR(1) suave,combinacion,2023Q3,1,2.52326043194675,2.8929413677556655,0.3696809358089155,MEX
Comb. RF/AR(1) dura,combinacion,2023Q3,1,2.52326043194675,2.8929413677556655,0.3696809358089155,MEX
Comb. RF/ingenuo suave,combinacion,2023Q3,1,2.52326043194675,2.8929413677556655,0.3696809358089155,MEX
Comb. LSTM/AR(1) suave,combinacion,2023Q3,1,2.52326043194675,3.204581229720107,0.6813207977733571,MEX
Comb. 50/50 RF-AR(1),combinacion,2023Q3,1,2.52326043194675,2.9082921420687455,0.38503171012199555,MEX
Ingenuo,referencia,2023Q4,1,1.7832555371170011,2.52326043194675,0.7400048948297488,MEX
Deriva,referencia,2023Q4,1,1.7832555371170011,2.5206491637286796,0.7373936266116785,MEX
AR(1),Box-Jenkins,2023Q4,1,1.7832555371170011,2.3417040028334513,0.5584484657164501,MEX
"ARMA(2,2)",Box-Jenkins,2023Q4,1,1.7832555371170011,4.299220135139166,2.5159645980221645,MEX
"ARIMA(1,1,1)",Box-Jenkins,2023Q4,1,1.7832555371170011,2.3421591994566633,0.5589036623396622,MEX
Ridge sobre rezagos,regularizado,2023Q4,1,1.7832555371170011,2.5354052802222653,0.7521497431052642,MEX
Random Forest,aprendizaje,2023Q4,1,1.7832555371170011,2.203934216735241,0.42067867961824,MEX
LSTM(16),red neuronal,2023Q4,1,1.7832555371170011,2.305565243992981,0.5223097068759799,MEX
Comb. RF/AR(1) suave,combinacion,2023Q4,1,1.7832555371170011,2.2111401055322717,0.42788456841527056,MEX
Comb. RF/AR(1) dura,combinacion,2023Q4,1,1.7832555371170011,2.2111401055322717,0.42788456841527056,MEX
Comb. RF/ingenuo suave,combinacion,2023Q4,1,1.7832555371170011,2.2111401055322717,0.42788456841527056,MEX
Comb. LSTM/AR(1) suave,combinacion,2023Q4,1,1.7832555371170011,2.027688876837294,0.24443333972029269,MEX
Comb. 50/50 RF-AR(1),combinacion,2023Q4,1,1.7832555371170011,2.3417040028334513,0.5584484657164501,MEX
Ingenuo,referencia,2024Q1,1,1.1622837730338897,1.7832555371170011,0.6209717640831114,MEX
Deriva,referencia,2024Q1,1,1.1622837730338897,1.7744993220105003,0.6122155489766106,MEX
AR(1),Box-Jenkins,2024Q1,1,1.1622837730338897,1.8963941494411873,0.7341103764072976,MEX
"ARMA(2,2)",Box-Jenkins,2024Q1,1,1.1622837730338897,-0.13036332902307302,-1.2926471020569628,MEX
"ARIMA(1,1,1)",Box-Jenkins,2024Q1,1,1.1622837730338897,1.8960884656525163,0.7338046926186266,MEX
Ridge sobre rezagos,regularizado,2024Q1,1,1.1622837730338897,1.8126943099622967,0.650410536928407,MEX
Random Forest,aprendizaje,2024Q1,1,1.1622837730338897,1.2850701045724544,0.12278633153856466,MEX
LSTM(16),red neuronal,2024Q1,1,1.1622837730338897,1.3035658332444933,0.14128206021060352,MEX
Comb. RF/AR(1) suave,combinacion,2024Q1,1,1.1622837730338897,0.9246668609530875,-0.23761691208080227,MEX
Comb. RF/AR(1) dura,combinacion,2024Q1,1,1.1622837730338897,0.9246668609530875,-0.23761691208080227,MEX
Comb. RF/ingenuo suave,combinacion,2024Q1,1,1.1622837730338897,0.9246668609530875,-0.23761691208080227,MEX
Comb. LSTM/AR(1) suave,combinacion,2024Q1,1,1.1622837730338897,1.1507880946983664,-0.01149567833552334,MEX
Comb. 50/50 RF-AR(1),combinacion,2024Q1,1,1.1622837730338897,1.8963941494411873,0.7341103764072976,MEX
Ingenuo,referencia,2024Q2,1,1.4856217434369823,1.1622837730338897,-0.32333797040309253,MEX
Deriva,referencia,2024Q2,1,1.4856217434369823,1.1484679252912184,-0.33715381814576384,MEX
AR(1),Box-Jenkins,2024Q2,1,1.4856217434369823,1.5205038650888212,0.034882121651838904,MEX
"ARMA(2,2)",Box-Jenkins,2024Q2,1,1.4856217434369823,3.371609665286689,1.8859879218497069,MEX
"ARIMA(1,1,1)",Box-Jenkins,2024Q2,1,1.4856217434369823,1.5195664325916614,0.033944689154679075,MEX
Ridge sobre rezagos,regularizado,2024Q2,1,1.4856217434369823,0.9886484133441791,-0.4969733300928032,MEX
Random Forest,aprendizaje,2024Q2,1,1.4856217434369823,1.053982234968499,-0.4316395084684832,MEX
LSTM(16),red neuronal,2024Q2,1,1.4856217434369823,0.8261008147077,-0.6595209287292823,MEX
Comb. RF/AR(1) suave,combinacion,2024Q2,1,1.4856217434369823,1.0790255092756045,-0.4065962341613778,MEX
Comb. RF/AR(1) dura,combinacion,2024Q2,1,1.4856217434369823,1.0790255092756045,-0.4065962341613778,MEX
Comb. RF/ingenuo suave,combinacion,2024Q2,1,1.4856217434369823,1.0790255092756045,-0.4065962341613778,MEX
Comb. LSTM/AR(1) suave,combinacion,2024Q2,1,1.4856217434369823,0.8245956564030248,-0.6610260870339575,MEX
Comb. 50/50 RF-AR(1),combinacion,2024Q2,1,1.4856217434369823,1.4819908108269502,-0.0036309326100321115,MEX
Ingenuo,referencia,2024Q3,1,0.41060493153923794,1.4856217434369823,1.0750168118977443,MEX
Deriva,referencia,2024Q3,1,0.41060493153923794,1.4745694515807517,1.0639645200415138,MEX
AR(1),Box-Jenkins,2024Q3,1,0.41060493153923794,1.712760646437522,1.302155714898284,MEX
"ARMA(2,2)",Box-Jenkins,2024Q3,1,0.41060493153923794,-0.06478666555033286,-0.4753915970895708,MEX
"ARIMA(1,1,1)",Box-Jenkins,2024Q3,1,0.41060493153923794,1.712158866363683,1.3015539348244451,MEX
Ridge sobre rezagos,regularizado,2024Q3,1,0.41060493153923794,1.5899655166431992,1.1793605851039612,MEX
Random Forest,aprendizaje,2024Q3,1,0.41060493153923794,1.558083787093157,1.147478855553919,MEX
LSTM(16),red neuronal,2024Q3,1,0.41060493153923794,1.5319030767819535,1.1212981452427155,MEX
Comb. RF/AR(1) suave,combinacion,2024Q3,1,0.41060493153923794,1.698056528824655,1.287451597285417,MEX
Comb. RF/AR(1) dura,combinacion,2024Q3,1,0.41060493153923794,1.698056528824655,1.287451597285417,MEX
Comb. RF/ingenuo suave,combinacion,2024Q3,1,0.41060493153923794,1.698056528824655,1.287451597285417,MEX
Comb. LSTM/AR(1) suave,combinacion,2024Q3,1,0.41060493153923794,1.448020611493856,1.0374156799546181,MEX
Comb. 50/50 RF-AR(1),combinacion,2024Q3,1,0.41060493153923794,1.7008281621614778,1.2902232306222399,MEX
Ingenuo,referencia,2024Q4,1,0.5691330611782508,0.41060493153923794,-0.15852812963901286,MEX
Deriva,referencia,2024Q4,1,0.5691330611782508,0.3909025216338894,-0.1782305395443614,MEX
AR(1),Box-Jenkins,2024Q4,1,0.5691330611782508,1.0614259506217811,0.49229288944353033,MEX
"ARMA(2,2)",Box-Jenkins,2024Q4,1,0.5691330611782508,2.5443412209674268,1.975208159789176,MEX
"ARIMA(1,1,1)",Box-Jenkins,2024Q4,1,0.5691330611782508,1.0597452791530064,0.4906122179747556,MEX
Ridge sobre rezagos,regularizado,2024Q4,1,0.5691330611782508,1.0976357760462239,0.5285027148679731,MEX
Random Forest,aprendizaje,2024Q4,1,0.5691330611782508,1.1473853371882121,0.5782522760099613,MEX
LSTM(16),red neuronal,2024Q4,1,0.5691330611782508,-0.08188327247072769,-0.6510163336489785,MEX
Comb. RF/AR(1) suave,combinacion,2024Q4,1,0.5691330611782508,1.1060225065856104,0.5368894454073596,MEX
Comb. RF/AR(1) dura,combinacion,2024Q4,1,0.5691330611782508,1.1060225065856104,0.5368894454073596,MEX
Comb. RF/ingenuo suave,combinacion,2024Q4,1,0.5691330611782508,1.1060225065856104,0.5368894454073596,MEX
Comb. LSTM/AR(1) suave,combinacion,2024Q4,1,0.5691330611782508,0.07859898645896535,-0.49053407471928545,MEX
Comb. 50/50 RF-AR(1),combinacion,2024Q4,1,0.5691330611782508,1.0957101730209204,0.5265771118426696,MEX
