modelo,familia,origen,paso,real,pronostico,error
Ingenuo,referencia,2015-12-01 00:00:00,1,1.7843989699940277,1.8907830514311774,0.10638408143714972
Ingenuo estacional,referencia,2015-12-01 00:00:00,1,1.7843989699940277,3.013419493067704,1.2290205230736762
Deriva,referencia,2015-12-01 00:00:00,1,1.7843989699940277,1.871535825612732,0.08713685561870421
AR(1),Box-Jenkins,2015-12-01 00:00:00,1,1.7843989699940277,2.7366732671976792,0.9522742972036515
AR(12),Box-Jenkins,2015-12-01 00:00:00,1,1.7843989699940277,2.8851745780334515,1.1007756080394238
MA(2),Box-Jenkins,2015-12-01 00:00:00,1,1.7843989699940277,3.340354877104479,1.5559559071104512
"ARMA(2,2)",Box-Jenkins,2015-12-01 00:00:00,1,1.7843989699940277,2.3899723082353246,0.6055733382412969
"ARIMA(1,1,1)",Box-Jenkins,2015-12-01 00:00:00,1,1.7843989699940277,2.216290096078162,0.4318911260841345
"ARIMA(2,1,2)",Box-Jenkins,2015-12-01 00:00:00,1,1.7843989699940277,2.2385056076263785,0.4541066376323508
"SARIMA(1,1,1)(1,1,1,12)",estacional,2015-12-01 00:00:00,1,1.7843989699940277,2.330068479150789,0.5456695091567614
"SARIMA(2,1,1)(0,1,1,12)",estacional,2015-12-01 00:00:00,1,1.7843989699940277,1.9872261833400438,0.20282721334601606
"SARIMAX(1,1,1)(1,1,1,12)+COVID",estacional,2015-12-01 00:00:00,1,1.7843989699940277,2.330068479150789,0.5456695091567614
Ridge sobre rezagos,regularizado,2015-12-01 00:00:00,1,1.7843989699940277,2.893733505345689,1.1093345353516613
Random Forest,aprendizaje,2015-12-01 00:00:00,1,1.7843989699940277,2.029700943120466,0.2453019731264381
MLP,aprendizaje,2015-12-01 00:00:00,1,1.7843989699940277,2.0626286615958325,0.2782296916018048
LSTM(16) v12,red neuronal,2015-12-01 00:00:00,1,1.7843989699940277,2.6391217167350733,0.8547227467410456
LSTM(32) v24,red neuronal,2015-12-01 00:00:00,1,1.7843989699940277,3.0758989473672402,1.2914999773732125
CNN 1D v12,red neuronal,2015-12-01 00:00:00,1,1.7843989699940277,3.0345044520455593,1.2501054820515316
CNN 1D v24,red neuronal,2015-12-01 00:00:00,1,1.7843989699940277,4.009318648205543,2.2249196782115153
Ingenuo,referencia,2016-01-01 00:00:00,1,4.451860851829181,1.7843989699940277,-2.6674618818351536
Ingenuo estacional,referencia,2016-01-01 00:00:00,1,4.451860851829181,2.442365981281558,-2.0094948705476234
Deriva,referencia,2016-01-01 00:00:00,1,4.451860851829181,1.764425603712093,-2.6874352481170884
AR(1),Box-Jenkins,2016-01-01 00:00:00,1,4.451860851829181,2.646604078045546,-1.8052567737836354
AR(12),Box-Jenkins,2016-01-01 00:00:00,1,4.451860851829181,2.9941003599185265,-1.4577604919106548
MA(2),Box-Jenkins,2016-01-01 00:00:00,1,4.451860851829181,3.184126458971649,-1.2677343928575322
"ARMA(2,2)",Box-Jenkins,2016-01-01 00:00:00,1,4.451860851829181,2.242844799085288,-2.2090160527438933
"ARIMA(1,1,1)",Box-Jenkins,2016-01-01 00:00:00,1,4.451860851829181,1.9659461239294562,-2.485914727899725
"ARIMA(2,1,2)",Box-Jenkins,2016-01-01 00:00:00,1,4.451860851829181,1.9361020911578781,-2.515758760671303
"SARIMA(1,1,1)(1,1,1,12)",estacional,2016-01-01 00:00:00,1,4.451860851829181,2.340452994542055,-2.1114078572871264
"SARIMA(2,1,1)(0,1,1,12)",estacional,2016-01-01 00:00:00,1,4.451860851829181,1.914050976770869,-2.5378098750583122
"SARIMAX(1,1,1)(1,1,1,12)+COVID",estacional,2016-01-01 00:00:00,1,4.451860851829181,2.340452994542055,-2.1114078572871264
Ridge sobre rezagos,regularizado,2016-01-01 00:00:00,1,4.451860851829181,2.9925988117660047,-1.4592620400631766
Random Forest,aprendizaje,2016-01-01 00:00:00,1,4.451860851829181,2.2741405008135605,-2.177720351015621
MLP,aprendizaje,2016-01-01 00:00:00,1,4.451860851829181,2.8536846841261183,-1.598176167703063
LSTM(16) v12,red neuronal,2016-01-01 00:00:00,1,4.451860851829181,2.359733854837902,-2.0921269969912792
LSTM(32) v24,red neuronal,2016-01-01 00:00:00,1,4.451860851829181,2.9665295213632454,-1.485331330465936
CNN 1D v12,red neuronal,2016-01-01 00:00:00,1,4.451860851829181,2.9694567448066715,-1.4824041070225098
CNN 1D v24,red neuronal,2016-01-01 00:00:00,1,4.451860851829181,4.0173796943349265,-0.43448115749425487
Ingenuo,referencia,2016-02-01 00:00:00,1,1.195828475280969,4.451860851829181,3.2560323765482124
Ingenuo estacional,referencia,2016-02-01 00:00:00,1,1.195828475280969,3.0419559980356503,1.8461275227546814
Deriva,referencia,2016-02-01 00:00:00,1,1.195828475280969,4.454097694209371,3.258269218928402
AR(1),Box-Jenkins,2016-02-01 00:00:00,1,1.195828475280969,4.455046784250388,3.2592183089694187
AR(12),Box-Jenkins,2016-02-01 00:00:00,1,1.195828475280969,3.4653607991531876,2.2695323238722187
MA(2),Box-Jenkins,2016-02-01 00:00:00,1,1.195828475280969,4.470968903704069,3.2751404284231
"ARMA(2,2)",Box-Jenkins,2016-02-01 00:00:00,1,1.195828475280969,3.074332738836647,1.8785042635556781
"ARIMA(1,1,1)",Box-Jenkins,2016-02-01 00:00:00,1,1.195828475280969,2.842656254343812,1.6468277790628432
"ARIMA(2,1,2)",Box-Jenkins,2016-02-01 00:00:00,1,1.195828475280969,3.1024967814705615,1.9066683061895926
"SARIMA(1,1,1)(1,1,1,12)",estacional,2016-02-01 00:00:00,1,1.195828475280969,2.9186837522610904,1.7228552769801215
"SARIMA(2,1,1)(0,1,1,12)",estacional,2016-02-01 00:00:00,1,1.195828475280969,2.7962961033215112,1.6004676280405423
"SARIMAX(1,1,1)(1,1,1,12)+COVID",estacional,2016-02-01 00:00:00,1,1.195828475280969,2.9186837522610904,1.7228552769801215
Ridge sobre rezagos,regularizado,2016-02-01 00:00:00,1,1.195828475280969,3.4595829323812115,2.2637544571002426
Random Forest,aprendizaje,2016-02-01 00:00:00,1,1.195828475280969,3.7486239320775816,2.5527954567966127
MLP,aprendizaje,2016-02-01 00:00:00,1,1.195828475280969,4.234777449614392,3.0389489743334233
LSTM(16) v12,red neuronal,2016-02-01 00:00:00,1,1.195828475280969,2.6924993523670073,1.4966708770860384
LSTM(32) v24,red neuronal,2016-02-01 00:00:00,1,1.195828475280969,3.1123032015438454,1.9164747262628765
CNN 1D v12,red neuronal,2016-02-01 00:00:00,1,1.195828475280969,3.0123541992596365,1.8165257239786676
CNN 1D v24,red neuronal,2016-02-01 00:00:00,1,1.195828475280969,4.032020684351581,2.836192209070612
Ingenuo,referencia,2016-03-01 00:00:00,1,2.884803634105615,1.195828475280969,-1.688975158824646
Ingenuo estacional,referencia,2016-03-01 00:00:00,1,2.884803634105615,3.4523202516272278,0.5675166175216129
Deriva,referencia,2016-03-01 00:00:00,1,2.884803634105615,1.171358192915844,-1.7134454411897708
AR(1),Box-Jenkins,2016-03-01 00:00:00,1,2.884803634105615,2.2648752023785166,-0.6199284317270983
AR(12),Box-Jenkins,2016-03-01 00:00:00,1,2.884803634105615,2.69489441854152,-0.18990921556409512
MA(2),Box-Jenkins,2016-03-01 00:00:00,1,2.884803634105615,3.4455016082299506,0.5606979741243356
"ARMA(2,2)",Box-Jenkins,2016-03-01 00:00:00,1,2.884803634105615,3.153691888382828,0.2688882542772131
"ARIMA(1,1,1)",Box-Jenkins,2016-03-01 00:00:00,1,2.884803634105615,2.687471320978515,-0.1973323131271001
"ARIMA(2,1,2)",Box-Jenkins,2016-03-01 00:00:00,1,2.884803634105615,2.248981250998824,-0.6358223831067908
"SARIMA(1,1,1)(1,1,1,12)",estacional,2016-03-01 00:00:00,1,2.884803634105615,2.3780060317099827,-0.5067976023956322
"SARIMA(2,1,1)(0,1,1,12)",estacional,2016-03-01 00:00:00,1,2.884803634105615,2.328503615612063,-0.5563000184935518
"SARIMAX(1,1,1)(1,1,1,12)+COVID",estacional,2016-03-01 00:00:00,1,2.884803634105615,2.3780060317099827,-0.5067976023956322
Ridge sobre rezagos,regularizado,2016-03-01 00:00:00,1,2.884803634105615,2.698445377033471,-0.18635825707214382
Random Forest,aprendizaje,2016-03-01 00:00:00,1,2.884803634105615,2.610492744052042,-0.2743108900535729
MLP,aprendizaje,2016-03-01 00:00:00,1,2.884803634105615,3.8674424352669545,0.9826388011613396
LSTM(16) v12,red neuronal,2016-03-01 00:00:00,1,2.884803634105615,2.432456398191901,-0.45234723591371395
LSTM(32) v24,red neuronal,2016-03-01 00:00:00,1,2.884803634105615,2.9483529795973187,0.06354934549170377
CNN 1D v12,red neuronal,2016-03-01 00:00:00,1,2.884803634105615,2.8677793144186463,-0.017024319686968603
CNN 1D v24,red neuronal,2016-03-01 00:00:00,1,2.884803634105615,4.029257201935972,1.1444535678303573
Ingenuo,referencia,2016-04-01 00:00:00,1,1.809679601898706,2.884803634105615,1.0751240322069089
Ingenuo estacional,referencia,2016-04-01 00:00:00,1,1.809679601898706,3.5082020198863972,1.6985224179876912
Deriva,referencia,2016-04-01 00:00:00,1,1.809679601898706,2.8742638024818703,1.0645842005831643
AR(1),Box-Jenkins,2016-04-01 00:00:00,1,1.809679601898706,3.397149364453855,1.5874697625551488
AR(12),Box-Jenkins,2016-04-01 00:00:00,1,1.809679601898706,3.0702673955780853,1.2605877936793792
MA(2),Box-Jenkins,2016-04-01 00:00:00,1,1.809679601898706,3.079169938619354,1.269490336720648
"ARMA(2,2)",Box-Jenkins,2016-04-01 00:00:00,1,1.809679601898706,2.7320049503702104,0.9223253484715044
"ARIMA(1,1,1)",Box-Jenkins,2016-04-01 00:00:00,1,1.809679601898706,2.3421862539654836,0.5325066520667776
"ARIMA(2,1,2)",Box-Jenkins,2016-04-01 00:00:00,1,1.809679601898706,2.8360523449022943,1.0263727430035883
"SARIMA(1,1,1)(1,1,1,12)",estacional,2016-04-01 00:00:00,1,1.809679601898706,2.167745179430287,0.3580655775315811
"SARIMA(2,1,1)(0,1,1,12)",estacional,2016-04-01 00:00:00,1,1.809679601898706,3.0457040038805134,1.2360244019818074
"SARIMAX(1,1,1)(1,1,1,12)+COVID",estacional,2016-04-01 00:00:00,1,1.809679601898706,2.167745179430287,0.3580655775315811
Ridge sobre rezagos,regularizado,2016-04-01 00:00:00,1,1.809679601898706,3.0669280552537894,1.2572484533550834
Random Forest,aprendizaje,2016-04-01 00:00:00,1,1.809679601898706,2.8898224861735793,1.0801428842748733
MLP,aprendizaje,2016-04-01 00:00:00,1,1.809679601898706,4.1099792632074905,2.3002996613087845
LSTM(16) v12,red neuronal,2016-04-01 00:00:00,1,1.809679601898706,2.5999685360472533,0.7902889341485473
LSTM(32) v24,red neuronal,2016-04-01 00:00:00,1,1.809679601898706,2.9600899611588964,1.1504103592601904
CNN 1D v12,red neuronal,2016-04-01 00:00:00,1,1.809679601898706,2.8207781696487775,1.0110985677500715
CNN 1D v24,red neuronal,2016-04-01 00:00:00,1,1.809679601898706,4.007164256112706,2.1974846542139996
Ingenuo,referencia,2016-05-01 00:00:00,1,2.341450844397075,1.809679601898706,-0.5317712424983689
Ingenuo estacional,referencia,2016-05-01 00:00:00,1,2.341450844397075,4.071827008591922,1.7303761641948467
Deriva,referencia,2016-05-01 00:00:00,1,2.341450844397075,1.7905544138186456,-0.5508964305784294
AR(1),Box-Jenkins,2016-05-01 00:00:00,1,2.341450844397075,2.663265634773286,0.32181479037621097
AR(12),Box-Jenkins,2016-05-01 00:00:00,1,2.341450844397075,2.044442250371539,-0.2970085940255358
MA(2),Box-Jenkins,2016-05-01 00:00:00,1,2.341450844397075,3.6388894212671934,1.2974385768701184
"ARMA(2,2)",Box-Jenkins,2016-05-01 00:00:00,1,2.341450844397075,2.5546542198818387,0.21320337548476376
"ARIMA(1,1,1)",Box-Jenkins,2016-05-01 00:00:00,1,2.341450844397075,2.305625472741324,-0.03582537165575106
"ARIMA(2,1,2)",Box-Jenkins,2016-05-01 00:00:00,1,2.341450844397075,1.8003678920061477,-0.5410829523909273
"SARIMA(1,1,1)(1,1,1,12)",estacional,2016-05-01 00:00:00,1,2.341450844397075,2.091610911594035,-0.24983993280303984
"SARIMA(2,1,1)(0,1,1,12)",estacional,2016-05-01 00:00:00,1,2.341450844397075,1.7054438693506615,-0.6360069750464135
"SARIMAX(1,1,1)(1,1,1,12)+COVID",estacional,2016-05-01 00:00:00,1,2.341450844397075,2.091610911594035,-0.24983993280303984
Ridge sobre rezagos,regularizado,2016-05-01 00:00:00,1,2.341450844397075,2.0614931904410203,-0.27995765395605465
Random Forest,aprendizaje,2016-05-01 00:00:00,1,2.341450844397075,2.641751265104883,0.30030042070780816
MLP,aprendizaje,2016-05-01 00:00:00,1,2.341450844397075,1.2235712900691627,-1.1178795543279123
LSTM(16) v12,red neuronal,2016-05-01 00:00:00,1,2.341450844397075,2.3783286678056874,0.03687782340861245
LSTM(32) v24,red neuronal,2016-05-01 00:00:00,1,2.341450844397075,2.877055843277829,0.5356049988807539
CNN 1D v12,red neuronal,2016-05-01 00:00:00,1,2.341450844397075,2.6698609281777284,0.3284100837806534
CNN 1D v24,red neuronal,2016-05-01 00:00:00,1,2.341450844397075,4.0076651288477905,1.6662142844507155
Ingenuo,referencia,2016-06-01 00:00:00,1,-1.5739129122687823,2.341450844397075,3.9153637566658572
Ingenuo estacional,referencia,2016-06-01 00:00:00,1,-1.5739129122687823,4.55405187888227,6.127964791151053
Deriva,referencia,2016-06-01 00:00:00,1,-1.5739129122687823,2.326732827761642,3.9006457400304244
AR(1),Box-Jenkins,2016-06-01 00:00:00,1,-1.5739129122687823,3.0116601111538155,4.585573023422597
AR(12),Box-Jenkins,2016-06-01 00:00:00,1,-1.5739129122687823,2.322817627953506,3.8967305402222885
MA(2),Box-Jenkins,2016-06-01 00:00:00,1,-1.5739129122687823,3.3654753500788166,4.939388262347599
"ARMA(2,2)",Box-Jenkins,2016-06-01 00:00:00,1,-1.5739129122687823,2.44629108890966,4.020204001178442
"ARIMA(1,1,1)",Box-Jenkins,2016-06-01 00:00:00,1,-1.5739129122687823,2.1777083025119177,3.7516212147807
"ARIMA(2,1,2)",Box-Jenkins,2016-06-01 00:00:00,1,-1.5739129122687823,2.6209860921279793,4.1948990043967616
"SARIMA(1,1,1)(1,1,1,12)",estacional,2016-06-01 00:00:00,1,-1.5739129122687823,1.8769489557362538,3.450861868005036
"SARIMA(2,1,1)(0,1,1,12)",estacional,2016-06-01 00:00:00,1,-1.5739129122687823,2.868701334742703,4.442614247011486
"SARIMAX(1,1,1)(1,1,1,12)+COVID",estacional,2016-06-01 00:00:00,1,-1.5739129122687823,1.8769489557362538,3.450861868005036
Ridge sobre rezagos,regularizado,2016-06-01 00:00:00,1,-1.5739129122687823,2.3294028187372544,3.9033157310060367
Random Forest,aprendizaje,2016-06-01 00:00:00,1,-1.5739129122687823,1.9104379379519827,3.484350850220765
MLP,aprendizaje,2016-06-01 00:00:00,1,-1.5739129122687823,0.688908024515407,2.2628209367841894
LSTM(16) v12,red neuronal,2016-06-01 00:00:00,1,-1.5739129122687823,2.385269416790125,3.9591823290589074
LSTM(32) v24,red neuronal,2016-06-01 00:00:00,1,-1.5739129122687823,2.8413380016690892,4.4152509139378715
CNN 1D v12,red neuronal,2016-06-01 00:00:00,1,-1.5739129122687823,2.5687483320741578,4.14266124434294
CNN 1D v24,red neuronal,2016-06-01 00:00:00,1,-1.5739129122687823,3.9798389091211854,5.553751821389968
Ingenuo,referencia,2016-07-01 00:00:00,1,3.3639592395552143,-1.5739129122687823,-4.9378721518239965
Ingenuo estacional,referencia,2016-07-01 00:00:00,1,3.3639592395552143,3.7801731018005214,0.4162138622453071
Deriva,referencia,2016-07-01 00:00:00,1,3.3639592395552143,-1.6195884347774725,-4.983547674332687
AR(1),Box-Jenkins,2016-07-01 00:00:00,1,3.3639592395552143,0.2778454211738348,-3.0861138183813797
AR(12),Box-Jenkins,2016-07-01 00:00:00,1,3.3639592395552143,1.1804185915376368,-2.183540648017577
MA(2),Box-Jenkins,2016-07-01 00:00:00,1,3.3639592395552143,1.65515676772683,-1.7088024718283843
"ARMA(2,2)",Box-Jenkins,2016-07-01 00:00:00,1,3.3639592395552143,1.2919428494978737,-2.0720163900573407
"ARIMA(1,1,1)",Box-Jenkins,2016-07-01 00:00:00,1,3.3639592395552143,0.8967619394438251,-2.467197300111389
"ARIMA(2,1,2)",Box-Jenkins,2016-07-01 00:00:00,1,3.3639592395552143,0.7258409586691341,-2.63811828088608
"SARIMA(1,1,1)(1,1,1,12)",estacional,2016-07-01 00:00:00,1,3.3639592395552143,0.7903216272064615,-2.5736376123487528
"SARIMA(2,1,1)(0,1,1,12)",estacional,2016-07-01 00:00:00,1,3.3639592395552143,0.38416560606112027,-2.979793633494094
"SARIMAX(1,1,1)(1,1,1,12)+COVID",estacional,2016-07-01 00:00:00,1,3.3639592395552143,0.7903216272064615,-2.5736376123487528
Ridge sobre rezagos,regularizado,2016-07-01 00:00:00,1,3.3639592395552143,1.1964721471649291,-2.167487092390285
Random Forest,aprendizaje,2016-07-01 00:00:00,1,3.3639592395552143,1.8659359092955097,-1.4980233302597046
MLP,aprendizaje,2016-07-01 00:00:00,1,3.3639592395552143,1.7183326458053045,-1.6456265937499097
LSTM(16) v12,red neuronal,2016-07-01 00:00:00,1,3.3639592395552143,1.8983198718106014,-1.465639367744613
LSTM(32) v24,red neuronal,2016-07-01 00:00:00,1,3.3639592395552143,2.495786837947624,-0.8681724016075902
CNN 1D v12,red neuronal,2016-07-01 00:00:00,1,3.3639592395552143,2.2849432008442827,-1.0790160387109315
CNN 1D v24,red neuronal,2016-07-01 00:00:00,1,3.3639592395552143,3.9431843029087537,0.5792250633535394
Ingenuo,referencia,2016-08-01 00:00:00,1,2.3546499730892956,3.3639592395552143,1.0093092664659187
Ingenuo estacional,referencia,2016-08-01 00:00:00,1,2.3546499730892956,2.800259272112071,0.4456092990227756
Deriva,referencia,2016-08-01 00:00:00,1,2.3546499730892956,3.357524249915285,1.0028742768259895
AR(1),Box-Jenkins,2016-08-01 00:00:00,1,2.3546499730892956,3.692461042564209,1.3378110694749132
AR(12),Box-Jenkins,2016-08-01 00:00:00,1,2.3546499730892956,2.03971024967416,-0.31493972341513565
MA(2),Box-Jenkins,2016-08-01 00:00:00,1,2.3546499730892956,3.317669635067948,0.9630196619786524
"ARMA(2,2)",Box-Jenkins,2016-08-01 00:00:00,1,2.3546499730892956,1.163306195915773,-1.1913437771735227
"ARIMA(1,1,1)",Box-Jenkins,2016-08-01 00:00:00,1,2.3546499730892956,0.9611697133908912,-1.3934802596984044
"ARIMA(2,1,2)",Box-Jenkins,2016-08-01 00:00:00,1,2.3546499730892956,1.0132149415298022,-1.3414350315594934
"SARIMA(1,1,1)(1,1,1,12)",estacional,2016-08-01 00:00:00,1,2.3546499730892956,0.884524584982878,-1.4701253881064176
"SARIMA(2,1,1)(0,1,1,12)",estacional,2016-08-01 00:00:00,1,2.3546499730892956,0.9772415998379889,-1.3774083732513067
"SARIMAX(1,1,1)(1,1,1,12)+COVID",estacional,2016-08-01 00:00:00,1,2.3546499730892956,0.884524584982878,-1.4701253881064176
Ridge sobre rezagos,regularizado,2016-08-01 00:00:00,1,2.3546499730892956,2.0555624908673,-0.29908748222199577
Random Forest,aprendizaje,2016-08-01 00:00:00,1,2.3546499730892956,1.7707709926880193,-0.5838789804012763
MLP,aprendizaje,2016-08-01 00:00:00,1,2.3546499730892956,3.1779951949059995,0.8233452218167039
LSTM(16) v12,red neuronal,2016-08-01 00:00:00,1,2.3546499730892956,2.226934664787399,-0.1277153083018967
LSTM(32) v24,red neuronal,2016-08-01 00:00:00,1,2.3546499730892956,2.639134425992135,0.28448445290283964
CNN 1D v12,red neuronal,2016-08-01 00:00:00,1,2.3546499730892956,2.2115963825548226,-0.14305359053447297
CNN 1D v24,red neuronal,2016-08-01 00:00:00,1,2.3546499730892956,3.925422119413198,1.5707721463239026
Ingenuo,referencia,2016-09-01 00:00:00,1,1.3254548911656672,2.3546499730892956,1.0291950819236284
Ingenuo estacional,referencia,2016-09-01 00:00:00,1,1.3254548911656672,2.279423115396906,0.9539682242312386
Deriva,referencia,2016-09-01 00:00:00,1,1.3254548911656672,2.3403800281616634,1.0149251369959962
AR(1),Box-Jenkins,2016-09-01 00:00:00,1,1.3254548911656672,3.018231206909399,1.6927763157437319
AR(12),Box-Jenkins,2016-09-01 00:00:00,1,1.3254548911656672,2.402123404992879,1.0766685138272116
MA(2),Box-Jenkins,2016-09-01 00:00:00,1,1.3254548911656672,4.440881173146425,3.115426281980758
"ARMA(2,2)",Box-Jenkins,2016-09-01 00:00:00,1,1.3254548911656672,2.429291787630777,1.10383689646511
"ARIMA(1,1,1)",Box-Jenkins,2016-09-01 00:00:00,1,1.3254548911656672,2.1473039340527955,0.8218490428871283
"ARIMA(2,1,2)",Box-Jenkins,2016-09-01 00:00:00,1,1.3254548911656672,1.6724296955378324,0.3469748043721652
"SARIMA(1,1,1)(1,1,1,12)",estacional,2016-09-01 00:00:00,1,1.3254548911656672,2.484017829067737,1.1585629379020697
"SARIMA(2,1,1)(0,1,1,12)",estacional,2016-09-01 00:00:00,1,1.3254548911656672,1.2096058127341052,-0.115849078431562
"SARIMAX(1,1,1)(1,1,1,12)+COVID",estacional,2016-09-01 00:00:00,1,1.3254548911656672,2.484017829067737,1.1585629379020697
Ridge sobre rezagos,regularizado,2016-09-01 00:00:00,1,1.3254548911656672,2.4026630115406595,1.0772081203749924
Random Forest,aprendizaje,2016-09-01 00:00:00,1,1.3254548911656672,2.656800035796829,1.331345144631162
MLP,aprendizaje,2016-09-01 00:00:00,1,1.3254548911656672,3.5850343305732526,2.2595794394075854
LSTM(16) v12,red neuronal,2016-09-01 00:00:00,1,1.3254548911656672,2.278003804215224,0.952548913049557
LSTM(32) v24,red neuronal,2016-09-01 00:00:00,1,1.3254548911656672,2.658298897951563,1.332844006785896
CNN 1D v12,red neuronal,2016-09-01 00:00:00,1,1.3254548911656672,2.1584253726674643,0.8329704815017971
CNN 1D v24,red neuronal,2016-09-01 00:00:00,1,1.3254548911656672,3.9295646088517526,2.6041097176860855
Ingenuo,referencia,2016-10-01 00:00:00,1,3.0802989422748617,1.3254548911656672,-1.7548440511091945
Ingenuo estacional,referencia,2016-10-01 00:00:00,1,3.0802989422748617,2.2982527166686806,-0.7820462256061811
Deriva,referencia,2016-10-01 00:00:00,1,3.0802989422748617,1.303317309517136,-1.7769816327577257
AR(1),Box-Jenkins,2016-10-01 00:00:00,1,3.0802989422748617,2.3154391302905855,-0.7648598119842762
AR(12),Box-Jenkins,2016-10-01 00:00:00,1,3.0802989422748617,2.7262941025588665,-0.35400483971599517
MA(2),Box-Jenkins,2016-10-01 00:00:00,1,3.0802989422748617,2.6125631550275177,-0.467735787247344
"ARMA(2,2)",Box-Jenkins,2016-10-01 00:00:00,1,3.0802989422748617,2.506426711560846,-0.5738722307140156
"ARIMA(1,1,1)",Box-Jenkins,2016-10-01 00:00:00,1,3.0802989422748617,1.9284742354567674,-1.1518247068180942
"ARIMA(2,1,2)",Box-Jenkins,2016-10-01 00:00:00,1,3.0802989422748617,2.3159943053271563,-0.7643046369477053
"SARIMA(1,1,1)(1,1,1,12)",estacional,2016-10-01 00:00:00,1,3.0802989422748617,2.003033122000958,-1.0772658202739036
"SARIMA(2,1,1)(0,1,1,12)",estacional,2016-10-01 00:00:00,1,3.0802989422748617,2.4335686324499712,-0.6467303098248904
"SARIMAX(1,1,1)(1,1,1,12)+COVID",estacional,2016-10-01 00:00:00,1,3.0802989422748617,2.003033122000958,-1.0772658202739036
Ridge sobre rezagos,regularizado,2016-10-01 00:00:00,1,3.0802989422748617,2.7147539833135577,-0.365544958961304
Random Forest,aprendizaje,2016-10-01 00:00:00,1,3.0802989422748617,3.002828339636343,-0.07747060263851857
MLP,aprendizaje,2016-10-01 00:00:00,1,3.0802989422748617,4.5227974715750285,1.4424985293001669
LSTM(16) v12,red neuronal,2016-10-01 00:00:00,1,3.0802989422748617,2.1418787826881323,-0.9384201595867294
LSTM(32) v24,red neuronal,2016-10-01 00:00:00,1,3.0802989422748617,2.6021256529920915,-0.47817328928277014
CNN 1D v12,red neuronal,2016-10-01 00:00:00,1,3.0802989422748617,2.125971709453419,-0.9543272328214427
CNN 1D v24,red neuronal,2016-10-01 00:00:00,1,3.0802989422748617,3.9258506918041345,0.8455517495292728
Ingenuo,referencia,2016-11-01 00:00:00,1,3.250508638379501,3.0802989422748617,-0.17020969610463954
Ingenuo estacional,referencia,2016-11-01 00:00:00,1,3.250508638379501,1.8907830514311774,-1.3597255869483238
Deriva,referencia,2016-11-01 00:00:00,1,3.250508638379501,3.0718304501090823,-0.17867818827041893
AR(1),Box-Jenkins,2016-11-01 00:00:00,1,3.250508638379501,3.4848518442619305,0.2343432058824293
AR(12),Box-Jenkins,2016-11-01 00:00:00,1,3.250508638379501,3.372225832112653,0.1217171937331516
MA(2),Box-Jenkins,2016-11-01 00:00:00,1,3.250508638379501,3.4464937588421702,0.19598512046266903
"ARMA(2,2)",Box-Jenkins,2016-11-01 00:00:00,1,3.250508638379501,2.5774198393612386,-0.6730887990182626
"ARIMA(1,1,1)",Box-Jenkins,2016-11-01 00:00:00,1,3.250508638379501,2.137153169079313,-1.1133554693001884
"ARIMA(2,1,2)",Box-Jenkins,2016-11-01 00:00:00,1,3.250508638379501,2.402414052450338,-0.8480945859291631
"SARIMA(1,1,1)(1,1,1,12)",estacional,2016-11-01 00:00:00,1,3.250508638379501,2.4942932906419215,-0.7562153477375797
"SARIMA(2,1,1)(0,1,1,12)",estacional,2016-11-01 00:00:00,1,3.250508638379501,1.9832046164115171,-1.267304021967984
"SARIMAX(1,1,1)(1,1,1,12)+COVID",estacional,2016-11-01 00:00:00,1,3.250508638379501,2.4942932906419215,-0.7562153477375797
Ridge sobre rezagos,regularizado,2016-11-01 00:00:00,1,3.250508638379501,3.358473488591571,0.10796485021206959
Random Forest,aprendizaje,2016-11-01 00:00:00,1,3.250508638379501,2.5571573631616813,-0.6933512752178199
MLP,aprendizaje,2016-11-01 00:00:00,1,3.250508638379501,5.2386093649156615,1.9881007265361603
LSTM(16) v12,red neuronal,2016-11-01 00:00:00,1,3.250508638379501,2.327214916730558,-0.9232937216489434
LSTM(32) v24,red neuronal,2016-11-01 00:00:00,1,3.250508638379501,2.7079665874964505,-0.5425420508830507
CNN 1D v12,red neuronal,2016-11-01 00:00:00,1,3.250508638379501,2.189422915025887,-1.0610857233536142
CNN 1D v24,red neuronal,2016-11-01 00:00:00,1,3.250508638379501,3.9244674086787645,0.6739587702992633
Ingenuo,referencia,2016-12-01 00:00:00,1,1.4471669469336979,3.250508638379501,1.8033416914458034
Ingenuo estacional,referencia,2016-12-01 00:00:00,1,1.4471669469336979,1.7843989699940277,0.33723202306032984
Deriva,referencia,2016-12-01 00:00:00,1,1.4471669469336979,3.2434041018493738,1.796237154915676
AR(1),Box-Jenkins,2016-12-01 00:00:00,1,1.4471669469336979,3.5945408181791874,2.1473738712454895
AR(12),Box-Jenkins,2016-12-01 00:00:00,1,1.4471669469336979,2.7334394024647857,1.2862724555310878
MA(2),Box-Jenkins,2016-12-01 00:00:00,1,1.4471669469336979,4.292979752739226,2.8458128058055285
"ARMA(2,2)",Box-Jenkins,2016-12-01 00:00:00,1,1.4471669469336979,3.0939777055527458,1.646810758619048
"ARIMA(1,1,1)",Box-Jenkins,2016-12-01 00:00:00,1,1.4471669469336979,2.7794943746150285,1.3323274276813306
"ARIMA(2,1,2)",Box-Jenkins,2016-12-01 00:00:00,1,1.4471669469336979,2.6133116934700062,1.1661447465363084
"SARIMA(1,1,1)(1,1,1,12)",estacional,2016-12-01 00:00:00,1,1.4471669469336979,2.852394658941983,1.4052277120082852
"SARIMA(2,1,1)(0,1,1,12)",estacional,2016-12-01 00:00:00,1,1.4471669469336979,2.465831823788158,1.01866487685446
"SARIMAX(1,1,1)(1,1,1,12)+COVID",estacional,2016-12-01 00:00:00,1,1.4471669469336979,2.852394658941983,1.4052277120082852
Ridge sobre rezagos,regularizado,2016-12-01 00:00:00,1,1.4471669469336979,2.7415909144367805,1.2944239675030826
Random Forest,aprendizaje,2016-12-01 00:00:00,1,1.4471669469336979,3.067517279198329,1.620350332264631
MLP,aprendizaje,2016-12-01 00:00:00,1,1.4471669469336979,3.0608796831495892,1.6137127362158914
LSTM(16) v12,red neuronal,2016-12-01 00:00:00,1,1.4471669469336979,2.509116233450897,1.061949286517199
LSTM(32) v24,red neuronal,2016-12-01 00:00:00,1,1.4471669469336979,2.8276940055051645,1.3805270585714666
CNN 1D v12,red neuronal,2016-12-01 00:00:00,1,1.4471669469336979,2.2197455122653365,0.7725785653316386
CNN 1D v24,red neuronal,2016-12-01 00:00:00,1,1.4471669469336979,3.93305035161654,2.485883404682842
Ingenuo,referencia,2017-01-01 00:00:00,1,-0.3589166448412562,1.4471669469336979,1.806083591774954
Ingenuo estacional,referencia,2017-01-01 00:00:00,1,-0.3589166448412562,4.451860851829181,4.810777496670438
Deriva,referencia,2017-01-01 00:00:00,1,-0.3589166448412562,1.4264545531693607,1.7853711980106168
AR(1),Box-Jenkins,2017-01-01 00:00:00,1,-0.3589166448412562,2.3829340889991055,2.7418507338403617
AR(12),Box-Jenkins,2017-01-01 00:00:00,1,-0.3589166448412562,2.0816098041529454,2.4405264489942016
MA(2),Box-Jenkins,2017-01-01 00:00:00,1,-0.3589166448412562,2.927245754401476,3.2861623992427322
"ARMA(2,2)",Box-Jenkins,2017-01-01 00:00:00,1,-0.3589166448412562,2.8853477074420826,3.2442643522833388
"ARIMA(1,1,1)",Box-Jenkins,2017-01-01 00:00:00,1,-0.3589166448412562,2.4672589130932696,2.826175557934526
"ARIMA(2,1,2)",Box-Jenkins,2017-01-01 00:00:00,1,-0.3589166448412562,2.601274236307204,2.9601908811484603
"SARIMA(1,1,1)(1,1,1,12)",estacional,2017-01-01 00:00:00,1,-0.3589166448412562,1.5872114506870156,1.9461280955282718
"SARIMA(2,1,1)(0,1,1,12)",estacional,2017-01-01 00:00:00,1,-0.3589166448412562,2.857276380308691,3.216193025149947
"SARIMAX(1,1,1)(1,1,1,12)+COVID",estacional,2017-01-01 00:00:00,1,-0.3589166448412562,1.5872114506870156,1.9461280955282718
Ridge sobre rezagos,regularizado,2017-01-01 00:00:00,1,-0.3589166448412562,2.1001940154046173,2.4591106602458734
Random Forest,aprendizaje,2017-01-01 00:00:00,1,-0.3589166448412562,2.019111932620788,2.378028577462044
MLP,aprendizaje,2017-01-01 00:00:00,1,-0.3589166448412562,0.7437364788517513,1.1026531236930075
LSTM(16) v12,red neuronal,2017-01-01 00:00:00,1,-0.3589166448412562,2.374484657216338,2.7334013020575942
LSTM(32) v24,red neuronal,2017-01-01 00:00:00,1,-0.3589166448412562,2.756131058880503,3.115047703721759
CNN 1D v12,red neuronal,2017-01-01 00:00:00,1,-0.3589166448412562,2.1996766472042513,2.5585932920455075
CNN 1D v24,red neuronal,2017-01-01 00:00:00,1,-0.3589166448412562,3.9218490918886566,4.280765736729913
Ingenuo,referencia,2017-02-01 00:00:00,1,2.4825177018663824,-0.3589166448412562,-2.8414343467076386
Ingenuo estacional,referencia,2017-02-01 00:00:00,1,2.4825177018663824,1.195828475280969,-1.2866892265854135
Deriva,referencia,2017-02-01 00:00:00,1,2.4825177018663824,-0.3930528821996581,-2.8755705840660406
AR(1),Box-Jenkins,2017-02-01 00:00:00,1,2.4825177018663824,1.1172179662142412,-1.3652997356521412
AR(12),Box-Jenkins,2017-02-01 00:00:00,1,2.4825177018663824,2.5472142107325437,0.0646965088661613
MA(2),Box-Jenkins,2017-02-01 00:00:00,1,2.4825177018663824,1.8377818354177489,-0.6447358664486336
"ARMA(2,2)",Box-Jenkins,2017-02-01 00:00:00,1,2.4825177018663824,1.5921821068939614,-0.890335594972421
"ARIMA(1,1,1)",Box-Jenkins,2017-02-01 00:00:00,1,2.4825177018663824,1.226657663752403,-1.2558600381139795
"ARIMA(2,1,2)",Box-Jenkins,2017-02-01 00:00:00,1,2.4825177018663824,1.3122427938877663,-1.170274907978616
"SARIMA(1,1,1)(1,1,1,12)",estacional,2017-02-01 00:00:00,1,2.4825177018663824,1.9422308593718673,-0.5402868424945151
"SARIMA(2,1,1)(0,1,1,12)",estacional,2017-02-01 00:00:00,1,2.4825177018663824,1.1526642062468229,-1.3298534956195596
"SARIMAX(1,1,1)(1,1,1,12)+COVID",estacional,2017-02-01 00:00:00,1,2.4825177018663824,1.9422308593718673,-0.5402868424945151
Ridge sobre rezagos,regularizado,2017-02-01 00:00:00,1,2.4825177018663824,2.541815841291922,0.05929813942553963
Random Forest,aprendizaje,2017-02-01 00:00:00,1,2.4825177018663824,3.180057864680194,0.6975401628138114
MLP,aprendizaje,2017-02-01 00:00:00,1,2.4825177018663824,6.302427112451922,3.81990941058554
LSTM(16) v12,red neuronal,2017-02-01 00:00:00,1,2.4825177018663824,2.1193907682538815,-0.3631269336125009
LSTM(32) v24,red neuronal,2017-02-01 00:00:00,1,2.4825177018663824,2.5281316228246977,0.04561392095831529
CNN 1D v12,red neuronal,2017-02-01 00:00:00,1,2.4825177018663824,1.9882408574050703,-0.49427684446131215
CNN 1D v24,red neuronal,2017-02-01 00:00:00,1,2.4825177018663824,3.8818623760733595,1.399344674206977
Ingenuo,referencia,2017-03-01 00:00:00,1,-0.32146396143379885,2.4825177018663824,2.8039816633001813
Ingenuo estacional,referencia,2017-03-01 00:00:00,1,-0.32146396143379885,2.884803634105615,3.2062675955394138
Deriva,referencia,2017-03-01 00:00:00,1,-0.32146396143379885,2.4698409464786226,2.7913049079124215
AR(1),Box-Jenkins,2017-03-01 00:00:00,1,-0.32146396143379885,3.0524694098293605,3.3739333712631594
AR(12),Box-Jenkins,2017-03-01 00:00:00,1,-0.32146396143379885,2.0018946188994384,2.3233585803332373
MA(2),Box-Jenkins,2017-03-01 00:00:00,1,-0.32146396143379885,3.465111752677574,3.7865757141113727
"ARMA(2,2)",Box-Jenkins,2017-03-01 00:00:00,1,-0.32146396143379885,1.3821567026270511,1.70362066406085
"ARIMA(1,1,1)",Box-Jenkins,2017-03-01 00:00:00,1,-0.32146396143379885,1.2388458776949782,1.560309839128777
"ARIMA(2,1,2)",Box-Jenkins,2017-03-01 00:00:00,1,-0.32146396143379885,0.9172137494954686,1.2386777109292675
"SARIMA(1,1,1)(1,1,1,12)",estacional,2017-03-01 00:00:00,1,-0.32146396143379885,1.0071047651461127,1.3285687265799115
"SARIMA(2,1,1)(0,1,1,12)",estacional,2017-03-01 00:00:00,1,-0.32146396143379885,0.9392353219810565,1.2606992834148554
"SARIMAX(1,1,1)(1,1,1,12)+COVID",estacional,2017-03-01 00:00:00,1,-0.32146396143379885,1.0071047651461127,1.3285687265799115
Ridge sobre rezagos,regularizado,2017-03-01 00:00:00,1,-0.32146396143379885,2.01743937984583,2.3389033412796287
Random Forest,aprendizaje,2017-03-01 00:00:00,1,-0.32146396143379885,1.8264471907789115,2.1479111522127106
MLP,aprendizaje,2017-03-01 00:00:00,1,-0.32146396143379885,-0.47517948378408825,-0.1537155223502894
LSTM(16) v12,red neuronal,2017-03-01 00:00:00,1,-0.32146396143379885,2.23165195078204,2.553115912215839
LSTM(32) v24,red neuronal,2017-03-01 00:00:00,1,-0.32146396143379885,2.5703245156207823,2.891788477054581
CNN 1D v12,red neuronal,2017-03-01 00:00:00,1,-0.32146396143379885,1.9836034736528307,2.3050674350866296
CNN 1D v24,red neuronal,2017-03-01 00:00:00,1,-0.32146396143379885,3.85256419993218,4.174028161365978
Ingenuo,referencia,2017-04-01 00:00:00,1,1.3544076613417388,-0.32146396143379885,-1.6758716227755377
Ingenuo estacional,referencia,2017-04-01 00:00:00,1,1.3544076613417388,1.809679601898706,0.4552719405569672
Deriva,referencia,2017-04-01 00:00:00,1,1.3544076613417388,-0.3548170494727618,-1.7092247108145007
AR(1),Box-Jenkins,2017-04-01 00:00:00,1,1.3544076613417388,1.1306879706658233,-0.22371969067591557
AR(12),Box-Jenkins,2017-04-01 00:00:00,1,1.3544076613417388,1.010522317954434,-0.3438853433873048
MA(2),Box-Jenkins,2017-04-01 00:00:00,1,1.3544076613417388,2.7352313420007563,1.3808236806590175
"ARMA(2,2)",Box-Jenkins,2017-04-01 00:00:00,1,1.3544076613417388,1.3220987578742518,-0.03230890346748705
"ARIMA(1,1,1)",Box-Jenkins,2017-04-01 00:00:00,1,1.3544076613417388,1.0668327062949572,-0.28757495504678166
"ARIMA(2,1,2)",Box-Jenkins,2017-04-01 00:00:00,1,1.3544076613417388,0.39601646052306827,-0.9583912008186706
"SARIMA(1,1,1)(1,1,1,12)",estacional,2017-04-01 00:00:00,1,1.3544076613417388,1.3667547995194997,0.012347138177760897
"SARIMA(2,1,1)(0,1,1,12)",estacional,2017-04-01 00:00:00,1,1.3544076613417388,0.6900914790174595,-0.6643161823242794
"SARIMAX(1,1,1)(1,1,1,12)+COVID",estacional,2017-04-01 00:00:00,1,1.3544076613417388,1.3667547995194997,0.012347138177760897
Ridge sobre rezagos,regularizado,2017-04-01 00:00:00,1,1.3544076613417388,1.0359779454126303,-0.3184297159291085
Random Forest,aprendizaje,2017-04-01 00:00:00,1,1.3544076613417388,1.9862587372689233,0.6318510759271845
MLP,aprendizaje,2017-04-01 00:00:00,1,1.3544076613417388,1.2459930635419014,-0.10841459779983742
LSTM(16) v12,red neuronal,2017-04-01 00:00:00,1,1.3544076613417388,1.9352464317509148,0.580838770409176
LSTM(32) v24,red neuronal,2017-04-01 00:00:00,1,1.3544076613417388,1.5136340655032425,0.1592264041615037
CNN 1D v12,red neuronal,2017-04-01 00:00:00,1,1.3544076613417388,1.8033223061782788,0.44891464483654
CNN 1D v24,red neuronal,2017-04-01 00:00:00,1,1.3544076613417388,3.8170919545094293,2.4626842931676904
Ingenuo,referencia,2017-05-01 00:00:00,1,2.881287855033965,1.3544076613417388,-1.526880193692226
Ingenuo estacional,referencia,2017-05-01 00:00:00,1,2.881287855033965,2.341450844397075,-0.5398370106368899
Deriva,referencia,2017-05-01 00:00:00,1,2.881287855033965,1.3336224020587648,-1.5476654529752
AR(1),Box-Jenkins,2017-05-01 00:00:00,1,2.881287855033965,2.2615135705637743,-0.6197742844701906
AR(12),Box-Jenkins,2017-05-01 00:00:00,1,2.881287855033965,2.104199330432456,-0.7770885246015089
MA(2),Box-Jenkins,2017-05-01 00:00:00,1,2.881287855033965,2.351417309507098,-0.5298705455268671
"ARMA(2,2)",Box-Jenkins,2017-05-01 00:00:00,1,2.881287855033965,1.1457589968385724,-1.7355288581953925
"ARIMA(1,1,1)",Box-Jenkins,2017-05-01 00:00:00,1,2.881287855033965,0.7673936330946393,-2.1138942219393257
"ARIMA(2,1,2)",Box-Jenkins,2017-05-01 00:00:00,1,2.881287855033965,1.089628911381349,-1.7916589436526158
"SARIMA(1,1,1)(1,1,1,12)",estacional,2017-05-01 00:00:00,1,2.881287855033965,0.8128899206239413,-2.0683979344100236
"SARIMA(2,1,1)(0,1,1,12)",estacional,2017-05-01 00:00:00,1,2.881287855033965,1.2263796622372602,-1.6549081927967046
"SARIMAX(1,1,1)(1,1,1,12)+COVID",estacional,2017-05-01 00:00:00,1,2.881287855033965,0.8128899206239413,-2.0683979344100236
Ridge sobre rezagos,regularizado,2017-05-01 00:00:00,1,2.881287855033965,2.108761959940529,-0.7725258950934357
Random Forest,aprendizaje,2017-05-01 00:00:00,1,2.881287855033965,1.9372634570418845,-0.9440243979920804
MLP,aprendizaje,2017-05-01 00:00:00,1,2.881287855033965,4.023373173966816,1.1420853189328515
LSTM(16) v12,red neuronal,2017-05-01 00:00:00,1,2.881287855033965,1.9511135588640434,-0.9301742961699215
LSTM(32) v24,red neuronal,2017-05-01 00:00:00,1,2.881287855033965,1.521214205109616,-1.3600736499243489
CNN 1D v12,red neuronal,2017-05-01 00:00:00,1,2.881287855033965,1.792838026195379,-1.088449828838586
CNN 1D v24,red neuronal,2017-05-01 00:00:00,1,2.881287855033965,3.7925894591783393,0.9113016041443744
Ingenuo,referencia,2017-06-01 00:00:00,1,3.6821297780100792,2.881287855033965,-0.8008419229761143
Ingenuo estacional,referencia,2017-06-01 00:00:00,1,3.6821297780100792,-1.5739129122687823,-5.2560426902788615
Deriva,referencia,2017-06-01 00:00:00,1,3.6821297780100792,2.8717994238748976,-0.8103303541351816
AR(1),Box-Jenkins,2017-06-01 00:00:00,1,3.6821297780100792,3.2921902839833983,-0.38993949402668093
AR(12),Box-Jenkins,2017-06-01 00:00:00,1,3.6821297780100792,3.6247100686789118,-0.05741970933116747
MA(2),Box-Jenkins,2017-06-01 00:00:00,1,3.6821297780100792,3.9310003130771194,0.24887053506704016
"ARMA(2,2)",Box-Jenkins,2017-06-01 00:00:00,1,3.6821297780100792,1.96546537595694,-1.7166644020531392
"ARIMA(1,1,1)",Box-Jenkins,2017-06-01 00:00:00,1,3.6821297780100792,1.6233005608202598,-2.0588292171898193
"ARIMA(2,1,2)",Box-Jenkins,2017-06-01 00:00:00,1,3.6821297780100792,1.5308949175358508,-2.1512348604742284
"SARIMA(1,1,1)(1,1,1,12)",estacional,2017-06-01 00:00:00,1,3.6821297780100792,3.1425983594262923,-0.539531418583787
"SARIMA(2,1,1)(0,1,1,12)",estacional,2017-06-01 00:00:00,1,3.6821297780100792,1.1663337057608758,-2.5157960722492034
"SARIMAX(1,1,1)(1,1,1,12)+COVID",estacional,2017-06-01 00:00:00,1,3.6821297780100792,3.1425983594262923,-0.539531418583787
Ridge sobre rezagos,regularizado,2017-06-01 00:00:00,1,3.6821297780100792,3.5946209701172105,-0.08750880789286875
Random Forest,aprendizaje,2017-06-01 00:00:00,1,3.6821297780100792,2.5982451185316013,-1.083884659478478
MLP,aprendizaje,2017-06-01 00:00:00,1,3.6821297780100792,2.8236403678693582,-0.858489410140721
LSTM(16) v12,red neuronal,2017-06-01 00:00:00,1,3.6821297780100792,2.1591429975575114,-1.5229867804525679
LSTM(32) v24,red neuronal,2017-06-01 00:00:00,1,3.6821297780100792,2.456190794061157,-1.225938983948922
CNN 1D v12,red neuronal,2017-06-01 00:00:00,1,3.6821297780100792,1.8343791371759774,-1.8477506408341018
CNN 1D v24,red neuronal,2017-06-01 00:00:00,1,3.6821297780100792,3.794727186836952,0.11259740882687286
Ingenuo,referencia,2017-07-01 00:00:00,1,1.057635845000715,3.6821297780100792,2.624493933009364
Ingenuo estacional,referencia,2017-07-01 00:00:00,1,1.057635845000715,3.3639592395552143,2.306323394554499
Deriva,referencia,2017-07-01 00:00:00,1,1.057635845000715,3.678513305938948,2.620877460938233
AR(1),Box-Jenkins,2017-07-01 00:00:00,1,1.057635845000715,3.830116542636701,2.772480697635986
AR(12),Box-Jenkins,2017-07-01 00:00:00,1,1.057635845000715,2.33522135448879,1.277585509488075
MA(2),Box-Jenkins,2017-07-01 00:00:00,1,1.057635845000715,4.142942097096556,3.085306252095841
"ARMA(2,2)",Box-Jenkins,2017-07-01 00:00:00,1,1.057635845000715,3.1616541305976753,2.1040182855969602
"ARIMA(1,1,1)",Box-Jenkins,2017-07-01 00:00:00,1,1.057635845000715,2.6594285259174075,1.6017926809166925
"ARIMA(2,1,2)",Box-Jenkins,2017-07-01 00:00:00,1,1.057635845000715,2.919470468080835,1.86183462308012
"SARIMA(1,1,1)(1,1,1,12)",estacional,2017-07-01 00:00:00,1,1.057635845000715,1.5032555642050909,0.4456197192043758
"SARIMA(2,1,1)(0,1,1,12)",estacional,2017-07-01 00:00:00,1,1.057635845000715,2.8273204523229634,1.7696846073222483
"SARIMAX(1,1,1)(1,1,1,12)+COVID",estacional,2017-07-01 00:00:00,1,1.057635845000715,1.5032555642050909,0.4456197192043758
Ridge sobre rezagos,regularizado,2017-07-01 00:00:00,1,1.057635845000715,2.337817073669906,1.280181228669191
Random Forest,aprendizaje,2017-07-01 00:00:00,1,1.057635845000715,2.3877647789467282,1.3301289339460132
MLP,aprendizaje,2017-07-01 00:00:00,1,1.057635845000715,1.438119783974063,0.38048393897334787
LSTM(16) v12,red neuronal,2017-07-01 00:00:00,1,1.057635845000715,2.4627731354335154,1.4051372904328003
LSTM(32) v24,red neuronal,2017-07-01 00:00:00,1,1.057635845000715,2.6155436506894647,1.5579078056887496
CNN 1D v12,red neuronal,2017-07-01 00:00:00,1,1.057635845000715,2.0453772646338533,0.9877414196331382
CNN 1D v24,red neuronal,2017-07-01 00:00:00,1,1.057635845000715,3.7751390020620352,2.71750315706132
Ingenuo,referencia,2017-08-01 00:00:00,1,0.49033518986971725,1.057635845000715,0.5673006551309978
Ingenuo estacional,referencia,2017-08-01 00:00:00,1,0.49033518986971725,2.3546499730892956,1.8643147832195783
Deriva,referencia,2017-08-01 00:00:00,1,0.49033518986971725,1.035164139397654,0.5448289495279368
AR(1),Box-Jenkins,2017-08-01 00:00:00,1,0.49033518986971725,2.054085513778298,1.5637503239085806
AR(12),Box-Jenkins,2017-08-01 00:00:00,1,0.49033518986971725,2.688610568866797,2.1982753789970797
MA(2),Box-Jenkins,2017-08-01 00:00:00,1,0.49033518986971725,2.5883601664424356,2.0980249765727184
"ARMA(2,2)",Box-Jenkins,2017-08-01 00:00:00,1,0.49033518986971725,2.935682263168596,2.445347073298879
"ARIMA(1,1,1)",Box-Jenkins,2017-08-01 00:00:00,1,0.49033518986971725,2.3819396897042093,1.891604499834492
"ARIMA(2,1,2)",Box-Jenkins,2017-08-01 00:00:00,1,0.49033518986971725,2.9058974340592005,2.4155622441894833
"SARIMA(1,1,1)(1,1,1,12)",estacional,2017-08-01 00:00:00,1,0.49033518986971725,1.440056908608725,0.9497217187390077
"SARIMA(2,1,1)(0,1,1,12)",estacional,2017-08-01 00:00:00,1,0.49033518986971725,2.4582012833174502,1.967866093447733
"SARIMAX(1,1,1)(1,1,1,12)+COVID",estacional,2017-08-01 00:00:00,1,0.49033518986971725,1.440056908608725,0.9497217187390077
Ridge sobre rezagos,regularizado,2017-08-01 00:00:00,1,0.49033518986971725,2.685619171376284,2.1952839815065666
Random Forest,aprendizaje,2017-08-01 00:00:00,1,0.49033518986971725,2.0985172273673744,1.6081820374976572
MLP,aprendizaje,2017-08-01 00:00:00,1,0.49033518986971725,2.6262138906812837,2.1358787008115665
LSTM(16) v12,red neuronal,2017-08-01 00:00:00,1,0.49033518986971725,2.276386416983049,1.7860512271133318
LSTM(32) v24,red neuronal,2017-08-01 00:00:00,1,0.49033518986971725,2.526803912070009,2.0364687222002917
CNN 1D v12,red neuronal,2017-08-01 00:00:00,1,0.49033518986971725,1.9458241403918493,1.455488950522132
CNN 1D v24,red neuronal,2017-08-01 00:00:00,1,0.49033518986971725,3.771156403263152,3.280821213393435
Ingenuo,referencia,2017-09-01 00:00:00,1,1.1995095696962776,0.49033518986971725,-0.7091743798265604
Ingenuo estacional,referencia,2017-09-01 00:00:00,1,1.1995095696962776,1.3254548911656672,0.12594532146938953
Deriva,referencia,2017-09-01 00:00:00,1,1.1995095696962776,0.46397184891288523,-0.7355377207833924
AR(1),Box-Jenkins,2017-09-01 00:00:00,1,1.1995095696962776,1.6405489196748166,0.441039349978539
AR(12),Box-Jenkins,2017-09-01 00:00:00,1,1.1995095696962776,2.438504666834823,1.2389950971385453
MA(2),Box-Jenkins,2017-09-01 00:00:00,1,1.1995095696962776,2.1472733773600456,0.947763807663768
"ARMA(2,2)",Box-Jenkins,2017-09-01 00:00:00,1,1.1995095696962776,1.7626629407175196,0.563153371021242
"ARIMA(1,1,1)",Box-Jenkins,2017-09-01 00:00:00,1,1.1995095696962776,1.41532749844283,0.21581792874655226
"ARIMA(2,1,2)",Box-Jenkins,2017-09-01 00:00:00,1,1.1995095696962776,1.6394317894939263,0.4399222197976487
"SARIMA(1,1,1)(1,1,1,12)",estacional,2017-09-01 00:00:00,1,1.1995095696962776,1.3600118631684028,0.1605022934721252
"SARIMA(2,1,1)(0,1,1,12)",estacional,2017-09-01 00:00:00,1,1.1995095696962776,1.4729547501285978,0.27344518043232013
"SARIMAX(1,1,1)(1,1,1,12)+COVID",estacional,2017-09-01 00:00:00,1,1.1995095696962776,1.3600118631684028,0.1605022934721252
Ridge sobre rezagos,regularizado,2017-09-01 00:00:00,1,1.1995095696962776,2.44102086585609,1.2415112961598123
Random Forest,aprendizaje,2017-09-01 00:00:00,1,1.1995095696962776,3.527562431050418,2.3280528613541405
MLP,aprendizaje,2017-09-01 00:00:00,1,1.1995095696962776,2.6973472857368144,1.4978377160405367
LSTM(16) v12,red neuronal,2017-09-01 00:00:00,1,1.1995095696962776,2.0635428554815474,0.8640332857852697
LSTM(32) v24,red neuronal,2017-09-01 00:00:00,1,1.1995095696962776,2.4021782584968885,1.2026686888006108
CNN 1D v12,red neuronal,2017-09-01 00:00:00,1,1.1995095696962776,1.8616608758843287,0.6621513061880511
CNN 1D v24,red neuronal,2017-09-01 00:00:00,1,1.1995095696962776,3.7144623583965855,2.514952788700308
Ingenuo,referencia,2017-10-01 00:00:00,1,0.9647411293081776,1.1995095696962776,0.23476844038810007
Ingenuo estacional,referencia,2017-10-01 00:00:00,1,0.9647411293081776,3.0802989422748617,2.115557812966684
Deriva,referencia,2017-10-01 00:00:00,1,0.9647411293081776,1.1783628083194697,0.21362167901129214
AR(1),Box-Jenkins,2017-10-01 00:00:00,1,0.9647411293081776,2.1102564325767785,1.145515303268601
AR(12),Box-Jenkins,2017-10-01 00:00:00,1,0.9647411293081776,0.6937922201245688,-0.2709489091836088
MA(2),Box-Jenkins,2017-10-01 00:00:00,1,0.9647411293081776,2.950220082063916,1.9854789527557384
"ARMA(2,2)",Box-Jenkins,2017-10-01 00:00:00,1,0.9647411293081776,1.3458174325518408,0.38107630324366326
"ARIMA(1,1,1)",Box-Jenkins,2017-10-01 00:00:00,1,0.9647411293081776,1.1229465059083656,0.15820537660018807
"ARIMA(2,1,2)",Box-Jenkins,2017-10-01 00:00:00,1,0.9647411293081776,0.85581728082382,-0.10892384848435754
"SARIMA(1,1,1)(1,1,1,12)",estacional,2017-10-01 00:00:00,1,0.9647411293081776,0.3546453862272343,-0.6100957430809433
"SARIMA(2,1,1)(0,1,1,12)",estacional,2017-10-01 00:00:00,1,0.9647411293081776,0.8740378139319569,-0.09070331537622067
"SARIMAX(1,1,1)(1,1,1,12)+COVID",estacional,2017-10-01 00:00:00,1,0.9647411293081776,0.3546453862272343,-0.6100957430809433
Ridge sobre rezagos,regularizado,2017-10-01 00:00:00,1,0.9647411293081776,0.7324627452936894,-0.2322783840144882
Random Forest,aprendizaje,2017-10-01 00:00:00,1,0.9647411293081776,1.2754752650094197,0.3107341357012421
MLP,aprendizaje,2017-10-01 00:00:00,1,0.9647411293081776,0.25727126112790766,-0.7074698681802699
LSTM(16) v12,red neuronal,2017-10-01 00:00:00,1,0.9647411293081776,2.044728559447788,1.0799874301396106
LSTM(32) v24,red neuronal,2017-10-01 00:00:00,1,0.9647411293081776,2.3579207205383454,1.3931795912301679
CNN 1D v12,red neuronal,2017-10-01 00:00:00,1,0.9647411293081776,1.8071452311404026,0.842404101832225
CNN 1D v24,red neuronal,2017-10-01 00:00:00,1,0.9647411293081776,3.498673491019454,2.5339323617112766
Ingenuo,referencia,2017-11-01 00:00:00,1,1.7060514606020982,0.9647411293081776,-0.7413103312939207
Ingenuo estacional,referencia,2017-11-01 00:00:00,1,1.7060514606020982,3.250508638379501,1.544457177777403
Deriva,referencia,2017-11-01 00:00:00,1,1.7060514606020982,0.9420899899101634,-0.7639614706919349
AR(1),Box-Jenkins,2017-11-01 00:00:00,1,1.7060514606020982,1.930062769932609,0.22401130933051072
AR(12),Box-Jenkins,2017-11-01 00:00:00,1,1.7060514606020982,0.8996385638995889,-0.8064128967025094
MA(2),Box-Jenkins,2017-11-01 00:00:00,1,1.7060514606020982,2.7719486706397922,1.065897210037694
"ARMA(2,2)",Box-Jenkins,2017-11-01 00:00:00,1,1.7060514606020982,1.3426104459621504,-0.3634410146399478
"ARIMA(1,1,1)",Box-Jenkins,2017-11-01 00:00:00,1,1.7060514606020982,1.0870553350573202,-0.618996125544778
"ARIMA(2,1,2)",Box-Jenkins,2017-11-01 00:00:00,1,1.7060514606020982,0.8314420889536069,-0.8746093716484913
"SARIMA(1,1,1)(1,1,1,12)",estacional,2017-11-01 00:00:00,1,1.7060514606020982,0.7075300452217401,-0.9985214153803581
"SARIMA(2,1,1)(0,1,1,12)",estacional,2017-11-01 00:00:00,1,1.7060514606020982,0.850261625853242,-0.8557898347488562
"SARIMAX(1,1,1)(1,1,1,12)+COVID",estacional,2017-11-01 00:00:00,1,1.7060514606020982,0.7075300452217401,-0.9985214153803581
Ridge sobre rezagos,regularizado,2017-11-01 00:00:00,1,1.7060514606020982,0.9198735767341386,-0.7861778838679596
Random Forest,aprendizaje,2017-11-01 00:00:00,1,1.7060514606020982,1.1367627388897719,-0.5692887217123264
MLP,aprendizaje,2017-11-01 00:00:00,1,1.7060514606020982,0.8540288490551076,-0.8520226115469907
LSTM(16) v12,red neuronal,2017-11-01 00:00:00,1,1.7060514606020982,1.9643540130736534,0.2583025524715552
LSTM(32) v24,red neuronal,2017-11-01 00:00:00,1,1.7060514606020982,2.2782264326375437,0.5721749720354454
CNN 1D v12,red neuronal,2017-11-01 00:00:00,1,1.7060514606020982,1.6296404713304486,-0.07641098927164958
CNN 1D v24,red neuronal,2017-11-01 00:00:00,1,1.7060514606020982,3.031533520239499,1.3254820596374008
Ingenuo,referencia,2017-12-01 00:00:00,1,1.5654099373241026,1.7060514606020982,0.14064152327799562
Ingenuo estacional,referencia,2017-12-01 00:00:00,1,1.5654099373241026,1.4471669469336979,-0.11824299039040476
Deriva,referencia,2017-12-01 00:00:00,1,1.5654099373241026,1.6887427091110205,0.12333277178691793
AR(1),Box-Jenkins,2017-12-01 00:00:00,1,1.5654099373241026,2.431614699789409,0.8662047624653062
AR(12),Box-Jenkins,2017-12-01 00:00:00,1,1.5654099373241026,2.9349965418283634,1.3695866045042608
MA(2),Box-Jenkins,2017-12-01 00:00:00,1,1.5654099373241026,2.867768497175664,1.3023585598515615
"ARMA(2,2)",Box-Jenkins,2017-12-01 00:00:00,1,1.5654099373241026,1.5757898433603366,0.010379906036233955
"ARIMA(1,1,1)",Box-Jenkins,2017-12-01 00:00:00,1,1.5654099373241026,1.2676228474797098,-0.29778708984439284
"ARIMA(2,1,2)",Box-Jenkins,2017-12-01 00:00:00,1,1.5654099373241026,1.244846467978502,-0.32056346934560054
"SARIMA(1,1,1)(1,1,1,12)",estacional,2017-12-01 00:00:00,1,1.5654099373241026,1.575240603068508,0.009830665744405387
"SARIMA(2,1,1)(0,1,1,12)",estacional,2017-12-01 00:00:00,1,1.5654099373241026,1.0650753472843912,-0.5003345900397114
"SARIMAX(1,1,1)(1,1,1,12)+COVID",estacional,2017-12-01 00:00:00,1,1.5654099373241026,1.575240603068508,0.009830665744405387
Ridge sobre rezagos,regularizado,2017-12-01 00:00:00,1,1.5654099373241026,2.906724117323344,1.3413141799992414
Random Forest,aprendizaje,2017-12-01 00:00:00,1,1.5654099373241026,2.585150000781139,1.0197400634570366
MLP,aprendizaje,2017-12-01 00:00:00,1,1.5654099373241026,1.6881900862234898,0.12278014889938715
LSTM(16) v12,red neuronal,2017-12-01 00:00:00,1,1.5654099373241026,2.0225778954339804,0.45716795810987776
LSTM(32) v24,red neuronal,2017-12-01 00:00:00,1,1.5654099373241026,2.285011978400814,0.7196020410767114
CNN 1D v12,red neuronal,2017-12-01 00:00:00,1,1.5654099373241026,1.627368481949465,0.06195854462536232
CNN 1D v24,red neuronal,2017-12-01 00:00:00,1,1.5654099373241026,3.0192761235451684,1.4538661862210658
Ingenuo,referencia,2018-01-01 00:00:00,1,1.5770665195815603,1.5654099373241026,-0.011656582257457693
Ingenuo estacional,referencia,2018-01-01 00:00:00,1,1.5770665195815603,-0.3589166448412562,-1.9359831644228165
Deriva,referencia,2018-01-01 00:00:00,1,1.5770665195815603,1.5472447082511713,-0.02982181133038897
AR(1),Box-Jenkins,2018-01-01 00:00:00,1,1.5770665195815603,2.323365695318854,0.7462991757372937
AR(12),Box-Jenkins,2018-01-01 00:00:00,1,1.5770665195815603,3.0653681168385107,1.4883015972569504
MA(2),Box-Jenkins,2018-01-01 00:00:00,1,1.5770665195815603,3.018363545818113,1.4412970262365525
"ARMA(2,2)",Box-Jenkins,2018-01-01 00:00:00,1,1.5770665195815603,1.8104231204656802,0.2333566008841199
"ARIMA(1,1,1)",Box-Jenkins,2018-01-01 00:00:00,1,1.5770665195815603,1.4716953571982607,-0.10537116238329958
"ARIMA(2,1,2)",Box-Jenkins,2018-01-01 00:00:00,1,1.5770665195815603,1.4963751693665943,-0.08069135021496598
"SARIMA(1,1,1)(1,1,1,12)",estacional,2018-01-01 00:00:00,1,1.5770665195815603,2.859131431368866,1.2820649117873057
"SARIMA(2,1,1)(0,1,1,12)",estacional,2018-01-01 00:00:00,1,1.5770665195815603,1.3398141123818226,-0.23725240719973772
"SARIMAX(1,1,1)(1,1,1,12)+COVID",estacional,2018-01-01 00:00:00,1,1.5770665195815603,2.859131431368866,1.2820649117873057
Ridge sobre rezagos,regularizado,2018-01-01 00:00:00,1,1.5770665195815603,3.042914097632541,1.4658475780509805
Random Forest,aprendizaje,2018-01-01 00:00:00,1,1.5770665195815603,2.761039490533639,1.1839729709520785
MLP,aprendizaje,2018-01-01 00:00:00,1,1.5770665195815603,2.1323677674060733,0.555301247824513
LSTM(16) v12,red neuronal,2018-01-01 00:00:00,1,1.5770665195815603,2.0284981602443324,0.4514316406627721
LSTM(32) v24,red neuronal,2018-01-01 00:00:00,1,1.5770665195815603,2.2877359594153868,0.7106694398338265
CNN 1D v12,red neuronal,2018-01-01 00:00:00,1,1.5770665195815603,1.602247196850155,0.025180677268594742
CNN 1D v24,red neuronal,2018-01-01 00:00:00,1,1.5770665195815603,3.336256933266854,1.7591904136852938
Ingenuo,referencia,2018-02-01 00:00:00,1,1.6148001360216657,1.5770665195815603,-0.03773361644010542
Ingenuo estacional,referencia,2018-02-01 00:00:00,1,1.6148001360216657,2.4825177018663824,0.8677175658447167
Deriva,referencia,2018-02-01 00:00:00,1,1.6148001360216657,1.5591069581729766,-0.0556931778486891
AR(1),Box-Jenkins,2018-02-01 00:00:00,1,1.6148001360216657,2.3206226344486156,0.7058224984269499
AR(12),Box-Jenkins,2018-02-01 00:00:00,1,1.6148001360216657,1.4384083288566578,-0.1763918071650079
MA(2),Box-Jenkins,2018-02-01 00:00:00,1,1.6148001360216657,2.8546166052337254,1.2398164692120597
"ARMA(2,2)",Box-Jenkins,2018-02-01 00:00:00,1,1.6148001360216657,1.868347496625435,0.25354736060376926
"ARIMA(1,1,1)",Box-Jenkins,2018-02-01 00:00:00,1,1.6148001360216657,1.529436682049904,-0.08536345397176182
"ARIMA(2,1,2)",Box-Jenkins,2018-02-01 00:00:00,1,1.6148001360216657,1.516857873014458,-0.09794226300720776
"SARIMA(1,1,1)(1,1,1,12)",estacional,2018-02-01 00:00:00,1,1.6148001360216657,1.0041564764760116,-0.6106436595456541
"SARIMA(2,1,1)(0,1,1,12)",estacional,2018-02-01 00:00:00,1,1.6148001360216657,1.5820887393591323,-0.03271139666253342
"SARIMAX(1,1,1)(1,1,1,12)+COVID",estacional,2018-02-01 00:00:00,1,1.6148001360216657,1.0041564764760116,-0.6106436595456541
Ridge sobre rezagos,regularizado,2018-02-01 00:00:00,1,1.6148001360216657,1.4701216374955428,-0.1446784985261229
Random Forest,aprendizaje,2018-02-01 00:00:00,1,1.6148001360216657,1.7314065560410494,0.1166064200193837
MLP,aprendizaje,2018-02-01 00:00:00,1,1.6148001360216657,0.5151650381200915,-1.099635097901574
LSTM(16) v12,red neuronal,2018-02-01 00:00:00,1,1.6148001360216657,2.0203621292755556,0.40556199325388986
LSTM(32) v24,red neuronal,2018-02-01 00:00:00,1,1.6148001360216657,2.2024207349534937,0.5876205989318279
CNN 1D v12,red neuronal,2018-02-01 00:00:00,1,1.6148001360216657,1.7265577755466208,0.1117576395249551
CNN 1D v24,red neuronal,2018-02-01 00:00:00,1,1.6148001360216657,3.3296654155964798,1.714865279574814
Ingenuo,referencia,2018-03-01 00:00:00,1,4.0273137155159455,1.6148001360216657,-2.41251357949428
Ingenuo estacional,referencia,2018-03-01 00:00:00,1,4.0273137155159455,-0.32146396143379885,-4.348777676949744
Deriva,referencia,2018-03-01 00:00:00,1,4.0273137155159455,1.5972220347353332,-2.4300916807806123
AR(1),Box-Jenkins,2018-03-01 00:00:00,1,4.0273137155159455,2.3366560321626606,-1.690657683353285
AR(12),Box-Jenkins,2018-03-01 00:00:00,1,4.0273137155159455,2.3166811571174835,-1.710632558398462
MA(2),Box-Jenkins,2018-03-01 00:00:00,1,4.0273137155159455,2.8874210373534357,-1.1398926781625098
"ARMA(2,2)",Box-Jenkins,2018-03-01 00:00:00,1,4.0273137155159455,1.8090086071376312,-2.2183051083783143
"ARIMA(1,1,1)",Box-Jenkins,2018-03-01 00:00:00,1,4.0273137155159455,1.56954872510242,-2.4577649904135255
"ARIMA(2,1,2)",Box-Jenkins,2018-03-01 00:00:00,1,4.0273137155159455,1.5874250473556655,-2.43988866816028
"SARIMA(1,1,1)(1,1,1,12)",estacional,2018-03-01 00:00:00,1,4.0273137155159455,2.0705059235038337,-1.9568077920121119
"SARIMA(2,1,1)(0,1,1,12)",estacional,2018-03-01 00:00:00,1,4.0273137155159455,1.268920867912815,-2.7583928476031305
"SARIMAX(1,1,1)(1,1,1,12)+COVID",estacional,2018-03-01 00:00:00,1,4.0273137155159455,2.0705059235038337,-1.9568077920121119
Ridge sobre rezagos,regularizado,2018-03-01 00:00:00,1,4.0273137155159455,2.3278011137907964,-1.6995126017251492
Random Forest,aprendizaje,2018-03-01 00:00:00,1,4.0273137155159455,2.1347746802985776,-1.8925390352173679
MLP,aprendizaje,2018-03-01 00:00:00,1,4.0273137155159455,2.9891122323526282,-1.0382014831633173
LSTM(16) v12,red neuronal,2018-03-01 00:00:00,1,4.0273137155159455,2.0350285384250517,-1.9922851770908938
LSTM(32) v24,red neuronal,2018-03-01 00:00:00,1,4.0273137155159455,1.0204229751870928,-3.0068907403288527
CNN 1D v12,red neuronal,2018-03-01 00:00:00,1,4.0273137155159455,1.7342614637109417,-2.293052251805004
CNN 1D v24,red neuronal,2018-03-01 00:00:00,1,4.0273137155159455,3.4546078151588118,-0.5727059003571338
Ingenuo,referencia,2018-04-01 00:00:00,1,2.208867023790595,4.0273137155159455,1.8184466917253506
Ingenuo estacional,referencia,2018-04-01 00:00:00,1,2.208867023790595,1.3544076613417388,-0.8544593624488561
Deriva,referencia,2018-04-01 00:00:00,1,2.208867023790595,4.0262668501532906,1.8173998263626956
AR(1),Box-Jenkins,2018-04-01 00:00:00,1,2.208867023790595,4.010870209703563,1.8020031859129677
AR(12),Box-Jenkins,2018-04-01 00:00:00,1,2.208867023790595,3.1212273671372848,0.9123603433466898
MA(2),Box-Jenkins,2018-04-01 00:00:00,1,2.208867023790595,4.1019034742436045,1.8930364504530095
"ARMA(2,2)",Box-Jenkins,2018-04-01 00:00:00,1,2.208867023790595,2.9001588252454042,0.6912918014548093
"ARIMA(1,1,1)",Box-Jenkins,2018-04-01 00:00:00,1,2.208867023790595,2.414129831789188,0.2052628079985932
"ARIMA(2,1,2)",Box-Jenkins,2018-04-01 00:00:00,1,2.208867023790595,2.48193026144936,0.27306323765876517
"SARIMA(1,1,1)(1,1,1,12)",estacional,2018-04-01 00:00:00,1,2.208867023790595,2.265227465831299,0.05636044204070423
"SARIMA(2,1,1)(0,1,1,12)",estacional,2018-04-01 00:00:00,1,2.208867023790595,2.5831700477018,0.37430302391120485
"SARIMAX(1,1,1)(1,1,1,12)+COVID",estacional,2018-04-01 00:00:00,1,2.208867023790595,2.265227465831299,0.05636044204070423
Ridge sobre rezagos,regularizado,2018-04-01 00:00:00,1,2.208867023790595,3.102967734389352,0.8941007105987571
Random Forest,aprendizaje,2018-04-01 00:00:00,1,2.208867023790595,3.0617062012078464,0.8528391774172515
MLP,aprendizaje,2018-04-01 00:00:00,1,2.208867023790595,2.4311105345220247,0.22224351073142978
LSTM(16) v12,red neuronal,2018-04-01 00:00:00,1,2.208867023790595,2.315843677043362,0.10697665325276695
LSTM(32) v24,red neuronal,2018-04-01 00:00:00,1,2.208867023790595,2.441277007823124,0.23240998403252888
CNN 1D v12,red neuronal,2018-04-01 00:00:00,1,2.208867023790595,2.561146745477795,0.3522797216872
CNN 1D v24,red neuronal,2018-04-01 00:00:00,1,2.208867023790595,4.040084744853708,1.8312177210631129
Ingenuo,referencia,2018-05-01 00:00:00,1,1.7539831877094958,2.208867023790595,0.45488383608109917
Ingenuo estacional,referencia,2018-05-01 00:00:00,1,1.7539831877094958,2.881287855033965,1.127304667324469
Deriva,referencia,2018-05-01 00:00:00,1,1.7539831877094958,2.1955404298714356,0.4415572421619398
AR(1),Box-Jenkins,2018-05-01 00:00:00,1,1.7539831877094958,2.7544183741081376,1.0004351863986418
AR(12),Box-Jenkins,2018-05-01 00:00:00,1,1.7539831877094958,2.6966924813223043,0.9427092936128085
MA(2),Box-Jenkins,2018-05-01 00:00:00,1,1.7539831877094958,3.3851999645283275,1.6312167768188317
"ARMA(2,2)",Box-Jenkins,2018-05-01 00:00:00,1,1.7539831877094958,2.5735940289122725,0.8196108412027767
"ARIMA(1,1,1)",Box-Jenkins,2018-05-01 00:00:00,1,1.7539831877094958,2.726728202237817,0.9727450145283214
"ARIMA(2,1,2)",Box-Jenkins,2018-05-01 00:00:00,1,1.7539831877094958,2.70139922734154,0.9474160396320443
"SARIMA(1,1,1)(1,1,1,12)",estacional,2018-05-01 00:00:00,1,1.7539831877094958,2.1048956623040693,0.35091247459457353
"SARIMA(2,1,1)(0,1,1,12)",estacional,2018-05-01 00:00:00,1,1.7539831877094958,2.8356350660289347,1.0816518783194389
"SARIMAX(1,1,1)(1,1,1,12)+COVID",estacional,2018-05-01 00:00:00,1,1.7539831877094958,2.1048956623040693,0.35091247459457353
Ridge sobre rezagos,regularizado,2018-05-01 00:00:00,1,1.7539831877094958,2.6794675270326667,0.9254843393231709
Random Forest,aprendizaje,2018-05-01 00:00:00,1,1.7539831877094958,1.6901744624840769,-0.06380872522541892
MLP,aprendizaje,2018-05-01 00:00:00,1,1.7539831877094958,1.9326146947832912,0.17863150707379538
LSTM(16) v12,red neuronal,2018-05-01 00:00:00,1,1.7539831877094958,2.328536328659585,0.5745531409500892
LSTM(32) v24,red neuronal,2018-05-01 00:00:00,1,1.7539831877094958,2.425743054193815,0.6717598664843192
CNN 1D v12,red neuronal,2018-05-01 00:00:00,1,1.7539831877094958,2.1992892491168634,0.4453060614073676
CNN 1D v24,red neuronal,2018-05-01 00:00:00,1,1.7539831877094958,4.130315958249496,2.3763327705400004
Ingenuo,referencia,2018-06-01 00:00:00,1,2.966362140139278,1.7539831877094958,-1.2123789524297823
Ingenuo estacional,referencia,2018-06-01 00:00:00,1,2.966362140139278,3.6821297780100792,0.7157676378708011
Deriva,referencia,2018-06-01 00:00:00,1,2.966362140139278,1.7376931223664307,-1.2286690177728474
AR(1),Box-Jenkins,2018-06-01 00:00:00,1,2.966362140139278,2.43165086707436,-0.534711273064918
AR(12),Box-Jenkins,2018-06-01 00:00:00,1,2.966362140139278,2.2574553103304797,-0.7089068298087984
MA(2),Box-Jenkins,2018-06-01 00:00:00,1,2.966362140139278,2.547522584006048,-0.4188395561332303
"ARMA(2,2)",Box-Jenkins,2018-06-01 00:00:00,1,2.966362140139278,2.3556262427825163,-0.6107358973567618
"ARIMA(1,1,1)",Box-Jenkins,2018-06-01 00:00:00,1,2.966362140139278,2.2728132593482115,-0.6935488807910666
"ARIMA(2,1,2)",Box-Jenkins,2018-06-01 00:00:00,1,2.966362140139278,2.3968095056283247,-0.5695526345109534
"SARIMA(1,1,1)(1,1,1,12)",estacional,2018-06-01 00:00:00,1,2.966362140139278,1.1427547879376083,-1.8236073522016698
"SARIMA(2,1,1)(0,1,1,12)",estacional,2018-06-01 00:00:00,1,2.966362140139278,2.763960565682212,-0.20240157445706597
"SARIMAX(1,1,1)(1,1,1,12)+COVID",estacional,2018-06-01 00:00:00,1,2.966362140139278,1.1427547879376083,-1.8236073522016698
Ridge sobre rezagos,regularizado,2018-06-01 00:00:00,1,2.966362140139278,2.2646763594386723,-0.7016857807006058
Random Forest,aprendizaje,2018-06-01 00:00:00,1,2.966362140139278,2.700380372759515,-0.2659817673797633
MLP,aprendizaje,2018-06-01 00:00:00,1,2.966362140139278,0.1153454271912494,-2.8510167129480286
LSTM(16) v12,red neuronal,2018-06-01 00:00:00,1,2.966362140139278,2.243401892427861,-0.7229602477114172
LSTM(32) v24,red neuronal,2018-06-01 00:00:00,1,2.966362140139278,2.4143485240563125,-0.5520136160829656
CNN 1D v12,red neuronal,2018-06-01 00:00:00,1,2.966362140139278,2.211166735191725,-0.7551954049475533
CNN 1D v24,red neuronal,2018-06-01 00:00:00,1,2.966362140139278,4.987604939840521,2.021242799701243
Ingenuo,referencia,2018-07-01 00:00:00,1,3.1033168720315363,2.966362140139278,-0.13695473189225815
Ingenuo estacional,referencia,2018-07-01 00:00:00,1,3.1033168720315363,1.057635845000715,-2.045681027030821
Deriva,referencia,2018-07-01 00:00:00,1,3.1033168720315363,2.9582632015813655,-0.1450536704501708
AR(1),Box-Jenkins,2018-07-01 00:00:00,1,3.1033168720315363,3.2688345721488377,0.16551770011730138
AR(12),Box-Jenkins,2018-07-01 00:00:00,1,3.1033168720315363,2.8281919410599676,-0.27512493097156865
MA(2),Box-Jenkins,2018-07-01 00:00:00,1,3.1033168720315363,3.614111262329439,0.5107943902979026
"ARMA(2,2)",Box-Jenkins,2018-07-01 00:00:00,1,3.1033168720315363,2.6539719752590307,-0.44934489677250555
"ARIMA(1,1,1)",Box-Jenkins,2018-07-01 00:00:00,1,3.1033168720315363,2.3875931417079075,-0.7157237303236288
"ARIMA(2,1,2)",Box-Jenkins,2018-07-01 00:00:00,1,3.1033168720315363,2.3721043362551186,-0.7312125357764176
"SARIMA(1,1,1)(1,1,1,12)",estacional,2018-07-01 00:00:00,1,3.1033168720315363,2.9832642315290747,-0.12005264050246156
"SARIMA(2,1,1)(0,1,1,12)",estacional,2018-07-01 00:00:00,1,3.1033168720315363,2.2382517387852374,-0.8650651332462989
"SARIMAX(1,1,1)(1,1,1,12)+COVID",estacional,2018-07-01 00:00:00,1,3.1033168720315363,2.9832642315290747,-0.12005264050246156
Ridge sobre rezagos,regularizado,2018-07-01 00:00:00,1,3.1033168720315363,2.8419550371225006,-0.26136183490903564
Random Forest,aprendizaje,2018-07-01 00:00:00,1,3.1033168720315363,2.8688414334251053,-0.23447543860643094
MLP,aprendizaje,2018-07-01 00:00:00,1,3.1033168720315363,2.659409132440273,-0.4439077395912632
LSTM(16) v12,red neuronal,2018-07-01 00:00:00,1,3.1033168720315363,2.3208781022629057,-0.7824387697686306
LSTM(32) v24,red neuronal,2018-07-01 00:00:00,1,3.1033168720315363,2.50367674715541,-0.5996401248761263
CNN 1D v12,red neuronal,2018-07-01 00:00:00,1,3.1033168720315363,2.9547185947453345,-0.14859827728620179
CNN 1D v24,red neuronal,2018-07-01 00:00:00,1,3.1033168720315363,4.348604739243099,1.2452878672115624
Ingenuo,referencia,2018-08-01 00:00:00,1,2.500067950772844,3.1033168720315363,0.6032489212586922
Ingenuo estacional,referencia,2018-08-01 00:00:00,1,2.500067950772844,0.49033518986971725,-2.009732760903127
Deriva,referencia,2018-08-01 00:00:00,1,2.500067950772844,3.0961785538077304,0.5961106030348864
AR(1),Box-Jenkins,2018-08-01 00:00:00,1,2.500067950772844,3.3613821351966897,0.8613141844238457
AR(12),Box-Jenkins,2018-08-01 00:00:00,1,2.500067950772844,3.178357249833819,0.678289299060975
MA(2),Box-Jenkins,2018-08-01 00:00:00,1,2.500067950772844,3.7802499719703913,1.2801820211975472
"ARMA(2,2)",Box-Jenkins,2018-08-01 00:00:00,1,2.500067950772844,2.921516169718263,0.42144821894541895
"ARIMA(1,1,1)",Box-Jenkins,2018-08-01 00:00:00,1,2.500067950772844,2.76246748471442,0.2623995339415761
"ARIMA(2,1,2)",Box-Jenkins,2018-08-01 00:00:00,1,2.500067950772844,2.668375652071686,0.1683077012988421
"SARIMA(1,1,1)(1,1,1,12)",estacional,2018-08-01 00:00:00,1,2.500067950772844,3.222730928190586,0.722662977417742
"SARIMA(2,1,1)(0,1,1,12)",estacional,2018-08-01 00:00:00,1,2.500067950772844,2.3548559236990867,-0.14521202707375735
"SARIMAX(1,1,1)(1,1,1,12)+COVID",estacional,2018-08-01 00:00:00,1,2.500067950772844,3.222730928190586,0.722662977417742
Ridge sobre rezagos,regularizado,2018-08-01 00:00:00,1,2.500067950772844,3.182023894104442,0.681955943331598
Random Forest,aprendizaje,2018-08-01 00:00:00,1,2.500067950772844,2.9688788406119158,0.4688108898390717
MLP,aprendizaje,2018-08-01 00:00:00,1,2.500067950772844,3.8240837678095163,1.3240158170366723
LSTM(16) v12,red neuronal,2018-08-01 00:00:00,1,2.500067950772844,2.441566336371678,-0.05850161440116608
LSTM(32) v24,red neuronal,2018-08-01 00:00:00,1,2.500067950772844,2.5985410941921487,0.09847314341930469
CNN 1D v12,red neuronal,2018-08-01 00:00:00,1,2.500067950772844,3.2433255292518233,0.7432575784789792
CNN 1D v24,red neuronal,2018-08-01 00:00:00,1,2.500067950772844,4.738264498279199,2.238196547506355
Ingenuo,referencia,2018-09-01 00:00:00,1,3.547013602961302,2.500067950772844,-1.046945652188458
Ingenuo estacional,referencia,2018-09-01 00:00:00,1,3.547013602961302,1.1995095696962776,-2.3475040332650243
Deriva,referencia,2018-09-01 00:00:00,1,3.547013602961302,2.4890078522659143,-1.0580057506953877
AR(1),Box-Jenkins,2018-09-01 00:00:00,1,3.547013602961302,2.9411144655337003,-0.6058991374276017
AR(12),Box-Jenkins,2018-09-01 00:00:00,1,3.547013602961302,3.5555212756260652,0.008507672664763266
MA(2),Box-Jenkins,2018-09-01 00:00:00,1,3.547013602961302,3.111677714705145,-0.4353358882561569
"ARMA(2,2)",Box-Jenkins,2018-09-01 00:00:00,1,3.547013602961302,2.9391309750020187,-0.6078826279592833
"ARIMA(1,1,1)",Box-Jenkins,2018-09-01 00:00:00,1,3.547013602961302,2.751058419245501,-0.795955183715801
"ARIMA(2,1,2)",Box-Jenkins,2018-09-01 00:00:00,1,3.547013602961302,2.8161146826581476,-0.7308989203031544
"SARIMA(1,1,1)(1,1,1,12)",estacional,2018-09-01 00:00:00,1,3.547013602961302,2.425598402150733,-1.121415200810569
"SARIMA(2,1,1)(0,1,1,12)",estacional,2018-09-01 00:00:00,1,3.547013602961302,2.606807409025679,-0.940206193935623
"SARIMAX(1,1,1)(1,1,1,12)+COVID",estacional,2018-09-01 00:00:00,1,3.547013602961302,2.425598402150733,-1.121415200810569
Ridge sobre rezagos,regularizado,2018-09-01 00:00:00,1,3.547013602961302,3.544091244274656,-0.0029223586866460316
Random Forest,aprendizaje,2018-09-01 00:00:00,1,3.547013602961302,2.3272843919505286,-1.2197292110107734
MLP,aprendizaje,2018-09-01 00:00:00,1,3.547013602961302,2.48570244063912,-1.0613111623221818
LSTM(16) v12,red neuronal,2018-09-01 00:00:00,1,3.547013602961302,2.425960541924712,-1.1210530610365899
LSTM(32) v24,red neuronal,2018-09-01 00:00:00,1,3.547013602961302,2.577362000349556,-0.9696516026117461
CNN 1D v12,red neuronal,2018-09-01 00:00:00,1,3.547013602961302,2.5689537206668773,-0.9780598822944246
CNN 1D v24,red neuronal,2018-09-01 00:00:00,1,3.547013602961302,4.257718990941947,0.7107053879806449
Ingenuo,referencia,2018-10-01 00:00:00,1,3.413034634795964,3.547013602961302,0.13397896816533805
Ingenuo estacional,referencia,2018-10-01 00:00:00,1,3.413034634795964,0.9647411293081776,-2.4482935054877863
Deriva,referencia,2018-10-01 00:00:00,1,3.413034634795964,3.5428685747203548,0.12983393992439085
AR(1),Box-Jenkins,2018-10-01 00:00:00,1,3.413034634795964,3.6637452032686113,0.2507105684726474
AR(12),Box-Jenkins,2018-10-01 00:00:00,1,3.413034634795964,4.032953391238571,0.6199187564426074
MA(2),Box-Jenkins,2018-10-01 00:00:00,1,3.413034634795964,3.7087187518294122,0.2956841170334483
"ARMA(2,2)",Box-Jenkins,2018-10-01 00:00:00,1,3.413034634795964,3.104102735358527,-0.3089318994374368
"ARIMA(1,1,1)",Box-Jenkins,2018-10-01 00:00:00,1,3.413034634795964,2.96256831005288,-0.450466324743084
"ARIMA(2,1,2)",Box-Jenkins,2018-10-01 00:00:00,1,3.413034634795964,3.0679421478324866,-0.3450924869634773
"SARIMA(1,1,1)(1,1,1,12)",estacional,2018-10-01 00:00:00,1,3.413034634795964,2.899405794025251,-0.5136288407707128
"SARIMA(2,1,1)(0,1,1,12)",estacional,2018-10-01 00:00:00,1,3.413034634795964,3.043545862756514,-0.36948877203944974
"SARIMAX(1,1,1)(1,1,1,12)+COVID",estacional,2018-10-01 00:00:00,1,3.413034634795964,2.899405794025251,-0.5136288407707128
Ridge sobre rezagos,regularizado,2018-10-01 00:00:00,1,3.413034634795964,4.018199201842679,0.6051645670467147
Random Forest,aprendizaje,2018-10-01 00:00:00,1,3.413034634795964,3.1860577052600734,-0.22697692953589055
MLP,aprendizaje,2018-10-01 00:00:00,1,3.413034634795964,2.702906868560028,-0.710127766235936
LSTM(16) v12,red neuronal,2018-10-01 00:00:00,1,3.413034634795964,2.5972379776576577,-0.8157966571383062
LSTM(32) v24,red neuronal,2018-10-01 00:00:00,1,3.413034634795964,3.0356147545106604,-0.3774198802853035
CNN 1D v12,red neuronal,2018-10-01 00:00:00,1,3.413034634795964,2.826367719625283,-0.5866669151706807
CNN 1D v24,red neuronal,2018-10-01 00:00:00,1,3.413034634795964,3.7605928014077628,0.34755816661179884
Ingenuo,referencia,2018-11-01 00:00:00,1,1.8755730508588364,3.413034634795964,1.5374615839371275
Ingenuo estacional,referencia,2018-11-01 00:00:00,1,1.8755730508588364,1.7060514606020982,-0.16952159025673819
Deriva,referencia,2018-11-01 00:00:00,1,1.8755730508588364,3.40804652902304,1.5324734781642038
AR(1),Box-Jenkins,2018-11-01 00:00:00,1,1.8755730508588364,3.57028159168192,1.6947085408230835
AR(12),Box-Jenkins,2018-11-01 00:00:00,1,1.8755730508588364,3.412282064716372,1.5367090138575357
MA(2),Box-Jenkins,2018-11-01 00:00:00,1,1.8755730508588364,3.8726123691482126,1.9970393182893762
"ARMA(2,2)",Box-Jenkins,2018-11-01 00:00:00,1,1.8755730508588364,3.2560207506855945,1.380447699826758
"ARIMA(1,1,1)",Box-Jenkins,2018-11-01 00:00:00,1,1.8755730508588364,3.2494279290838204,1.373854878224984
"ARIMA(2,1,2)",Box-Jenkins,2018-11-01 00:00:00,1,1.8755730508588364,3.2145909934311927,1.3390179425723563
"SARIMA(1,1,1)(1,1,1,12)",estacional,2018-11-01 00:00:00,1,1.8755730508588364,3.2539337638276082,1.3783607129687718
"SARIMA(2,1,1)(0,1,1,12)",estacional,2018-11-01 00:00:00,1,1.8755730508588364,3.1906655417960534,1.315092490937217
"SARIMAX(1,1,1)(1,1,1,12)+COVID",estacional,2018-11-01 00:00:00,1,1.8755730508588364,3.2539337638276082,1.3783607129687718
Ridge sobre rezagos,regularizado,2018-11-01 00:00:00,1,1.8755730508588364,3.4170003337856913,1.541427282926855
Random Forest,aprendizaje,2018-11-01 00:00:00,1,1.8755730508588364,3.096904886489296,1.2213318356304597
MLP,aprendizaje,2018-11-01 00:00:00,1,1.8755730508588364,2.4897774682688634,0.614204417410027
LSTM(16) v12,red neuronal,2018-11-01 00:00:00,1,1.8755730508588364,2.669607965250205,0.7940349143913688
LSTM(32) v24,red neuronal,2018-11-01 00:00:00,1,1.8755730508588364,3.1693572256680467,1.2937841748092103
CNN 1D v12,red neuronal,2018-11-01 00:00:00,1,1.8755730508588364,3.5700026755797123,1.6944296247208759
CNN 1D v24,red neuronal,2018-11-01 00:00:00,1,1.8755730508588364,3.1366613038561546,1.2610882529973182
Ingenuo,referencia,2018-12-01 00:00:00,1,3.6572014274797837,1.8755730508588364,-1.7816283766209473
Ingenuo estacional,referencia,2018-12-01 00:00:00,1,3.6572014274797837,1.5654099373241026,-2.091791490155681
Deriva,referencia,2018-12-01 00:00:00,1,3.6572014274797837,1.8606980194203373,-1.7965034080594464
AR(1),Box-Jenkins,2018-12-01 00:00:00,1,3.6572014274797837,2.5038399093347854,-1.1533615181449983
AR(12),Box-Jenkins,2018-12-01 00:00:00,1,3.6572014274797837,3.1047308112281864,-0.5524706162515973
MA(2),Box-Jenkins,2018-12-01 00:00:00,1,3.6572014274797837,2.807388091525902,-0.8498133359538818
"ARMA(2,2)",Box-Jenkins,2018-12-01 00:00:00,1,3.6572014274797837,2.7171823482244783,-0.9400190792553054
"ARIMA(1,1,1)",Box-Jenkins,2018-12-01 00:00:00,1,3.6572014274797837,2.822021824291152,-0.8351796031886316
"ARIMA(2,1,2)",Box-Jenkins,2018-12-01 00:00:00,1,3.6572014274797837,2.87982704963183,-0.7773743778479538
"SARIMA(1,1,1)(1,1,1,12)",estacional,2018-12-01 00:00:00,1,3.6572014274797837,2.411231882373632,-1.2459695451061519
"SARIMA(2,1,1)(0,1,1,12)",estacional,2018-12-01 00:00:00,1,3.6572014274797837,2.7316488797847924,-0.9255525476949913
"SARIMAX(1,1,1)(1,1,1,12)+COVID",estacional,2018-12-01 00:00:00,1,3.6572014274797837,2.411231882373632,-1.2459695451061519
Ridge sobre rezagos,regularizado,2018-12-01 00:00:00,1,3.6572014274797837,3.113159038084696,-0.5440423893950879
Random Forest,aprendizaje,2018-12-01 00:00:00,1,3.6572014274797837,3.0643606044659926,-0.5928408230137912
MLP,aprendizaje,2018-12-01 00:00:00,1,3.6572014274797837,4.233525559198252,0.5763241317184686
LSTM(16) v12,red neuronal,2018-12-01 00:00:00,1,3.6572014274797837,2.5148185978551387,-1.142382829624645
LSTM(32) v24,red neuronal,2018-12-01 00:00:00,1,3.6572014274797837,2.741443203755824,-0.9157582237239597
CNN 1D v12,red neuronal,2018-12-01 00:00:00,1,3.6572014274797837,2.58941026552679,-1.0677911619529938
CNN 1D v24,red neuronal,2018-12-01 00:00:00,1,3.6572014274797837,2.958287447542901,-0.6989139799368829
Ingenuo,referencia,2019-01-01 00:00:00,1,3.523998520631566,3.6572014274797837,0.13320290684821767
Ingenuo estacional,referencia,2019-01-01 00:00:00,1,3.523998520631566,1.5770665195815603,-1.9469320010500057
Deriva,referencia,2019-01-01 00:00:00,1,3.523998520631566,3.6538424435288452,0.1298439228972792
AR(1),Box-Jenkins,2019-01-01 00:00:00,1,3.523998520631566,3.7344662026614097,0.21046768202984367
AR(12),Box-Jenkins,2019-01-01 00:00:00,1,3.523998520631566,3.723937461202754,0.199938940571188
MA(2),Box-Jenkins,2019-01-01 00:00:00,1,3.523998520631566,3.6741091638698062,0.1501106432382402
"ARMA(2,2)",Box-Jenkins,2019-01-01 00:00:00,1,3.523998520631566,3.197471476611131,-0.32652704402043486
"ARIMA(1,1,1)",Box-Jenkins,2019-01-01 00:00:00,1,3.523998520631566,2.885302228734978,-0.6386962918965882
"ARIMA(2,1,2)",Box-Jenkins,2019-01-01 00:00:00,1,3.523998520631566,2.9710688473860163,-0.5529296732455498
"SARIMA(1,1,1)(1,1,1,12)",estacional,2019-01-01 00:00:00,1,3.523998520631566,2.685403738289781,-0.8385947823417852
"SARIMA(2,1,1)(0,1,1,12)",estacional,2019-01-01 00:00:00,1,3.523998520631566,2.927556962123461,-0.5964415585081051
"SARIMAX(1,1,1)(1,1,1,12)+COVID",estacional,2019-01-01 00:00:00,1,3.523998520631566,2.685403738289781,-0.8385947823417852
Ridge sobre rezagos,regularizado,2019-01-01 00:00:00,1,3.523998520631566,3.720444858271085,0.1964463376395189
Random Forest,aprendizaje,2019-01-01 00:00:00,1,3.523998520631566,3.391280396156325,-0.1327181244752409
MLP,aprendizaje,2019-01-01 00:00:00,1,3.523998520631566,2.9903464708881735,-0.5336520497433925
LSTM(16) v12,red neuronal,2019-01-01 00:00:00,1,3.523998520631566,2.680220732848695,-0.8437777877828712
LSTM(32) v24,red neuronal,2019-01-01 00:00:00,1,3.523998520631566,2.825233717213347,-0.6987648034182192
CNN 1D v12,red neuronal,2019-01-01 00:00:00,1,3.523998520631566,2.8288468781082186,-0.6951516425233475
CNN 1D v24,red neuronal,2019-01-01 00:00:00,1,3.523998520631566,3.549565265230962,0.025566744599395896
Ingenuo,referencia,2019-02-01 00:00:00,1,3.348658423710371,3.523998520631566,0.1753400969211949
Ingenuo estacional,referencia,2019-02-01 00:00:00,1,3.348658423710371,1.6148001360216657,-1.7338582876887054
Deriva,referencia,2019-02-01 00:00:00,1,3.348658423710371,3.5198125053245937,0.17115408161422252
AR(1),Box-Jenkins,2019-02-01 00:00:00,1,3.348658423710371,3.642079838720795,0.29342141501042374
AR(12),Box-Jenkins,2019-02-01 00:00:00,1,3.348658423710371,3.614454902699629,0.26579647898925796
MA(2),Box-Jenkins,2019-02-01 00:00:00,1,3.348658423710371,4.048452124845763,0.6997937011353921
"ARMA(2,2)",Box-Jenkins,2019-02-01 00:00:00,1,3.348658423710371,3.3112045386969333,-0.037453885013437827
"ARIMA(1,1,1)",Box-Jenkins,2019-02-01 00:00:00,1,3.348658423710371,3.2759976576966294,-0.07266076601374172
"ARIMA(2,1,2)",Box-Jenkins,2019-02-01 00:00:00,1,3.348658423710371,3.101188065977287,-0.24747035773308435
"SARIMA(1,1,1)(1,1,1,12)",estacional,2019-02-01 00:00:00,1,3.348658423710371,3.334285873636065,-0.014372550074305934
"SARIMA(2,1,1)(0,1,1,12)",estacional,2019-02-01 00:00:00,1,3.348658423710371,2.9781450364314583,-0.3705133872789128
"SARIMAX(1,1,1)(1,1,1,12)+COVID",estacional,2019-02-01 00:00:00,1,3.348658423710371,3.334285873636065,-0.014372550074305934
Ridge sobre rezagos,regularizado,2019-02-01 00:00:00,1,3.348658423710371,3.6056092021111215,0.2569507784007503
Random Forest,aprendizaje,2019-02-01 00:00:00,1,3.348658423710371,2.8008765495362127,-0.5477818741741585
MLP,aprendizaje,2019-02-01 00:00:00,1,3.348658423710371,1.9491376665476987,-1.3995207571626724
LSTM(16) v12,red neuronal,2019-02-01 00:00:00,1,3.348658423710371,2.9725399512512998,-0.3761184724590714
LSTM(32) v24,red neuronal,2019-02-01 00:00:00,1,3.348658423710371,2.9118996458176927,-0.4367587778926785
CNN 1D v12,red neuronal,2019-02-01 00:00:00,1,3.348658423710371,3.4023938564565883,0.05373543274621717
CNN 1D v24,red neuronal,2019-02-01 00:00:00,1,3.348658423710371,3.9138273185931687,0.5651688948827975
Ingenuo,referencia,2019-03-01 00:00:00,1,2.4160679857166523,3.348658423710371,0.9325904379937189
Ingenuo estacional,referencia,2019-03-01 00:00:00,1,2.4160679857166523,4.0273137155159455,1.6112457297992933
Deriva,referencia,2019-03-01 00:00:00,1,2.4160679857166523,3.3433891547222965,0.9273211690056442
AR(1),Box-Jenkins,2019-03-01 00:00:00,1,2.4160679857166523,3.520320798391523,1.1042528126748707
AR(12),Box-Jenkins,2019-03-01 00:00:00,1,2.4160679857166523,3.171136038233791,0.7550680525171387
MA(2),Box-Jenkins,2019-03-01 00:00:00,1,2.4160679857166523,3.48027962315619,1.0642116374395378
"ARMA(2,2)",Box-Jenkins,2019-03-01 00:00:00,1,2.4160679857166523,3.4637171531569755,1.0476491674403232
"ARIMA(1,1,1)",Box-Jenkins,2019-03-01 00:00:00,1,2.4160679857166523,3.3566175224560535,0.9405495367394012
"ARIMA(2,1,2)",Box-Jenkins,2019-03-01 00:00:00,1,2.4160679857166523,3.463368336260689,1.0473003505440368
"SARIMA(1,1,1)(1,1,1,12)",estacional,2019-03-01 00:00:00,1,2.4160679857166523,2.233010973476405,-0.18305701224024729
"SARIMA(2,1,1)(0,1,1,12)",estacional,2019-03-01 00:00:00,1,2.4160679857166523,3.415777989306721,0.9997100035900686
"SARIMAX(1,1,1)(1,1,1,12)+COVID",estacional,2019-03-01 00:00:00,1,2.4160679857166523,2.233010973476405,-0.18305701224024729
Ridge sobre rezagos,regularizado,2019-03-01 00:00:00,1,2.4160679857166523,3.1724414387494075,0.7563734530327553
Random Forest,aprendizaje,2019-03-01 00:00:00,1,2.4160679857166523,3.0563848281592283,0.640316842442576
MLP,aprendizaje,2019-03-01 00:00:00,1,2.4160679857166523,1.5468981781675595,-0.8691698075490928
LSTM(16) v12,red neuronal,2019-03-01 00:00:00,1,2.4160679857166523,3.024848200768921,0.6087802150522688
LSTM(32) v24,red neuronal,2019-03-01 00:00:00,1,2.4160679857166523,3.1550432297304596,0.7389752440138073
CNN 1D v12,red neuronal,2019-03-01 00:00:00,1,2.4160679857166523,3.249683208085325,0.8336152223686728
CNN 1D v24,red neuronal,2019-03-01 00:00:00,1,2.4160679857166523,4.387637254709512,1.9715692689928597
Ingenuo,referencia,2019-04-01 00:00:00,1,4.212467570390599,2.4160679857166523,-1.7963995846739467
Ingenuo estacional,referencia,2019-04-01 00:00:00,1,4.212467570390599,2.208867023790595,-2.003600546600004
Deriva,referencia,2019-04-01 00:00:00,1,4.212467570390599,2.4049665081184792,-1.8075010622721197
AR(1),Box-Jenkins,2019-04-01 00:00:00,1,4.212467570390599,2.8748189959634454,-1.3376485744271536
AR(12),Box-Jenkins,2019-04-01 00:00:00,1,4.212467570390599,3.6572417259293246,-0.5552258444612743
MA(2),Box-Jenkins,2019-04-01 00:00:00,1,4.212467570390599,3.1283580082863236,-1.0841095621042753
"ARMA(2,2)",Box-Jenkins,2019-04-01 00:00:00,1,4.212467570390599,3.1640938840359465,-1.0483736863546524
"ARIMA(1,1,1)",Box-Jenkins,2019-04-01 00:00:00,1,4.212467570390599,3.038863243472208,-1.1736043269183911
"ARIMA(2,1,2)",Box-Jenkins,2019-04-01 00:00:00,1,4.212467570390599,3.0851290259830426,-1.1273385444075563
"SARIMA(1,1,1)(1,1,1,12)",estacional,2019-04-01 00:00:00,1,4.212467570390599,3.1456472805390114,-1.0668202898515875
"SARIMA(2,1,1)(0,1,1,12)",estacional,2019-04-01 00:00:00,1,4.212467570390599,3.188857667807495,-1.0236099025831038
"SARIMAX(1,1,1)(1,1,1,12)+COVID",estacional,2019-04-01 00:00:00,1,4.212467570390599,3.1456472805390114,-1.0668202898515875
Ridge sobre rezagos,regularizado,2019-04-01 00:00:00,1,4.212467570390599,3.653801644264848,-0.5586659261257507
Random Forest,aprendizaje,2019-04-01 00:00:00,1,4.212467570390599,2.910800252709136,-1.301667317681463
MLP,aprendizaje,2019-04-01 00:00:00,1,4.212467570390599,3.5552931917924493,-0.6571743785981496
LSTM(16) v12,red neuronal,2019-04-01 00:00:00,1,4.212467570390599,2.8450822254299077,-1.3673853449606912
LSTM(32) v24,red neuronal,2019-04-01 00:00:00,1,4.212467570390599,2.6467259493269766,-1.5657416210636224
CNN 1D v12,red neuronal,2019-04-01 00:00:00,1,4.212467570390599,3.2032845299339248,-1.0091830404566742
CNN 1D v24,red neuronal,2019-04-01 00:00:00,1,4.212467570390599,2.889378607546279,-1.32308896284432
Ingenuo,referencia,2019-05-01 00:00:00,1,2.4472601495796997,4.212467570390599,1.7652074208108992
Ingenuo estacional,referencia,2019-05-01 00:00:00,1,2.4472601495796997,1.7539831877094958,-0.6932769618702039
Deriva,referencia,2019-05-01 00:00:00,1,2.4472601495796997,4.212662974431627,1.7654028248519271
AR(1),Box-Jenkins,2019-05-01 00:00:00,1,2.4472601495796997,4.111641858092381,1.664381708512681
AR(12),Box-Jenkins,2019-05-01 00:00:00,1,2.4472601495796997,3.717260374029642,1.2700002244499422
MA(2),Box-Jenkins,2019-05-01 00:00:00,1,2.4472601495796997,4.063535451704946,1.6162753021252465
"ARMA(2,2)",Box-Jenkins,2019-05-01 00:00:00,1,2.4472601495796997,3.3263712744772636,0.8791111248975638
"ARIMA(1,1,1)",Box-Jenkins,2019-05-01 00:00:00,1,2.4472601495796997,3.2885738225017502,0.8413136729220505
"ARIMA(2,1,2)",Box-Jenkins,2019-05-01 00:00:00,1,2.4472601495796997,3.3331219114526984,0.8858617618729987
"SARIMA(1,1,1)(1,1,1,12)",estacional,2019-05-01 00:00:00,1,2.4472601495796997,3.978090236231338,1.5308300866516382
"SARIMA(2,1,1)(0,1,1,12)",estacional,2019-05-01 00:00:00,1,2.4472601495796997,3.4530839566775926,1.0058238070978929
"SARIMAX(1,1,1)(1,1,1,12)+COVID",estacional,2019-05-01 00:00:00,1,2.4472601495796997,3.978090236231338,1.5308300866516382
Ridge sobre rezagos,regularizado,2019-05-01 00:00:00,1,2.4472601495796997,3.7189728642550586,1.2717127146753588
Random Forest,aprendizaje,2019-05-01 00:00:00,1,2.4472601495796997,3.3267970246389655,0.8795368750592658
MLP,aprendizaje,2019-05-01 00:00:00,1,2.4472601495796997,2.1553615463743125,-0.2918986032053872
LSTM(16) v12,red neuronal,2019-05-01 00:00:00,1,2.4472601495796997,3.134084670313968,0.6868245207342683
LSTM(32) v24,red neuronal,2019-05-01 00:00:00,1,2.4472601495796997,3.2579041535534854,0.8106440039737857
CNN 1D v12,red neuronal,2019-05-01 00:00:00,1,2.4472601495796997,3.700195835600978,1.2529356860212784
CNN 1D v24,red neuronal,2019-05-01 00:00:00,1,2.4472601495796997,2.813194840699019,0.3659346911193193
Ingenuo,referencia,2019-06-01 00:00:00,1,4.284822490962559,2.4472601495796997,-1.837562341382859
Ingenuo estacional,referencia,2019-06-01 00:00:00,1,4.284822490962559,2.966362140139278,-1.3184603508232806
Deriva,referencia,2019-06-01 00:00:00,1,4.284822490962559,2.4364903186837585,-1.8483321722788002
AR(1),Box-Jenkins,2019-06-01 00:00:00,1,4.284822490962559,2.898568984973334,-1.3862535059892247
AR(12),Box-Jenkins,2019-06-01 00:00:00,1,4.284822490962559,2.9862974570307603,-1.2985250339317984
MA(2),Box-Jenkins,2019-06-01 00:00:00,1,4.284822490962559,3.4024054902465775,-0.8824170007159813
"ARMA(2,2)",Box-Jenkins,2019-06-01 00:00:00,1,4.284822490962559,3.3070001617597753,-0.9778223292027834
"ARIMA(1,1,1)",Box-Jenkins,2019-06-01 00:00:00,1,4.284822490962559,3.2234676644714098,-1.061354826491149
"ARIMA(2,1,2)",Box-Jenkins,2019-06-01 00:00:00,1,4.284822490962559,3.0640129433239203,-1.2208095476386385
"SARIMA(1,1,1)(1,1,1,12)",estacional,2019-06-01 00:00:00,1,4.284822490962559,2.9428420830614934,-1.3419804079010653
"SARIMA(2,1,1)(0,1,1,12)",estacional,2019-06-01 00:00:00,1,4.284822490962559,3.1401501132070004,-1.1446723777555583
"SARIMAX(1,1,1)(1,1,1,12)+COVID",estacional,2019-06-01 00:00:00,1,4.284822490962559,2.9428420830614934,-1.3419804079010653
Ridge sobre rezagos,regularizado,2019-06-01 00:00:00,1,4.284822490962559,2.992823587552558,-1.2919989034100006
Random Forest,aprendizaje,2019-06-01 00:00:00,1,4.284822490962559,2.6526052362835317,-1.632217254679027
MLP,aprendizaje,2019-06-01 00:00:00,1,4.284822490962559,2.4174170938256654,-1.8674053971368934
LSTM(16) v12,red neuronal,2019-06-01 00:00:00,1,4.284822490962559,2.9212451961160815,-1.3635772948464773
LSTM(32) v24,red neuronal,2019-06-01 00:00:00,1,4.284822490962559,2.928204919468227,-1.3566175714943318
CNN 1D v12,red neuronal,2019-06-01 00:00:00,1,4.284822490962559,2.771071592714117,-1.5137508982484418
CNN 1D v24,red neuronal,2019-06-01 00:00:00,1,4.284822490962559,2.608557720523618,-1.6762647704389408
Ingenuo,referencia,2019-07-01 00:00:00,1,2.5275644604989767,4.284822490962559,1.757258030463582
Ingenuo estacional,referencia,2019-07-01 00:00:00,1,2.5275644604989767,3.1033168720315363,0.5757524115325596
Deriva,referencia,2019-07-01 00:00:00,1,2.5275644604989767,4.285462117920191,1.7578976574212142
AR(1),Box-Jenkins,2019-07-01 00:00:00,1,2.5275644604989767,4.157996081948647,1.6304316214496701
AR(12),Box-Jenkins,2019-07-01 00:00:00,1,2.5275644604989767,3.8400849780160096,1.312520517517033
MA(2),Box-Jenkins,2019-07-01 00:00:00,1,2.5275644604989767,3.7789006882511655,1.251336227752189
"ARMA(2,2)",Box-Jenkins,2019-07-01 00:00:00,1,2.5275644604989767,3.440867121504287,0.9133026610053103
"ARIMA(1,1,1)",Box-Jenkins,2019-07-01 00:00:00,1,2.5275644604989767,3.3882846521448324,0.8607201916458558
"ARIMA(2,1,2)",Box-Jenkins,2019-07-01 00:00:00,1,2.5275644604989767,3.5671721950470907,1.039607734548114
"SARIMA(1,1,1)(1,1,1,12)",estacional,2019-07-01 00:00:00,1,2.5275644604989767,2.910906635156516,0.3833421746575394
"SARIMA(2,1,1)(0,1,1,12)",estacional,2019-07-01 00:00:00,1,2.5275644604989767,3.656361558765528,1.1287970982665514
"SARIMAX(1,1,1)(1,1,1,12)+COVID",estacional,2019-07-01 00:00:00,1,2.5275644604989767,2.910906635156516,0.3833421746575394
Ridge sobre rezagos,regularizado,2019-07-01 00:00:00,1,2.5275644604989767,3.8334588347603322,1.3058943742613556
Random Forest,aprendizaje,2019-07-01 00:00:00,1,2.5275644604989767,3.366719530039585,0.8391550695406083
MLP,aprendizaje,2019-07-01 00:00:00,1,2.5275644604989767,5.188949253710902,2.6613847932119254
LSTM(16) v12,red neuronal,2019-07-01 00:00:00,1,2.5275644604989767,3.6312163016412216,1.103651841142245
LSTM(32) v24,red neuronal,2019-07-01 00:00:00,1,2.5275644604989767,3.3780222290874815,0.8504577685885049
CNN 1D v12,red neuronal,2019-07-01 00:00:00,1,2.5275644604989767,3.2539910166450334,0.7264265561460568
CNN 1D v24,red neuronal,2019-07-01 00:00:00,1,2.5275644604989767,3.104497366899743,0.5769329064007662
Ingenuo,referencia,2019-08-01 00:00:00,1,2.0030685572016482,2.5275644604989767,0.5244959032973284
Ingenuo estacional,referencia,2019-08-01 00:00:00,1,2.0030685572016482,2.500067950772844,0.4969993935711958
Deriva,referencia,2019-08-01 00:00:00,1,2.0030685572016482,2.5174194392515705,0.5143508820499223
AR(1),Box-Jenkins,2019-08-01 00:00:00,1,2.0030685572016482,2.956163745315517,0.9530951881138687
AR(12),Box-Jenkins,2019-08-01 00:00:00,1,2.0030685572016482,3.7140108599131505,1.7109423027115023
MA(2),Box-Jenkins,2019-08-01 00:00:00,1,2.0030685572016482,3.521796694936182,1.5187281377345339
"ARMA(2,2)",Box-Jenkins,2019-08-01 00:00:00,1,2.0030685572016482,3.1371628940177403,1.134094336816092
"ARIMA(1,1,1)",Box-Jenkins,2019-08-01 00:00:00,1,2.0030685572016482,3.324033532731691,1.320964975530043
"ARIMA(2,1,2)",Box-Jenkins,2019-08-01 00:00:00,1,2.0030685572016482,3.1927122128408283,1.18964365563918
"SARIMA(1,1,1)(1,1,1,12)",estacional,2019-08-01 00:00:00,1,2.0030685572016482,2.982173345180171,0.9791047879785229
"SARIMA(2,1,1)(0,1,1,12)",estacional,2019-08-01 00:00:00,1,2.0030685572016482,2.842199506930821,0.8391309497291726
"SARIMAX(1,1,1)(1,1,1,12)+COVID",estacional,2019-08-01 00:00:00,1,2.0030685572016482,2.982173345180171,0.9791047879785229
Ridge sobre rezagos,regularizado,2019-08-01 00:00:00,1,2.0030685572016482,3.703984041963581,1.700915484761933
Random Forest,aprendizaje,2019-08-01 00:00:00,1,2.0030685572016482,3.2005780329498372,1.197509475748189
MLP,aprendizaje,2019-08-01 00:00:00,1,2.0030685572016482,4.144555691383527,2.1414871341818786
LSTM(16) v12,red neuronal,2019-08-01 00:00:00,1,2.0030685572016482,3.2151417932513113,1.212073236049663
LSTM(32) v24,red neuronal,2019-08-01 00:00:00,1,2.0030685572016482,3.26389666807427,1.2608281108726218
CNN 1D v12,red neuronal,2019-08-01 00:00:00,1,2.0030685572016482,2.741734826204291,0.7386662690026427
CNN 1D v24,red neuronal,2019-08-01 00:00:00,1,2.0030685572016482,2.921390341357915,0.9183217841562668
Ingenuo,referencia,2019-09-01 00:00:00,1,3.1734723509095675,2.0030685572016482,-1.1704037937079192
Ingenuo estacional,referencia,2019-09-01 00:00:00,1,3.1734723509095675,3.547013602961302,0.3735412520517345
Deriva,referencia,2019-09-01 00:00:00,1,3.1734723509095675,1.989787250088084,-1.1836851008214835
AR(1),Box-Jenkins,2019-09-01 00:00:00,1,3.1734723509095675,2.5917947548623785,-0.5816775960471889
AR(12),Box-Jenkins,2019-09-01 00:00:00,1,3.1734723509095675,2.6843344931055024,-0.48913785780406505
MA(2),Box-Jenkins,2019-09-01 00:00:00,1,3.1734723509095675,2.7357587125229923,-0.4377136383865752
"ARMA(2,2)",Box-Jenkins,2019-09-01 00:00:00,1,3.1734723509095675,2.76555258185565,-0.4079197690539176
"ARIMA(1,1,1)",Box-Jenkins,2019-09-01 00:00:00,1,3.1734723509095675,2.701423833002033,-0.47204851790753466
"ARIMA(2,1,2)",Box-Jenkins,2019-09-01 00:00:00,1,3.1734723509095675,2.81061116002021,-0.3628611908893573
"SARIMA(1,1,1)(1,1,1,12)",estacional,2019-09-01 00:00:00,1,3.1734723509095675,1.9923526293471034,-1.181119721562464
"SARIMA(2,1,1)(0,1,1,12)",estacional,2019-09-01 00:00:00,1,3.1734723509095675,2.749253127466184,-0.42421922344338325
"SARIMAX(1,1,1)(1,1,1,12)+COVID",estacional,2019-09-01 00:00:00,1,3.1734723509095675,1.9923526293471034,-1.181119721562464
Ridge sobre rezagos,regularizado,2019-09-01 00:00:00,1,3.1734723509095675,2.695132232448401,-0.4783401184611664
Random Forest,aprendizaje,2019-09-01 00:00:00,1,3.1734723509095675,2.9157474234833547,-0.2577249274262128
MLP,aprendizaje,2019-09-01 00:00:00,1,3.1734723509095675,1.4234039345878367,-1.7500684163217308
LSTM(16) v12,red neuronal,2019-09-01 00:00:00,1,3.1734723509095675,2.864108642412261,-0.30936370849730643
LSTM(32) v24,red neuronal,2019-09-01 00:00:00,1,3.1734723509095675,3.0984029878049917,-0.07506936310457579
CNN 1D v12,red neuronal,2019-09-01 00:00:00,1,3.1734723509095675,2.3564474004735585,-0.817024950436009
CNN 1D v24,red neuronal,2019-09-01 00:00:00,1,3.1734723509095675,2.9267997229992178,-0.24667262791034972
Ingenuo,referencia,2019-10-01 00:00:00,1,2.3452733036335216,3.1734723509095675,0.8281990472760459
Ingenuo estacional,referencia,2019-10-01 00:00:00,1,2.3452733036335216,3.413034634795964,1.0677613311624423
Deriva,referencia,2019-10-01 00:00:00,1,2.3452733036335216,3.1673648928918907,0.8220915892583691
AR(1),Box-Jenkins,2019-10-01 00:00:00,1,2.3452733036335216,3.3916476987976774,1.0463743951641558
AR(12),Box-Jenkins,2019-10-01 00:00:00,1,2.3452733036335216,2.7163855261526284,0.3711122225191068
MA(2),Box-Jenkins,2019-10-01 00:00:00,1,2.3452733036335216,3.5758908966372758,1.2306175930037542
"ARMA(2,2)",Box-Jenkins,2019-10-01 00:00:00,1,2.3452733036335216,2.7397690198594384,0.39449571622591684
"ARIMA(1,1,1)",Box-Jenkins,2019-10-01 00:00:00,1,2.3452733036335216,2.6925362901218057,0.34726298648828413
"ARIMA(2,1,2)",Box-Jenkins,2019-10-01 00:00:00,1,2.3452733036335216,2.6125297321362986,0.267256428502777
"SARIMA(1,1,1)(1,1,1,12)",estacional,2019-10-01 00:00:00,1,2.3452733036335216,2.3661638560421068,0.020890552408585172
"SARIMA(2,1,1)(0,1,1,12)",estacional,2019-10-01 00:00:00,1,2.3452733036335216,2.5799287590385904,0.23465545540506882
"SARIMAX(1,1,1)(1,1,1,12)+COVID",estacional,2019-10-01 00:00:00,1,2.3452733036335216,2.3661638560421068,0.020890552408585172
Ridge sobre rezagos,regularizado,2019-10-01 00:00:00,1,2.3452733036335216,2.7310956673652873,0.3858223637317657
Random Forest,aprendizaje,2019-10-01 00:00:00,1,2.3452733036335216,3.1111547205915224,0.7658814169580008
MLP,aprendizaje,2019-10-01 00:00:00,1,2.3452733036335216,2.710773516340171,0.36550021270664956
LSTM(16) v12,red neuronal,2019-10-01 00:00:00,1,2.3452733036335216,2.88649093556374,0.5412176319302184
LSTM(32) v24,red neuronal,2019-10-01 00:00:00,1,2.3452733036335216,3.079473908134492,0.7342006045009706
CNN 1D v12,red neuronal,2019-10-01 00:00:00,1,2.3452733036335216,2.973658151084379,0.6283848474508575
CNN 1D v24,red neuronal,2019-10-01 00:00:00,1,2.3452733036335216,3.041314512686287,0.6960412090527655
Ingenuo,referencia,2019-11-01 00:00:00,1,3.0147948444819495,2.3452733036335216,-0.6695215408484279
Ingenuo estacional,referencia,2019-11-01 00:00:00,1,3.0147948444819495,1.8755730508588364,-1.139221793623113
Deriva,referencia,2019-11-01 00:00:00,1,3.0147948444819495,2.334213486644409,-0.6805813578375406
AR(1),Box-Jenkins,2019-11-01 00:00:00,1,3.0147948444819495,2.8222475258190487,-0.19254731866290076
AR(12),Box-Jenkins,2019-11-01 00:00:00,1,3.0147948444819495,3.260537197339023,0.2457423528570737
MA(2),Box-Jenkins,2019-11-01 00:00:00,1,3.0147948444819495,3.3773705097580535,0.3625756652761041
"ARMA(2,2)",Box-Jenkins,2019-11-01 00:00:00,1,3.0147948444819495,2.7620752814354765,-0.2527195630464729
"ARIMA(1,1,1)",Box-Jenkins,2019-11-01 00:00:00,1,3.0147948444819495,2.692468648548747,-0.32232619593320244
"ARIMA(2,1,2)",Box-Jenkins,2019-11-01 00:00:00,1,3.0147948444819495,2.53027734155568,-0.4845175029262694
"SARIMA(1,1,1)(1,1,1,12)",estacional,2019-11-01 00:00:00,1,3.0147948444819495,3.4797068614707527,0.46491201698880324
"SARIMA(2,1,1)(0,1,1,12)",estacional,2019-11-01 00:00:00,1,3.0147948444819495,2.4361677415647613,-0.5786271029171881
"SARIMAX(1,1,1)(1,1,1,12)+COVID",estacional,2019-11-01 00:00:00,1,3.0147948444819495,3.4797068614707527,0.46491201698880324
Ridge sobre rezagos,regularizado,2019-11-01 00:00:00,1,3.0147948444819495,3.2538665166864336,0.2390716722044841
Random Forest,aprendizaje,2019-11-01 00:00:00,1,3.0147948444819495,2.6575644370970846,-0.3572304073848649
MLP,aprendizaje,2019-11-01 00:00:00,1,3.0147948444819495,3.3652481298713233,0.3504532853893738
LSTM(16) v12,red neuronal,2019-11-01 00:00:00,1,3.0147948444819495,2.9163408586441264,-0.09845398583782305
LSTM(32) v24,red neuronal,2019-11-01 00:00:00,1,3.0147948444819495,2.825935309963108,-0.18885953451884152
CNN 1D v12,red neuronal,2019-11-01 00:00:00,1,3.0147948444819495,3.0052884664426394,-0.009506378039310093
CNN 1D v24,red neuronal,2019-11-01 00:00:00,1,3.0147948444819495,3.0767566003676143,0.06196175588566488
Ingenuo,referencia,2019-12-01 00:00:00,1,3.393472614997406,3.0147948444819495,-0.3786777705154565
Ingenuo estacional,referencia,2019-12-01 00:00:00,1,3.393472614997406,3.6572014274797837,0.2637288124823778
Deriva,referencia,2019-12-01 00:00:00,1,3.393472614997406,3.007810364964918,-0.385662250032488
AR(1),Box-Jenkins,2019-12-01 00:00:00,1,3.393472614997406,3.278418056160324,-0.11505455883708215
AR(12),Box-Jenkins,2019-12-01 00:00:00,1,3.393472614997406,2.9558669125980908,-0.4376057023993152
MA(2),Box-Jenkins,2019-12-01 00:00:00,1,3.393472614997406,3.271749254089162,-0.12172336090824398
"ARMA(2,2)",Box-Jenkins,2019-12-01 00:00:00,1,3.393472614997406,2.8347509390804637,-0.5587216759169422
"ARIMA(1,1,1)",Box-Jenkins,2019-12-01 00:00:00,1,3.393472614997406,2.715159214772199,-0.6783134002252069
"ARIMA(2,1,2)",Box-Jenkins,2019-12-01 00:00:00,1,3.393472614997406,2.7894013646191276,-0.6040712503782784
"SARIMA(1,1,1)(1,1,1,12)",estacional,2019-12-01 00:00:00,1,3.393472614997406,2.1532931124915797,-1.2401795025058262
"SARIMA(2,1,1)(0,1,1,12)",estacional,2019-12-01 00:00:00,1,3.393472614997406,2.719243877888518,-0.674228737108888
"SARIMAX(1,1,1)(1,1,1,12)+COVID",estacional,2019-12-01 00:00:00,1,3.393472614997406,2.1532931124915797,-1.2401795025058262
Ridge sobre rezagos,regularizado,2019-12-01 00:00:00,1,3.393472614997406,2.9518320959069717,-0.4416405190904342
Random Forest,aprendizaje,2019-12-01 00:00:00,1,3.393472614997406,2.7498098160113504,-0.6436627989860555
MLP,aprendizaje,2019-12-01 00:00:00,1,3.393472614997406,2.498689009752785,-0.894783605244621
LSTM(16) v12,red neuronal,2019-12-01 00:00:00,1,3.393472614997406,2.9086251456644963,-0.4848474693329097
LSTM(32) v24,red neuronal,2019-12-01 00:00:00,1,3.393472614997406,2.8294089056370186,-0.5640637093603873
CNN 1D v12,red neuronal,2019-12-01 00:00:00,1,3.393472614997406,3.0037186490824404,-0.3897539659149656
CNN 1D v24,red neuronal,2019-12-01 00:00:00,1,3.393472614997406,3.104599227888309,-0.28887338710909694
Ingenuo,referencia,2020-01-01 00:00:00,1,3.5951920669581527,3.393472614997406,-0.2017194519607468
Ingenuo estacional,referencia,2020-01-01 00:00:00,1,3.5951920669581527,3.523998520631566,-0.0711935463265867
Deriva,referencia,2020-01-01 00:00:00,1,3.5951920669581527,3.38878374411152,-0.20640832284663269
AR(1),Box-Jenkins,2020-01-01 00:00:00,1,3.5951920669581527,3.536213824049096,-0.05897824290905662
AR(12),Box-Jenkins,2020-01-01 00:00:00,1,3.5951920669581527,3.0995803224688947,-0.49561174448925804
MA(2),Box-Jenkins,2020-01-01 00:00:00,1,3.5951920669581527,3.7584518621083802,0.16325979515022748
"ARMA(2,2)",Box-Jenkins,2020-01-01 00:00:00,1,3.5951920669581527,3.112994908913303,-0.48219715804484986
"ARIMA(1,1,1)",Box-Jenkins,2020-01-01 00:00:00,1,3.5951920669581527,3.0070241694554816,-0.5881678975026712
"ARIMA(2,1,2)",Box-Jenkins,2020-01-01 00:00:00,1,3.5951920669581527,2.9748972346642,-0.6202948322939528
"SARIMA(1,1,1)(1,1,1,12)",estacional,2020-01-01 00:00:00,1,3.5951920669581527,2.662600268926453,-0.9325917980316998
"SARIMA(2,1,1)(0,1,1,12)",estacional,2020-01-01 00:00:00,1,3.5951920669581527,2.9006556199383375,-0.6945364470198152
"SARIMAX(1,1,1)(1,1,1,12)+COVID",estacional,2020-01-01 00:00:00,1,3.5951920669581527,3.5172437655508637,-0.07794830140728903
Ridge sobre rezagos,regularizado,2020-01-01 00:00:00,1,3.5951920669581527,3.097979469192,-0.4972125977661528
Random Forest,aprendizaje,2020-01-01 00:00:00,1,3.5951920669581527,3.118776324902776,-0.47641574205537696
MLP,aprendizaje,2020-01-01 00:00:00,1,3.5951920669581527,2.8198041148699504,-0.7753879520882023
LSTM(16) v12,red neuronal,2020-01-01 00:00:00,1,3.5951920669581527,2.9346978374627217,-0.660494229495431
LSTM(32) v24,red neuronal,2020-01-01 00:00:00,1,3.5951920669581527,2.8650341962003134,-0.7301578707578393
CNN 1D v12,red neuronal,2020-01-01 00:00:00,1,3.5951920669581527,3.0605308673283584,-0.5346611996297943
CNN 1D v24,red neuronal,2020-01-01 00:00:00,1,3.5951920669581527,3.224668946602538,-0.37052312035561474
Ingenuo,referencia,2020-02-01 00:00:00,1,-6.289346100232862,3.5951920669581527,9.884538167191014
Ingenuo estacional,referencia,2020-02-01 00:00:00,1,-6.289346100232862,3.348658423710371,9.638004523943234
Deriva,referencia,2020-02-01 00:00:00,1,-6.289346100232862,3.591724547095028,9.88107064732789
AR(1),Box-Jenkins,2020-02-01 00:00:00,1,-6.289346100232862,3.673481152021039,9.962827252253902
AR(12),Box-Jenkins,2020-02-01 00:00:00,1,-6.289346100232862,3.2313174797507376,9.5206635799836
MA(2),Box-Jenkins,2020-02-01 00:00:00,1,-6.289346100232862,3.7695647100585647,10.058910810291426
"ARMA(2,2)",Box-Jenkins,2020-02-01 00:00:00,1,-6.289346100232862,3.401662046392211,9.691008146625073
"ARIMA(1,1,1)",Box-Jenkins,2020-02-01 00:00:00,1,-6.289346100232862,3.290498535631487,9.57984463586435
"ARIMA(2,1,2)",Box-Jenkins,2020-02-01 00:00:00,1,-6.289346100232862,3.3369941396602725,9.626340239893135
"SARIMA(1,1,1)(1,1,1,12)",estacional,2020-02-01 00:00:00,1,-6.289346100232862,3.3508745053604585,9.64022060559332
"SARIMA(2,1,1)(0,1,1,12)",estacional,2020-02-01 00:00:00,1,-6.289346100232862,3.3340989135502443,9.623445013783106
"SARIMAX(1,1,1)(1,1,1,12)+COVID",estacional,2020-02-01 00:00:00,1,-6.289346100232862,3.7027787523053357,9.992124852538197
Ridge sobre rezagos,regularizado,2020-02-01 00:00:00,1,-6.289346100232862,3.232363660712335,9.521709760945196
Random Forest,aprendizaje,2020-02-01 00:00:00,1,-6.289346100232862,2.811915505489022,9.101261605721884
MLP,aprendizaje,2020-02-01 00:00:00,1,-6.289346100232862,0.8908597102583451,7.180205810491207
LSTM(16) v12,red neuronal,2020-02-01 00:00:00,1,-6.289346100232862,3.2253445621947248,9.514690662427586
LSTM(32) v24,red neuronal,2020-02-01 00:00:00,1,-6.289346100232862,3.133974431732325,9.423320531965187
CNN 1D v12,red neuronal,2020-02-01 00:00:00,1,-6.289346100232862,3.1388129076881537,9.428159007921016
CNN 1D v24,red neuronal,2020-02-01 00:00:00,1,-6.289346100232862,3.2656438396637224,9.554989939896585
Ingenuo,referencia,2020-03-01 00:00:00,1,-20.195194204176914,-6.289346100232862,13.905848103944052
Ingenuo estacional,referencia,2020-03-01 00:00:00,1,-20.195194204176914,2.4160679857166523,22.611262189893566
Deriva,referencia,2020-03-01 00:00:00,1,-20.195194204176914,-6.350937565080268,13.844256639096646
AR(1),Box-Jenkins,2020-03-01 00:00:00,1,-20.195194204176914,-3.124069805572521,17.071124398604393
AR(12),Box-Jenkins,2020-03-01 00:00:00,1,-20.195194204176914,0.9977662938712509,21.192960498048166
MA(2),Box-Jenkins,2020-03-01 00:00:00,1,-20.195194204176914,-1.1396593081275186,19.055534896049394
"ARMA(2,2)",Box-Jenkins,2020-03-01 00:00:00,1,-20.195194204176914,1.1031946611544308,21.298388865331344
"ARIMA(1,1,1)",Box-Jenkins,2020-03-01 00:00:00,1,-20.195194204176914,0.36445525246645083,20.559649456643363
"ARIMA(2,1,2)",Box-Jenkins,2020-03-01 00:00:00,1,-20.195194204176914,-0.2048912945016257,19.99030290967529
"SARIMA(1,1,1)(1,1,1,12)",estacional,2020-03-01 00:00:00,1,-20.195194204176914,1.029938202492949,21.225132406669864
"SARIMA(2,1,1)(0,1,1,12)",estacional,2020-03-01 00:00:00,1,-20.195194204176914,0.11549438823555835,20.310688592412472
"SARIMAX(1,1,1)(1,1,1,12)+COVID",estacional,2020-03-01 00:00:00,1,-20.195194204176914,0.9553830136261396,21.150577217803054
Ridge sobre rezagos,regularizado,2020-03-01 00:00:00,1,-20.195194204176914,1.0075061846525766,21.20270038882949
Random Forest,aprendizaje,2020-03-01 00:00:00,1,-20.195194204176914,3.2695831357832192,23.464777339960133
MLP,aprendizaje,2020-03-01 00:00:00,1,-20.195194204176914,3.186699773504781,23.381893977681695
LSTM(16) v12,red neuronal,2020-03-01 00:00:00,1,-20.195194204176914,1.9734759482562914,22.168670152433204
LSTM(32) v24,red neuronal,2020-03-01 00:00:00,1,-20.195194204176914,2.306190565691394,22.50138476986831
CNN 1D v12,red neuronal,2020-03-01 00:00:00,1,-20.195194204176914,2.1638535665506193,22.359047770727535
CNN 1D v24,red neuronal,2020-03-01 00:00:00,1,-20.195194204176914,-0.9964075161421677,19.198786688034748
Ingenuo,referencia,2020-04-01 00:00:00,1,-17.428367439153025,-20.195194204176914,-2.7668267650238896
Ingenuo estacional,referencia,2020-04-01 00:00:00,1,-17.428367439153025,4.212467570390599,21.640835009543622
Deriva,referencia,2020-04-01 00:00:00,1,-17.428367439153025,-20.337746234165238,-2.9093787950122127
AR(1),Box-Jenkins,2020-04-01 00:00:00,1,-17.428367439153025,-17.09039512363578,0.33797231551724494
AR(12),Box-Jenkins,2020-04-01 00:00:00,1,-17.428367439153025,-16.617705111539472,0.810662327613553
MA(2),Box-Jenkins,2020-04-01 00:00:00,1,-17.428367439153025,-12.246535595282094,5.181831843870931
"ARMA(2,2)",Box-Jenkins,2020-04-01 00:00:00,1,-17.428367439153025,-16.08382112455461,1.3445463145984142
"ARIMA(1,1,1)",Box-Jenkins,2020-04-01 00:00:00,1,-17.428367439153025,-15.997613318867664,1.4307541202853606
"ARIMA(2,1,2)",Box-Jenkins,2020-04-01 00:00:00,1,-17.428367439153025,-18.89680639564625,-1.4684389564932268
"SARIMA(1,1,1)(1,1,1,12)",estacional,2020-04-01 00:00:00,1,-17.428367439153025,-17.32634992226976,0.1020175168832651
"SARIMA(2,1,1)(0,1,1,12)",estacional,2020-04-01 00:00:00,1,-17.428367439153025,-16.693015719940117,0.7353517192129075
"SARIMAX(1,1,1)(1,1,1,12)+COVID",estacional,2020-04-01 00:00:00,1,-17.428367439153025,-15.19578321265539,2.232584226497634
Ridge sobre rezagos,regularizado,2020-04-01 00:00:00,1,-17.428367439153025,-16.344861222497865,1.0835062166551594
Random Forest,aprendizaje,2020-04-01 00:00:00,1,-17.428367439153025,-12.246322430760044,5.182045008392981
MLP,aprendizaje,2020-04-01 00:00:00,1,-17.428367439153025,-23.53480689660375,-6.106439457450726
LSTM(16) v12,red neuronal,2020-04-01 00:00:00,1,-17.428367439153025,0.04067703036499237,17.469044469518018
LSTM(32) v24,red neuronal,2020-04-01 00:00:00,1,-17.428367439153025,-2.0134783301351455,15.41488910901788
CNN 1D v12,red neuronal,2020-04-01 00:00:00,1,-17.428367439153025,-2.3016744642663105,15.126692974886714
CNN 1D v24,red neuronal,2020-04-01 00:00:00,1,-17.428367439153025,-6.038152275132928,11.390215164020097
Ingenuo,referencia,2020-05-01 00:00:00,1,-12.540164765225736,-17.428367439153025,-4.888202673927289
Ingenuo estacional,referencia,2020-05-01 00:00:00,1,-12.540164765225736,2.4472601495796997,14.987424914805436
Deriva,referencia,2020-05-01 00:00:00,1,-12.540164765225736,-17.55400447614709,-5.013839710921353
AR(1),Box-Jenkins,2020-05-01 00:00:00,1,-12.540164765225736,-14.81245868116648,-2.272293915940743
AR(12),Box-Jenkins,2020-05-01 00:00:00,1,-12.540164765225736,-17.340183680187213,-4.800018914961477
MA(2),Box-Jenkins,2020-05-01 00:00:00,1,-12.540164765225736,-6.443329571779849,6.096835193445887
"ARMA(2,2)",Box-Jenkins,2020-05-01 00:00:00,1,-12.540164765225736,-16.209128122978548,-3.668963357752812
"ARIMA(1,1,1)",Box-Jenkins,2020-05-01 00:00:00,1,-12.540164765225736,-17.459856140431455,-4.919691375205719
"ARIMA(2,1,2)",Box-Jenkins,2020-05-01 00:00:00,1,-12.540164765225736,-22.249960006641377,-9.709795241415641
"SARIMA(1,1,1)(1,1,1,12)",estacional,2020-05-01 00:00:00,1,-12.540164765225736,-16.33078719981687,-3.7906224345911355
"SARIMA(2,1,1)(0,1,1,12)",estacional,2020-05-01 00:00:00,1,-12.540164765225736,-17.393388212806542,-4.853223447580806
"SARIMAX(1,1,1)(1,1,1,12)+COVID",estacional,2020-05-01 00:00:00,1,-12.540164765225736,-16.648407496524886,-4.10824273129915
Ridge sobre rezagos,regularizado,2020-05-01 00:00:00,1,-12.540164765225736,-17.25898677266988,-4.7188220074441425
Random Forest,aprendizaje,2020-05-01 00:00:00,1,-12.540164765225736,-16.39273737690788,-3.8525726116821453
MLP,aprendizaje,2020-05-01 00:00:00,1,-12.540164765225736,21.14964797618393,33.68981274140967
LSTM(16) v12,red neuronal,2020-05-01 00:00:00,1,-12.540164765225736,-0.2371542554737771,12.303010509751958
LSTM(32) v24,red neuronal,2020-05-01 00:00:00,1,-12.540164765225736,-3.6423326632839275,8.897832101941809
CNN 1D v12,red neuronal,2020-05-01 00:00:00,1,-12.540164765225736,-1.1515282874333734,11.388636477792362
CNN 1D v24,red neuronal,2020-05-01 00:00:00,1,-12.540164765225736,-2.9627373320168515,9.577427433208884
Ingenuo,referencia,2020-06-01 00:00:00,1,-10.639637551522407,-12.540164765225736,-1.900527213703329
Ingenuo estacional,referencia,2020-06-01 00:00:00,1,-10.639637551522407,4.284822490962559,14.924460042484966
Deriva,referencia,2020-06-01 00:00:00,1,-10.639637551522407,-12.63682006978673,-1.9971825182643226
AR(1),Box-Jenkins,2020-06-01 00:00:00,1,-10.639637551522407,-10.15539305207383,0.48424449944857706
AR(12),Box-Jenkins,2020-06-01 00:00:00,1,-10.639637551522407,-9.696427383420941,0.9432101681014657
MA(2),Box-Jenkins,2020-06-01 00:00:00,1,-10.639637551522407,-2.8914991483862993,7.748138403136108
"ARMA(2,2)",Box-Jenkins,2020-06-01 00:00:00,1,-10.639637551522407,-11.931826282034486,-1.2921887305120787
"ARIMA(1,1,1)",Box-Jenkins,2020-06-01 00:00:00,1,-10.639637551522407,-12.467877884373095,-1.8282403328506884
"ARIMA(2,1,2)",Box-Jenkins,2020-06-01 00:00:00,1,-10.639637551522407,-12.37105755262989,-1.7314200011074838
"SARIMA(1,1,1)(1,1,1,12)",estacional,2020-06-01 00:00:00,1,-10.639637551522407,-12.589826869018431,-1.950189317496024
"SARIMA(2,1,1)(0,1,1,12)",estacional,2020-06-01 00:00:00,1,-10.639637551522407,-11.889401592821407,-1.2497640412990005
"SARIMAX(1,1,1)(1,1,1,12)+COVID",estacional,2020-06-01 00:00:00,1,-10.639637551522407,-11.858999036845681,-1.2193614853232742
Ridge sobre rezagos,regularizado,2020-06-01 00:00:00,1,-10.639637551522407,-9.827024046021002,0.812613505501405
Random Forest,aprendizaje,2020-06-01 00:00:00,1,-10.639637551522407,-15.777904552260482,-5.138267000738075
MLP,aprendizaje,2020-06-01 00:00:00,1,-10.639637551522407,11.636837867594657,22.276475419117062
LSTM(16) v12,red neuronal,2020-06-01 00:00:00,1,-10.639637551522407,-0.33753709050110103,10.302100461021306
LSTM(32) v24,red neuronal,2020-06-01 00:00:00,1,-10.639637551522407,-4.310532411008122,6.329105140514285
CNN 1D v12,red neuronal,2020-06-01 00:00:00,1,-10.639637551522407,-1.759626862104132,8.880010689418274
CNN 1D v24,red neuronal,2020-06-01 00:00:00,1,-10.639637551522407,-9.770221654442578,0.8694158970798291
Ingenuo,referencia,2020-07-01 00:00:00,1,-10.389555164403808,-10.639637551522407,-0.2500823871185993
Ingenuo estacional,referencia,2020-07-01 00:00:00,1,-10.389555164403808,2.5275644604989767,12.917119624902785
Deriva,referencia,2020-07-01 00:00:00,1,-10.389555164403808,-10.724814795633606,-0.33525963122979796
AR(1),Box-Jenkins,2020-07-01 00:00:00,1,-10.389555164403808,-8.600406416816702,1.789148747587106
AR(12),Box-Jenkins,2020-07-01 00:00:00,1,-10.389555164403808,-6.417441498059408,3.9721136663443994
MA(2),Box-Jenkins,2020-07-01 00:00:00,1,-10.389555164403808,-5.240744130479891,5.148811033923916
"ARMA(2,2)",Box-Jenkins,2020-07-01 00:00:00,1,-10.389555164403808,-9.208195340868754,1.181359823535054
"ARIMA(1,1,1)",Box-Jenkins,2020-07-01 00:00:00,1,-10.389555164403808,-10.636261637241045,-0.24670647283723746
"ARIMA(2,1,2)",Box-Jenkins,2020-07-01 00:00:00,1,-10.389555164403808,-10.269991753353818,0.11956341104998991
"SARIMA(1,1,1)(1,1,1,12)",estacional,2020-07-01 00:00:00,1,-10.389555164403808,-9.908885363320262,0.48066980108354507
"SARIMA(2,1,1)(0,1,1,12)",estacional,2020-07-01 00:00:00,1,-10.389555164403808,-10.47762680094101,-0.08807163653720274
"SARIMAX(1,1,1)(1,1,1,12)+COVID",estacional,2020-07-01 00:00:00,1,-10.389555164403808,-9.564799319857329,0.8247558445464787
Ridge sobre rezagos,regularizado,2020-07-01 00:00:00,1,-10.389555164403808,-6.504719319141415,3.8848358452623923
Random Forest,aprendizaje,2020-07-01 00:00:00,1,-10.389555164403808,-13.757513140718688,-3.36795797631488
MLP,aprendizaje,2020-07-01 00:00:00,1,-10.389555164403808,4.247654033476358,14.637209197880166
LSTM(16) v12,red neuronal,2020-07-01 00:00:00,1,-10.389555164403808,-0.378172981193063,10.011382183210745
LSTM(32) v24,red neuronal,2020-07-01 00:00:00,1,-10.389555164403808,-4.37476740061472,6.014787763789087
CNN 1D v12,red neuronal,2020-07-01 00:00:00,1,-10.389555164403808,-2.6873987978039477,7.70215636659986
CNN 1D v24,red neuronal,2020-07-01 00:00:00,1,-10.389555164403808,-6.712403204760106,3.6771519596437017
Ingenuo,referencia,2020-08-01 00:00:00,1,-6.462847566547958,-10.389555164403808,-3.9267075978558497
Ingenuo estacional,referencia,2020-08-01 00:00:00,1,-6.462847566547958,2.0030685572016482,8.465916123749606
Deriva,referencia,2020-08-01 00:00:00,1,-6.462847566547958,-10.472816639193693,-4.0099690726457355
AR(1),Box-Jenkins,2020-08-01 00:00:00,1,-6.462847566547958,-8.541216323168099,-2.078368756620141
AR(12),Box-Jenkins,2020-08-01 00:00:00,1,-6.462847566547958,-10.886685611466866,-4.4238380449189085
MA(2),Box-Jenkins,2020-08-01 00:00:00,1,-6.462847566547958,-4.115671718580661,2.3471758479672973
"ARMA(2,2)",Box-Jenkins,2020-08-01 00:00:00,1,-6.462847566547958,-9.297288317107745,-2.8344407505597866
"ARIMA(1,1,1)",Box-Jenkins,2020-08-01 00:00:00,1,-6.462847566547958,-10.413322736309034,-3.9504751697610763
"ARIMA(2,1,2)",Box-Jenkins,2020-08-01 00:00:00,1,-6.462847566547958,-10.484697334864764,-4.021849768316806
"SARIMA(1,1,1)(1,1,1,12)",estacional,2020-08-01 00:00:00,1,-6.462847566547958,-10.566403170535512,-4.103555603987554
"SARIMA(2,1,1)(0,1,1,12)",estacional,2020-08-01 00:00:00,1,-6.462847566547958,-10.494924533360704,-4.032076966812746
"SARIMAX(1,1,1)(1,1,1,12)+COVID",estacional,2020-08-01 00:00:00,1,-6.462847566547958,-10.310475686869207,-3.8476281203212492
Ridge sobre rezagos,regularizado,2020-08-01 00:00:00,1,-6.462847566547958,-10.790177521923782,-4.327329955375824
Random Forest,aprendizaje,2020-08-01 00:00:00,1,-6.462847566547958,-13.43100734323185,-6.968159776683891
MLP,aprendizaje,2020-08-01 00:00:00,1,-6.462847566547958,-15.794330205616264,-9.331482639068305
LSTM(16) v12,red neuronal,2020-08-01 00:00:00,1,-6.462847566547958,-0.366173293147535,6.0966742734004225
LSTM(32) v24,red neuronal,2020-08-01 00:00:00,1,-6.462847566547958,-4.694638731963434,1.7682088345845237
CNN 1D v12,red neuronal,2020-08-01 00:00:00,1,-6.462847566547958,-3.3775898270029163,3.0852577395450416
CNN 1D v24,red neuronal,2020-08-01 00:00:00,1,-6.462847566547958,0.8136285580630522,7.27647612461101
Ingenuo,referencia,2020-09-01 00:00:00,1,-4.674781094607483,-6.462847566547958,-1.7880664719404749
Ingenuo estacional,referencia,2020-09-01 00:00:00,1,-4.674781094607483,3.1734723509095675,7.8482534455170505
Deriva,referencia,2020-09-01 00:00:00,1,-4.674781094607483,-6.523325126152357,-1.8485440315448738
AR(1),Box-Jenkins,2020-09-01 00:00:00,1,-4.674781094607483,-5.047973513233944,-0.373192418626461
AR(12),Box-Jenkins,2020-09-01 00:00:00,1,-4.674781094607483,-9.704665611967119,-5.029884517359636
MA(2),Box-Jenkins,2020-09-01 00:00:00,1,-4.674781094607483,-0.954652368755776,3.720128725851707
"ARMA(2,2)",Box-Jenkins,2020-09-01 00:00:00,1,-4.674781094607483,-5.425925474577177,-0.751144379969694
"ARIMA(1,1,1)",Box-Jenkins,2020-09-01 00:00:00,1,-4.674781094607483,-6.789768605226029,-2.114987510618546
"ARIMA(2,1,2)",Box-Jenkins,2020-09-01 00:00:00,1,-4.674781094607483,-6.398032935688325,-1.7232518410808417
"SARIMA(1,1,1)(1,1,1,12)",estacional,2020-09-01 00:00:00,1,-4.674781094607483,-7.142521632904881,-2.467740538297398
"SARIMA(2,1,1)(0,1,1,12)",estacional,2020-09-01 00:00:00,1,-4.674781094607483,-6.288062933532787,-1.613281838925304
"SARIMAX(1,1,1)(1,1,1,12)+COVID",estacional,2020-09-01 00:00:00,1,-4.674781094607483,-7.038211851023442,-2.3634307564159593
Ridge sobre rezagos,regularizado,2020-09-01 00:00:00,1,-4.674781094607483,-9.680324140622416,-5.005543046014933
Random Forest,aprendizaje,2020-09-01 00:00:00,1,-4.674781094607483,-10.292066278903372,-5.617285184295889
MLP,aprendizaje,2020-09-01 00:00:00,1,-4.674781094607483,6.09967144621929,10.774452540826772
LSTM(16) v12,red neuronal,2020-09-01 00:00:00,1,-4.674781094607483,-0.395499592285824,4.279281502321659
LSTM(32) v24,red neuronal,2020-09-01 00:00:00,1,-4.674781094607483,-4.325016815462226,0.34976427914525665
CNN 1D v12,red neuronal,2020-09-01 00:00:00,1,-4.674781094607483,-3.5644841936842466,1.1102969009232364
CNN 1D v24,red neuronal,2020-09-01 00:00:00,1,-4.674781094607483,-7.255982417996735,-2.5812013233892523
Ingenuo,referencia,2020-10-01 00:00:00,1,-3.6520931144168434,-4.674781094607483,-1.0226879801906397
Ingenuo estacional,referencia,2020-10-01 00:00:00,1,-3.6520931144168434,2.3452733036335216,5.997366418050365
Deriva,referencia,2020-10-01 00:00:00,1,-3.6520931144168434,-4.724814902621232,-1.072721788204389
AR(1),Box-Jenkins,2020-10-01 00:00:00,1,-3.6520931144168434,-3.5180460760942727,0.1340470383225707
AR(12),Box-Jenkins,2020-10-01 00:00:00,1,-3.6520931144168434,-7.296416992892813,-3.6443238784759697
MA(2),Box-Jenkins,2020-10-01 00:00:00,1,-3.6520931144168434,-1.0559917090996613,2.596101405317182
"ARMA(2,2)",Box-Jenkins,2020-10-01 00:00:00,1,-3.6520931144168434,-4.112344196092619,-0.46025108167577544
"ARIMA(1,1,1)",Box-Jenkins,2020-10-01 00:00:00,1,-3.6520931144168434,-4.572389875126818,-0.920296760709975
"ARIMA(2,1,2)",Box-Jenkins,2020-10-01 00:00:00,1,-3.6520931144168434,-4.871101052618888,-1.219007938202045
"SARIMA(1,1,1)(1,1,1,12)",estacional,2020-10-01 00:00:00,1,-3.6520931144168434,-5.063042261102925,-1.410949146686082
"SARIMA(2,1,1)(0,1,1,12)",estacional,2020-10-01 00:00:00,1,-3.6520931144168434,-4.490527945710818,-0.8384348312939749
"SARIMAX(1,1,1)(1,1,1,12)+COVID",estacional,2020-10-01 00:00:00,1,-3.6520931144168434,-5.088550115849946,-1.4364570014331028
Ridge sobre rezagos,regularizado,2020-10-01 00:00:00,1,-3.6520931144168434,-7.332109521688558,-3.6800164072717148
Random Forest,aprendizaje,2020-10-01 00:00:00,1,-3.6520931144168434,-9.834477690385002,-6.182384575968159
MLP,aprendizaje,2020-10-01 00:00:00,1,-3.6520931144168434,-7.316485770465897,-3.664392656049054
LSTM(16) v12,red neuronal,2020-10-01 00:00:00,1,-3.6520931144168434,-0.3261102188913134,3.32598289552553
LSTM(32) v24,red neuronal,2020-10-01 00:00:00,1,-3.6520931144168434,-3.7863668332170666,-0.1342737188002232
CNN 1D v12,red neuronal,2020-10-01 00:00:00,1,-3.6520931144168434,-3.78547014972068,-0.1333770353038366
CNN 1D v24,red neuronal,2020-10-01 00:00:00,1,-3.6520931144168434,-2.9553113816269874,0.696781732789856
Ingenuo,referencia,2020-11-01 00:00:00,1,-2.159492982055289,-3.6520931144168434,-1.4926001323615545
Ingenuo estacional,referencia,2020-11-01 00:00:00,1,-2.159492982055289,3.0147948444819495,5.174287826537238
Deriva,referencia,2020-11-01 00:00:00,1,-2.159492982055289,-3.6961003955305682,-1.5366074134752794
AR(1),Box-Jenkins,2020-11-01 00:00:00,1,-2.159492982055289,-2.6550143779007502,-0.4955213958454614
AR(12),Box-Jenkins,2020-11-01 00:00:00,1,-2.159492982055289,-3.002901681456149,-0.84340869940086
MA(2),Box-Jenkins,2020-11-01 00:00:00,1,-2.159492982055289,-0.7767335364083912,1.3827594456468977
"ARMA(2,2)",Box-Jenkins,2020-11-01 00:00:00,1,-2.159492982055289,-2.7399591229311255,-0.5804661408758367
"ARIMA(1,1,1)",Box-Jenkins,2020-11-01 00:00:00,1,-2.159492982055289,-3.543945553995859,-1.38445257194057
"ARIMA(2,1,2)",Box-Jenkins,2020-11-01 00:00:00,1,-2.159492982055289,-3.4580805798149843,-1.2985875977596955
"SARIMA(1,1,1)(1,1,1,12)",estacional,2020-11-01 00:00:00,1,-2.159492982055289,-4.450039427786064,-2.290546445730775
"SARIMA(2,1,1)(0,1,1,12)",estacional,2020-11-01 00:00:00,1,-2.159492982055289,-3.6391045873098022,-1.4796116052545134
"SARIMAX(1,1,1)(1,1,1,12)+COVID",estacional,2020-11-01 00:00:00,1,-2.159492982055289,-4.501375291714496,-2.3418823096592067
Ridge sobre rezagos,regularizado,2020-11-01 00:00:00,1,-2.159492982055289,-3.1059259192312707,-0.9464329371759819
Random Forest,aprendizaje,2020-11-01 00:00:00,1,-2.159492982055289,-2.9742945392940126,-0.8148015572387237
MLP,aprendizaje,2020-11-01 00:00:00,1,-2.159492982055289,5.451509885883863,7.611002867939152
LSTM(16) v12,red neuronal,2020-11-01 00:00:00,1,-2.159492982055289,-0.23261543471121504,1.9268775473440738
LSTM(32) v24,red neuronal,2020-11-01 00:00:00,1,-2.159492982055289,-3.4616749453304005,-1.3021819632751117
CNN 1D v12,red neuronal,2020-11-01 00:00:00,1,-2.159492982055289,-3.738431866952714,-1.578938884897425
CNN 1D v24,red neuronal,2020-11-01 00:00:00,1,-2.159492982055289,-5.873967661510953,-3.7144746794556642
Ingenuo,referencia,2020-12-01 00:00:00,1,-3.359345313804174,-2.159492982055289,1.1998523317488852
Ingenuo estacional,referencia,2020-12-01 00:00:00,1,-3.359345313804174,3.393472614997406,6.75281792880158
Deriva,referencia,2020-12-01 00:00:00,1,-3.359345313804174,-2.194915864211051,1.164429449593123
AR(1),Box-Jenkins,2020-12-01 00:00:00,1,-3.359345313804174,-1.3808080908342601,1.9785372229699139
AR(12),Box-Jenkins,2020-12-01 00:00:00,1,-3.359345313804174,-3.068298397805066,0.2910469159991078
MA(2),Box-Jenkins,2020-12-01 00:00:00,1,-3.359345313804174,0.7141114597391556,4.073456773543329
"ARMA(2,2)",Box-Jenkins,2020-12-01 00:00:00,1,-3.359345313804174,-1.746907858625557,1.612437455178617
"ARIMA(1,1,1)",Box-Jenkins,2020-12-01 00:00:00,1,-3.359345313804174,-2.18137046813551,1.1779748456686638
"ARIMA(2,1,2)",Box-Jenkins,2020-12-01 00:00:00,1,-3.359345313804174,-2.3152548606273355,1.0440904531768385
"SARIMA(1,1,1)(1,1,1,12)",estacional,2020-12-01 00:00:00,1,-3.359345313804174,-3.24781956157321,0.11152575223096406
"SARIMA(2,1,1)(0,1,1,12)",estacional,2020-12-01 00:00:00,1,-3.359345313804174,-2.6555060950167393,0.7038392187874347
"SARIMAX(1,1,1)(1,1,1,12)+COVID",estacional,2020-12-01 00:00:00,1,-3.359345313804174,-0.7873148222973985,2.5720304915067755
Ridge sobre rezagos,regularizado,2020-12-01 00:00:00,1,-3.359345313804174,-3.058446833673682,0.3008984801304919
Random Forest,aprendizaje,2020-12-01 00:00:00,1,-3.359345313804174,-1.271547327387054,2.08779798641712
MLP,aprendizaje,2020-12-01 00:00:00,1,-3.359345313804174,-1.069656704199853,2.2896886096043207
LSTM(16) v12,red neuronal,2020-12-01 00:00:00,1,-3.359345313804174,-0.06325829891562007,3.296087014888554
LSTM(32) v24,red neuronal,2020-12-01 00:00:00,1,-3.359345313804174,-2.975508985562798,0.3838363282413759
CNN 1D v12,red neuronal,2020-12-01 00:00:00,1,-3.359345313804174,-3.280578694249442,0.07876661955473185
CNN 1D v24,red neuronal,2020-12-01 00:00:00,1,-3.359345313804174,-6.004606925243233,-2.645261611439059
Ingenuo,referencia,2021-01-01 00:00:00,1,-3.1554283932496707,-3.359345313804174,-0.20391692055450328
Ingenuo estacional,referencia,2021-01-01 00:00:00,1,-3.1554283932496707,3.5951920669581527,6.7506204602078235
Deriva,referencia,2021-01-01 00:00:00,1,-3.1554283932496707,-3.4012372484576763,-0.24580885520800555
AR(1),Box-Jenkins,2021-01-01 00:00:00,1,-3.1554283932496707,-2.4311646668117337,0.724263726437937
AR(12),Box-Jenkins,2021-01-01 00:00:00,1,-3.1554283932496707,-6.977721994553667,-3.822293601303996
MA(2),Box-Jenkins,2021-01-01 00:00:00,1,-3.1554283932496707,-1.0770774278866453,2.0783509653630254
"ARMA(2,2)",Box-Jenkins,2021-01-01 00:00:00,1,-3.1554283932496707,-2.4518970303572085,0.7035313628924622
"ARIMA(1,1,1)",Box-Jenkins,2021-01-01 00:00:00,1,-3.1554283932496707,-3.258344041054191,-0.10291564780452012
"ARIMA(2,1,2)",Box-Jenkins,2021-01-01 00:00:00,1,-3.1554283932496707,-3.2719271408299027,-0.11649874758023193
"SARIMA(1,1,1)(1,1,1,12)",estacional,2021-01-01 00:00:00,1,-3.1554283932496707,-3.8374437555498586,-0.6820153623001879
"SARIMA(2,1,1)(0,1,1,12)",estacional,2021-01-01 00:00:00,1,-3.1554283932496707,-3.0128696190496083,0.14255877420006247
"SARIMAX(1,1,1)(1,1,1,12)+COVID",estacional,2021-01-01 00:00:00,1,-3.1554283932496707,-3.9473550661344357,-0.7919266728847649
Ridge sobre rezagos,regularizado,2021-01-01 00:00:00,1,-3.1554283932496707,-6.858901488637026,-3.7034730953873556
Random Forest,aprendizaje,2021-01-01 00:00:00,1,-3.1554283932496707,-2.84482306157966,0.3106053316700108
MLP,aprendizaje,2021-01-01 00:00:00,1,-3.1554283932496707,-7.41786293821488,-4.26243454496521
LSTM(16) v12,red neuronal,2021-01-01 00:00:00,1,-3.1554283932496707,-0.012255675056422,3.1431727181932487
LSTM(32) v24,red neuronal,2021-01-01 00:00:00,1,-3.1554283932496707,-2.601113125642826,0.5543152676068446
CNN 1D v12,red neuronal,2021-01-01 00:00:00,1,-3.1554283932496707,-3.247011527055015,-0.09158313380534411
CNN 1D v24,red neuronal,2021-01-01 00:00:00,1,-3.1554283932496707,-5.475503201698595,-2.3200748084489247
Ingenuo,referencia,2021-02-01 00:00:00,1,11.20403642761838,-3.1554283932496707,-14.359464820868052
Ingenuo estacional,referencia,2021-02-01 00:00:00,1,11.20403642761838,-6.289346100232862,-17.493382527851242
Deriva,referencia,2021-02-01 00:00:00,1,11.20403642761838,-3.195962267929648,-14.399998695548028
AR(1),Box-Jenkins,2021-02-01 00:00:00,1,11.20403642761838,-2.2719484111489927,-13.475984838767372
AR(12),Box-Jenkins,2021-02-01 00:00:00,1,11.20403642761838,-2.57836411576912,-13.7824005433875
MA(2),Box-Jenkins,2021-02-01 00:00:00,1,11.20403642761838,-0.6354278872251555,-11.839464314843536
"ARMA(2,2)",Box-Jenkins,2021-02-01 00:00:00,1,11.20403642761838,-2.4354802077705733,-13.639516635388954
"ARIMA(1,1,1)",Box-Jenkins,2021-02-01 00:00:00,1,11.20403642761838,-3.090431316207252,-14.294467743825631
"ARIMA(2,1,2)",Box-Jenkins,2021-02-01 00:00:00,1,11.20403642761838,-3.165250790784226,-14.369287218402606
"SARIMA(1,1,1)(1,1,1,12)",estacional,2021-02-01 00:00:00,1,11.20403642761838,-1.2956324833800572,-12.499668910998437
"SARIMA(2,1,1)(0,1,1,12)",estacional,2021-02-01 00:00:00,1,11.20403642761838,-3.7749033732580983,-14.978939800876478
"SARIMAX(1,1,1)(1,1,1,12)+COVID",estacional,2021-02-01 00:00:00,1,11.20403642761838,-1.5965842823085659,-12.800620709926946
Ridge sobre rezagos,regularizado,2021-02-01 00:00:00,1,11.20403642761838,-2.581497398030126,-13.785533825648507
Random Forest,aprendizaje,2021-02-01 00:00:00,1,11.20403642761838,-3.0423362122407553,-14.246372639859135
MLP,aprendizaje,2021-02-01 00:00:00,1,11.20403642761838,5.623853819856771,-5.580182607761609
LSTM(16) v12,red neuronal,2021-02-01 00:00:00,1,11.20403642761838,-0.02103148830177748,-11.225067915920157
LSTM(32) v24,red neuronal,2021-02-01 00:00:00,1,11.20403642761838,-2.7866441274535196,-13.9906805550719
CNN 1D v12,red neuronal,2021-02-01 00:00:00,1,11.20403642761838,-2.4134031884792835,-13.617439616097663
CNN 1D v24,red neuronal,2021-02-01 00:00:00,1,11.20403642761838,3.5412976018631586,-7.662738825755222
Ingenuo,referencia,2021-03-01 00:00:00,1,25.439138020790875,11.20403642761838,-14.235101593172494
Ingenuo estacional,referencia,2021-03-01 00:00:00,1,25.439138020790875,-20.195194204176914,-45.63433222496779
Deriva,referencia,2021-03-01 00:00:00,1,25.439138020790875,11.242623424891963,-14.196514595898911
AR(1),Box-Jenkins,2021-03-01 00:00:00,1,25.439138020790875,9.797102090262639,-15.642035930528236
AR(12),Box-Jenkins,2021-03-01 00:00:00,1,25.439138020790875,15.80634251635608,-9.632795504434794
MA(2),Box-Jenkins,2021-03-01 00:00:00,1,25.439138020790875,12.240736758921896,-13.198401261868979
"ARMA(2,2)",Box-Jenkins,2021-03-01 00:00:00,1,25.439138020790875,9.473861427117814,-15.96527659367306
"ARIMA(1,1,1)",Box-Jenkins,2021-03-01 00:00:00,1,25.439138020790875,8.365441595358435,-17.073696425432438
"ARIMA(2,1,2)",Box-Jenkins,2021-03-01 00:00:00,1,25.439138020790875,9.668541056688584,-15.77059696410229
"SARIMA(1,1,1)(1,1,1,12)",estacional,2021-03-01 00:00:00,1,25.439138020790875,15.66112557137527,-9.778012449415604
"SARIMA(2,1,1)(0,1,1,12)",estacional,2021-03-01 00:00:00,1,25.439138020790875,7.158277303188491,-18.280860717602383
"SARIMAX(1,1,1)(1,1,1,12)+COVID",estacional,2021-03-01 00:00:00,1,25.439138020790875,14.962278954295975,-10.4768590664949
Ridge sobre rezagos,regularizado,2021-03-01 00:00:00,1,25.439138020790875,15.542597744044704,-9.89654027674617
Random Forest,aprendizaje,2021-03-01 00:00:00,1,25.439138020790875,4.883000275697978,-20.556137745092897
MLP,aprendizaje,2021-03-01 00:00:00,1,25.439138020790875,21.12524896339019,-4.313889057400683
LSTM(16) v12,red neuronal,2021-03-01 00:00:00,1,25.439138020790875,3.0304060913417517,-22.40873192944912
LSTM(32) v24,red neuronal,2021-03-01 00:00:00,1,25.439138020790875,1.7434416573779643,-23.69569636341291
CNN 1D v12,red neuronal,2021-03-01 00:00:00,1,25.439138020790875,3.000392733324929,-22.438745287465945
CNN 1D v24,red neuronal,2021-03-01 00:00:00,1,25.439138020790875,1.900608251166066,-23.53852976962481
Ingenuo,referencia,2021-04-01 00:00:00,1,13.277368414515923,25.439138020790875,12.161769606274952
Ingenuo estacional,referencia,2021-04-01 00:00:00,1,13.277368414515923,-17.428367439153025,-30.705735853668948
Deriva,referencia,2021-04-01 00:00:00,1,13.277368414515923,25.55530160055571,12.277933186039785
AR(1),Box-Jenkins,2021-04-01 00:00:00,1,13.277368414515923,22.552360048316363,9.27499163380044
AR(12),Box-Jenkins,2021-04-01 00:00:00,1,13.277368414515923,29.77360887409086,16.49624045957494
MA(2),Box-Jenkins,2021-04-01 00:00:00,1,13.277368414515923,20.148844235252394,6.871475820736471
"ARMA(2,2)",Box-Jenkins,2021-04-01 00:00:00,1,13.277368414515923,26.667022367015864,13.389653952499941
"ARIMA(1,1,1)",Box-Jenkins,2021-04-01 00:00:00,1,13.277368414515923,25.405270706807478,12.127902292291555
"ARIMA(2,1,2)",Box-Jenkins,2021-04-01 00:00:00,1,13.277368414515923,26.22910647774474,12.951738063228817
"SARIMA(1,1,1)(1,1,1,12)",estacional,2021-04-01 00:00:00,1,13.277368414515923,22.414262185036407,9.136893770520484
"SARIMA(2,1,1)(0,1,1,12)",estacional,2021-04-01 00:00:00,1,13.277368414515923,26.036168141230377,12.758799726714454
"SARIMAX(1,1,1)(1,1,1,12)+COVID",estacional,2021-04-01 00:00:00,1,13.277368414515923,22.023886379706884,8.74651796519096
Ridge sobre rezagos,regularizado,2021-04-01 00:00:00,1,13.277368414515923,29.606115465453136,16.328747050937213
Random Forest,aprendizaje,2021-04-01 00:00:00,1,13.277368414515923,18.06489815327789,4.787529738761968
MLP,aprendizaje,2021-04-01 00:00:00,1,13.277368414515923,35.859504095868786,22.582135681352863
LSTM(16) v12,red neuronal,2021-04-01 00:00:00,1,13.277368414515923,8.323610863377848,-4.953757551138075
LSTM(32) v24,red neuronal,2021-04-01 00:00:00,1,13.277368414515923,8.219766906114902,-5.057601508401021
CNN 1D v12,red neuronal,2021-04-01 00:00:00,1,13.277368414515923,7.875407385466792,-5.401961029049131
CNN 1D v24,red neuronal,2021-04-01 00:00:00,1,13.277368414515923,6.833774553431079,-6.443593861084844
Ingenuo,referencia,2021-05-01 00:00:00,1,15.402785888200764,13.277368414515923,-2.1254174736848412
Ingenuo estacional,referencia,2021-05-01 00:00:00,1,15.402785888200764,-12.540164765225736,-27.9429506534265
Deriva,referencia,2021-05-01 00:00:00,1,15.402785888200764,13.326804096530541,-2.0759817916702232
AR(1),Box-Jenkins,2021-05-01 00:00:00,1,15.402785888200764,11.375333231609329,-4.027452656591436
AR(12),Box-Jenkins,2021-05-01 00:00:00,1,15.402785888200764,13.30846728325966,-2.0943186049411047
MA(2),Box-Jenkins,2021-05-01 00:00:00,1,15.402785888200764,2.4970748056996457,-12.905711082501119
"ARMA(2,2)",Box-Jenkins,2021-05-01 00:00:00,1,15.402785888200764,9.888016063899995,-5.514769824300769
"ARIMA(1,1,1)",Box-Jenkins,2021-05-01 00:00:00,1,15.402785888200764,11.280801529220163,-4.121984358980601
"ARIMA(2,1,2)",Box-Jenkins,2021-05-01 00:00:00,1,15.402785888200764,10.20579688324576,-5.196989004955004
"SARIMA(1,1,1)(1,1,1,12)",estacional,2021-05-01 00:00:00,1,15.402785888200764,9.919015491123965,-5.4837703970768
"SARIMA(2,1,1)(0,1,1,12)",estacional,2021-05-01 00:00:00,1,15.402785888200764,9.821364258822161,-5.581421629378603
"SARIMAX(1,1,1)(1,1,1,12)+COVID",estacional,2021-05-01 00:00:00,1,15.402785888200764,10.015552347544844,-5.38723354065592
Ridge sobre rezagos,regularizado,2021-05-01 00:00:00,1,15.402785888200764,13.629352718985883,-1.773433169214881
Random Forest,aprendizaje,2021-05-01 00:00:00,1,15.402785888200764,13.923780284847744,-1.47900560335302
MLP,aprendizaje,2021-05-01 00:00:00,1,15.402785888200764,7.971401566836385,-7.431384321364379
LSTM(16) v12,red neuronal,2021-05-01 00:00:00,1,15.402785888200764,9.850823672935622,-5.551962215265142
LSTM(32) v24,red neuronal,2021-05-01 00:00:00,1,15.402785888200764,10.60507374399015,-4.797712144210614
CNN 1D v12,red neuronal,2021-05-01 00:00:00,1,15.402785888200764,6.857823761507394,-8.54496212669337
CNN 1D v24,red neuronal,2021-05-01 00:00:00,1,15.402785888200764,6.145509990423205,-9.257275897777559
Ingenuo,referencia,2021-06-01 00:00:00,1,13.192915812715,15.402785888200764,2.209870075485764
Ingenuo estacional,referencia,2021-06-01 00:00:00,1,13.192915812715,-10.639637551522407,-23.832553364237405
Deriva,referencia,2021-06-01 00:00:00,1,13.192915812715,15.4634430934136,2.2705272806986
AR(1),Box-Jenkins,2021-06-01 00:00:00,1,13.192915812715,13.247886300372492,0.05497048765749213
AR(12),Box-Jenkins,2021-06-01 00:00:00,1,13.192915812715,21.74174535139347,8.548829538678469
MA(2),Box-Jenkins,2021-06-01 00:00:00,1,13.192915812715,10.757303126768328,-2.4356126859466727
"ARMA(2,2)",Box-Jenkins,2021-06-01 00:00:00,1,13.192915812715,14.584116568542997,1.391200755827997
"ARIMA(1,1,1)",Box-Jenkins,2021-06-01 00:00:00,1,13.192915812715,14.947198619893856,1.7542828071788552
"ARIMA(2,1,2)",Box-Jenkins,2021-06-01 00:00:00,1,13.192915812715,14.25378457274997,1.0608687600349693
"SARIMA(1,1,1)(1,1,1,12)",estacional,2021-06-01 00:00:00,1,13.192915812715,13.679626244180417,0.4867104314654167
"SARIMA(2,1,1)(0,1,1,12)",estacional,2021-06-01 00:00:00,1,13.192915812715,18.646287119179263,5.453371306464263
"SARIMAX(1,1,1)(1,1,1,12)+COVID",estacional,2021-06-01 00:00:00,1,13.192915812715,12.895006567504021,-0.2979092452109793
Ridge sobre rezagos,regularizado,2021-06-01 00:00:00,1,13.192915812715,21.511322758648546,8.318406945933546
Random Forest,aprendizaje,2021-06-01 00:00:00,1,13.192915812715,14.973720424923922,1.7808046122089216
MLP,aprendizaje,2021-06-01 00:00:00,1,13.192915812715,38.83597431690989,25.64305850419489
LSTM(16) v12,red neuronal,2021-06-01 00:00:00,1,13.192915812715,11.229195141353303,-1.9637206713616973
LSTM(32) v24,red neuronal,2021-06-01 00:00:00,1,13.192915812715,12.082108241524372,-1.1108075711906285
CNN 1D v12,red neuronal,2021-06-01 00:00:00,1,13.192915812715,5.918957191635156,-7.273958621079844
CNN 1D v24,red neuronal,2021-06-01 00:00:00,1,13.192915812715,4.60780383519271,-8.58511197752229
Ingenuo,referencia,2021-07-01 00:00:00,1,11.699017752583707,13.192915812715,1.4938980601312934
Ingenuo estacional,referencia,2021-07-01 00:00:00,1,11.699017752583707,-10.389555164403808,-22.088572916987516
Deriva,referencia,2021-07-01 00:00:00,1,11.699017752583707,13.2413658820101,1.5423481294263937
AR(1),Box-Jenkins,2021-07-01 00:00:00,1,11.699017752583707,11.439178824953675,-0.2598389276300317
AR(12),Box-Jenkins,2021-07-01 00:00:00,1,11.699017752583707,13.945170114897104,2.2461523623133974
MA(2),Box-Jenkins,2021-07-01 00:00:00,1,11.699017752583707,9.832427860733008,-1.8665898918506993
"ARMA(2,2)",Box-Jenkins,2021-07-01 00:00:00,1,11.699017752583707,10.304290184908282,-1.3947275676754245
"ARIMA(1,1,1)",Box-Jenkins,2021-07-01 00:00:00,1,11.699017752583707,11.437175970649678,-0.26184178193402907
"ARIMA(2,1,2)",Box-Jenkins,2021-07-01 00:00:00,1,11.699017752583707,10.362291440916913,-1.3367263116667942
"SARIMA(1,1,1)(1,1,1,12)",estacional,2021-07-01 00:00:00,1,11.699017752583707,12.727677631962067,1.0286598793783597
"SARIMA(2,1,1)(0,1,1,12)",estacional,2021-07-01 00:00:00,1,11.699017752583707,13.277959902655367,1.5789421500716596
"SARIMAX(1,1,1)(1,1,1,12)+COVID",estacional,2021-07-01 00:00:00,1,11.699017752583707,11.944835490338678,0.24581773775497062
Ridge sobre rezagos,regularizado,2021-07-01 00:00:00,1,11.699017752583707,14.088771307146661,2.3897535545629545
Random Forest,aprendizaje,2021-07-01 00:00:00,1,11.699017752583707,12.373307528374017,0.6742897757903101
MLP,aprendizaje,2021-07-01 00:00:00,1,11.699017752583707,7.250071114474813,-4.448946638108894
LSTM(16) v12,red neuronal,2021-07-01 00:00:00,1,11.699017752583707,11.694476713901917,-0.0045410386817898996
LSTM(32) v24,red neuronal,2021-07-01 00:00:00,1,11.699017752583707,13.132486347771547,1.4334685951878399
CNN 1D v12,red neuronal,2021-07-01 00:00:00,1,11.699017752583707,6.213236168333893,-5.485781584249814
CNN 1D v24,red neuronal,2021-07-01 00:00:00,1,11.699017752583707,2.9777093101968646,-8.721308442386842
Ingenuo,referencia,2021-08-01 00:00:00,1,13.462959208917313,11.699017752583707,-1.7639414563336064
Ingenuo estacional,referencia,2021-08-01 00:00:00,1,13.462959208917313,-6.462847566547958,-19.925806775465272
Deriva,referencia,2021-08-01 00:00:00,1,13.462959208917313,11.739219970919308,-1.7237392379980054
AR(1),Box-Jenkins,2021-08-01 00:00:00,1,13.462959208917313,10.225082021534288,-3.2378771873830257
AR(12),Box-Jenkins,2021-08-01 00:00:00,1,13.462959208917313,12.95223900263144,-0.5107202062858729
MA(2),Box-Jenkins,2021-08-01 00:00:00,1,13.462959208917313,5.559505980044955,-7.903453228872358
"ARMA(2,2)",Box-Jenkins,2021-08-01 00:00:00,1,13.462959208917313,11.364662480065274,-2.0982967288520395
"ARIMA(1,1,1)",Box-Jenkins,2021-08-01 00:00:00,1,13.462959208917313,10.22342320916212,-3.2395359997551925
"ARIMA(2,1,2)",Box-Jenkins,2021-08-01 00:00:00,1,13.462959208917313,11.13287979746437,-2.330079411452944
"SARIMA(1,1,1)(1,1,1,12)",estacional,2021-08-01 00:00:00,1,13.462959208917313,8.813774263945941,-4.649184944971372
"SARIMA(2,1,1)(0,1,1,12)",estacional,2021-08-01 00:00:00,1,13.462959208917313,12.158620749671261,-1.3043384592460523
"SARIMAX(1,1,1)(1,1,1,12)+COVID",estacional,2021-08-01 00:00:00,1,13.462959208917313,8.210453492689119,-5.252505716228194
Ridge sobre rezagos,regularizado,2021-08-01 00:00:00,1,13.462959208917313,12.959905847350804,-0.5030533615665096
Random Forest,aprendizaje,2021-08-01 00:00:00,1,13.462959208917313,11.590140240082514,-1.8728189688347996
MLP,aprendizaje,2021-08-01 00:00:00,1,13.462959208917313,12.559902973604865,-0.903056235312448
LSTM(16) v12,red neuronal,2021-08-01 00:00:00,1,13.462959208917313,11.741028353502895,-1.7219308554144188
LSTM(32) v24,red neuronal,2021-08-01 00:00:00,1,13.462959208917313,12.812034680703826,-0.650924528213487
CNN 1D v12,red neuronal,2021-08-01 00:00:00,1,13.462959208917313,6.781693694362216,-6.681265514555097
CNN 1D v24,red neuronal,2021-08-01 00:00:00,1,13.462959208917313,12.843260378493014,-0.6196988304242996
Ingenuo,referencia,2021-09-01 00:00:00,1,10.15877922403794,13.462959208917313,3.304179984879374
Ingenuo estacional,referencia,2021-09-01 00:00:00,1,10.15877922403794,-4.674781094607483,-14.833560318645421
Deriva,referencia,2021-09-01 00:00:00,1,10.15877922403794,13.512330252986947,3.353551028949008
AR(1),Box-Jenkins,2021-09-01 00:00:00,1,10.15877922403794,11.754546740025184,1.5957675159872444
AR(12),Box-Jenkins,2021-09-01 00:00:00,1,10.15877922403794,15.943354826072012,5.784575602034073
MA(2),Box-Jenkins,2021-09-01 00:00:00,1,10.15877922403794,10.76815168069327,0.6093724566553309
"ARMA(2,2)",Box-Jenkins,2021-09-01 00:00:00,1,10.15877922403794,10.937391076024017,0.7786118519860779
"ARIMA(1,1,1)",Box-Jenkins,2021-09-01 00:00:00,1,10.15877922403794,11.752627661786093,1.5938484377481537
"ARIMA(2,1,2)",Box-Jenkins,2021-09-01 00:00:00,1,10.15877922403794,11.038344393042113,0.8795651690041737
"SARIMA(1,1,1)(1,1,1,12)",estacional,2021-09-01 00:00:00,1,10.15877922403794,11.469612903460435,1.3108336794224957
"SARIMA(2,1,1)(0,1,1,12)",estacional,2021-09-01 00:00:00,1,10.15877922403794,13.835808601315948,3.677029377278009
"SARIMAX(1,1,1)(1,1,1,12)+COVID",estacional,2021-09-01 00:00:00,1,10.15877922403794,11.139794368985918,0.9810151449479783
Ridge sobre rezagos,regularizado,2021-09-01 00:00:00,1,10.15877922403794,15.883303470625476,5.724524246587537
Random Forest,aprendizaje,2021-09-01 00:00:00,1,10.15877922403794,12.198989730892965,2.0402105068550256
MLP,aprendizaje,2021-09-01 00:00:00,1,10.15877922403794,13.699867721113149,3.5410884970752097
LSTM(16) v12,red neuronal,2021-09-01 00:00:00,1,10.15877922403794,11.870792005679698,1.712012781641759
LSTM(32) v24,red neuronal,2021-09-01 00:00:00,1,10.15877922403794,12.783034775949563,2.6242555519116237
CNN 1D v12,red neuronal,2021-09-01 00:00:00,1,10.15877922403794,10.541426132521,0.3826469084830606
CNN 1D v24,red neuronal,2021-09-01 00:00:00,1,10.15877922403794,5.274399714102028,-4.884379509935911
Ingenuo,referencia,2021-10-01 00:00:00,1,10.518652815673747,10.15877922403794,-0.35987359163580734
Ingenuo estacional,referencia,2021-10-01 00:00:00,1,10.518652815673747,-3.6520931144168434,-14.17074593009059
Deriva,referencia,2021-10-01 00:00:00,1,10.518652815673747,10.190406611869747,-0.3282462038039995
AR(1),Box-Jenkins,2021-10-01 00:00:00,1,10.518652815673747,8.993654587459071,-1.5249982282146757
AR(12),Box-Jenkins,2021-10-01 00:00:00,1,10.518652815673747,10.567371996181464,0.0487191805077174
MA(2),Box-Jenkins,2021-10-01 00:00:00,1,10.518652815673747,5.824170539484738,-4.694482276189008
"ARMA(2,2)",Box-Jenkins,2021-10-01 00:00:00,1,10.518652815673747,9.687205498941575,-0.8314473167321719
"ARIMA(1,1,1)",Box-Jenkins,2021-10-01 00:00:00,1,10.518652815673747,8.992383800389966,-1.5262690152837806
"ARIMA(2,1,2)",Box-Jenkins,2021-10-01 00:00:00,1,10.518652815673747,9.43981222551326,-1.0788405901604872
"SARIMA(1,1,1)(1,1,1,12)",estacional,2021-10-01 00:00:00,1,10.518652815673747,9.535140014746617,-0.9835128009271301
"SARIMA(2,1,1)(0,1,1,12)",estacional,2021-10-01 00:00:00,1,10.518652815673747,10.51682660942186,-0.00182620625188612
"SARIMAX(1,1,1)(1,1,1,12)+COVID",estacional,2021-10-01 00:00:00,1,10.518652815673747,9.071725245258763,-1.4469275704149833
Ridge sobre rezagos,regularizado,2021-10-01 00:00:00,1,10.518652815673747,10.641641325713575,0.12298851003982847
Random Forest,aprendizaje,2021-10-01 00:00:00,1,10.518652815673747,9.838506197118695,-0.6801466185550513
MLP,aprendizaje,2021-10-01 00:00:00,1,10.518652815673747,29.892938258312807,19.37428544263906
LSTM(16) v12,red neuronal,2021-10-01 00:00:00,1,10.518652815673747,11.288304241821642,0.7696514261478953
LSTM(32) v24,red neuronal,2021-10-01 00:00:00,1,10.518652815673747,11.112353570865132,0.5937007551913851
CNN 1D v12,red neuronal,2021-10-01 00:00:00,1,10.518652815673747,9.383462537110622,-1.1351902785631243
CNN 1D v24,red neuronal,2021-10-01 00:00:00,1,10.518652815673747,5.428660659686936,-5.089992155986811
Ingenuo,referencia,2021-11-01 00:00:00,1,10.282818380546143,10.518652815673747,0.23583443512760383
Ingenuo estacional,referencia,2021-11-01 00:00:00,1,10.282818380546143,-2.159492982055289,-12.442311362601432
Deriva,referencia,2021-11-01 00:00:00,1,10.282818380546143,10.552007815104524,0.2691894345583812
AR(1),Box-Jenkins,2021-11-01 00:00:00,1,10.282818380546143,9.314749438981968,-0.9680689415641748
AR(12),Box-Jenkins,2021-11-01 00:00:00,1,10.282818380546143,11.33398282346483,1.0511644429186866
MA(2),Box-Jenkins,2021-11-01 00:00:00,1,10.282818380546143,7.021907988571517,-3.260910391974626
"ARMA(2,2)",Box-Jenkins,2021-11-01 00:00:00,1,10.282818380546143,9.018940550313626,-1.2638778302325164
"ARIMA(1,1,1)",Box-Jenkins,2021-11-01 00:00:00,1,10.282818380546143,9.313441200025922,-0.9693771805202207
"ARIMA(2,1,2)",Box-Jenkins,2021-11-01 00:00:00,1,10.282818380546143,8.954133145734879,-1.3286852348112639
"SARIMA(1,1,1)(1,1,1,12)",estacional,2021-11-01 00:00:00,1,10.282818380546143,9.458257695120844,-0.8245606854252987
"SARIMA(2,1,1)(0,1,1,12)",estacional,2021-11-01 00:00:00,1,10.282818380546143,10.986345703244186,0.7035273226980436
"SARIMAX(1,1,1)(1,1,1,12)+COVID",estacional,2021-11-01 00:00:00,1,10.282818380546143,9.167908634344288,-1.114909746201855
Ridge sobre rezagos,regularizado,2021-11-01 00:00:00,1,10.282818380546143,11.360756347611954,1.077937967065811
Random Forest,aprendizaje,2021-11-01 00:00:00,1,10.282818380546143,8.732650450109118,-1.5501679304370253
MLP,aprendizaje,2021-11-01 00:00:00,1,10.282818380546143,20.143320087806856,9.860501707260713
LSTM(16) v12,red neuronal,2021-11-01 00:00:00,1,10.282818380546143,10.76359181203237,0.4807734314862273
LSTM(32) v24,red neuronal,2021-11-01 00:00:00,1,10.282818380546143,11.30412964112366,1.0213112605775176
CNN 1D v12,red neuronal,2021-11-01 00:00:00,1,10.282818380546143,8.571195186784589,-1.7116231937615538
CNN 1D v24,red neuronal,2021-11-01 00:00:00,1,10.282818380546143,6.815481661761706,-3.467336718784437
Ingenuo,referencia,2021-12-01 00:00:00,1,7.988335987557793,10.282818380546143,2.2944823929883498
Ingenuo estacional,referencia,2021-12-01 00:00:00,1,7.988335987557793,-3.359345313804174,-11.347681301361966
Deriva,referencia,2021-12-01 00:00:00,1,7.988335987557793,10.314764011209599,2.326428023651806
AR(1),Box-Jenkins,2021-12-01 00:00:00,1,7.988335987557793,9.136770943989175,1.148434956431382
AR(12),Box-Jenkins,2021-12-01 00:00:00,1,7.988335987557793,13.78809818956492,5.799762202007127
MA(2),Box-Jenkins,2021-12-01 00:00:00,1,7.988335987557793,7.920682614743551,-0.06765337281424166
"ARMA(2,2)",Box-Jenkins,2021-12-01 00:00:00,1,7.988335987557793,9.517329289340813,1.5289933017830197
"ARIMA(1,1,1)",Box-Jenkins,2021-12-01 00:00:00,1,7.988335987557793,9.13552058826941,1.1471846007116167
"ARIMA(2,1,2)",Box-Jenkins,2021-12-01 00:00:00,1,7.988335987557793,9.495282354453813,1.5069463668960204
"SARIMA(1,1,1)(1,1,1,12)",estacional,2021-12-01 00:00:00,1,7.988335987557793,10.6179774864336,2.6296414988758077
"SARIMA(2,1,1)(0,1,1,12)",estacional,2021-12-01 00:00:00,1,7.988335987557793,10.369279147944326,2.3809431603865328
"SARIMAX(1,1,1)(1,1,1,12)+COVID",estacional,2021-12-01 00:00:00,1,7.988335987557793,10.984604334194161,2.996268346636368
Ridge sobre rezagos,regularizado,2021-12-01 00:00:00,1,7.988335987557793,13.670103153409483,5.68176716585169
Random Forest,aprendizaje,2021-12-01 00:00:00,1,7.988335987557793,9.803365516933376,1.8150295293755825
MLP,aprendizaje,2021-12-01 00:00:00,1,7.988335987557793,30.292895713988283,22.30455972643049
LSTM(16) v12,red neuronal,2021-12-01 00:00:00,1,7.988335987557793,10.148407980439025,2.1600719928812318
LSTM(32) v24,red neuronal,2021-12-01 00:00:00,1,7.988335987557793,11.172941196914303,3.1846052093565103
CNN 1D v12,red neuronal,2021-12-01 00:00:00,1,7.988335987557793,9.381814744879614,1.3934787573218212
CNN 1D v24,red neuronal,2021-12-01 00:00:00,1,7.988335987557793,6.913269829189787,-1.0750661583680063
Ingenuo,referencia,2022-01-01 00:00:00,1,6.686076852153766,7.988335987557793,1.302259135404027
Ingenuo estacional,referencia,2022-01-01 00:00:00,1,6.686076852153766,-3.1554283932496707,-9.841505245403436
Deriva,referencia,2022-01-01 00:00:00,1,6.686076852153766,8.008164805598062,1.3220879534442957
AR(1),Box-Jenkins,2022-01-01 00:00:00,1,6.686076852153766,7.229388904057663,0.5433120519038965
AR(12),Box-Jenkins,2022-01-01 00:00:00,1,6.686076852153766,6.898018783225543,0.2119419310717765
MA(2),Box-Jenkins,2022-01-01 00:00:00,1,6.686076852153766,4.79213016105528,-1.8939466910984866
"ARMA(2,2)",Box-Jenkins,2022-01-01 00:00:00,1,6.686076852153766,6.9466396833239505,0.2605628311701844
"ARIMA(1,1,1)",Box-Jenkins,2022-01-01 00:00:00,1,6.686076852153766,7.228585244904178,0.5425083927504115
"ARIMA(2,1,2)",Box-Jenkins,2022-01-01 00:00:00,1,6.686076852153766,6.733139448638658,0.04706259648489208
"SARIMA(1,1,1)(1,1,1,12)",estacional,2022-01-01 00:00:00,1,6.686076852153766,8.604267282951986,1.9181904307982194
"SARIMA(2,1,1)(0,1,1,12)",estacional,2022-01-01 00:00:00,1,6.686076852153766,8.39848140076831,1.7124045486145434
"SARIMAX(1,1,1)(1,1,1,12)+COVID",estacional,2022-01-01 00:00:00,1,6.686076852153766,8.24548656022576,1.5594097080719944
Ridge sobre rezagos,regularizado,2022-01-01 00:00:00,1,6.686076852153766,6.946859148458286,0.26078229630451943
Random Forest,aprendizaje,2022-01-01 00:00:00,1,6.686076852153766,8.05784709886154,1.371770246707774
MLP,aprendizaje,2022-01-01 00:00:00,1,6.686076852153766,16.268072866251067,9.581996014097301
LSTM(16) v12,red neuronal,2022-01-01 00:00:00,1,6.686076852153766,9.149334806301146,2.4632579541473802
LSTM(32) v24,red neuronal,2022-01-01 00:00:00,1,6.686076852153766,10.110164709946714,3.424087857792948
CNN 1D v12,red neuronal,2022-01-01 00:00:00,1,6.686076852153766,11.007081640688494,4.321004788534728
CNN 1D v24,red neuronal,2022-01-01 00:00:00,1,6.686076852153766,6.912601905868536,0.22652505371477005
Ingenuo,referencia,2022-02-01 00:00:00,1,6.990866679970109,6.686076852153766,-0.304789827816343
Ingenuo estacional,referencia,2022-02-01 00:00:00,1,6.990866679970109,11.20403642761838,4.213169747648271
Deriva,referencia,2022-02-01 00:00:00,1,6.990866679970109,6.699055473544065,-0.2918112064260443
AR(1),Box-Jenkins,2022-02-01 00:00:00,1,6.990866679970109,6.152740440857062,-0.8381262391130475
AR(12),Box-Jenkins,2022-02-01 00:00:00,1,6.990866679970109,1.0012578716575977,-5.989608808312512
MA(2),Box-Jenkins,2022-02-01 00:00:00,1,6.990866679970109,5.209262121268336,-1.7816045587017735
"ARMA(2,2)",Box-Jenkins,2022-02-01 00:00:00,1,6.990866679970109,6.575802786292387,-0.415063893677722
"ARIMA(1,1,1)",Box-Jenkins,2022-02-01 00:00:00,1,6.990866679970109,6.152177681896127,-0.838688998073982
"ARIMA(2,1,2)",Box-Jenkins,2022-02-01 00:00:00,1,6.990866679970109,6.543453716684435,-0.44741296328567426
"SARIMA(1,1,1)(1,1,1,12)",estacional,2022-02-01 00:00:00,1,6.990866679970109,-2.8025310530055982,-9.793397732975707
"SARIMA(2,1,1)(0,1,1,12)",estacional,2022-02-01 00:00:00,1,6.990866679970109,7.540674944923834,0.5498082649537253
"SARIMAX(1,1,1)(1,1,1,12)+COVID",estacional,2022-02-01 00:00:00,1,6.990866679970109,-2.7565442125923454,-9.747410892562455
Ridge sobre rezagos,regularizado,2022-02-01 00:00:00,1,6.990866679970109,1.1098041185458731,-5.881062561424236
Random Forest,aprendizaje,2022-02-01 00:00:00,1,6.990866679970109,5.994451380423802,-0.9964152995463067
MLP,aprendizaje,2022-02-01 00:00:00,1,6.990866679970109,6.665008953153693,-0.325857726816416
LSTM(16) v12,red neuronal,2022-02-01 00:00:00,1,6.990866679970109,8.085146661473429,1.0942799815033197
LSTM(32) v24,red neuronal,2022-02-01 00:00:00,1,6.990866679970109,8.850383669506131,1.8595169895360222
CNN 1D v12,red neuronal,2022-02-01 00:00:00,1,6.990866679970109,7.397376396957263,0.4065097169871539
CNN 1D v24,red neuronal,2022-02-01 00:00:00,1,6.990866679970109,6.917210068576301,-0.07365661139380819
Ingenuo,referencia,2022-03-01 00:00:00,1,10.424961295612967,6.990866679970109,-3.4340946156428576
Ingenuo estacional,referencia,2022-03-01 00:00:00,1,10.424961295612967,25.439138020790875,15.014176725177908
Deriva,referencia,2022-03-01 00:00:00,1,10.424961295612967,7.00534948283683,-3.419611812776137
AR(1),Box-Jenkins,2022-03-01 00:00:00,1,10.424961295612967,6.40988353260302,-4.015077763009947
AR(12),Box-Jenkins,2022-03-01 00:00:00,1,10.424961295612967,3.583626618161109,-6.841334677451858
MA(2),Box-Jenkins,2022-03-01 00:00:00,1,10.424961295612967,5.826700773885607,-4.59826052172736
"ARMA(2,2)",Box-Jenkins,2022-03-01 00:00:00,1,10.424961295612967,6.170238268025231,-4.254723027587736
"ARIMA(1,1,1)",Box-Jenkins,2022-03-01 00:00:00,1,10.424961295612967,6.409271114508897,-4.01569018110407
"ARIMA(2,1,2)",Box-Jenkins,2022-03-01 00:00:00,1,10.424961295612967,6.0850544216625675,-4.339906873950399
"SARIMA(1,1,1)(1,1,1,12)",estacional,2022-03-01 00:00:00,1,10.424961295612967,-3.0472711881810994,-13.472232483794066
"SARIMA(2,1,1)(0,1,1,12)",estacional,2022-03-01 00:00:00,1,10.424961295612967,7.0570064340963405,-3.367954861516626
"SARIMAX(1,1,1)(1,1,1,12)+COVID",estacional,2022-03-01 00:00:00,1,10.424961295612967,-3.157970560360539,-13.582931855973506
Ridge sobre rezagos,regularizado,2022-03-01 00:00:00,1,10.424961295612967,3.476418351317375,-6.948542944295592
Random Forest,aprendizaje,2022-03-01 00:00:00,1,10.424961295612967,6.559424292176968,-3.865537003435999
MLP,aprendizaje,2022-03-01 00:00:00,1,10.424961295612967,1.8507887705824513,-8.574172525030516
LSTM(16) v12,red neuronal,2022-03-01 00:00:00,1,10.424961295612967,7.6328693732386474,-2.7920919223743192
LSTM(32) v24,red neuronal,2022-03-01 00:00:00,1,10.424961295612967,8.347602455588287,-2.0773588400246794
CNN 1D v12,red neuronal,2022-03-01 00:00:00,1,10.424961295612967,-1.31693081820654,-11.741892113819507
CNN 1D v24,red neuronal,2022-03-01 00:00:00,1,10.424961295612967,9.904588950652675,-0.5203723449602915
Ingenuo,referencia,2022-04-01 00:00:00,1,16.753182568684455,10.424961295612967,-6.328221273071488
Ingenuo estacional,referencia,2022-04-01 00:00:00,1,16.753182568684455,13.277368414515923,-3.475814154168532
Deriva,referencia,2022-04-01 00:00:00,1,16.753182568684455,10.456980569314437,-6.296201999370018
AR(1),Box-Jenkins,2022-04-01 00:00:00,1,16.753182568684455,9.279629437139835,-7.4735531315446195
AR(12),Box-Jenkins,2022-04-01 00:00:00,1,16.753182568684455,7.000054702157437,-9.753127866527018
MA(2),Box-Jenkins,2022-04-01 00:00:00,1,16.753182568684455,8.227214610979656,-8.525967957704799
"ARMA(2,2)",Box-Jenkins,2022-04-01 00:00:00,1,16.753182568684455,9.618870276002031,-7.134312292682424
"ARIMA(1,1,1)",Box-Jenkins,2022-04-01 00:00:00,1,16.753182568684455,9.278399435434947,-7.474783133249508
"ARIMA(2,1,2)",Box-Jenkins,2022-04-01 00:00:00,1,16.753182568684455,9.874523464000912,-6.878659104683543
"SARIMA(1,1,1)(1,1,1,12)",estacional,2022-04-01 00:00:00,1,16.753182568684455,12.810496217435379,-3.942686351249076
"SARIMA(2,1,1)(0,1,1,12)",estacional,2022-04-01 00:00:00,1,16.753182568684455,9.928900709020567,-6.824281859663888
"SARIMAX(1,1,1)(1,1,1,12)+COVID",estacional,2022-04-01 00:00:00,1,16.753182568684455,12.172539043798594,-4.580643524885861
Ridge sobre rezagos,regularizado,2022-04-01 00:00:00,1,16.753182568684455,6.929477670329569,-9.823704898354887
Random Forest,aprendizaje,2022-04-01 00:00:00,1,16.753182568684455,7.314411424981063,-9.438771143703391
MLP,aprendizaje,2022-04-01 00:00:00,1,16.753182568684455,9.361801173260782,-7.391381395423673
LSTM(16) v12,red neuronal,2022-04-01 00:00:00,1,16.753182568684455,8.08246648230682,-8.670716086377634
LSTM(32) v24,red neuronal,2022-04-01 00:00:00,1,16.753182568684455,7.006128036909077,-9.747054531775378
CNN 1D v12,red neuronal,2022-04-01 00:00:00,1,16.753182568684455,7.161867781208748,-9.591314787475707
CNN 1D v24,red neuronal,2022-04-01 00:00:00,1,16.753182568684455,9.250494404462902,-7.502688164221553
Ingenuo,referencia,2022-05-01 00:00:00,1,7.754332611409609,16.753182568684455,8.998849957274846
Ingenuo estacional,referencia,2022-05-01 00:00:00,1,7.754332611409609,15.402785888200764,7.648453276791155
Deriva,referencia,2022-05-01 00:00:00,1,7.754332611409609,16.817325321974547,9.062992710564938
AR(1),Box-Jenkins,2022-05-01 00:00:00,1,7.754332611409609,14.704958289383734,6.950625677974125
AR(12),Box-Jenkins,2022-05-01 00:00:00,1,7.754332611409609,13.278019927865834,5.5236873164562255
MA(2),Box-Jenkins,2022-05-01 00:00:00,1,7.754332611409609,12.848843336972166,5.094510725562557
"ARMA(2,2)",Box-Jenkins,2022-05-01 00:00:00,1,7.754332611409609,14.492589432465097,6.738256821055488
"ARIMA(1,1,1)",Box-Jenkins,2022-05-01 00:00:00,1,7.754332611409609,14.702620484898464,6.948287873488855
"ARIMA(2,1,2)",Box-Jenkins,2022-05-01 00:00:00,1,7.754332611409609,14.662088874586562,6.907756263176953
"SARIMA(1,1,1)(1,1,1,12)",estacional,2022-05-01 00:00:00,1,7.754332611409609,15.155201033834311,7.400868422424702
"SARIMA(2,1,1)(0,1,1,12)",estacional,2022-05-01 00:00:00,1,7.754332611409609,15.147499613236077,7.393167001826468
"SARIMAX(1,1,1)(1,1,1,12)+COVID",estacional,2022-05-01 00:00:00,1,7.754332611409609,14.924737618347837,7.170405006938228
Ridge sobre rezagos,regularizado,2022-05-01 00:00:00,1,7.754332611409609,13.120587369583937,5.366254758174328
Random Forest,aprendizaje,2022-05-01 00:00:00,1,7.754332611409609,12.605086593660547,4.850753982250938
MLP,aprendizaje,2022-05-01 00:00:00,1,7.754332611409609,18.852983940398047,11.098651328988439
LSTM(16) v12,red neuronal,2022-05-01 00:00:00,1,7.754332611409609,9.264957067013128,1.5106244556035193
LSTM(32) v24,red neuronal,2022-05-01 00:00:00,1,7.754332611409609,8.54830644216355,0.7939738307539415
CNN 1D v12,red neuronal,2022-05-01 00:00:00,1,7.754332611409609,6.825498161506484,-0.9288344499031247
CNN 1D v24,red neuronal,2022-05-01 00:00:00,1,7.754332611409609,5.87221736418622,-1.882115247223389
Ingenuo,referencia,2022-06-01 00:00:00,1,5.976802368413026,7.754332611409609,1.7775302429965834
Ingenuo estacional,referencia,2022-06-01 00:00:00,1,5.976802368413026,13.192915812715,7.216113444301975
Deriva,referencia,2022-06-01 00:00:00,1,5.976802368413026,7.7724703255597785,1.7956679571467529
AR(1),Box-Jenkins,2022-06-01 00:00:00,1,5.976802368413026,7.04116825266545,1.0643658842524246
AR(12),Box-Jenkins,2022-06-01 00:00:00,1,5.976802368413026,5.3247436664445384,-0.6520587019684871
MA(2),Box-Jenkins,2022-06-01 00:00:00,1,5.976802368413026,2.6959560421827184,-3.280846326230307
"ARMA(2,2)",Box-Jenkins,2022-06-01 00:00:00,1,5.976802368413026,6.823961120116106,0.8471587517030805
"ARIMA(1,1,1)",Box-Jenkins,2022-06-01 00:00:00,1,5.976802368413026,7.040484066571258,1.0636816981582324
"ARIMA(2,1,2)",Box-Jenkins,2022-06-01 00:00:00,1,5.976802368413026,6.316878037169591,0.34007566875656536
"SARIMA(1,1,1)(1,1,1,12)",estacional,2022-06-01 00:00:00,1,5.976802368413026,8.738917740295188,2.762115371882162
"SARIMA(2,1,1)(0,1,1,12)",estacional,2022-06-01 00:00:00,1,5.976802368413026,7.626850261680753,1.6500478932677272
"SARIMAX(1,1,1)(1,1,1,12)+COVID",estacional,2022-06-01 00:00:00,1,5.976802368413026,8.481069398792599,2.504267030379573
Ridge sobre rezagos,regularizado,2022-06-01 00:00:00,1,5.976802368413026,5.420318267359797,-0.5564841010532282
Random Forest,aprendizaje,2022-06-01 00:00:00,1,5.976802368413026,6.949043400249029,0.9722410318360035
MLP,aprendizaje,2022-06-01 00:00:00,1,5.976802368413026,12.987199192705557,7.010396824292531
LSTM(16) v12,red neuronal,2022-06-01 00:00:00,1,5.976802368413026,8.807757211640018,2.8309548432269924
LSTM(32) v24,red neuronal,2022-06-01 00:00:00,1,5.976802368413026,9.25833779406456,3.281535425651535
CNN 1D v12,red neuronal,2022-06-01 00:00:00,1,5.976802368413026,5.791364451226171,-0.18543791718685476
CNN 1D v24,red neuronal,2022-06-01 00:00:00,1,5.976802368413026,4.772698703049418,-1.2041036653636077
Ingenuo,referencia,2022-07-01 00:00:00,1,8.68520616002273,5.976802368413026,-2.7084037916097046
Ingenuo estacional,referencia,2022-07-01 00:00:00,1,8.68520616002273,11.699017752583707,3.0138115925609767
Deriva,referencia,2022-07-01 00:00:00,1,8.68520616002273,5.985871052476595,-2.699335107546135
AR(1),Box-Jenkins,2022-07-01 00:00:00,1,8.68520616002273,5.579910068037371,-3.105296091985359
AR(12),Box-Jenkins,2022-07-01 00:00:00,1,8.68520616002273,5.245699042664318,-3.4395071173584117
MA(2),Box-Jenkins,2022-07-01 00:00:00,1,8.68520616002273,4.387248660293945,-4.297957499728785
"ARMA(2,2)",Box-Jenkins,2022-07-01 00:00:00,1,8.68520616002273,6.549737352911984,-2.1354688071107466
"ARIMA(1,1,1)",Box-Jenkins,2022-07-01 00:00:00,1,8.68520616002273,5.579524939082319,-3.1056812209404114
"ARIMA(2,1,2)",Box-Jenkins,2022-07-01 00:00:00,1,8.68520616002273,6.13993490176975,-2.5452712582529804
"SARIMA(1,1,1)(1,1,1,12)",estacional,2022-07-01 00:00:00,1,8.68520616002273,6.734651622179815,-1.9505545378429154
"SARIMA(2,1,1)(0,1,1,12)",estacional,2022-07-01 00:00:00,1,8.68520616002273,7.1370533837358785,-1.5481527762868517
"SARIMAX(1,1,1)(1,1,1,12)+COVID",estacional,2022-07-01 00:00:00,1,8.68520616002273,6.606451143050014,-2.078755016972716
Ridge sobre rezagos,regularizado,2022-07-01 00:00:00,1,8.68520616002273,5.205581984689695,-3.4796241753330355
Random Forest,aprendizaje,2022-07-01 00:00:00,1,8.68520616002273,6.65086175127768,-2.03434440874505
MLP,aprendizaje,2022-07-01 00:00:00,1,8.68520616002273,4.353627448594912,-4.331578711427818
LSTM(16) v12,red neuronal,2022-07-01 00:00:00,1,8.68520616002273,7.484230939247251,-1.2009752207754794
LSTM(32) v24,red neuronal,2022-07-01 00:00:00,1,8.68520616002273,7.224823892913535,-1.4603822671091953
CNN 1D v12,red neuronal,2022-07-01 00:00:00,1,8.68520616002273,5.384770350942239,-3.300435809080491
CNN 1D v24,red neuronal,2022-07-01 00:00:00,1,8.68520616002273,4.819474349484906,-3.8657318105378238
Ingenuo,referencia,2022-08-01 00:00:00,1,4.206454730095621,8.68520616002273,4.478751429927109
Ingenuo estacional,referencia,2022-08-01 00:00:00,1,4.206454730095621,13.462959208917313,9.256504478821693
Deriva,referencia,2022-08-01 00:00:00,1,4.206454730095621,8.70783934211417,4.501384612018549
AR(1),Box-Jenkins,2022-08-01 00:00:00,1,4.206454730095621,7.81559008716367,3.609135357068049
AR(12),Box-Jenkins,2022-08-01 00:00:00,1,4.206454730095621,6.717917461383065,2.511462731287444
MA(2),Box-Jenkins,2022-08-01 00:00:00,1,4.206454730095621,8.351903658221065,4.145448928125444
"ARMA(2,2)",Box-Jenkins,2022-08-01 00:00:00,1,4.206454730095621,7.265415185534902,3.058960455439281
"ARIMA(1,1,1)",Box-Jenkins,2022-08-01 00:00:00,1,4.206454730095621,7.814749997359343,3.6082952672637214
"ARIMA(2,1,2)",Box-Jenkins,2022-08-01 00:00:00,1,4.206454730095621,7.536577310561501,3.33012258046588
"SARIMA(1,1,1)(1,1,1,12)",estacional,2022-08-01 00:00:00,1,4.206454730095621,7.951620396464272,3.745165666368651
"SARIMA(2,1,1)(0,1,1,12)",estacional,2022-08-01 00:00:00,1,4.206454730095621,9.233700516129504,5.027245786033883
"SARIMAX(1,1,1)(1,1,1,12)+COVID",estacional,2022-08-01 00:00:00,1,4.206454730095621,7.8044913935950015,3.5980366634993803
Ridge sobre rezagos,regularizado,2022-08-01 00:00:00,1,4.206454730095621,6.691785062245413,2.4853303321497915
Random Forest,aprendizaje,2022-08-01 00:00:00,1,4.206454730095621,6.802544346225353,2.596089616129732
MLP,aprendizaje,2022-08-01 00:00:00,1,4.206454730095621,5.221986723613683,1.0155319935180618
LSTM(16) v12,red neuronal,2022-08-01 00:00:00,1,4.206454730095621,8.053305527028954,3.8468507969333325
LSTM(32) v24,red neuronal,2022-08-01 00:00:00,1,4.206454730095621,6.951110908483024,2.7446561783874026
CNN 1D v12,red neuronal,2022-08-01 00:00:00,1,4.206454730095621,4.70818465296443,0.501729922868809
CNN 1D v24,red neuronal,2022-08-01 00:00:00,1,4.206454730095621,4.873339839741885,0.6668851096462634
Ingenuo,referencia,2022-09-01 00:00:00,1,4.103535149964266,4.206454730095621,0.10291958013135538
Ingenuo estacional,referencia,2022-09-01 00:00:00,1,4.103535149964266,10.15877922403794,6.0552440740736735
Deriva,referencia,2022-09-01 00:00:00,1,4.103535149964266,4.2065809891269685,0.10304583916270271
AR(1),Box-Jenkins,2022-09-01 00:00:00,1,4.103535149964266,4.130357430720038,0.026822280755772532
AR(12),Box-Jenkins,2022-09-01 00:00:00,1,4.103535149964266,3.282608499409026,-0.82092665055524
MA(2),Box-Jenkins,2022-09-01 00:00:00,1,4.103535149964266,1.6782678546666032,-2.4252672952976626
"ARMA(2,2)",Box-Jenkins,2022-09-01 00:00:00,1,4.103535149964266,4.391190157822508,0.28765500785824205
"ARIMA(1,1,1)",Box-Jenkins,2022-09-01 00:00:00,1,4.103535149964266,4.1302871940461365,0.026752044081870707
"ARIMA(2,1,2)",Box-Jenkins,2022-09-01 00:00:00,1,4.103535149964266,4.0006312198811225,-0.10290393008314336
"SARIMA(1,1,1)(1,1,1,12)",estacional,2022-09-01 00:00:00,1,4.103535149964266,6.227508912466112,2.123973762501846
"SARIMA(2,1,1)(0,1,1,12)",estacional,2022-09-01 00:00:00,1,4.103535149964266,5.096485062936713,0.9929499129724473
"SARIMAX(1,1,1)(1,1,1,12)+COVID",estacional,2022-09-01 00:00:00,1,4.103535149964266,6.208641448462718,2.105106298498452
Ridge sobre rezagos,regularizado,2022-09-01 00:00:00,1,4.103535149964266,3.3129658688974932,-0.7905692810667726
Random Forest,aprendizaje,2022-09-01 00:00:00,1,4.103535149964266,4.575247857856416,0.47171270789215036
MLP,aprendizaje,2022-09-01 00:00:00,1,4.103535149964266,0.09364950319182086,-4.009885646772445
LSTM(16) v12,red neuronal,2022-09-01 00:00:00,1,4.103535149964266,5.71901484061794,1.6154796906536744
LSTM(32) v24,red neuronal,2022-09-01 00:00:00,1,4.103535149964266,5.287173889440986,1.18363873947672
CNN 1D v12,red neuronal,2022-09-01 00:00:00,1,4.103535149964266,4.25955460224136,0.15601945227709457
CNN 1D v24,red neuronal,2022-09-01 00:00:00,1,4.103535149964266,4.887258407298224,0.7837232573339579
Ingenuo,referencia,2022-10-01 00:00:00,1,0.11374940256343447,4.103535149964266,3.9897857474008314
Ingenuo estacional,referencia,2022-10-01 00:00:00,1,0.11374940256343447,10.518652815673747,10.404903413110311
Deriva,referencia,2022-10-01 00:00:00,1,0.11374940256343447,4.103148743129132,3.989399340565697
AR(1),Box-Jenkins,2022-10-01 00:00:00,1,0.11374940256343447,4.046401322321506,3.9326519197580714
AR(12),Box-Jenkins,2022-10-01 00:00:00,1,0.11374940256343447,3.9106488534918467,3.796899450928412
MA(2),Box-Jenkins,2022-10-01 00:00:00,1,0.11374940256343447,4.3672495549220836,4.253500152358649
"ARMA(2,2)",Box-Jenkins,2022-10-01 00:00:00,1,0.11374940256343447,4.19466928521814,4.0809198826547055
"ARIMA(1,1,1)",Box-Jenkins,2022-10-01 00:00:00,1,0.11374940256343447,4.046349290602176,3.932599888038742
"ARIMA(2,1,2)",Box-Jenkins,2022-10-01 00:00:00,1,0.11374940256343447,4.1746928878297815,4.060943485266347
"SARIMA(1,1,1)(1,1,1,12)",estacional,2022-10-01 00:00:00,1,0.11374940256343447,4.767682194415545,4.65393279185211
"SARIMA(2,1,1)(0,1,1,12)",estacional,2022-10-01 00:00:00,1,0.11374940256343447,4.229737618530793,4.115988215967358
"SARIMAX(1,1,1)(1,1,1,12)+COVID",estacional,2022-10-01 00:00:00,1,0.11374940256343447,4.861691813413797,4.747942410850363
Ridge sobre rezagos,regularizado,2022-10-01 00:00:00,1,0.11374940256343447,3.8900166266768155,3.776267224113381
Random Forest,aprendizaje,2022-10-01 00:00:00,1,0.11374940256343447,3.3149399718643964,3.201190569300962
MLP,aprendizaje,2022-10-01 00:00:00,1,0.11374940256343447,4.910934116317688,4.797184713754254
LSTM(16) v12,red neuronal,2022-10-01 00:00:00,1,0.11374940256343447,4.56945125850655,4.455701855943116
LSTM(32) v24,red neuronal,2022-10-01 00:00:00,1,0.11374940256343447,4.182734543854138,4.068985141290703
CNN 1D v12,red neuronal,2022-10-01 00:00:00,1,0.11374940256343447,4.246084744667091,4.132335342103657
CNN 1D v24,red neuronal,2022-10-01 00:00:00,1,0.11374940256343447,4.903610836408387,4.789861433844952
Ingenuo,referencia,2022-11-01 00:00:00,1,0.5659254149769977,0.11374940256343447,-0.4521760124135632
Ingenuo estacional,referencia,2022-11-01 00:00:00,1,0.5659254149769977,10.282818380546143,9.716892965569144
Deriva,referencia,2022-11-01 00:00:00,1,0.5659254149769977,0.09361349404233167,-0.472311920934666
AR(1),Box-Jenkins,2022-11-01 00:00:00,1,0.5659254149769977,0.7784957151759838,0.21257030019898615
AR(12),Box-Jenkins,2022-11-01 00:00:00,1,0.5659254149769977,0.18779685252431022,-0.37812856245268744
MA(2),Box-Jenkins,2022-11-01 00:00:00,1,0.5659254149769977,1.1957733870003198,0.6298479720233221
"ARMA(2,2)",Box-Jenkins,2022-11-01 00:00:00,1,0.5659254149769977,0.5283910882567573,-0.037534326720240374
"ARIMA(1,1,1)",Box-Jenkins,2022-11-01 00:00:00,1,0.5659254149769977,0.7791310214191576,0.2132056064421599
"ARIMA(2,1,2)",Box-Jenkins,2022-11-01 00:00:00,1,0.5659254149769977,0.2893555922769532,-0.2765698227000445
"SARIMA(1,1,1)(1,1,1,12)",estacional,2022-11-01 00:00:00,1,0.5659254149769977,1.6401594456653783,1.0742340306883806
"SARIMA(2,1,1)(0,1,1,12)",estacional,2022-11-01 00:00:00,1,0.5659254149769977,0.3719966283526501,-0.19392878662434754
"SARIMAX(1,1,1)(1,1,1,12)+COVID",estacional,2022-11-01 00:00:00,1,0.5659254149769977,1.9400131605331299,1.3740877455561322
Ridge sobre rezagos,regularizado,2022-11-01 00:00:00,1,0.5659254149769977,0.25340431003334807,-0.3125211049436496
Random Forest,aprendizaje,2022-11-01 00:00:00,1,0.5659254149769977,1.3033546372147908,0.7374292222377932
MLP,aprendizaje,2022-11-01 00:00:00,1,0.5659254149769977,4.328035283953472,3.7621098689764745
LSTM(16) v12,red neuronal,2022-11-01 00:00:00,1,0.5659254149769977,0.5321943020876865,-0.03373111288931119
LSTM(32) v24,red neuronal,2022-11-01 00:00:00,1,0.5659254149769977,0.5942811036604603,0.02835568868346261
CNN 1D v12,red neuronal,2022-11-01 00:00:00,1,0.5659254149769977,4.228848291459507,3.6629228764825097
CNN 1D v24,red neuronal,2022-11-01 00:00:00,1,0.5659254149769977,4.918474204137139,4.352548789160141
Ingenuo,referencia,2022-12-01 00:00:00,1,4.288948014042071,0.5659254149769977,-3.7230225990650734
Ingenuo estacional,referencia,2022-12-01 00:00:00,1,4.288948014042071,7.988335987557793,3.699387973515722
Deriva,referencia,2022-12-01 00:00:00,1,4.288948014042071,0.5481161661649326,-3.7408318478771383
AR(1),Box-Jenkins,2022-12-01 00:00:00,1,4.288948014042071,1.145030732514141,-3.14391728152793
AR(12),Box-Jenkins,2022-12-01 00:00:00,1,4.288948014042071,1.4678836825597943,-2.821064331482277
MA(2),Box-Jenkins,2022-12-01 00:00:00,1,4.288948014042071,1.7564276255130504,-2.5325203885290204
"ARMA(2,2)",Box-Jenkins,2022-12-01 00:00:00,1,4.288948014042071,1.6229332070747415,-2.6660148069673295
"ARIMA(1,1,1)",Box-Jenkins,2022-12-01 00:00:00,1,4.288948014042071,1.1455687291121586,-3.1433792849299125
"ARIMA(2,1,2)",Box-Jenkins,2022-12-01 00:00:00,1,4.288948014042071,1.6571460635906943,-2.6318019504513765
"SARIMA(1,1,1)(1,1,1,12)",estacional,2022-12-01 00:00:00,1,4.288948014042071,2.0106282334836103,-2.2783197805584607
"SARIMA(2,1,1)(0,1,1,12)",estacional,2022-12-01 00:00:00,1,4.288948014042071,0.7982469651915576,-3.4907010488505135
"SARIMAX(1,1,1)(1,1,1,12)+COVID",estacional,2022-12-01 00:00:00,1,4.288948014042071,1.3187240812620127,-2.9702239327800584
Ridge sobre rezagos,regularizado,2022-12-01 00:00:00,1,4.288948014042071,1.4298756665799726,-2.8590723474620985
Random Forest,aprendizaje,2022-12-01 00:00:00,1,4.288948014042071,1.0837330314675075,-3.2052149825745637
MLP,aprendizaje,2022-12-01 00:00:00,1,4.288948014042071,9.369413362109574,5.080465348067503
LSTM(16) v12,red neuronal,2022-12-01 00:00:00,1,4.288948014042071,-0.12660208054474298,-4.4155500945868145
LSTM(32) v24,red neuronal,2022-12-01 00:00:00,1,4.288948014042071,-0.9292614353542312,-5.218209449396302
CNN 1D v12,red neuronal,2022-12-01 00:00:00,1,4.288948014042071,4.22085294736528,-0.06809506667679077
CNN 1D v24,red neuronal,2022-12-01 00:00:00,1,4.288948014042071,4.93921581064857,0.6502677966064994
Ingenuo,referencia,2023-01-01 00:00:00,1,2.478413285110781,4.288948014042071,1.81053472893129
Ingenuo estacional,referencia,2023-01-01 00:00:00,1,2.478413285110781,6.686076852153766,4.207663567042985
Deriva,referencia,2023-01-01 00:00:00,1,2.478413285110781,4.2894761762490115,1.8110628911382305
AR(1),Box-Jenkins,2023-01-01 00:00:00,1,2.478413285110781,4.191076610872981,1.7126633257622004
AR(12),Box-Jenkins,2023-01-01 00:00:00,1,2.478413285110781,3.173085579495443,0.6946722943846622
MA(2),Box-Jenkins,2023-01-01 00:00:00,1,2.478413285110781,5.604787067687242,3.1263737825764615
"ARMA(2,2)",Box-Jenkins,2023-01-01 00:00:00,1,2.478413285110781,3.759840475110388,1.281427189999607
"ARIMA(1,1,1)",Box-Jenkins,2023-01-01 00:00:00,1,2.478413285110781,4.190987684443953,1.712574399333172
"ARIMA(2,1,2)",Box-Jenkins,2023-01-01 00:00:00,1,2.478413285110781,4.051616724886838,1.5732034397760568
"SARIMA(1,1,1)(1,1,1,12)",estacional,2023-01-01 00:00:00,1,2.478413285110781,5.091106449680696,2.612693164569915
"SARIMA(2,1,1)(0,1,1,12)",estacional,2023-01-01 00:00:00,1,2.478413285110781,3.5306889898156846,1.0522757047049036
"SARIMAX(1,1,1)(1,1,1,12)+COVID",estacional,2023-01-01 00:00:00,1,2.478413285110781,5.0800259508023204,2.6016126656915395
Ridge sobre rezagos,regularizado,2023-01-01 00:00:00,1,2.478413285110781,3.1627275446158416,0.6843142595050606
Random Forest,aprendizaje,2023-01-01 00:00:00,1,2.478413285110781,2.352232547516999,-0.1261807375937818
MLP,aprendizaje,2023-01-01 00:00:00,1,2.478413285110781,1.6933113566242812,-0.7851019284864997
LSTM(16) v12,red neuronal,2023-01-01 00:00:00,1,2.478413285110781,3.398464612021969,0.9200513269111879
LSTM(32) v24,red neuronal,2023-01-01 00:00:00,1,2.478413285110781,3.172806487232246,0.6943932021214652
CNN 1D v12,red neuronal,2023-01-01 00:00:00,1,2.478413285110781,4.230785197417002,1.752371912306221
CNN 1D v24,red neuronal,2023-01-01 00:00:00,1,2.478413285110781,4.953807005383332,2.4753937202725513
Ingenuo,referencia,2023-02-01 00:00:00,1,1.4554773434255264,2.478413285110781,1.0229359416852546
Ingenuo estacional,referencia,2023-02-01 00:00:00,1,1.4554773434255264,6.990866679970109,5.535389336544583
Deriva,referencia,2023-02-01 00:00:00,1,1.4554773434255264,2.470106994190218,1.0146296507646917
AR(1),Box-Jenkins,2023-02-01 00:00:00,1,1.4554773434255264,2.7126792529617036,1.2572019095361773
AR(12),Box-Jenkins,2023-02-01 00:00:00,1,1.4554773434255264,1.6880867658987402,0.2326094224732138
MA(2),Box-Jenkins,2023-02-01 00:00:00,1,1.4554773434255264,1.9751285982659446,0.5196512548404182
"ARMA(2,2)",Box-Jenkins,2023-02-01 00:00:00,1,1.4554773434255264,2.680759789769481,1.2252824463439547
"ARIMA(1,1,1)",Box-Jenkins,2023-02-01 00:00:00,1,1.4554773434255264,2.7128998315102817,1.2574224880847553
"ARIMA(2,1,2)",Box-Jenkins,2023-02-01 00:00:00,1,1.4554773434255264,2.686007423897895,1.2305300804723687
"SARIMA(1,1,1)(1,1,1,12)",estacional,2023-02-01 00:00:00,1,1.4554773434255264,3.3431041121022305,1.887626768676704
"SARIMA(2,1,1)(0,1,1,12)",estacional,2023-02-01 00:00:00,1,1.4554773434255264,2.705426249303467,1.2499489058779405
"SARIMAX(1,1,1)(1,1,1,12)+COVID",estacional,2023-02-01 00:00:00,1,1.4554773434255264,3.4728348749514826,2.017357531525956
Ridge sobre rezagos,regularizado,2023-02-01 00:00:00,1,1.4554773434255264,1.6793306110778492,0.22385326765232283
Random Forest,aprendizaje,2023-02-01 00:00:00,1,1.4554773434255264,1.9054645439791182,0.44998720055359187
MLP,aprendizaje,2023-02-01 00:00:00,1,1.4554773434255264,1.1630489130292645,-0.2924284303962619
LSTM(16) v12,red neuronal,2023-02-01 00:00:00,1,1.4554773434255264,2.9179474261631464,1.46247008273762
LSTM(32) v24,red neuronal,2023-02-01 00:00:00,1,1.4554773434255264,3.211671448695222,1.7561941052696954
CNN 1D v12,red neuronal,2023-02-01 00:00:00,1,1.4554773434255264,4.20749187921447,2.752014535788944
CNN 1D v24,red neuronal,2023-02-01 00:00:00,1,1.4554773434255264,4.810330085168904,3.354852741743378
Ingenuo,referencia,2023-03-01 00:00:00,1,-0.7366729780456271,1.4554773434255264,2.1921503214711535
Ingenuo estacional,referencia,2023-03-01 00:00:00,1,-0.7366729780456271,10.424961295612967,11.161634273658594
Deriva,referencia,2023-03-01 00:00:00,1,-0.7366729780456271,1.4422456658507659,2.178918643896393
AR(1),Box-Jenkins,2023-03-01 00:00:00,1,-0.7366729780456271,1.8752380423534754,2.6119110203991025
AR(12),Box-Jenkins,2023-03-01 00:00:00,1,-0.7366729780456271,-0.08263782287228394,0.6540351551733432
MA(2),Box-Jenkins,2023-03-01 00:00:00,1,-0.7366729780456271,2.201992820271661,2.938665798317288
"ARMA(2,2)",Box-Jenkins,2023-03-01 00:00:00,1,-0.7366729780456271,1.9230641813207718,2.659737159366399
"ARIMA(1,1,1)",Box-Jenkins,2023-03-01 00:00:00,1,-0.7366729780456271,1.8756338437951086,2.6123068218407357
"ARIMA(2,1,2)",Box-Jenkins,2023-03-01 00:00:00,1,-0.7366729780456271,1.6972138507569823,2.4338868288026094
"SARIMA(1,1,1)(1,1,1,12)",estacional,2023-03-01 00:00:00,1,-0.7366729780456271,0.8537167224827105,1.5903897005283376
"SARIMA(2,1,1)(0,1,1,12)",estacional,2023-03-01 00:00:00,1,-0.7366729780456271,2.003392338359951,2.740065316405578
"SARIMAX(1,1,1)(1,1,1,12)+COVID",estacional,2023-03-01 00:00:00,1,-0.7366729780456271,1.0951261883342789,1.831799166379906
Ridge sobre rezagos,regularizado,2023-03-01 00:00:00,1,-0.7366729780456271,-0.04840064276979428,0.6882723352758329
Random Forest,aprendizaje,2023-03-01 00:00:00,1,-0.7366729780456271,2.113477266809776,2.8501502448554032
MLP,aprendizaje,2023-03-01 00:00:00,1,-0.7366729780456271,10.384598192784207,11.121271170829834
LSTM(16) v12,red neuronal,2023-03-01 00:00:00,1,-0.7366729780456271,2.2897656390067125,3.0264386170523396
LSTM(32) v24,red neuronal,2023-03-01 00:00:00,1,-0.7366729780456271,1.965208042349164,2.701881020394791
CNN 1D v12,red neuronal,2023-03-01 00:00:00,1,-0.7366729780456271,4.18740618548491,4.924079163530537
CNN 1D v24,red neuronal,2023-03-01 00:00:00,1,-0.7366729780456271,3.342340850381223,4.0790138284268505
Ingenuo,referencia,2023-04-01 00:00:00,1,0.29242184749149747,-0.7366729780456271,-1.0290948255371246
Ingenuo estacional,referencia,2023-04-01 00:00:00,1,0.29242184749149747,16.753182568684455,16.46076072119296
Deriva,referencia,2023-04-01 00:00:00,1,0.29242184749149747,-0.7604308326440418,-1.0528526801355391
AR(1),Box-Jenkins,2023-04-01 00:00:00,1,0.29242184749149747,0.076021636330453,-0.21640021116104446
AR(12),Box-Jenkins,2023-04-01 00:00:00,1,0.29242184749149747,-0.7283530647867211,-1.0207749122782186
MA(2),Box-Jenkins,2023-04-01 00:00:00,1,0.29242184749149747,1.1003529599512727,0.8079311124597752
"ARMA(2,2)",Box-Jenkins,2023-04-01 00:00:00,1,0.29242184749149747,-0.04471737614007276,-0.33713922363157023
"ARIMA(1,1,1)",Box-Jenkins,2023-04-01 00:00:00,1,0.29242184749149747,0.07678612081466452,-0.21563572667683295
"ARIMA(2,1,2)",Box-Jenkins,2023-04-01 00:00:00,1,0.29242184749149747,-0.3484712514091646,-0.640893098900662
"SARIMA(1,1,1)(1,1,1,12)",estacional,2023-04-01 00:00:00,1,0.29242184749149747,-3.041299572758022,-3.3337214202495193
"SARIMA(2,1,1)(0,1,1,12)",estacional,2023-04-01 00:00:00,1,0.29242184749149747,-0.784482974344427,-1.0769048218359245
"SARIMAX(1,1,1)(1,1,1,12)+COVID",estacional,2023-04-01 00:00:00,1,0.29242184749149747,-2.743466700334298,-3.0358885478257953
Ridge sobre rezagos,regularizado,2023-04-01 00:00:00,1,0.29242184749149747,-0.7242398262764644,-1.016661673767962
Random Forest,aprendizaje,2023-04-01 00:00:00,1,0.29242184749149747,1.0283063081781822,0.7358844606866848
MLP,aprendizaje,2023-04-01 00:00:00,1,0.29242184749149747,-3.0904982619987384,-3.382920109490236
LSTM(16) v12,red neuronal,2023-04-01 00:00:00,1,0.29242184749149747,-0.40821180399975177,-0.7006336514912492
LSTM(32) v24,red neuronal,2023-04-01 00:00:00,1,0.29242184749149747,-0.710559627474022,-1.0029814749655195
CNN 1D v12,red neuronal,2023-04-01 00:00:00,1,0.29242184749149747,-2.246443578754162,-2.5388654262456596
CNN 1D v24,red neuronal,2023-04-01 00:00:00,1,0.29242184749149747,5.728319699305372,5.435897851813874
Ingenuo,referencia,2023-05-01 00:00:00,1,2.516000131533813,0.29242184749149747,-2.2235782840423157
Ingenuo estacional,referencia,2023-05-01 00:00:00,1,2.516000131533813,7.754332611409609,5.238332479875796
Deriva,referencia,2023-05-01 00:00:00,1,2.516000131533813,0.2737257846245037,-2.2422743469093094
AR(1),Box-Jenkins,2023-05-01 00:00:00,1,2.516000131533813,0.9150647054282021,-1.600935426105611
AR(12),Box-Jenkins,2023-05-01 00:00:00,1,2.516000131533813,0.9783836431433341,-1.537616488390479
MA(2),Box-Jenkins,2023-05-01 00:00:00,1,2.516000131533813,1.9844988555068945,-0.5315012760269187
"ARMA(2,2)",Box-Jenkins,2023-05-01 00:00:00,1,2.516000131533813,1.1144961330478118,-1.4015039984860014
"ARIMA(1,1,1)",Box-Jenkins,2023-05-01 00:00:00,1,2.516000131533813,0.9156584765652748,-1.6003416549685383
"ARIMA(2,1,2)",Box-Jenkins,2023-05-01 00:00:00,1,2.516000131533813,0.7687575439651688,-1.7472425875686444
"SARIMA(1,1,1)(1,1,1,12)",estacional,2023-05-01 00:00:00,1,2.516000131533813,3.8451389998678973,1.3291388683340841
"SARIMA(2,1,1)(0,1,1,12)",estacional,2023-05-01 00:00:00,1,2.516000131533813,0.5709687820041154,-1.9450313495296978
"SARIMAX(1,1,1)(1,1,1,12)+COVID",estacional,2023-05-01 00:00:00,1,2.516000131533813,3.843904351964989,1.3279042204311757
Ridge sobre rezagos,regularizado,2023-05-01 00:00:00,1,2.516000131533813,0.9337281722182995,-1.5822719593155137
Random Forest,aprendizaje,2023-05-01 00:00:00,1,2.516000131533813,0.4574878890680313,-2.058512242465782
MLP,aprendizaje,2023-05-01 00:00:00,1,2.516000131533813,1.0948653041243805,-1.4211348274094326
LSTM(16) v12,red neuronal,2023-05-01 00:00:00,1,2.516000131533813,-0.42244706606740845,-2.9384471976012216
LSTM(32) v24,red neuronal,2023-05-01 00:00:00,1,2.516000131533813,-1.020591109178051,-3.5365912407118643
CNN 1D v12,red neuronal,2023-05-01 00:00:00,1,2.516000131533813,-0.45234197999395764,-2.968342111527771
CNN 1D v24,red neuronal,2023-05-01 00:00:00,1,2.516000131533813,7.060437388792256,4.544437257258442
Ingenuo,referencia,2023-06-01 00:00:00,1,0.6109304479767319,2.516000131533813,1.9050696835570813
Ingenuo estacional,referencia,2023-06-01 00:00:00,1,0.6109304479767319,5.976802368413026,5.365871920436294
Deriva,referencia,2023-06-01 00:00:00,1,0.6109304479767319,2.50803265405873,1.897102206081998
AR(1),Box-Jenkins,2023-06-01 00:00:00,1,0.6109304479767319,2.7327840605097675,2.1218536125330356
AR(12),Box-Jenkins,2023-06-01 00:00:00,1,0.6109304479767319,1.2365322004392423,0.6256017524625104
MA(2),Box-Jenkins,2023-06-01 00:00:00,1,0.6109304479767319,3.8234016889299145,3.2124712409531826
"ARMA(2,2)",Box-Jenkins,2023-06-01 00:00:00,1,0.6109304479767319,2.424854559021386,1.813924111044654
"ARIMA(1,1,1)",Box-Jenkins,2023-06-01 00:00:00,1,0.6109304479767319,2.7329869715821205,2.1220565236053885
"ARIMA(2,1,2)",Box-Jenkins,2023-06-01 00:00:00,1,0.6109304479767319,2.22298792940055,1.6120574814238182
"SARIMA(1,1,1)(1,1,1,12)",estacional,2023-06-01 00:00:00,1,0.6109304479767319,3.268373369430763,2.657442921454031
"SARIMA(2,1,1)(0,1,1,12)",estacional,2023-06-01 00:00:00,1,0.6109304479767319,1.7918536088621497,1.1809231608854178
"SARIMAX(1,1,1)(1,1,1,12)+COVID",estacional,2023-06-01 00:00:00,1,0.6109304479767319,3.375349647592033,2.764419199615301
Ridge sobre rezagos,regularizado,2023-06-01 00:00:00,1,0.6109304479767319,1.2539213534653317,0.6429909054885998
Random Forest,aprendizaje,2023-06-01 00:00:00,1,0.6109304479767319,1.5432543725832912,0.9323239246065593
MLP,aprendizaje,2023-06-01 00:00:00,1,0.6109304479767319,6.079589118104723,5.468658670127991
LSTM(16) v12,red neuronal,2023-06-01 00:00:00,1,0.6109304479767319,0.8897249566540091,0.2787945086772772
LSTM(32) v24,red neuronal,2023-06-01 00:00:00,1,0.6109304479767319,2.1256277421579295,1.5146972941811976
CNN 1D v12,red neuronal,2023-06-01 00:00:00,1,0.6109304479767319,2.6733945347059462,2.0624640867292143
CNN 1D v24,red neuronal,2023-06-01 00:00:00,1,0.6109304479767319,4.584769543131916,3.973839095155184
Ingenuo,referencia,2023-07-01 00:00:00,1,0.6608515202382481,0.6109304479767319,-0.04992107226151621
Ingenuo estacional,referencia,2023-07-01 00:00:00,1,0.6608515202382481,8.68520616002273,8.024354639784482
Deriva,referencia,2023-07-01 00:00:00,1,0.6608515202382481,0.5939291504726868,-0.06692236976556132
AR(1),Box-Jenkins,2023-07-01 00:00:00,1,0.6608515202382481,1.173729441954218,0.5128779217159698
AR(12),Box-Jenkins,2023-07-01 00:00:00,1,0.6608515202382481,0.918113191810064,0.2572616715718159
MA(2),Box-Jenkins,2023-07-01 00:00:00,1,0.6608515202382481,1.1664730202862832,0.5056215000480351
"ARMA(2,2)",Box-Jenkins,2023-07-01 00:00:00,1,0.6608515202382481,1.0935232426373966,0.43267172239914853
"ARIMA(1,1,1)",Box-Jenkins,2023-07-01 00:00:00,1,0.6608515202382481,1.1742625933821544,0.5134110731439063
"ARIMA(2,1,2)",Box-Jenkins,2023-07-01 00:00:00,1,0.6608515202382481,0.6028213168582406,-0.05803020338000753
"SARIMA(1,1,1)(1,1,1,12)",estacional,2023-07-01 00:00:00,1,0.6608515202382481,-0.044730747171835006,-0.7055822674100831
"SARIMA(2,1,1)(0,1,1,12)",estacional,2023-07-01 00:00:00,1,0.6608515202382481,0.9062419544167115,0.2453904341784634
"SARIMAX(1,1,1)(1,1,1,12)+COVID",estacional,2023-07-01 00:00:00,1,0.6608515202382481,0.20120337694567825,-0.45964814329256987
Ridge sobre rezagos,regularizado,2023-07-01 00:00:00,1,0.6608515202382481,0.9125415589865749,0.25169003874832674
Random Forest,aprendizaje,2023-07-01 00:00:00,1,0.6608515202382481,1.1070486839576135,0.44619716371936535
MLP,aprendizaje,2023-07-01 00:00:00,1,0.6608515202382481,-3.1219113384515516,-3.7827628586897997
LSTM(16) v12,red neuronal,2023-07-01 00:00:00,1,0.6608515202382481,1.0050610558992195,0.34420953566097134
LSTM(32) v24,red neuronal,2023-07-01 00:00:00,1,0.6608515202382481,1.1267913093441653,0.46593978910591716
CNN 1D v12,red neuronal,2023-07-01 00:00:00,1,0.6608515202382481,2.656598101546077,1.995746581307829
CNN 1D v24,red neuronal,2023-07-01 00:00:00,1,0.6608515202382481,4.537200942648106,3.8763494224098576
Ingenuo,referencia,2023-08-01 00:00:00,1,-0.4739736853440091,0.6608515202382481,1.1348252055822572
Ingenuo estacional,referencia,2023-08-01 00:00:00,1,-0.4739736853440091,4.206454730095621,4.68042841543963
Deriva,referencia,2023-08-01 00:00:00,1,-0.4739736853440091,0.6441673903634237,1.1181410757074328
AR(1),Box-Jenkins,2023-08-01 00:00:00,1,-0.4739736853440091,1.2108051528679349,1.684778838211944
AR(12),Box-Jenkins,2023-08-01 00:00:00,1,-0.4739736853440091,1.230125640118385,1.7040993254623942
MA(2),Box-Jenkins,2023-08-01 00:00:00,1,-0.4739736853440091,2.0899917285835596,2.5639654139275687
"ARMA(2,2)",Box-Jenkins,2023-08-01 00:00:00,1,-0.4739736853440091,1.3111259917417106,1.7850996770857197
"ARIMA(1,1,1)",Box-Jenkins,2023-08-01 00:00:00,1,-0.4739736853440091,1.211334380189802,1.685308065533811
"ARIMA(2,1,2)",Box-Jenkins,2023-08-01 00:00:00,1,-0.4739736853440091,0.9274045141550306,1.4013781994990397
"SARIMA(1,1,1)(1,1,1,12)",estacional,2023-08-01 00:00:00,1,-0.4739736853440091,2.4121173921890797,2.886091077533089
"SARIMA(2,1,1)(0,1,1,12)",estacional,2023-08-01 00:00:00,1,-0.4739736853440091,0.5570185079958909,1.0309921933399
"SARIMAX(1,1,1)(1,1,1,12)+COVID",estacional,2023-08-01 00:00:00,1,-0.4739736853440091,2.5379549452768027,3.0119286306208117
Ridge sobre rezagos,regularizado,2023-08-01 00:00:00,1,-0.4739736853440091,1.2339291639204388,1.707902849264448
Random Forest,aprendizaje,2023-08-01 00:00:00,1,-0.4739736853440091,1.127921598530519,1.6018952838745282
MLP,aprendizaje,2023-08-01 00:00:00,1,-0.4739736853440091,1.3256727638540602,1.7996464491980693
LSTM(16) v12,red neuronal,2023-08-01 00:00:00,1,-0.4739736853440091,0.9953314646255969,1.469305149969606
LSTM(32) v24,red neuronal,2023-08-01 00:00:00,1,-0.4739736853440091,0.8102498385094514,1.2842235238534605
CNN 1D v12,red neuronal,2023-08-01 00:00:00,1,-0.4739736853440091,2.4524583428520783,2.9264320281960874
CNN 1D v24,red neuronal,2023-08-01 00:00:00,1,-0.4739736853440091,4.434028823183241,4.90800250852725
Ingenuo,referencia,2023-09-01 00:00:00,1,-0.6547165073053418,-0.4739736853440091,0.18074282196133273
Ingenuo estacional,referencia,2023-09-01 00:00:00,1,-0.6547165073053418,4.103535149964266,4.758251657269607
Deriva,referencia,2023-09-01 00:00:00,1,-0.6547165073053418,-0.49593206557594405,0.15878444172939776
AR(1),Box-Jenkins,2023-09-01 00:00:00,1,-0.6547165073053418,0.2754856674630228,0.9302021747683646
AR(12),Box-Jenkins,2023-09-01 00:00:00,1,-0.6547165073053418,0.6547170108620495,1.3094335181673913
MA(2),Box-Jenkins,2023-09-01 00:00:00,1,-0.6547165073053418,1.3306646359140504,1.9853811432193922
"ARMA(2,2)",Box-Jenkins,2023-09-01 00:00:00,1,-0.6547165073053418,0.021911200533147768,0.6766277078384896
"ARIMA(1,1,1)",Box-Jenkins,2023-09-01 00:00:00,1,-0.6547165073053418,0.27618858605227503,0.9309050933576168
"ARIMA(2,1,2)",Box-Jenkins,2023-09-01 00:00:00,1,-0.6547165073053418,-0.4884093359736524,0.16630717133168943
"SARIMA(1,1,1)(1,1,1,12)",estacional,2023-09-01 00:00:00,1,-0.6547165073053418,0.10395991525408022,0.758676422559422
"SARIMA(2,1,1)(0,1,1,12)",estacional,2023-09-01 00:00:00,1,-0.6547165073053418,-0.502746784084859,0.15196972322048286
"SARIMAX(1,1,1)(1,1,1,12)+COVID",estacional,2023-09-01 00:00:00,1,-0.6547165073053418,0.34515664915308686,0.9998731564584287
Ridge sobre rezagos,regularizado,2023-09-01 00:00:00,1,-0.6547165073053418,0.6786718578043627,1.3333883651097045
Random Forest,aprendizaje,2023-09-01 00:00:00,1,-0.6547165073053418,1.7465921086765204,2.401308615981862
MLP,aprendizaje,2023-09-01 00:00:00,1,-0.6547165073053418,-1.156338331600296,-0.5016218242949542
LSTM(16) v12,red neuronal,2023-09-01 00:00:00,1,-0.6547165073053418,1.1376085737797923,1.792325081085134
LSTM(32) v24,red neuronal,2023-09-01 00:00:00,1,-0.6547165073053418,-0.5941411260953382,0.06057538121000361
CNN 1D v12,red neuronal,2023-09-01 00:00:00,1,-0.6547165073053418,2.3714312992918973,3.026147806597239
CNN 1D v24,red neuronal,2023-09-01 00:00:00,1,-0.6547165073053418,4.3409442551543265,4.995660762459668
Ingenuo,referencia,2023-10-01 00:00:00,1,3.7186627535746197,-0.6547165073053418,-4.373379260879961
Ingenuo estacional,referencia,2023-10-01 00:00:00,1,3.7186627535746197,0.11374940256343447,-3.6049133510111853
Deriva,referencia,2023-10-01 00:00:00,1,3.7186627535746197,-0.677420354399856,-4.3960831079744755
AR(1),Box-Jenkins,2023-10-01 00:00:00,1,3.7186627535746197,0.1202932842788147,-3.598369469295805
AR(12),Box-Jenkins,2023-10-01 00:00:00,1,3.7186627535746197,0.9230885664284858,-2.795574187146134
MA(2),Box-Jenkins,2023-10-01 00:00:00,1,3.7186627535746197,1.0549189277769844,-2.6637438257976354
"ARMA(2,2)",Box-Jenkins,2023-10-01 00:00:00,1,3.7186627535746197,0.2933199015045169,-3.425342852070103
"ARIMA(1,1,1)",Box-Jenkins,2023-10-01 00:00:00,1,3.7186627535746197,0.121017353976554,-3.5976453995980657
"ARIMA(2,1,2)",Box-Jenkins,2023-10-01 00:00:00,1,3.7186627535746197,-0.197429672186329,-3.9160924257609486
"SARIMA(1,1,1)(1,1,1,12)",estacional,2023-10-01 00:00:00,1,3.7186627535746197,1.175719921409418,-2.5429428321652017
"SARIMA(2,1,1)(0,1,1,12)",estacional,2023-10-01 00:00:00,1,3.7186627535746197,-0.6004909427299223,-4.319153696304542
"SARIMAX(1,1,1)(1,1,1,12)+COVID",estacional,2023-10-01 00:00:00,1,3.7186627535746197,1.3651903913422885,-2.3534723622323312
Ridge sobre rezagos,regularizado,2023-10-01 00:00:00,1,3.7186627535746197,0.9177528850311902,-2.8009098685434295
Random Forest,aprendizaje,2023-10-01 00:00:00,1,3.7186627535746197,1.9412853919395487,-1.777377361635071
MLP,aprendizaje,2023-10-01 00:00:00,1,3.7186627535746197,0.7633774953329242,-2.9552852582416955
LSTM(16) v12,red neuronal,2023-10-01 00:00:00,1,3.7186627535746197,0.5957266197321505,-3.1229361338424693
LSTM(32) v24,red neuronal,2023-10-01 00:00:00,1,3.7186627535746197,-0.671586586007682,-4.390249339582302
CNN 1D v12,red neuronal,2023-10-01 00:00:00,1,3.7186627535746197,2.4103185460782885,-1.3083442074963312
CNN 1D v24,red neuronal,2023-10-01 00:00:00,1,3.7186627535746197,4.254351695825481,0.5356889422508608
Ingenuo,referencia,2023-11-01 00:00:00,1,0.8278973363634146,3.7186627535746197,2.890765417211205
Ingenuo estacional,referencia,2023-11-01 00:00:00,1,0.8278973363634146,0.5659254149769977,-0.2619719213864169
Deriva,referencia,2023-11-01 00:00:00,1,0.8278973363634146,3.7165013509098928,2.888604014546478
AR(1),Box-Jenkins,2023-11-01 00:00:00,1,0.8278973363634146,3.7013351448677616,2.873437808504347
AR(12),Box-Jenkins,2023-11-01 00:00:00,1,0.8278973363634146,3.110281169997556,2.2823838336341415
MA(2),Box-Jenkins,2023-11-01 00:00:00,1,0.8278973363634146,5.115246650175892,4.287349313812477
"ARMA(2,2)",Box-Jenkins,2023-11-01 00:00:00,1,0.8278973363634146,3.5720202682668187,2.744122931903404
"ARIMA(1,1,1)",Box-Jenkins,2023-11-01 00:00:00,1,0.8278973363634146,3.7013210126324934,2.873423676269079
"ARIMA(2,1,2)",Box-Jenkins,2023-11-01 00:00:00,1,0.8278973363634146,3.2825252688712085,2.454627932507794
"SARIMA(1,1,1)(1,1,1,12)",estacional,2023-11-01 00:00:00,1,0.8278973363634146,3.7046795894564317,2.876782253093017
"SARIMA(2,1,1)(0,1,1,12)",estacional,2023-11-01 00:00:00,1,0.8278973363634146,3.3526667070581446,2.52476937069473
"SARIMAX(1,1,1)(1,1,1,12)+COVID",estacional,2023-11-01 00:00:00,1,0.8278973363634146,3.8005577893045643,2.9726604529411498
Ridge sobre rezagos,regularizado,2023-11-01 00:00:00,1,0.8278973363634146,3.0923170469301002,2.2644197105666857
Random Forest,aprendizaje,2023-11-01 00:00:00,1,0.8278973363634146,2.3784427737519263,1.5505454373885117
MLP,aprendizaje,2023-11-01 00:00:00,1,0.8278973363634146,2.3267458708157247,1.4988485344523101
LSTM(16) v12,red neuronal,2023-11-01 00:00:00,1,0.8278973363634146,2.557532817115116,1.7296354807517016
LSTM(32) v24,red neuronal,2023-11-01 00:00:00,1,0.8278973363634146,2.6291588006040065,1.801261464240592
CNN 1D v12,red neuronal,2023-11-01 00:00:00,1,0.8278973363634146,3.4965231644544734,2.668625828091059
CNN 1D v24,red neuronal,2023-11-01 00:00:00,1,0.8278973363634146,4.181189823107932,3.3532924867445173
Ingenuo,referencia,2023-12-01 00:00:00,1,1.64003119213596,0.8278973363634146,-0.8121338557725455
Ingenuo estacional,referencia,2023-12-01 00:00:00,1,1.64003119213596,4.288948014042071,2.648916821906111
Deriva,referencia,2023-12-01 00:00:00,1,1.64003119213596,0.812300566189169,-0.827730625946791
AR(1),Box-Jenkins,2023-12-01 00:00:00,1,1.64003119213596,1.3418411855050572,-0.2981900066309029
AR(12),Box-Jenkins,2023-12-01 00:00:00,1,1.64003119213596,0.9258025979308204,-0.7142285942051396
MA(2),Box-Jenkins,2023-12-01 00:00:00,1,1.64003119213596,1.014215382068791,-0.6258158100671691
"ARMA(2,2)",Box-Jenkins,2023-12-01 00:00:00,1,1.64003119213596,0.9005156020987832,-0.7395155900371768
"ARIMA(1,1,1)",Box-Jenkins,2023-12-01 00:00:00,1,1.64003119213596,1.3423187103840108,-0.2977124817519492
"ARIMA(2,1,2)",Box-Jenkins,2023-12-01 00:00:00,1,1.64003119213596,0.3926181692089119,-1.2474130229270481
"SARIMA(1,1,1)(1,1,1,12)",estacional,2023-12-01 00:00:00,1,1.64003119213596,-0.4004420424496322,-2.0404732345855923
"SARIMA(2,1,1)(0,1,1,12)",estacional,2023-12-01 00:00:00,1,1.64003119213596,0.5408223408114612,-1.0992088513244989
"SARIMAX(1,1,1)(1,1,1,12)+COVID",estacional,2023-12-01 00:00:00,1,1.64003119213596,-0.17973617267022757,-1.8197673648061876
Ridge sobre rezagos,regularizado,2023-12-01 00:00:00,1,1.64003119213596,0.9677600583589441,-0.672271133777016
Random Forest,aprendizaje,2023-12-01 00:00:00,1,1.64003119213596,0.9684164319916602,-0.6716147601442999
MLP,aprendizaje,2023-12-01 00:00:00,1,1.64003119213596,0.4763338453374899,-1.1636973467984701
LSTM(16) v12,red neuronal,2023-12-01 00:00:00,1,1.64003119213596,1.682123193200127,0.042092001064166995
LSTM(32) v24,red neuronal,2023-12-01 00:00:00,1,1.64003119213596,1.7761664349630721,0.1361352428271121
CNN 1D v12,red neuronal,2023-12-01 00:00:00,1,1.64003119213596,1.7738649312389254,0.13383373910296537
CNN 1D v24,red neuronal,2023-12-01 00:00:00,1,1.64003119213596,4.09483802008935,2.45480682795339
Ingenuo,referencia,2024-01-01 00:00:00,1,2.262780790238894,1.64003119213596,-0.6227495981029341
Ingenuo estacional,referencia,2024-01-01 00:00:00,1,2.262780790238894,2.478413285110781,0.21563249487188685
Deriva,referencia,2024-01-01 00:00:00,1,2.262780790238894,1.6282665081929497,-0.6345142820459444
AR(1),Box-Jenkins,2024-01-01 00:00:00,1,2.262780790238894,2.0027079289204965,-0.2600728613183976
AR(12),Box-Jenkins,2024-01-01 00:00:00,1,2.262780790238894,2.703161604697777,0.4403808144588828
MA(2),Box-Jenkins,2024-01-01 00:00:00,1,2.262780790238894,2.5740495297456336,0.3112687395067395
"ARMA(2,2)",Box-Jenkins,2024-01-01 00:00:00,1,2.262780790238894,2.5517792031499154,0.28899841291102124
"ARIMA(1,1,1)",Box-Jenkins,2024-01-01 00:00:00,1,2.262780790238894,2.003038827018292,-0.25974196322060195
"ARIMA(2,1,2)",Box-Jenkins,2024-01-01 00:00:00,1,2.262780790238894,2.160633696730909,-0.1021470935079849
"SARIMA(1,1,1)(1,1,1,12)",estacional,2024-01-01 00:00:00,1,2.262780790238894,2.1577370167274728,-0.10504377351142136
"SARIMA(2,1,1)(0,1,1,12)",estacional,2024-01-01 00:00:00,1,2.262780790238894,2.272300815567532,0.009520025328638049
"SARIMAX(1,1,1)(1,1,1,12)+COVID",estacional,2024-01-01 00:00:00,1,2.262780790238894,2.2290401203058705,-0.033740669933023604
Ridge sobre rezagos,regularizado,2024-01-01 00:00:00,1,2.262780790238894,2.6707298554624064,0.40794906522351226
Random Forest,aprendizaje,2024-01-01 00:00:00,1,2.262780790238894,1.8891501105738269,-0.37363067966506724
MLP,aprendizaje,2024-01-01 00:00:00,1,2.262780790238894,2.0780963701385966,-0.1846844201002975
LSTM(16) v12,red neuronal,2024-01-01 00:00:00,1,2.262780790238894,2.100428683753771,-0.16235210648512322
LSTM(32) v24,red neuronal,2024-01-01 00:00:00,1,2.262780790238894,1.6632268199198608,-0.5995539703190333
CNN 1D v12,red neuronal,2024-01-01 00:00:00,1,2.262780790238894,2.075952821236081,-0.18682796900281318
CNN 1D v24,red neuronal,2024-01-01 00:00:00,1,2.262780790238894,4.052484213651006,1.7897034234121119
Ingenuo,referencia,2024-02-01 00:00:00,1,-2.270542620912719,2.262780790238894,4.533323411151613
Ingenuo estacional,referencia,2024-02-01 00:00:00,1,-2.270542620912719,1.4554773434255264,3.7260199643382452
Deriva,referencia,2024-02-01 00:00:00,1,-2.270542620912719,2.2539401352454043,4.524482756158124
AR(1),Box-Jenkins,2024-02-01 00:00:00,1,-2.270542620912719,2.509364249603095,4.779906870515814
AR(12),Box-Jenkins,2024-02-01 00:00:00,1,-2.270542620912719,2.6009829415256953,4.871525562438414
MA(2),Box-Jenkins,2024-02-01 00:00:00,1,-2.270542620912719,3.531927681045773,5.802470301958492
"ARMA(2,2)",Box-Jenkins,2024-02-01 00:00:00,1,-2.270542620912719,1.862896127340414,4.133438748253133
"ARIMA(1,1,1)",Box-Jenkins,2024-02-01 00:00:00,1,-2.270542620912719,2.5095904407793475,4.780133061692066
"ARIMA(2,1,2)",Box-Jenkins,2024-02-01 00:00:00,1,-2.270542620912719,1.5765382939631936,3.8470809148759124
"SARIMA(1,1,1)(1,1,1,12)",estacional,2024-02-01 00:00:00,1,-2.270542620912719,2.9407088919491815,5.2112515128619
"SARIMA(2,1,1)(0,1,1,12)",estacional,2024-02-01 00:00:00,1,-2.270542620912719,1.4796739351823933,3.750216556095112
"SARIMAX(1,1,1)(1,1,1,12)+COVID",estacional,2024-02-01 00:00:00,1,-2.270542620912719,2.9919957168179945,5.262538337730714
Ridge sobre rezagos,regularizado,2024-02-01 00:00:00,1,-2.270542620912719,2.6253355440337183,4.895878164946437
Random Forest,aprendizaje,2024-02-01 00:00:00,1,-2.270542620912719,2.4385233958002943,4.709066016713013
MLP,aprendizaje,2024-02-01 00:00:00,1,-2.270542620912719,3.324998221917125,5.595540842829844
LSTM(16) v12,red neuronal,2024-02-01 00:00:00,1,-2.270542620912719,2.464805772577287,4.735348393490006
LSTM(32) v24,red neuronal,2024-02-01 00:00:00,1,-2.270542620912719,2.509870224278015,4.7804128451907335
CNN 1D v12,red neuronal,2024-02-01 00:00:00,1,-2.270542620912719,2.9193210373518177,5.189863658264537
CNN 1D v24,red neuronal,2024-02-01 00:00:00,1,-2.270542620912719,3.992390868356266,6.262933489268985
Ingenuo,referencia,2024-03-01 00:00:00,1,5.409986698638258,-2.270542620912719,-7.680529319550978
Ingenuo estacional,referencia,2024-03-01 00:00:00,1,5.409986698638258,-0.7366729780456271,-6.1466596766838855
Deriva,referencia,2024-03-01 00:00:00,1,5.409986698638258,-2.30013778396198,-7.710124482600238
AR(1),Box-Jenkins,2024-03-01 00:00:00,1,5.409986698638258,-1.1987468135950783,-6.608733512233337
AR(12),Box-Jenkins,2024-03-01 00:00:00,1,5.409986698638258,-0.22369790296246905,-5.633684601600727
MA(2),Box-Jenkins,2024-03-01 00:00:00,1,5.409986698638258,-1.3348997402625709,-6.74488643890083
"ARMA(2,2)",Box-Jenkins,2024-03-01 00:00:00,1,5.409986698638258,-0.8878985659937428,-6.297885264632001
"ARIMA(1,1,1)",Box-Jenkins,2024-03-01 00:00:00,1,5.409986698638258,-1.1977613507796288,-6.6077480494178875
"ARIMA(2,1,2)",Box-Jenkins,2024-03-01 00:00:00,1,5.409986698638258,-1.501677822998216,-6.9116645216364745
"SARIMA(1,1,1)(1,1,1,12)",estacional,2024-03-01 00:00:00,1,5.409986698638258,-0.5198569786947003,-5.929843677332959
"SARIMA(2,1,1)(0,1,1,12)",estacional,2024-03-01 00:00:00,1,5.409986698638258,-1.2103365693356491,-6.620323267973907
"SARIMAX(1,1,1)(1,1,1,12)+COVID",estacional,2024-03-01 00:00:00,1,5.409986698638258,-0.27664631887750346,-5.686633017515762
Ridge sobre rezagos,regularizado,2024-03-01 00:00:00,1,5.409986698638258,-0.1815201330875733,-5.591506831725832
Random Forest,aprendizaje,2024-03-01 00:00:00,1,5.409986698638258,0.5455492380455947,-4.864437460592663
MLP,aprendizaje,2024-03-01 00:00:00,1,5.409986698638258,1.1203493395664657,-4.289637359071793
LSTM(16) v12,red neuronal,2024-03-01 00:00:00,1,5.409986698638258,-0.6844692141420734,-6.094455912780331
LSTM(32) v24,red neuronal,2024-03-01 00:00:00,1,5.409986698638258,-1.166423012925629,-6.576409711563887
CNN 1D v12,red neuronal,2024-03-01 00:00:00,1,5.409986698638258,1.9325137890989366,-3.4774729095393218
CNN 1D v24,red neuronal,2024-03-01 00:00:00,1,5.409986698638258,3.905939494525715,-1.5040472041125432
Ingenuo,referencia,2024-04-01 00:00:00,1,2.027986193076714,5.409986698638258,3.3820005055615443
Ingenuo estacional,referencia,2024-04-01 00:00:00,1,2.027986193076714,0.29242184749149747,-1.7355643455852166
Deriva,referencia,2024-04-01 00:00:00,1,2.027986193076714,5.415597583454752,3.387611390378038
AR(1),Box-Jenkins,2024-04-01 00:00:00,1,2.027986193076714,5.058080354110245,3.0300941610335306
AR(12),Box-Jenkins,2024-04-01 00:00:00,1,2.027986193076714,5.044402231710705,3.0164160386339907
MA(2),Box-Jenkins,2024-04-01 00:00:00,1,2.027986193076714,6.9707287482282645,4.9427425551515505
"ARMA(2,2)",Box-Jenkins,2024-04-01 00:00:00,1,2.027986193076714,5.206953017066091,3.178966823989377
"ARIMA(1,1,1)",Box-Jenkins,2024-04-01 00:00:00,1,2.027986193076714,4.46860269939123,2.440616506314516
"ARIMA(2,1,2)",Box-Jenkins,2024-04-01 00:00:00,1,2.027986193076714,5.153165721369261,3.1251795282925467
"SARIMA(1,1,1)(1,1,1,12)",estacional,2024-04-01 00:00:00,1,2.027986193076714,4.446982038094268,2.4189958450175544
"SARIMA(2,1,1)(0,1,1,12)",estacional,2024-04-01 00:00:00,1,2.027986193076714,4.7532976116477155,2.7253114185710015
"SARIMAX(1,1,1)(1,1,1,12)+COVID",estacional,2024-04-01 00:00:00,1,2.027986193076714,4.437209258142342,2.4092230650656283
Ridge sobre rezagos,regularizado,2024-04-01 00:00:00,1,2.027986193076714,4.972884883840209,2.9448986907634946
Random Forest,aprendizaje,2024-04-01 00:00:00,1,2.027986193076714,4.21112662346089,2.183140430384176
MLP,aprendizaje,2024-04-01 00:00:00,1,2.027986193076714,4.349447868423249,2.3214616753465354
LSTM(16) v12,red neuronal,2024-04-01 00:00:00,1,2.027986193076714,2.785369866746608,0.757383673669894
LSTM(32) v24,red neuronal,2024-04-01 00:00:00,1,2.027986193076714,2.367531179536102,0.339544986459388
CNN 1D v12,red neuronal,2024-04-01 00:00:00,1,2.027986193076714,3.1322415873444514,1.1042553942677373
CNN 1D v24,red neuronal,2024-04-01 00:00:00,1,2.027986193076714,3.7778020261450567,1.7498158330683427
Ingenuo,referencia,2024-05-01 00:00:00,1,-2.0986513232682413,2.027986193076714,4.126637516344955
Ingenuo estacional,referencia,2024-05-01 00:00:00,1,-2.0986513232682413,2.516000131533813,4.614651454802054
Deriva,referencia,2024-05-01 00:00:00,1,-2.0986513232682413,2.01819884430058,4.116850167568821
AR(1),Box-Jenkins,2024-05-01 00:00:00,1,-2.0986513232682413,2.326102293044686,4.424753616312927
AR(12),Box-Jenkins,2024-05-01 00:00:00,1,-2.0986513232682413,1.6439296658242895,3.742580989092531
MA(2),Box-Jenkins,2024-05-01 00:00:00,1,-2.0986513232682413,2.453594464084394,4.552245787352636
"ARMA(2,2)",Box-Jenkins,2024-05-01 00:00:00,1,-2.0986513232682413,1.284814944785937,3.3834662680541783
"ARIMA(1,1,1)",Box-Jenkins,2024-05-01 00:00:00,1,-2.0986513232682413,2.0454251327534627,4.144076456021704
"ARIMA(2,1,2)",Box-Jenkins,2024-05-01 00:00:00,1,-2.0986513232682413,0.8862362555498204,2.9848875788180615
"SARIMA(1,1,1)(1,1,1,12)",estacional,2024-05-01 00:00:00,1,-2.0986513232682413,1.2692317619426499,3.367883085210891
"SARIMA(2,1,1)(0,1,1,12)",estacional,2024-05-01 00:00:00,1,-2.0986513232682413,1.374199096452009,3.4728504197202503
"SARIMAX(1,1,1)(1,1,1,12)+COVID",estacional,2024-05-01 00:00:00,1,-2.0986513232682413,1.3957720878664128,3.494423411134654
Ridge sobre rezagos,regularizado,2024-05-01 00:00:00,1,-2.0986513232682413,1.7180375850962786,3.8166889083645197
Random Forest,aprendizaje,2024-05-01 00:00:00,1,-2.0986513232682413,2.796722674170821,4.895373997439062
MLP,aprendizaje,2024-05-01 00:00:00,1,-2.0986513232682413,1.8764648607607943,3.9751161840290354
LSTM(16) v12,red neuronal,2024-05-01 00:00:00,1,-2.0986513232682413,2.130907141774178,4.22955846504242
LSTM(32) v24,red neuronal,2024-05-01 00:00:00,1,-2.0986513232682413,1.8757467659992157,3.9743980892674573
CNN 1D v12,red neuronal,2024-05-01 00:00:00,1,-2.0986513232682413,2.8864154430297067,4.9850667662979475
CNN 1D v24,red neuronal,2024-05-01 00:00:00,1,-2.0986513232682413,3.610701924907178,5.70935324817542
Ingenuo,referencia,2024-06-01 00:00:00,1,2.945873684210265,-2.0986513232682413,-5.044525007478507
Ingenuo estacional,referencia,2024-06-01 00:00:00,1,2.945873684210265,0.6109304479767319,-2.334943236233533
Deriva,referencia,2024-06-01 00:00:00,1,2.945873684210265,-2.127066953345592,-5.072940637555857
AR(1),Box-Jenkins,2024-06-01 00:00:00,1,2.945873684210265,-1.0164648061907795,-3.9623384904010446
AR(12),Box-Jenkins,2024-06-01 00:00:00,1,2.945873684210265,0.909744695660428,-2.0361289885498373
MA(2),Box-Jenkins,2024-06-01 00:00:00,1,2.945873684210265,-1.1936661200887437,-4.139539804299009
"ARMA(2,2)",Box-Jenkins,2024-06-01 00:00:00,1,2.945873684210265,0.1337239802509268,-2.812149703959338
"ARIMA(1,1,1)",Box-Jenkins,2024-06-01 00:00:00,1,2.945873684210265,-1.3076986786335976,-4.253572362843863
"ARIMA(2,1,2)",Box-Jenkins,2024-06-01 00:00:00,1,2.945873684210265,-0.3925398873504231,-3.338413571560688
"SARIMA(1,1,1)(1,1,1,12)",estacional,2024-06-01 00:00:00,1,2.945873684210265,-0.9333454936039618,-3.879219177814227
"SARIMA(2,1,1)(0,1,1,12)",estacional,2024-06-01 00:00:00,1,2.945873684210265,-0.44647199424915884,-3.392345678459424
"SARIMAX(1,1,1)(1,1,1,12)+COVID",estacional,2024-06-01 00:00:00,1,2.945873684210265,-0.7080466966675791,-3.653920380877844
Ridge sobre rezagos,regularizado,2024-06-01 00:00:00,1,2.945873684210265,0.8977505524467646,-2.0481231317635005
Random Forest,aprendizaje,2024-06-01 00:00:00,1,2.945873684210265,2.930928993601693,-0.014944690608571953
MLP,aprendizaje,2024-06-01 00:00:00,1,2.945873684210265,1.8929900333901322,-1.052883650820133
LSTM(16) v12,red neuronal,2024-06-01 00:00:00,1,2.945873684210265,1.0135921624186817,-1.9322815217915834
LSTM(32) v24,red neuronal,2024-06-01 00:00:00,1,2.945873684210265,1.5065186970477722,-1.4393549871624929
CNN 1D v12,red neuronal,2024-06-01 00:00:00,1,2.945873684210265,1.625332734480651,-1.320540949729614
CNN 1D v24,red neuronal,2024-06-01 00:00:00,1,2.945873684210265,3.5635358825561116,0.6176621983458466
Ingenuo,referencia,2024-07-01 00:00:00,1,1.2261275321314935,2.945873684210265,1.7197461520787716
Ingenuo estacional,referencia,2024-07-01 00:00:00,1,1.2261275321314935,0.6608515202382481,-0.5652760118932454
Deriva,referencia,2024-07-01 00:00:00,1,1.2261275321314935,2.940309138085869,1.7141816059543755
AR(1),Box-Jenkins,2024-07-01 00:00:00,1,1.2261275321314935,3.0630806377911384,1.8369531056596449
AR(12),Box-Jenkins,2024-07-01 00:00:00,1,1.2261275321314935,2.6729106173247366,1.446783085193243
MA(2),Box-Jenkins,2024-07-01 00:00:00,1,1.2261275321314935,5.560316896479039,4.334189364347545
"ARMA(2,2)",Box-Jenkins,2024-07-01 00:00:00,1,1.2261275321314935,2.3932044931643786,1.167076961032885
"ARIMA(1,1,1)",Box-Jenkins,2024-07-01 00:00:00,1,1.2261275321314935,2.4609572138422617,1.2348296817107682
"ARIMA(2,1,2)",Box-Jenkins,2024-07-01 00:00:00,1,1.2261275321314935,2.2048990475672134,0.9787715154357199
"SARIMA(1,1,1)(1,1,1,12)",estacional,2024-07-01 00:00:00,1,1.2261275321314935,2.6000949681844014,1.373967436052908
"SARIMA(2,1,1)(0,1,1,12)",estacional,2024-07-01 00:00:00,1,1.2261275321314935,1.7215243180793287,0.4953967859478352
"SARIMAX(1,1,1)(1,1,1,12)+COVID",estacional,2024-07-01 00:00:00,1,1.2261275321314935,2.6222957063419523,1.3961681742104588
Ridge sobre rezagos,regularizado,2024-07-01 00:00:00,1,1.2261275321314935,2.687202333156014,1.4610748010245205
Random Forest,aprendizaje,2024-07-01 00:00:00,1,1.2261275321314935,1.8791625421283025,0.653035009996809
MLP,aprendizaje,2024-07-01 00:00:00,1,1.2261275321314935,2.0150397534379523,0.7889122213064588
LSTM(16) v12,red neuronal,2024-07-01 00:00:00,1,1.2261275321314935,1.4254067999954962,0.19927926786400274
LSTM(32) v24,red neuronal,2024-07-01 00:00:00,1,1.2261275321314935,1.6861988970270332,0.4600713648955397
CNN 1D v12,red neuronal,2024-07-01 00:00:00,1,1.2261275321314935,3.0429228715033636,1.81679533937187
CNN 1D v24,red neuronal,2024-07-01 00:00:00,1,1.2261275321314935,3.5283011656668726,2.302173633535379
Ingenuo,referencia,2024-08-01 00:00:00,1,0.5923234177251269,1.2261275321314935,0.6338041144063666
Ingenuo estacional,referencia,2024-08-01 00:00:00,1,0.5923234177251269,-0.4739736853440091,-1.066297103069136
Deriva,referencia,2024-08-01 00:00:00,1,0.5923234177251269,1.2128760729759118,0.620552655250785
AR(1),Box-Jenkins,2024-08-01 00:00:00,1,0.5923234177251269,1.6789351353750965,1.0866117176499697
AR(12),Box-Jenkins,2024-08-01 00:00:00,1,0.5923234177251269,2.4687433419735063,1.8764199242483794
MA(2),Box-Jenkins,2024-08-01 00:00:00,1,0.5923234177251269,1.2589596518633037,0.6666362341381769
"ARMA(2,2)",Box-Jenkins,2024-08-01 00:00:00,1,0.5923234177251269,1.56527618383851,0.9729527661133832
"ARIMA(1,1,1)",Box-Jenkins,2024-08-01 00:00:00,1,0.5923234177251269,1.269390795009036,0.6770673772839091
"ARIMA(2,1,2)",Box-Jenkins,2024-08-01 00:00:00,1,0.5923234177251269,1.1735918502794496,0.5812684325543227
"SARIMA(1,1,1)(1,1,1,12)",estacional,2024-08-01 00:00:00,1,0.5923234177251269,1.402054483257155,0.8097310655320282
"SARIMA(2,1,1)(0,1,1,12)",estacional,2024-08-01 00:00:00,1,0.5923234177251269,1.0466188866336759,0.454295468908549
"SARIMAX(1,1,1)(1,1,1,12)+COVID",estacional,2024-08-01 00:00:00,1,0.5923234177251269,1.477384074612578,0.8850606568874511
Ridge sobre rezagos,regularizado,2024-08-01 00:00:00,1,0.5923234177251269,2.46316390095304,1.870840483227913
Random Forest,aprendizaje,2024-08-01 00:00:00,1,0.5923234177251269,1.5543366603774496,0.9620132426523227
MLP,aprendizaje,2024-08-01 00:00:00,1,0.5923234177251269,3.0130365752238086,2.4207131574986818
LSTM(16) v12,red neuronal,2024-08-01 00:00:00,1,0.5923234177251269,2.721326945760908,2.1290035280357813
LSTM(32) v24,red neuronal,2024-08-01 00:00:00,1,0.5923234177251269,1.8575681202569205,1.2652447025317937
CNN 1D v12,red neuronal,2024-08-01 00:00:00,1,0.5923234177251269,3.1462203859903792,2.5538969682652524
CNN 1D v24,red neuronal,2024-08-01 00:00:00,1,0.5923234177251269,3.475971545065424,2.883648127340297
Ingenuo,referencia,2024-09-01 00:00:00,1,3.598788069074188,0.5923234177251269,-3.006464651349061
Ingenuo estacional,referencia,2024-09-01 00:00:00,1,3.598788069074188,-0.6547165073053418,-4.25350457637953
Deriva,referencia,2024-09-01 00:00:00,1,3.598788069074188,0.5763016342157471,-3.022486434858441
AR(1),Box-Jenkins,2024-09-01 00:00:00,1,3.598788069074188,1.1654477545576865,-2.4333403145165016
AR(12),Box-Jenkins,2024-09-01 00:00:00,1,3.598788069074188,1.5495607588379876,-2.0492273102362004
MA(2),Box-Jenkins,2024-09-01 00:00:00,1,3.598788069074188,1.695600641280223,-1.903187427793965
"ARMA(2,2)",Box-Jenkins,2024-09-01 00:00:00,1,3.598788069074188,1.2380010216708144,-2.360787047403374
"ARIMA(1,1,1)",Box-Jenkins,2024-09-01 00:00:00,1,3.598788069074188,0.7489831720895137,-2.8498048969846743
"ARIMA(2,1,2)",Box-Jenkins,2024-09-01 00:00:00,1,3.598788069074188,0.8147370550507267,-2.7840510140234613
"SARIMA(1,1,1)(1,1,1,12)",estacional,2024-09-01 00:00:00,1,3.598788069074188,0.8163137645934413,-2.782474304480747
"SARIMA(2,1,1)(0,1,1,12)",estacional,2024-09-01 00:00:00,1,3.598788069074188,0.9705697134664822,-2.628218355607706
"SARIMAX(1,1,1)(1,1,1,12)+COVID",estacional,2024-09-01 00:00:00,1,3.598788069074188,0.9249038278502707,-2.6738842412239174
Ridge sobre rezagos,regularizado,2024-09-01 00:00:00,1,3.598788069074188,1.5735890296726343,-2.0251990394015538
Random Forest,aprendizaje,2024-09-01 00:00:00,1,3.598788069074188,2.3457902819520733,-1.2529977871221147
MLP,aprendizaje,2024-09-01 00:00:00,1,3.598788069074188,2.3464738939728242,-1.2523141751013638
LSTM(16) v12,red neuronal,2024-09-01 00:00:00,1,3.598788069074188,2.6957632034544075,-0.9030248656197806
LSTM(32) v24,red neuronal,2024-09-01 00:00:00,1,3.598788069074188,1.8050104554949165,-1.7937776135792716
CNN 1D v12,red neuronal,2024-09-01 00:00:00,1,3.598788069074188,2.798708389323894,-0.800079679750294
CNN 1D v24,red neuronal,2024-09-01 00:00:00,1,3.598788069074188,3.4688019013143427,-0.12998616775984528
Ingenuo,referencia,2024-10-01 00:00:00,1,0.41177685722004753,3.598788069074188,3.1870112118541405
Ingenuo estacional,referencia,2024-10-01 00:00:00,1,0.41177685722004753,3.7186627535746197,3.306885896354572
Deriva,referencia,2024-10-01 00:00:00,1,0.41177685722004753,3.5961995586086237,3.184422701388576
AR(1),Box-Jenkins,2024-10-01 00:00:00,1,0.41177685722004753,3.582903693240861,3.1711268360208136
AR(12),Box-Jenkins,2024-10-01 00:00:00,1,0.41177685722004753,2.850466715826283,2.4386898586062355
MA(2),Box-Jenkins,2024-10-01 00:00:00,1,0.41177685722004753,4.798289204286404,4.386512347066357
"ARMA(2,2)",Box-Jenkins,2024-10-01 00:00:00,1,0.41177685722004753,3.4886123625182055,3.076835505298158
"ARIMA(1,1,1)",Box-Jenkins,2024-10-01 00:00:00,1,0.41177685722004753,3.0782842614931356,2.666507404273088
"ARIMA(2,1,2)",Box-Jenkins,2024-10-01 00:00:00,1,0.41177685722004753,3.3049801164262838,2.893203259206236
"SARIMA(1,1,1)(1,1,1,12)",estacional,2024-10-01 00:00:00,1,0.41177685722004753,1.5083105856958205,1.096533728475773
"SARIMA(2,1,1)(0,1,1,12)",estacional,2024-10-01 00:00:00,1,0.41177685722004753,3.1543540573738653,2.742577200153818
"SARIMAX(1,1,1)(1,1,1,12)+COVID",estacional,2024-10-01 00:00:00,1,0.41177685722004753,1.5064537747637354,1.094676917543688
Ridge sobre rezagos,regularizado,2024-10-01 00:00:00,1,0.41177685722004753,2.843238755848196,2.4314618986281484
Random Forest,aprendizaje,2024-10-01 00:00:00,1,0.41177685722004753,0.6427317354931321,0.23095487827308459
MLP,aprendizaje,2024-10-01 00:00:00,1,0.41177685722004753,1.9183253391443373,1.5065484819242898
LSTM(16) v12,red neuronal,2024-10-01 00:00:00,1,0.41177685722004753,2.750678060761656,2.3389012035416084
LSTM(32) v24,red neuronal,2024-10-01 00:00:00,1,0.41177685722004753,2.0009309842183107,1.5891541269982632
CNN 1D v12,red neuronal,2024-10-01 00:00:00,1,0.41177685722004753,2.6498163903845255,2.238039533164478
CNN 1D v24,red neuronal,2024-10-01 00:00:00,1,0.41177685722004753,3.460135840046798,3.0483589828267506
Ingenuo,referencia,2024-11-01 00:00:00,1,3.61132888612552,0.41177685722004753,-3.1995520289054724
Ingenuo estacional,referencia,2024-11-01 00:00:00,1,3.61132888612552,0.8278973363634146,-2.7834315497621054
Deriva,referencia,2024-11-01 00:00:00,1,3.61132888612552,0.39509798081913533,-3.2162309053063844
AR(1),Box-Jenkins,2024-11-01 00:00:00,1,3.61132888612552,1.022650074064066,-2.588678812061454
AR(12),Box-Jenkins,2024-11-01 00:00:00,1,3.61132888612552,1.7876722662563505,-1.8236566198691695
MA(2),Box-Jenkins,2024-11-01 00:00:00,1,3.61132888612552,0.4620373560283251,-3.149291530097195
"ARMA(2,2)",Box-Jenkins,2024-11-01 00:00:00,1,3.61132888612552,0.5910256822880915,-3.0203032038374285
"ARIMA(1,1,1)",Box-Jenkins,2024-11-01 00:00:00,1,3.61132888612552,0.7524058622994187,-2.858923023826101
"ARIMA(2,1,2)",Box-Jenkins,2024-11-01 00:00:00,1,3.61132888612552,0.1616106628644458,-3.4497182232610744
"SARIMA(1,1,1)(1,1,1,12)",estacional,2024-11-01 00:00:00,1,3.61132888612552,1.610652314876949,-2.000676571248571
"SARIMA(2,1,1)(0,1,1,12)",estacional,2024-11-01 00:00:00,1,3.61132888612552,0.39991629911625326,-3.2114125870092667
"SARIMAX(1,1,1)(1,1,1,12)+COVID",estacional,2024-11-01 00:00:00,1,3.61132888612552,1.600994760051318,-2.010334126074202
Ridge sobre rezagos,regularizado,2024-11-01 00:00:00,1,3.61132888612552,1.8007742793682653,-1.8105546067572547
Random Forest,aprendizaje,2024-11-01 00:00:00,1,3.61132888612552,1.665464930325344,-1.945863955800176
MLP,aprendizaje,2024-11-01 00:00:00,1,3.61132888612552,0.8364242381076155,-2.7749046480179045
LSTM(16) v12,red neuronal,2024-11-01 00:00:00,1,3.61132888612552,1.2339776066979757,-2.377351279427544
LSTM(32) v24,red neuronal,2024-11-01 00:00:00,1,3.61132888612552,1.712503399624962,-1.898825486500558
CNN 1D v12,red neuronal,2024-11-01 00:00:00,1,3.61132888612552,2.1249625340980556,-1.4863663520274644
CNN 1D v24,red neuronal,2024-11-01 00:00:00,1,3.61132888612552,2.3134562522429345,-1.2978726338825854
Ingenuo,referencia,2024-12-01 00:00:00,1,2.025554222663928,3.61132888612552,1.5857746634615921
Ingenuo estacional,referencia,2024-12-01 00:00:00,1,2.025554222663928,1.64003119213596,-0.38552303052796777
Deriva,referencia,2024-12-01 00:00:00,1,2.025554222663928,3.608818427809658,1.58326420514573
AR(1),Box-Jenkins,2024-12-01 00:00:00,1,2.025554222663928,3.5901330407502643,1.5645788180863365
AR(12),Box-Jenkins,2024-12-01 00:00:00,1,2.025554222663928,3.7506663330194563,1.7251121103555285
MA(2),Box-Jenkins,2024-12-01 00:00:00,1,2.025554222663928,4.698494653061687,2.672940430397759
"ARMA(2,2)",Box-Jenkins,2024-12-01 00:00:00,1,2.025554222663928,4.2157583769528655,2.1902041542889377
"ARIMA(1,1,1)",Box-Jenkins,2024-12-01 00:00:00,1,2.025554222663928,3.142739823283841,1.117185600619913
"ARIMA(2,1,2)",Box-Jenkins,2024-12-01 00:00:00,1,2.025554222663928,4.085523294705386,2.059969072041458
"SARIMA(1,1,1)(1,1,1,12)",estacional,2024-12-01 00:00:00,1,2.025554222663928,2.8541838917107345,0.8286296690468067
"SARIMA(2,1,1)(0,1,1,12)",estacional,2024-12-01 00:00:00,1,2.025554222663928,3.9797457635688405,1.9541915409049126
"SARIMAX(1,1,1)(1,1,1,12)+COVID",estacional,2024-12-01 00:00:00,1,2.025554222663928,2.764837123876236,0.7392829012123081
Ridge sobre rezagos,regularizado,2024-12-01 00:00:00,1,2.025554222663928,3.732724226529385,1.7071700038654574
Random Forest,aprendizaje,2024-12-01 00:00:00,1,2.025554222663928,2.3174300846739153,0.2918758620099875
MLP,aprendizaje,2024-12-01 00:00:00,1,2.025554222663928,3.5090528600921864,1.4834986374282586
LSTM(16) v12,red neuronal,2024-12-01 00:00:00,1,2.025554222663928,1.9885679821740476,-0.036986240489880196
LSTM(32) v24,red neuronal,2024-12-01 00:00:00,1,2.025554222663928,1.9437581284304792,-0.08179609423344858
CNN 1D v12,red neuronal,2024-12-01 00:00:00,1,2.025554222663928,2.409796168771119,0.3842419461071911
CNN 1D v24,red neuronal,2024-12-01 00:00:00,1,2.025554222663928,2.3055873724966656,0.28003314983273775
Ingenuo,referencia,2025-01-01 00:00:00,1,1.1816208207961143,2.025554222663928,0.8439334018678135
Ingenuo estacional,referencia,2025-01-01 00:00:00,1,1.1816208207961143,2.262780790238894,1.0811599694427798
Deriva,referencia,2025-01-01 00:00:00,1,1.1816208207961143,2.0160996230974266,0.8344788023013123
AR(1),Box-Jenkins,2025-01-01 00:00:00,1,1.1816208207961143,2.3191261639222804,1.1375053431261661
AR(12),Box-Jenkins,2025-01-01 00:00:00,1,1.1816208207961143,2.2972448481829195,1.1156240273868052
MA(2),Box-Jenkins,2025-01-01 00:00:00,1,1.1816208207961143,2.374952943870209,1.1933321230740948
"ARMA(2,2)",Box-Jenkins,2025-01-01 00:00:00,1,1.1816208207961143,1.2829808047439508,0.10135998394783652
"ARIMA(1,1,1)",Box-Jenkins,2025-01-01 00:00:00,1,1.1816208207961143,2.080381740798299,0.8987609200021849
"ARIMA(2,1,2)",Box-Jenkins,2025-01-01 00:00:00,1,1.1816208207961143,0.9933833343900571,-0.1882374864060572
"SARIMA(1,1,1)(1,1,1,12)",estacional,2025-01-01 00:00:00,1,1.1816208207961143,1.6111052867254978,0.4294844659293835
"SARIMA(2,1,1)(0,1,1,12)",estacional,2025-01-01 00:00:00,1,1.1816208207961143,1.038422327504585,-0.14319849329152934
"SARIMAX(1,1,1)(1,1,1,12)+COVID",estacional,2025-01-01 00:00:00,1,1.1816208207961143,1.5828033158626251,0.4011824950665108
Ridge sobre rezagos,regularizado,2025-01-01 00:00:00,1,1.1816208207961143,2.322707375296984,1.1410865545008697
Random Forest,aprendizaje,2025-01-01 00:00:00,1,1.1816208207961143,1.9848026263727696,0.8031818055766553
MLP,aprendizaje,2025-01-01 00:00:00,1,1.1816208207961143,2.471824716214968,1.2902038954188537
LSTM(16) v12,red neuronal,2025-01-01 00:00:00,1,1.1816208207961143,1.7798017854962231,0.5981809647001088
LSTM(32) v24,red neuronal,2025-01-01 00:00:00,1,1.1816208207961143,1.97714056113212,0.7955197403360057
CNN 1D v12,red neuronal,2025-01-01 00:00:00,1,1.1816208207961143,2.438756222398683,1.2571354016025689
CNN 1D v24,red neuronal,2025-01-01 00:00:00,1,1.1816208207961143,3.3697006651240744,2.18807984432796
Ingenuo,referencia,2025-02-01 00:00:00,1,4.492629808647175,1.1816208207961143,-3.3110089878510607
Ingenuo estacional,referencia,2025-02-01 00:00:00,1,4.492629808647175,-2.270542620912719,-6.763172429559894
Deriva,referencia,2025-02-01 00:00:00,1,4.492629808647175,1.1685222089924894,-3.3241075996546856
AR(1),Box-Jenkins,2025-02-01 00:00:00,1,4.492629808647175,1.640547579045551,-2.852082229601624
AR(12),Box-Jenkins,2025-02-01 00:00:00,1,4.492629808647175,2.569153096200279,-1.923476712446896
MA(2),Box-Jenkins,2025-02-01 00:00:00,1,4.492629808647175,1.8133284531936447,-2.6793013554535303
"ARMA(2,2)",Box-Jenkins,2025-02-01 00:00:00,1,4.492629808647175,2.6516704112380998,-1.8409593974090752
"ARIMA(1,1,1)",Box-Jenkins,2025-02-01 00:00:00,1,4.492629808647175,1.394626264217221,-3.098003544429954
"ARIMA(2,1,2)",Box-Jenkins,2025-02-01 00:00:00,1,4.492629808647175,2.4293030871902412,-2.0633267214569337
"SARIMA(1,1,1)(1,1,1,12)",estacional,2025-02-01 00:00:00,1,4.492629808647175,3.103561141373862,-1.389068667273313
"SARIMA(2,1,1)(0,1,1,12)",estacional,2025-02-01 00:00:00,1,4.492629808647175,2.305243492224929,-2.187386316422246
"SARIMAX(1,1,1)(1,1,1,12)+COVID",estacional,2025-02-01 00:00:00,1,4.492629808647175,3.041968624967793,-1.4506611836793821
Ridge sobre rezagos,regularizado,2025-02-01 00:00:00,1,4.492629808647175,2.5594047765337393,-1.9332250321134357
Random Forest,aprendizaje,2025-02-01 00:00:00,1,4.492629808647175,3.388414023459447,-1.1042157851877281
MLP,aprendizaje,2025-02-01 00:00:00,1,4.492629808647175,4.30110869755739,-0.1915211110897852
LSTM(16) v12,red neuronal,2025-02-01 00:00:00,1,4.492629808647175,1.5762028229337637,-2.9164269857134113
LSTM(32) v24,red neuronal,2025-02-01 00:00:00,1,4.492629808647175,1.9117766812335217,-2.5808531274136532
CNN 1D v12,red neuronal,2025-02-01 00:00:00,1,4.492629808647175,2.5989712157060194,-1.8936585929411556
CNN 1D v24,red neuronal,2025-02-01 00:00:00,1,4.492629808647175,2.699601200324379,-1.7930286083227962
Ingenuo,referencia,2025-03-01 00:00:00,1,-0.09167105984454471,4.492629808647175,4.58430086849172
Ingenuo estacional,referencia,2025-03-01 00:00:00,1,-0.09167105984454471,5.409986698638258,5.5016577584828035
Deriva,referencia,2025-03-01 00:00:00,1,-0.09167105984454471,4.49398383858118,4.585654898425725
AR(1),Box-Jenkins,2025-03-01 00:00:00,1,-0.09167105984454471,4.292203142754642,4.383874202599186
AR(12),Box-Jenkins,2025-03-01 00:00:00,1,-0.09167105984454471,3.236731238097913,3.328402297942458
MA(2),Box-Jenkins,2025-03-01 00:00:00,1,-0.09167105984454471,5.258363774114182,5.350034833958727
"ARMA(2,2)",Box-Jenkins,2025-03-01 00:00:00,1,-0.09167105984454471,3.349434635165891,3.4411056950104357
"ARIMA(1,1,1)",Box-Jenkins,2025-03-01 00:00:00,1,-0.09167105984454471,3.907935559689905,3.9996066195344495
"ARIMA(2,1,2)",Box-Jenkins,2025-03-01 00:00:00,1,-0.09167105984454471,3.2363445418087107,3.3280156016532554
"SARIMA(1,1,1)(1,1,1,12)",estacional,2025-03-01 00:00:00,1,-0.09167105984454471,1.6480145006049636,1.7396855604495083
"SARIMA(2,1,1)(0,1,1,12)",estacional,2025-03-01 00:00:00,1,-0.09167105984454471,3.6272298006077097,3.7189008604522544
"SARIMAX(1,1,1)(1,1,1,12)+COVID",estacional,2025-03-01 00:00:00,1,-0.09167105984454471,1.6437270978051561,1.7353981576497008
Ridge sobre rezagos,regularizado,2025-03-01 00:00:00,1,-0.09167105984454471,3.249940210976,3.3416112708205445
Random Forest,aprendizaje,2025-03-01 00:00:00,1,-0.09167105984454471,1.818269831762056,1.9099408916066007
MLP,aprendizaje,2025-03-01 00:00:00,1,-0.09167105984454471,1.530850682615132,1.6225217424596767
LSTM(16) v12,red neuronal,2025-03-01 00:00:00,1,-0.09167105984454471,2.390634521015374,2.4823055808599186
LSTM(32) v24,red neuronal,2025-03-01 00:00:00,1,-0.09167105984454471,2.184910068181268,2.276581128025813
CNN 1D v12,red neuronal,2025-03-01 00:00:00,1,-0.09167105984454471,1.6179733311364457,1.7096443909809904
CNN 1D v24,red neuronal,2025-03-01 00:00:00,1,-0.09167105984454471,3.7377599864688213,3.829431046313366
Ingenuo,referencia,2025-04-01 00:00:00,1,2.1527050085237143,-0.09167105984454471,-2.244376068368259
Ingenuo estacional,referencia,2025-04-01 00:00:00,1,2.1527050085237143,2.027986193076714,-0.12471881544700025
Deriva,referencia,2025-04-01 00:00:00,1,2.1527050085237143,-0.11016834981714534,-2.2628733583408596
AR(1),Box-Jenkins,2025-04-01 00:00:00,1,2.1527050085237143,0.6269127513551151,-1.5257922571685991
AR(12),Box-Jenkins,2025-04-01 00:00:00,1,2.1527050085237143,1.6342546881676894,-0.5184503203560249
MA(2),Box-Jenkins,2025-04-01 00:00:00,1,2.1527050085237143,-0.018316908023349843,-2.171021916547064
"ARMA(2,2)",Box-Jenkins,2025-04-01 00:00:00,1,2.1527050085237143,1.022184206663187,-1.1305208018605273
"ARIMA(1,1,1)",Box-Jenkins,2025-04-01 00:00:00,1,2.1527050085237143,0.5679825024797789,-1.5847225060439354
"ARIMA(2,1,2)",Box-Jenkins,2025-04-01 00:00:00,1,2.1527050085237143,0.7325202118016931,-1.4201847967220211
"SARIMA(1,1,1)(1,1,1,12)",estacional,2025-04-01 00:00:00,1,2.1527050085237143,1.2471827443041712,-0.9055222642195431
"SARIMA(2,1,1)(0,1,1,12)",estacional,2025-04-01 00:00:00,1,2.1527050085237143,0.6489722447344128,-1.5037327637893014
"SARIMAX(1,1,1)(1,1,1,12)+COVID",estacional,2025-04-01 00:00:00,1,2.1527050085237143,1.2445159935016705,-0.9081890150220437
Ridge sobre rezagos,regularizado,2025-04-01 00:00:00,1,2.1527050085237143,1.65048735996888,-0.5022176485548342
Random Forest,aprendizaje,2025-04-01 00:00:00,1,2.1527050085237143,1.963689632835461,-0.18901537568825333
MLP,aprendizaje,2025-04-01 00:00:00,1,2.1527050085237143,1.761750012705372,-0.39095499581834225
LSTM(16) v12,red neuronal,2025-04-01 00:00:00,1,2.1527050085237143,1.8229539262918224,-0.32975108223189187
LSTM(32) v24,red neuronal,2025-04-01 00:00:00,1,2.1527050085237143,1.9385920829331205,-0.2141129255905938
CNN 1D v12,red neuronal,2025-04-01 00:00:00,1,2.1527050085237143,1.243278709441538,-0.9094262990821762
CNN 1D v24,red neuronal,2025-04-01 00:00:00,1,2.1527050085237143,2.2317575620608734,0.07905255353715912
Ingenuo,referencia,2025-05-01 00:00:00,1,3.434797938137324,2.1527050085237143,-1.2820929296136097
Ingenuo estacional,referencia,2025-05-01 00:00:00,1,3.434797938137324,-2.0986513232682413,-5.533449261405565
Deriva,referencia,2025-05-01 00:00:00,1,3.434797938137324,2.143961483026721,-1.290836455110603
AR(1),Box-Jenkins,2025-05-01 00:00:00,1,3.434797938137324,2.419765786938653,-1.015032151198671
AR(12),Box-Jenkins,2025-05-01 00:00:00,1,3.434797938137324,3.43708184844119,0.002283910303865877
MA(2),Box-Jenkins,2025-05-01 00:00:00,1,3.434797938137324,3.5374826376496484,0.1026846995123245
"ARMA(2,2)",Box-Jenkins,2025-05-01 00:00:00,1,3.434797938137324,2.4753497409419696,-0.9594481971953543
"ARIMA(1,1,1)",Box-Jenkins,2025-05-01 00:00:00,1,3.434797938137324,2.042441913939073,-1.3923560241982509
"ARIMA(2,1,2)",Box-Jenkins,2025-05-01 00:00:00,1,3.434797938137324,2.259331929600558,-1.175466008536766
"SARIMA(1,1,1)(1,1,1,12)",estacional,2025-05-01 00:00:00,1,3.434797938137324,3.5923694459233784,0.15757150778605444
"SARIMA(2,1,1)(0,1,1,12)",estacional,2025-05-01 00:00:00,1,3.434797938137324,2.152679735120724,-1.2821182030166
"SARIMAX(1,1,1)(1,1,1,12)+COVID",estacional,2025-05-01 00:00:00,1,3.434797938137324,3.5161164259559814,0.08131848781865747
Ridge sobre rezagos,regularizado,2025-05-01 00:00:00,1,3.434797938137324,3.4139749059717754,-0.020823032165548483
Random Forest,aprendizaje,2025-05-01 00:00:00,1,3.434797938137324,3.0754157573020664,-0.3593821808352575
MLP,aprendizaje,2025-05-01 00:00:00,1,3.434797938137324,5.431275347452961,1.996477409315637
LSTM(16) v12,red neuronal,2025-05-01 00:00:00,1,3.434797938137324,1.8281467451016582,-1.6066511930356657
LSTM(32) v24,red neuronal,2025-05-01 00:00:00,1,3.434797938137324,1.9439117499704215,-1.4908861881669024
CNN 1D v12,red neuronal,2025-05-01 00:00:00,1,3.434797938137324,1.6326482403689668,-1.802149697768357
CNN 1D v24,red neuronal,2025-05-01 00:00:00,1,3.434797938137324,1.8188278588478743,-1.6159700792894496
Ingenuo,referencia,2025-06-01 00:00:00,1,4.809843187438023,3.434797938137324,-1.3750452493006993
Ingenuo estacional,referencia,2025-06-01 00:00:00,1,4.809843187438023,2.945873684210265,-1.8639695032277581
Deriva,referencia,2025-06-01 00:00:00,1,4.809843187438023,3.431594483263123,-1.3782487041749003
AR(1),Box-Jenkins,2025-06-01 00:00:00,1,4.809843187438023,3.4421469519432044,-1.3676962354948188
AR(12),Box-Jenkins,2025-06-01 00:00:00,1,4.809843187438023,2.1707107687043097,-2.6391324187337135
MA(2),Box-Jenkins,2025-06-01 00:00:00,1,4.809843187438023,3.962999845506997,-0.8468433419310264
"ARMA(2,2)",Box-Jenkins,2025-06-01 00:00:00,1,4.809843187438023,3.0142881965923647,-1.7955549908456585
"ARIMA(1,1,1)",Box-Jenkins,2025-06-01 00:00:00,1,4.809843187438023,3.0835441444234695,-1.7262990430145537
"ARIMA(2,1,2)",Box-Jenkins,2025-06-01 00:00:00,1,4.809843187438023,2.8859940493893896,-1.9238491380486336
"SARIMA(1,1,1)(1,1,1,12)",estacional,2025-06-01 00:00:00,1,4.809843187438023,1.3568273821581869,-3.4530158052798363
"SARIMA(2,1,1)(0,1,1,12)",estacional,2025-06-01 00:00:00,1,4.809843187438023,2.5769974484561535,-2.2328457389818697
"SARIMAX(1,1,1)(1,1,1,12)+COVID",estacional,2025-06-01 00:00:00,1,4.809843187438023,1.3901170708006623,-3.419726116637361
Ridge sobre rezagos,regularizado,2025-06-01 00:00:00,1,4.809843187438023,2.2139897184973645,-2.5958534689406587
Random Forest,aprendizaje,2025-06-01 00:00:00,1,4.809843187438023,1.372344240623087,-3.4374989468149364
MLP,aprendizaje,2025-06-01 00:00:00,1,4.809843187438023,0.9824466660075746,-3.8273965214304484
LSTM(16) v12,red neuronal,2025-06-01 00:00:00,1,4.809843187438023,2.123072297492513,-2.6867708899455103
LSTM(32) v24,red neuronal,2025-06-01 00:00:00,1,4.809843187438023,2.093561997932744,-2.7162811895052794
CNN 1D v12,red neuronal,2025-06-01 00:00:00,1,4.809843187438023,1.5117637905768577,-3.2980793968611657
CNN 1D v24,red neuronal,2025-06-01 00:00:00,1,4.809843187438023,2.253486793095451,-2.556356394342572
Ingenuo,referencia,2025-07-01 00:00:00,1,2.9070466187174127,4.809843187438023,1.9027965687206105
Ingenuo estacional,referencia,2025-07-01 00:00:00,1,2.9070466187174127,1.2261275321314935,-1.6809190865859192
Deriva,referencia,2025-07-01 00:00:00,1,2.9070466187174127,4.812529684291065,1.9054830655736525
AR(1),Box-Jenkins,2025-07-01 00:00:00,1,2.9070466187174127,4.539390202692838,1.632343583975425
AR(12),Box-Jenkins,2025-07-01 00:00:00,1,2.9070466187174127,5.910106509629676,3.0030598909122634
MA(2),Box-Jenkins,2025-07-01 00:00:00,1,2.9070466187174127,4.069864029413685,1.162817410696272
"ARMA(2,2)",Box-Jenkins,2025-07-01 00:00:00,1,2.9070466187174127,4.616976261773111,1.7099296430556983
"ARIMA(1,1,1)",Box-Jenkins,2025-07-01 00:00:00,1,2.9070466187174127,4.297791036913375,1.390744418195962
"ARIMA(2,1,2)",Box-Jenkins,2025-07-01 00:00:00,1,2.9070466187174127,4.520342040910101,1.6132954221926887
"SARIMA(1,1,1)(1,1,1,12)",estacional,2025-07-01 00:00:00,1,2.9070466187174127,4.735046333767205,1.827999715049792
"SARIMA(2,1,1)(0,1,1,12)",estacional,2025-07-01 00:00:00,1,2.9070466187174127,5.056759385854617,2.1497127671372045
"SARIMAX(1,1,1)(1,1,1,12)+COVID",estacional,2025-07-01 00:00:00,1,2.9070466187174127,4.51169869040294,1.6046520716855275
Ridge sobre rezagos,regularizado,2025-07-01 00:00:00,1,2.9070466187174127,5.831122858432626,2.9240762397152134
Random Forest,aprendizaje,2025-07-01 00:00:00,1,2.9070466187174127,3.7906895170692576,0.883642898351845
MLP,aprendizaje,2025-07-01 00:00:00,1,2.9070466187174127,1.422384488021311,-1.4846621306961016
LSTM(16) v12,red neuronal,2025-07-01 00:00:00,1,2.9070466187174127,2.9440276676854404,0.036981048968027785
LSTM(32) v24,red neuronal,2025-07-01 00:00:00,1,2.9070466187174127,2.3593111836302763,-0.5477354350871364
CNN 1D v12,red neuronal,2025-07-01 00:00:00,1,2.9070466187174127,1.9246046421960508,-0.9824419765213619
CNN 1D v24,red neuronal,2025-07-01 00:00:00,1,2.9070466187174127,2.211109169572392,-0.6959374491450205
Ingenuo,referencia,2025-08-01 00:00:00,1,3.946999699259268,2.9070466187174127,-1.0399530805418555
Ingenuo estacional,referencia,2025-08-01 00:00:00,1,3.946999699259268,0.5923234177251269,-3.3546762815341413
Deriva,referencia,2025-08-01 00:00:00,1,3.946999699259268,2.9016246769935456,-1.0453750222657225
AR(1),Box-Jenkins,2025-08-01 00:00:00,1,3.946999699259268,3.0224297906693844,-0.9245699085898837
AR(12),Box-Jenkins,2025-08-01 00:00:00,1,3.946999699259268,2.159754188486443,-1.7872455107728253
MA(2),Box-Jenkins,2025-08-01 00:00:00,1,3.946999699259268,2.788072180187856,-1.1589275190714123
"ARMA(2,2)",Box-Jenkins,2025-08-01 00:00:00,1,3.946999699259268,2.704400883553799,-1.242598815705469
"ARIMA(1,1,1)",Box-Jenkins,2025-08-01 00:00:00,1,3.946999699259268,3.0279433603663755,-0.9190563388928927
"ARIMA(2,1,2)",Box-Jenkins,2025-08-01 00:00:00,1,3.946999699259268,2.6436719977226373,-1.303327701536631
"SARIMA(1,1,1)(1,1,1,12)",estacional,2025-08-01 00:00:00,1,3.946999699259268,2.73874956698618,-1.208250132273088
"SARIMA(2,1,1)(0,1,1,12)",estacional,2025-08-01 00:00:00,1,3.946999699259268,2.2542078487309483,-1.69279185052832
"SARIMAX(1,1,1)(1,1,1,12)+COVID",estacional,2025-08-01 00:00:00,1,3.946999699259268,2.6553762756944903,-1.2916234235647779
Ridge sobre rezagos,regularizado,2025-08-01 00:00:00,1,3.946999699259268,2.2391050410449744,-1.7078946582142938
Random Forest,aprendizaje,2025-08-01 00:00:00,1,3.946999699259268,3.050396886067867,-0.896602813191401
MLP,aprendizaje,2025-08-01 00:00:00,1,3.946999699259268,3.419300119614313,-0.5276995796449553
LSTM(16) v12,red neuronal,2025-08-01 00:00:00,1,3.946999699259268,2.935693662106006,-1.011306037153262
LSTM(32) v24,red neuronal,2025-08-01 00:00:00,1,3.946999699259268,2.371757727728551,-1.5752419715307173
CNN 1D v12,red neuronal,2025-08-01 00:00:00,1,3.946999699259268,2.2682712538426433,-1.678728445416625
CNN 1D v24,red neuronal,2025-08-01 00:00:00,1,3.946999699259268,2.245436828828953,-1.7015628704303154
Ingenuo,referencia,2025-09-01 00:00:00,1,3.07646433434019,3.946999699259268,0.8705353649190783
Ingenuo estacional,referencia,2025-09-01 00:00:00,1,3.07646433434019,3.598788069074188,0.5223237347339982
Deriva,referencia,2025-09-01 00:00:00,1,3.07646433434019,3.9460073127144932,0.8695429783743034
AR(1),Box-Jenkins,2025-09-01 00:00:00,1,3.07646433434019,3.8512453229779613,0.7747809886377715
AR(12),Box-Jenkins,2025-09-01 00:00:00,1,3.07646433434019,4.70614212669678,1.6296777923565902
MA(2),Box-Jenkins,2025-09-01 00:00:00,1,3.07646433434019,4.010652614865828,0.9341882805256381
"ARMA(2,2)",Box-Jenkins,2025-09-01 00:00:00,1,3.07646433434019,4.354642415261937,1.2781780809217471
"ARIMA(1,1,1)",Box-Jenkins,2025-09-01 00:00:00,1,3.07646433434019,3.7863074562951775,0.7098431219549877
"ARIMA(2,1,2)",Box-Jenkins,2025-09-01 00:00:00,1,3.07646433434019,4.364458966003832,1.2879946316636426
"SARIMA(1,1,1)(1,1,1,12)",estacional,2025-09-01 00:00:00,1,3.07646433434019,2.6152379218649866,-0.46122641247520324
"SARIMA(2,1,1)(0,1,1,12)",estacional,2025-09-01 00:00:00,1,3.07646433434019,4.7572421944875565,1.6807778601473666
"SARIMAX(1,1,1)(1,1,1,12)+COVID",estacional,2025-09-01 00:00:00,1,3.07646433434019,2.513590498699558,-0.562873835640632
Ridge sobre rezagos,regularizado,2025-09-01 00:00:00,1,3.07646433434019,4.64829191538888,1.57182758104869
Random Forest,aprendizaje,2025-09-01 00:00:00,1,3.07646433434019,3.091750893191594,0.015286558851403953
MLP,aprendizaje,2025-09-01 00:00:00,1,3.07646433434019,2.6586518254226843,-0.41781250891750554
LSTM(16) v12,red neuronal,2025-09-01 00:00:00,1,3.07646433434019,3.357684541983016,0.2812202076428263
LSTM(32) v24,red neuronal,2025-09-01 00:00:00,1,3.07646433434019,2.4456233687751148,-0.6308409655650751
CNN 1D v12,red neuronal,2025-09-01 00:00:00,1,3.07646433434019,2.362470216954884,-0.7139941173853059
CNN 1D v24,red neuronal,2025-09-01 00:00:00,1,3.07646433434019,2.1757764879407033,-0.9006878463994865
Ingenuo,referencia,2025-10-01 00:00:00,1,2.4340002792755833,3.07646433434019,0.6424640550646066
Ingenuo estacional,referencia,2025-10-01 00:00:00,1,2.4340002792755833,0.41177685722004753,-2.0222234220555357
Deriva,referencia,2025-10-01 00:00:00,1,2.4340002792755833,3.071802990080755,0.6378027108051718
AR(1),Box-Jenkins,2025-10-01 00:00:00,1,2.4340002792755833,3.157548952503719,0.7235486732281355
AR(12),Box-Jenkins,2025-10-01 00:00:00,1,2.4340002792755833,3.0728418984495036,0.6388416191739203
MA(2),Box-Jenkins,2025-10-01 00:00:00,1,2.4340002792755833,3.069118505804446,0.6351182265288626
"ARMA(2,2)",Box-Jenkins,2025-10-01 00:00:00,1,2.4340002792755833,2.5627962655671137,0.12879598629153044
"ARIMA(1,1,1)",Box-Jenkins,2025-10-01 00:00:00,1,2.4340002792755833,3.1771102813618715,0.7431100020862882
"ARIMA(2,1,2)",Box-Jenkins,2025-10-01 00:00:00,1,2.4340002792755833,2.571853089805051,0.13785281052946763
"SARIMA(1,1,1)(1,1,1,12)",estacional,2025-10-01 00:00:00,1,2.4340002792755833,4.081999558323115,1.6479992790475313
"SARIMA(2,1,1)(0,1,1,12)",estacional,2025-10-01 00:00:00,1,2.4340002792755833,2.1960764259483017,-0.2379238533272816
"SARIMAX(1,1,1)(1,1,1,12)+COVID",estacional,2025-10-01 00:00:00,1,2.4340002792755833,3.9115903057621804,1.477590026486597
Ridge sobre rezagos,regularizado,2025-10-01 00:00:00,1,2.4340002792755833,3.113629492282569,0.6796292130069856
Random Forest,aprendizaje,2025-10-01 00:00:00,1,2.4340002792755833,2.620410562178475,0.18641028290289174
MLP,aprendizaje,2025-10-01 00:00:00,1,2.4340002792755833,3.0848162514835558,0.6508159722079725
LSTM(16) v12,red neuronal,2025-10-01 00:00:00,1,2.4340002792755833,3.2851796459880993,0.851179366712516
LSTM(32) v24,red neuronal,2025-10-01 00:00:00,1,2.4340002792755833,2.4299282685954857,-0.004072010680097549
CNN 1D v12,red neuronal,2025-10-01 00:00:00,1,2.4340002792755833,2.3887468066243267,-0.045253472651256565
CNN 1D v24,red neuronal,2025-10-01 00:00:00,1,2.4340002792755833,2.1341693972575317,-0.2998308820180515
Ingenuo,referencia,2025-11-01 00:00:00,1,0.7595052332500574,2.4340002792755833,1.674495046025526
Ingenuo estacional,referencia,2025-11-01 00:00:00,1,0.7595052332500574,3.61132888612552,2.8518236528754626
Deriva,referencia,2025-11-01 00:00:00,1,0.7595052332500574,2.4266590916934376,1.6671538584433803
AR(1),Box-Jenkins,2025-11-01 00:00:00,1,0.7595052332500574,2.644924549823137,1.8854193165730795
AR(12),Box-Jenkins,2025-11-01 00:00:00,1,0.7595052332500574,2.923631124750421,2.1641258915003636
MA(2),Box-Jenkins,2025-11-01 00:00:00,1,0.7595052332500574,2.684013564750949,1.9245083315008915
"ARMA(2,2)",Box-Jenkins,2025-11-01 00:00:00,1,0.7595052332500574,3.2820447688716143,2.522539535621557
"ARIMA(1,1,1)",Box-Jenkins,2025-11-01 00:00:00,1,0.7595052332500574,2.637209203284221,1.8777039700341636
"ARIMA(2,1,2)",Box-Jenkins,2025-11-01 00:00:00,1,0.7595052332500574,3.218858660011725,2.4593534267616675
"SARIMA(1,1,1)(1,1,1,12)",estacional,2025-11-01 00:00:00,1,0.7595052332500574,1.5208625269017784,0.761357293651721
"SARIMA(2,1,1)(0,1,1,12)",estacional,2025-11-01 00:00:00,1,0.7595052332500574,3.5600627665877385,2.800557533337681
"SARIMAX(1,1,1)(1,1,1,12)+COVID",estacional,2025-11-01 00:00:00,1,0.7595052332500574,1.529618611951964,0.7701133787019065
Ridge sobre rezagos,regularizado,2025-11-01 00:00:00,1,0.7595052332500574,2.918472921825546,2.1589676885754887
Random Forest,aprendizaje,2025-11-01 00:00:00,1,0.7595052332500574,3.9390980908930384,3.179592857642981
MLP,aprendizaje,2025-11-01 00:00:00,1,0.7595052332500574,4.032015549471338,3.2725103162212807
LSTM(16) v12,red neuronal,2025-11-01 00:00:00,1,0.7595052332500574,2.9021080888649613,2.142602855614904
LSTM(32) v24,red neuronal,2025-11-01 00:00:00,1,0.7595052332500574,2.395029198919131,1.6355239656690737
CNN 1D v12,red neuronal,2025-11-01 00:00:00,1,0.7595052332500574,2.3917208539787382,1.6322156207286809
CNN 1D v24,red neuronal,2025-11-01 00:00:00,1,0.7595052332500574,2.1363491278497664,1.376843894599709
Ingenuo,referencia,2025-12-01 00:00:00,1,0.9643027524466774,0.7595052332500574,-0.20479751919662004
Ingenuo estacional,referencia,2025-12-01 00:00:00,1,0.9643027524466774,2.025554222663928,1.0612514702172504
Deriva,referencia,2025-12-01 00:00:00,1,0.9643027524466774,0.745188506511245,-0.21911424593543238
AR(1),Box-Jenkins,2025-12-01 00:00:00,1,0.9643027524466774,1.3077885070594868,0.3434857546128094
AR(12),Box-Jenkins,2025-12-01 00:00:00,1,0.9643027524466774,1.7932909843734348,0.8289882319267574
MA(2),Box-Jenkins,2025-12-01 00:00:00,1,0.9643027524466774,1.7635458361738414,0.799243083727164
"ARMA(2,2)",Box-Jenkins,2025-12-01 00:00:00,1,0.9643027524466774,0.7521999887137738,-0.2121027637329036
"ARIMA(1,1,1)",Box-Jenkins,2025-12-01 00:00:00,1,0.9643027524466774,1.2533319598877695,0.28902920744109206
"ARIMA(2,1,2)",Box-Jenkins,2025-12-01 00:00:00,1,0.9643027524466774,0.5996774487091492,-0.3646253037375282
"SARIMA(1,1,1)(1,1,1,12)",estacional,2025-12-01 00:00:00,1,0.9643027524466774,1.5278596764962948,0.5635569240496174
"SARIMA(2,1,1)(0,1,1,12)",estacional,2025-12-01 00:00:00,1,0.9643027524466774,0.1002135246672009,-0.8640892277794765
"SARIMAX(1,1,1)(1,1,1,12)+COVID",estacional,2025-12-01 00:00:00,1,0.9643027524466774,1.5400835750650759,0.5757808226183985
Ridge sobre rezagos,regularizado,2025-12-01 00:00:00,1,0.9643027524466774,1.8134550610607558,0.8491523086140784
Random Forest,aprendizaje,2025-12-01 00:00:00,1,0.9643027524466774,2.248619586814614,1.2843168343679365
MLP,aprendizaje,2025-12-01 00:00:00,1,0.9643027524466774,3.2753512090091834,2.311048456562506
LSTM(16) v12,red neuronal,2025-12-01 00:00:00,1,0.9643027524466774,2.4310810225177035,1.4667782700710261
LSTM(32) v24,red neuronal,2025-12-01 00:00:00,1,0.9643027524466774,2.20638785879508,1.2420851063484024
CNN 1D v12,red neuronal,2025-12-01 00:00:00,1,0.9643027524466774,2.333046760962611,1.3687440085159337
CNN 1D v24,red neuronal,2025-12-01 00:00:00,1,0.9643027524466774,2.099411055501504,1.1351083030548268
Ingenuo,referencia,2026-01-01 00:00:00,1,1.308161702592514,0.9643027524466774,-0.3438589501458367
Ingenuo estacional,referencia,2026-01-01 00:00:00,1,1.308161702592514,1.1816208207961143,-0.12654088179639977
Deriva,referencia,2026-01-01 00:00:00,1,1.308161702592514,0.950899001732596,-0.35726270085991807
AR(1),Box-Jenkins,2026-01-01 00:00:00,1,1.308161702592514,1.4683761245065718,0.16021442191405777
AR(12),Box-Jenkins,2026-01-01 00:00:00,1,1.308161702592514,1.5160426429503011,0.20788094035778704
MA(2),Box-Jenkins,2026-01-01 00:00:00,1,1.308161702592514,2.2432217322199444,0.9350600296274303
"ARMA(2,2)",Box-Jenkins,2026-01-01 00:00:00,1,1.308161702592514,2.113765138640507,0.8056034360479929
"ARIMA(1,1,1)",Box-Jenkins,2026-01-01 00:00:00,1,1.308161702592514,1.2109749428316487,-0.09718675976086533
"ARIMA(2,1,2)",Box-Jenkins,2026-01-01 00:00:00,1,1.308161702592514,1.8891755917428177,0.5810138891503036
"SARIMA(1,1,1)(1,1,1,12)",estacional,2026-01-01 00:00:00,1,1.308161702592514,1.4336170006388156,0.1254552980463015
"SARIMA(2,1,1)(0,1,1,12)",estacional,2026-01-01 00:00:00,1,1.308161702592514,1.8056671224735297,0.4975054198810156
"SARIMAX(1,1,1)(1,1,1,12)+COVID",estacional,2026-01-01 00:00:00,1,1.308161702592514,1.4800116209749299,0.1718499183824158
Ridge sobre rezagos,regularizado,2026-01-01 00:00:00,1,1.308161702592514,1.5302601018965618,0.22209839930404773
Random Forest,aprendizaje,2026-01-01 00:00:00,1,1.308161702592514,2.4899290954626094,1.1817673928700954
MLP,aprendizaje,2026-01-01 00:00:00,1,1.308161702592514,0.1393889203755349,-1.1687727822169791
LSTM(16) v12,red neuronal,2026-01-01 00:00:00,1,1.308161702592514,2.6989722218602488,1.3908105192677347
LSTM(32) v24,red neuronal,2026-01-01 00:00:00,1,1.308161702592514,2.065519862809016,0.7573581602165018
CNN 1D v12,red neuronal,2026-01-01 00:00:00,1,1.308161702592514,2.3038584517071845,0.9956967491146704
CNN 1D v24,red neuronal,2026-01-01 00:00:00,1,1.308161702592514,2.0846349272743154,0.7764732246818014
Ingenuo,referencia,2026-02-01 00:00:00,1,3.9388731435072266,1.308161702592514,-2.6307114409147125
Ingenuo estacional,referencia,2026-02-01 00:00:00,1,3.9388731435072266,4.492629808647175,0.5537566651399484
Deriva,referencia,2026-02-01 00:00:00,1,3.9388731435072266,1.2962403697243245,-2.642632773782902
AR(1),Box-Jenkins,2026-02-01 00:00:00,1,3.9388731435072266,1.7404665836327742,-2.1984065598744524
AR(12),Box-Jenkins,2026-02-01 00:00:00,1,3.9388731435072266,2.0434128096148587,-1.895460333892368
MA(2),Box-Jenkins,2026-02-01 00:00:00,1,3.9388731435072266,2.4590080423153773,-1.4798651011918493
"ARMA(2,2)",Box-Jenkins,2026-02-01 00:00:00,1,3.9388731435072266,0.9653647489580921,-2.9735083945491345
"ARIMA(1,1,1)",Box-Jenkins,2026-02-01 00:00:00,1,3.9388731435072266,1.377919621709749,-2.5609535217974777
"ARIMA(2,1,2)",Box-Jenkins,2026-02-01 00:00:00,1,3.9388731435072266,0.6980731352834002,-3.240800008223826
"SARIMA(1,1,1)(1,1,1,12)",estacional,2026-02-01 00:00:00,1,3.9388731435072266,0.2911336066703276,-3.647739536836899
"SARIMA(2,1,1)(0,1,1,12)",estacional,2026-02-01 00:00:00,1,3.9388731435072266,0.357597663444845,-3.5812754800623816
"SARIMAX(1,1,1)(1,1,1,12)+COVID",estacional,2026-02-01 00:00:00,1,3.9388731435072266,0.38170319668093633,-3.5571699468262903
Ridge sobre rezagos,regularizado,2026-02-01 00:00:00,1,3.9388731435072266,2.0394067790048274,-1.8994663645023993
Random Forest,aprendizaje,2026-02-01 00:00:00,1,3.9388731435072266,1.2706084360911585,-2.668264707416068
MLP,aprendizaje,2026-02-01 00:00:00,1,3.9388731435072266,0.7553868061874612,-3.1834863373197653
LSTM(16) v12,red neuronal,2026-02-01 00:00:00,1,3.9388731435072266,1.906382830590636,-2.0324903129165905
LSTM(32) v24,red neuronal,2026-02-01 00:00:00,1,3.9388731435072266,1.9810359167552363,-1.9578372267519903
CNN 1D v12,red neuronal,2026-02-01 00:00:00,1,3.9388731435072266,2.315948995807421,-1.6229241476998055
CNN 1D v24,red neuronal,2026-02-01 00:00:00,1,3.9388731435072266,2.099037396187577,-1.8398357473196496
Ingenuo,referencia,2026-03-01 00:00:00,1,3.1738694643026033,3.9388731435072266,0.7650036792046233
Ingenuo estacional,referencia,2026-03-01 00:00:00,1,3.1738694643026033,-0.09167105984454471,-3.265540524147148
Deriva,referencia,2026-03-01 00:00:00,1,3.1738694643026033,3.937871780778636,0.7640023164760326
AR(1),Box-Jenkins,2026-03-01 00:00:00,1,3.1738694643026033,3.8374234804579426,0.6635540161553393
AR(12),Box-Jenkins,2026-03-01 00:00:00,1,3.1738694643026033,3.884344439313324,0.7104749750107207
MA(2),Box-Jenkins,2026-03-01 00:00:00,1,3.1738694643026033,4.285787777467295,1.1119183131646917
"ARMA(2,2)",Box-Jenkins,2026-03-01 00:00:00,1,3.1738694643026033,4.339529724564399,1.165660260261796
"ARIMA(1,1,1)",Box-Jenkins,2026-03-01 00:00:00,1,3.1738694643026033,3.3977906563034628,0.22392119200085947
"ARIMA(2,1,2)",Box-Jenkins,2026-03-01 00:00:00,1,3.1738694643026033,4.1783363079767435,1.0044668436741402
"SARIMA(1,1,1)(1,1,1,12)",estacional,2026-03-01 00:00:00,1,3.1738694643026033,5.5536264990629505,2.379757034760347
"SARIMA(2,1,1)(0,1,1,12)",estacional,2026-03-01 00:00:00,1,3.1738694643026033,4.582079159885307,1.4082096955827037
"SARIMAX(1,1,1)(1,1,1,12)+COVID",estacional,2026-03-01 00:00:00,1,3.1738694643026033,5.336480118665368,2.162610654362765
Ridge sobre rezagos,regularizado,2026-03-01 00:00:00,1,3.1738694643026033,3.8628981788721912,0.6890287145695879
Random Forest,aprendizaje,2026-03-01 00:00:00,1,3.1738694643026033,3.2377367668130534,0.06386730251045014
MLP,aprendizaje,2026-03-01 00:00:00,1,3.1738694643026033,4.07938618073103,0.9055167164284263
LSTM(16) v12,red neuronal,2026-03-01 00:00:00,1,3.1738694643026033,2.715335706746976,-0.4585337575556272
LSTM(32) v24,red neuronal,2026-03-01 00:00:00,1,3.1738694643026033,2.72726180449399,-0.4466076598086133
CNN 1D v12,red neuronal,2026-03-01 00:00:00,1,3.1738694643026033,2.4826159311246814,-0.6912535331779219
CNN 1D v24,red neuronal,2026-03-01 00:00:00,1,3.1738694643026033,2.2519561768030805,-0.9219132874995228
Ingenuo,referencia,2026-04-01 00:00:00,1,4.2415480986457865,3.1738694643026033,-1.0676786343431832
Ingenuo estacional,referencia,2026-04-01 00:00:00,1,4.2415480986457865,2.1527050085237143,-2.0888430901220723
Deriva,referencia,2026-04-01 00:00:00,1,4.2415480986457865,3.1697240591193787,-1.0718240395264078
AR(1),Box-Jenkins,2026-04-01 00:00:00,1,4.2415480986457865,3.2281911907711405,-1.013356907874646
AR(12),Box-Jenkins,2026-04-01 00:00:00,1,4.2415480986457865,2.940150692605997,-1.3013974060397895
MA(2),Box-Jenkins,2026-04-01 00:00:00,1,4.2415480986457865,2.9984835243874035,-1.243064574258383
"ARMA(2,2)",Box-Jenkins,2026-04-01 00:00:00,1,4.2415480986457865,2.2856511275195346,-1.955896971126252
"ARIMA(1,1,1)",Box-Jenkins,2026-04-01 00:00:00,1,4.2415480986457865,3.018832303893587,-1.2227157947521996
"ARIMA(2,1,2)",Box-Jenkins,2026-04-01 00:00:00,1,4.2415480986457865,2.0873731741467627,-2.154174924499024
"SARIMA(1,1,1)(1,1,1,12)",estacional,2026-04-01 00:00:00,1,4.2415480986457865,2.2312251329720194,-2.010322965673767
"SARIMA(2,1,1)(0,1,1,12)",estacional,2026-04-01 00:00:00,1,4.2415480986457865,2.203002249638901,-2.0385458490068857
"SARIMAX(1,1,1)(1,1,1,12)+COVID",estacional,2026-04-01 00:00:00,1,4.2415480986457865,2.2445083741103926,-1.997039724535394
Ridge sobre rezagos,regularizado,2026-04-01 00:00:00,1,4.2415480986457865,2.9552233440718947,-1.2863247545738918
Random Forest,aprendizaje,2026-04-01 00:00:00,1,4.2415480986457865,2.3443266624617785,-1.897221436184008
MLP,aprendizaje,2026-04-01 00:00:00,1,4.2415480986457865,3.3270344631290643,-0.9145136355167223
LSTM(16) v12,red neuronal,2026-04-01 00:00:00,1,4.2415480986457865,2.398338250721527,-1.8432098479242596
LSTM(32) v24,red neuronal,2026-04-01 00:00:00,1,4.2415480986457865,2.1850316381133625,-2.056516460532424
CNN 1D v12,red neuronal,2026-04-01 00:00:00,1,4.2415480986457865,2.4366398297139833,-1.8049082689318032
CNN 1D v24,red neuronal,2026-04-01 00:00:00,1,4.2415480986457865,2.1567398231396284,-2.084808275506158
Ingenuo,referencia,2026-05-01 00:00:00,1,3.5125483951228276,4.2415480986457865,0.728999703522959
Ingenuo estacional,referencia,2026-05-01 00:00:00,1,3.5125483951228276,3.434797938137324,-0.07775045698550365
Deriva,referencia,2026-05-01 00:00:00,1,3.5125483951228276,4.241795414936031,0.7292470198132035
AR(1),Box-Jenkins,2026-05-01 00:00:00,1,3.5125483951228276,4.078715628321239,0.5661672331984118
AR(12),Box-Jenkins,2026-05-01 00:00:00,1,3.5125483951228276,3.9444890806452966,0.431940685522469
MA(2),Box-Jenkins,2026-05-01 00:00:00,1,3.5125483951228276,4.043590805495566,0.5310424103727387
"ARMA(2,2)",Box-Jenkins,2026-05-01 00:00:00,1,3.5125483951228276,4.943623860400027,1.4310754652771998
"ARIMA(1,1,1)",Box-Jenkins,2026-05-01 00:00:00,1,3.5125483951228276,3.9111739405008885,0.39862554537806094
"ARIMA(2,1,2)",Box-Jenkins,2026-05-01 00:00:00,1,3.5125483951228276,4.909550226410291,1.3970018312874632
"SARIMA(1,1,1)(1,1,1,12)",estacional,2026-05-01 00:00:00,1,3.5125483951228276,3.213237392621212,-0.2993110025016157
"SARIMA(2,1,1)(0,1,1,12)",estacional,2026-05-01 00:00:00,1,3.5125483951228276,5.012122821829278,1.4995744267064506
"SARIMAX(1,1,1)(1,1,1,12)+COVID",estacional,2026-05-01 00:00:00,1,3.5125483951228276,3.104315198061266,-0.40823319706156136
Ridge sobre rezagos,regularizado,2026-05-01 00:00:00,1,3.5125483951228276,3.924852610997617,0.4123042158747894
Random Forest,aprendizaje,2026-05-01 00:00:00,1,3.5125483951228276,2.8800967024331805,-0.6324516926896471
MLP,aprendizaje,2026-05-01 00:00:00,1,3.5125483951228276,3.2012876794377263,-0.3112607156851013
LSTM(16) v12,red neuronal,2026-05-01 00:00:00,1,3.5125483951228276,3.0524872635682243,-0.46006113155460326
LSTM(32) v24,red neuronal,2026-05-01 00:00:00,1,3.5125483951228276,2.6962483216256494,-0.8163000734971781
CNN 1D v12,red neuronal,2026-05-01 00:00:00,1,3.5125483951228276,2.5045384524985153,-1.0080099426243123
CNN 1D v24,red neuronal,2026-05-01 00:00:00,1,3.5125483951228276,2.287204704972525,-1.2253436901503028
