modelo,familia,origen,objetivo,paso,real,pronostico,error,iso3
Ingenuo,referencia,1990,1991,1,9.13311056738961,-2.46721377810472,-11.600324345494329,ARG
Deriva,referencia,1990,1991,1,9.13311056738961,-2.7394571110124457,-11.872567678402055,ARG
AR(1),Box-Jenkins,1990,1991,1,9.13311056738961,2.0115662238352443,-7.1215443435543655,ARG
"ARMA(2,2)",Box-Jenkins,1990,1991,1,9.13311056738961,2.1374289242886486,-6.99568164310096,ARG
"ARIMA(1,1,1)",Box-Jenkins,1990,1991,1,9.13311056738961,-0.03528987306801623,-9.168400440457626,ARG
Ridge sobre rezagos,regularizado,1990,1991,1,9.13311056738961,3.521660470975725,-5.6114500964138845,ARG
Random Forest,aprendizaje,1990,1991,1,9.13311056738961,3.2283730720483583,-5.9047374953412515,ARG
LSTM(16),red neuronal,1990,1991,1,9.13311056738961,,,ARG
Comb. RF/AR(1) suave,combinacion,1990,1991,1,9.13311056738961,1.919571764879484,-7.213538802510126,ARG
Comb. RF/AR(1) dura,combinacion,1990,1991,1,9.13311056738961,1.919571764879484,-7.213538802510126,ARG
Comb. RF/ingenuo suave,combinacion,1990,1991,1,9.13311056738961,1.919571764879484,-7.213538802510126,ARG
Comb. LSTM/AR(1) suave,combinacion,1990,1991,1,9.13311056738961,,,ARG
Comb. RF/AR(1) umbral min,combinacion,1990,1991,1,9.13311056738961,1.9672575023708592,-7.16585306501875,ARG
Ingenuo,referencia,1991,1992,1,7.93729155643076,9.13311056738961,1.1958190109588491,ARG
Deriva,referencia,1991,1992,1,7.93729155643076,9.25661949042862,1.319327933997859,ARG
AR(1),Box-Jenkins,1991,1992,1,7.93729155643076,1.6732235871121806,-6.26406796931858,ARG
"ARMA(2,2)",Box-Jenkins,1991,1992,1,7.93729155643076,-0.6762705395803037,-8.613562096011064,ARG
"ARIMA(1,1,1)",Box-Jenkins,1991,1992,1,7.93729155643076,-0.01597149357882266,-7.953263050009583,ARG
Ridge sobre rezagos,regularizado,1991,1992,1,7.93729155643076,-1.871129108266915,-9.808420664697675,ARG
Random Forest,aprendizaje,1991,1992,1,7.93729155643076,0.7655511459245069,-7.171740410506254,ARG
LSTM(16),red neuronal,1991,1992,1,7.93729155643076,,,ARG
Comb. RF/AR(1) suave,combinacion,1991,1992,1,7.93729155643076,1.7630133814230473,-6.1742781750077125,ARG
Comb. RF/AR(1) dura,combinacion,1991,1992,1,7.93729155643076,1.7630133814230473,-6.1742781750077125,ARG
Comb. RF/ingenuo suave,combinacion,1991,1992,1,7.93729155643076,1.7630133814230473,-6.1742781750077125,ARG
Comb. LSTM/AR(1) suave,combinacion,1991,1992,1,7.93729155643076,,,ARG
Comb. RF/AR(1) umbral min,combinacion,1991,1992,1,7.93729155643076,1.6793563041877633,-6.257935252242997,ARG
Ingenuo,referencia,1992,1993,1,8.20697907221228,7.93729155643076,-0.26968751578151906,ARG
Deriva,referencia,1992,1993,1,8.20697907221228,8.018241513856935,-0.1887375583553439,ARG
AR(1),Box-Jenkins,1992,1993,1,8.20697907221228,2.2743751351992008,-5.932603937013079,ARG
"ARMA(2,2)",Box-Jenkins,1992,1993,1,8.20697907221228,-1.810759712684633,-10.017738784896913,ARG
"ARIMA(1,1,1)",Box-Jenkins,1992,1993,1,8.20697907221228,2.1657180246651695,-6.04126104754711,ARG
Ridge sobre rezagos,regularizado,1992,1993,1,8.20697907221228,-5.505528752880493,-13.712507825092771,ARG
Random Forest,aprendizaje,1992,1993,1,8.20697907221228,-2.412496239172845,-10.619475311385123,ARG
LSTM(16),red neuronal,1992,1993,1,8.20697907221228,1.7221075692900971,-6.484871502922182,ARG
Comb. RF/AR(1) suave,combinacion,1992,1993,1,8.20697907221228,0.09732169729221311,-8.109657374920067,ARG
Comb. RF/AR(1) dura,combinacion,1992,1993,1,8.20697907221228,0.09732169729221311,-8.109657374920067,ARG
Comb. RF/ingenuo suave,combinacion,1992,1993,1,8.20697907221228,0.09732169729221311,-8.109657374920067,ARG
Comb. LSTM/AR(1) suave,combinacion,1992,1993,1,8.20697907221228,,,ARG
Comb. RF/AR(1) umbral min,combinacion,1992,1993,1,8.20697907221228,2.2743751351992008,-5.932603937013079,ARG
Ingenuo,referencia,1993,1994,1,5.83620070368526,8.20697907221228,2.370778368527019,ARG
Deriva,referencia,1993,1994,1,5.83620070368526,8.29382707833706,2.4576263746517997,ARG
AR(1),Box-Jenkins,1993,1994,1,5.83620070368526,2.693054343747037,-3.143146359938223,ARG
"ARMA(2,2)",Box-Jenkins,1993,1994,1,5.83620070368526,2.635985297492076,-3.200215406193184,ARG
"ARIMA(1,1,1)",Box-Jenkins,1993,1994,1,5.83620070368526,2.5937151576682576,-3.2424855460170026,ARG
Ridge sobre rezagos,regularizado,1993,1994,1,5.83620070368526,-3.120750810711978,-8.956951514397238,ARG
Random Forest,aprendizaje,1993,1994,1,5.83620070368526,3.064855484759038,-2.771345218926222,ARG
LSTM(16),red neuronal,1993,1994,1,5.83620070368526,1.8028402822697709,-4.033360421415489,ARG
Comb. RF/AR(1) suave,combinacion,1993,1994,1,5.83620070368526,0.5768580551504774,-5.2593426485347825,ARG
Comb. RF/AR(1) dura,combinacion,1993,1994,1,5.83620070368526,0.5768580551504774,-5.2593426485347825,ARG
Comb. RF/ingenuo suave,combinacion,1993,1994,1,5.83620070368526,0.5768580551504774,-5.2593426485347825,ARG
Comb. LSTM/AR(1) suave,combinacion,1993,1994,1,5.83620070368526,,,ARG
Comb. RF/AR(1) umbral min,combinacion,1993,1994,1,5.83620070368526,2.693054343747037,-3.143146359938223,ARG
Ingenuo,referencia,1994,1995,1,-2.84520961057079,5.83620070368526,8.68141031425605,ARG
Deriva,referencia,1994,1995,1,-2.84520961057079,5.84857518330544,8.69378479387623,ARG
AR(1),Box-Jenkins,1994,1995,1,-2.84520961057079,2.7851650475544303,5.63037465812522,ARG
"ARMA(2,2)",Box-Jenkins,1994,1995,1,-2.84520961057079,3.1115629933527473,5.956772603923538,ARG
"ARIMA(1,1,1)",Box-Jenkins,1994,1995,1,-2.84520961057079,2.7334945303350033,5.578704140905794,ARG
Ridge sobre rezagos,regularizado,1994,1995,1,-2.84520961057079,2.976159683189612,5.821369293760402,ARG
Random Forest,aprendizaje,1994,1995,1,-2.84520961057079,3.323971794342876,6.169181404913666,ARG
LSTM(16),red neuronal,1994,1995,1,-2.84520961057079,1.5451895562602973,4.390399166831087,ARG
Comb. RF/AR(1) suave,combinacion,1994,1995,1,-2.84520961057079,2.3342364954794452,5.179446106050236,ARG
Comb. RF/AR(1) dura,combinacion,1994,1995,1,-2.84520961057079,2.3342364954794452,5.179446106050236,ARG
Comb. RF/ingenuo suave,combinacion,1994,1995,1,-2.84520961057079,2.3342364954794452,5.179446106050236,ARG
Comb. LSTM/AR(1) suave,combinacion,1994,1995,1,-2.84520961057079,,,ARG
Comb. RF/AR(1) umbral min,combinacion,1994,1995,1,-2.84520961057079,2.7742873598571096,5.6194969704279,ARG
Ingenuo,referencia,1995,1996,1,5.52668982715234,-2.84520961057079,-8.37189943772313,ARG
Deriva,referencia,1995,1996,1,5.52668982715234,-3.088534683711676,-8.615224510864016,ARG
AR(1),Box-Jenkins,1995,1996,1,5.52668982715234,2.290099069708689,-3.2365907574436505,ARG
"ARMA(2,2)",Box-Jenkins,1995,1996,1,5.52668982715234,2.140307002691773,-3.3863828244605667,ARG
"ARIMA(1,1,1)",Box-Jenkins,1995,1996,1,5.52668982715234,2.3805765692333027,-3.146113257919037,ARG
Ridge sobre rezagos,regularizado,1995,1996,1,5.52668982715234,0.3360904676814791,-5.190599359470861,ARG
Random Forest,aprendizaje,1995,1996,1,5.52668982715234,1.6663923126148503,-3.860297514537489,ARG
LSTM(16),red neuronal,1995,1996,1,5.52668982715234,1.5105455321150616,-4.016144295037278,ARG
Comb. RF/AR(1) suave,combinacion,1995,1996,1,5.52668982715234,1.8173256801341795,-3.70936414701816,ARG
Comb. RF/AR(1) dura,combinacion,1995,1996,1,5.52668982715234,1.8173256801341795,-3.70936414701816,ARG
Comb. RF/ingenuo suave,combinacion,1995,1996,1,5.52668982715234,1.8173256801341795,-3.70936414701816,ARG
Comb. LSTM/AR(1) suave,combinacion,1995,1996,1,5.52668982715234,,,ARG
Comb. RF/AR(1) umbral min,combinacion,1995,1996,1,5.52668982715234,2.290099069708689,-3.2365907574436505,ARG
Ingenuo,referencia,1996,1997,1,8.1110467707457,5.52668982715234,-2.5843569435933604,ARG
Deriva,referencia,1996,1997,1,8.1110467707457,5.529514025750426,-2.5815327449952745,ARG
AR(1),Box-Jenkins,1996,1997,1,8.1110467707457,2.577140012380377,-5.5339067583653225,ARG
"ARMA(2,2)",Box-Jenkins,1996,1997,1,8.1110467707457,3.2919340739764014,-4.819112696769299,ARG
"ARIMA(1,1,1)",Box-Jenkins,1996,1997,1,8.1110467707457,2.5288118250347,-5.582234945711001,ARG
Ridge sobre rezagos,regularizado,1996,1997,1,8.1110467707457,3.4044215745730737,-4.706625196172626,ARG
Random Forest,aprendizaje,1996,1997,1,8.1110467707457,2.811699315530754,-5.299347455214946,ARG
LSTM(16),red neuronal,1996,1997,1,8.1110467707457,2.0164470081185786,-6.094599762627121,ARG
Comb. RF/AR(1) suave,combinacion,1996,1997,1,8.1110467707457,-0.22937036796809246,-8.340417138713793,ARG
Comb. RF/AR(1) dura,combinacion,1996,1997,1,8.1110467707457,-0.22937036796809246,-8.340417138713793,ARG
Comb. RF/ingenuo suave,combinacion,1996,1997,1,8.1110467707457,-0.22937036796809246,-8.340417138713793,ARG
Comb. LSTM/AR(1) suave,combinacion,1996,1997,1,8.1110467707457,1.4798652453751158,-6.631181525370584,ARG
Comb. RF/AR(1) umbral min,combinacion,1996,1997,1,8.1110467707457,2.577140012380377,-5.5339067583653225,ARG
Ingenuo,referencia,1997,1998,1,3.85017885156228,8.1110467707457,4.26086791918342,ARG
Deriva,referencia,1997,1998,1,3.85017885156228,8.185580212260321,4.335401360698041,ARG
AR(1),Box-Jenkins,1997,1998,1,3.85017885156228,2.8576903838287673,-0.9924884677335126,ARG
"ARMA(2,2)",Box-Jenkins,1997,1998,1,3.85017885156228,3.137047288438943,-0.713131563123337,ARG
"ARIMA(1,1,1)",Box-Jenkins,1997,1998,1,3.85017885156228,2.7720151720860997,-1.0781636794761802,ARG
Ridge sobre rezagos,regularizado,1997,1998,1,3.85017885156228,4.303166219965425,0.4529873684031447,ARG
Random Forest,aprendizaje,1997,1998,1,3.85017885156228,3.669953399835872,-0.18022545172640791,ARG
LSTM(16),red neuronal,1997,1998,1,3.85017885156228,2.2376093707716724,-1.6125694807906075,ARG
Comb. RF/AR(1) suave,combinacion,1997,1998,1,3.85017885156228,2.5302953278297498,-1.3198835237325302,ARG
Comb. RF/AR(1) dura,combinacion,1997,1998,1,3.85017885156228,2.5302953278297498,-1.3198835237325302,ARG
Comb. RF/ingenuo suave,combinacion,1997,1998,1,3.85017885156228,2.5302953278297498,-1.3198835237325302,ARG
Comb. LSTM/AR(1) suave,combinacion,1997,1998,1,3.85017885156228,1.8914355737302087,-1.9587432778320713,ARG
Comb. RF/AR(1) umbral min,combinacion,1997,1998,1,3.85017885156228,2.8576903838287673,-0.9924884677335126,ARG
Ingenuo,referencia,1998,1999,1,-3.38545704063269,3.85017885156228,7.23563589219497,ARG
Deriva,referencia,1998,1999,1,-3.38545704063269,3.8075392833283055,7.192996323960996,ARG
AR(1),Box-Jenkins,1998,1999,1,-3.38545704063269,2.7689285382117954,6.154385578844485,ARG
"ARMA(2,2)",Box-Jenkins,1998,1999,1,-3.38545704063269,2.20458378902711,5.5900408296598,ARG
"ARIMA(1,1,1)",Box-Jenkins,1998,1999,1,-3.38545704063269,2.7528212571196224,6.138278297752312,ARG
Ridge sobre rezagos,regularizado,1998,1999,1,-3.38545704063269,1.604379925570298,4.989836966202988,ARG
Random Forest,aprendizaje,1998,1999,1,-3.38545704063269,3.4735408374144177,6.8589978780471075,ARG
LSTM(16),red neuronal,1998,1999,1,-3.38545704063269,2.5819097676787233,5.967366808311413,ARG
Comb. RF/AR(1) suave,combinacion,1998,1999,1,-3.38545704063269,4.762192770996893,8.147649811629583,ARG
Comb. RF/AR(1) dura,combinacion,1998,1999,1,-3.38545704063269,4.762192770996893,8.147649811629583,ARG
Comb. RF/ingenuo suave,combinacion,1998,1999,1,-3.38545704063269,4.762192770996893,8.147649811629583,ARG
Comb. LSTM/AR(1) suave,combinacion,1998,1999,1,-3.38545704063269,2.045048465360323,5.430505505993013,ARG
Comb. RF/AR(1) umbral min,combinacion,1998,1999,1,-3.38545704063269,2.7689285382117954,6.154385578844485,ARG
Ingenuo,referencia,1999,2000,1,-0.78899893905691,-3.38545704063269,-2.59645810157578,ARG
Deriva,referencia,1999,2000,1,-0.78899893905691,-3.617385985813006,-2.828387046756096,ARG
AR(1),Box-Jenkins,1999,2000,1,-0.78899893905691,2.401711098406744,3.1907100374636537,ARG
"ARMA(2,2)",Box-Jenkins,1999,2000,1,-0.78899893905691,2.4132293495519774,3.2022282886088873,ARG
"ARIMA(1,1,1)",Box-Jenkins,1999,2000,1,-0.78899893905691,2.495248978839734,3.2842479178966437,ARG
Ridge sobre rezagos,regularizado,1999,2000,1,-0.78899893905691,0.18501475007676849,0.9740136891336785,ARG
Random Forest,aprendizaje,1999,2000,1,-0.78899893905691,1.371022338911878,2.160021277968788,ARG
LSTM(16),red neuronal,1999,2000,1,-0.78899893905691,2.3130384886180506,3.1020374276749605,ARG
Comb. RF/AR(1) suave,combinacion,1999,2000,1,-0.78899893905691,2.18011697079362,2.96911590985053,ARG
Comb. RF/AR(1) dura,combinacion,1999,2000,1,-0.78899893905691,2.18011697079362,2.96911590985053,ARG
Comb. RF/ingenuo suave,combinacion,1999,2000,1,-0.78899893905691,2.18011697079362,2.96911590985053,ARG
Comb. LSTM/AR(1) suave,combinacion,1999,2000,1,-0.78899893905691,1.5417834543728632,2.3307823934297733,ARG
Comb. RF/AR(1) umbral min,combinacion,1999,2000,1,-0.78899893905691,2.370086859951993,3.1590857990089027,ARG
Ingenuo,referencia,2000,2001,1,-4.40883968258557,-0.78899893905691,3.61984074352866,ARG
Deriva,referencia,2000,2001,1,-4.40883968258557,-0.9484051394486084,3.4604345431369614,ARG
AR(1),Box-Jenkins,2000,2001,1,-4.40883968258557,2.3211712403350453,6.730010922920615,ARG
"ARMA(2,2)",Box-Jenkins,2000,2001,1,-4.40883968258557,3.6793819926526385,8.08822167523821,ARG
"ARIMA(1,1,1)",Box-Jenkins,2000,2001,1,-4.40883968258557,2.3694982053062974,6.778337887891867,ARG
Ridge sobre rezagos,regularizado,2000,2001,1,-4.40883968258557,3.396915137320148,7.805754819905718,ARG
Random Forest,aprendizaje,2000,2001,1,-4.40883968258557,1.3160254972315217,5.724865179817091,ARG
LSTM(16),red neuronal,2000,2001,1,-4.40883968258557,2.664363790584525,7.073203473170095,ARG
Comb. RF/AR(1) suave,combinacion,2000,2001,1,-4.40883968258557,2.237728894714348,6.646568577299918,ARG
Comb. RF/AR(1) dura,combinacion,2000,2001,1,-4.40883968258557,2.237728894714348,6.646568577299918,ARG
Comb. RF/ingenuo suave,combinacion,2000,2001,1,-4.40883968258557,2.237728894714348,6.646568577299918,ARG
Comb. LSTM/AR(1) suave,combinacion,2000,2001,1,-4.40883968258557,1.9777894226908188,6.386629105276389,ARG
Comb. RF/AR(1) umbral min,combinacion,2000,2001,1,-4.40883968258557,2.3018520740959563,6.710691756681526,ARG
Ingenuo,referencia,2001,2002,1,-10.8944848285903,-4.40883968258557,6.485645146004731,ARG
Deriva,referencia,2001,2002,1,-10.8944848285903,-4.654756746555693,6.239728082034608,ARG
AR(1),Box-Jenkins,2001,2002,1,-10.8944848285903,1.816741378379159,12.71122620696946,ARG
"ARMA(2,2)",Box-Jenkins,2001,2002,1,-10.8944848285903,2.196111851070717,13.090596679661019,ARG
"ARIMA(1,1,1)",Box-Jenkins,2001,2002,1,-10.8944848285903,1.9101863210958605,12.804671149686161,ARG
Ridge sobre rezagos,regularizado,2001,2002,1,-10.8944848285903,2.6646792386850318,13.559164067275333,ARG
Random Forest,aprendizaje,2001,2002,1,-10.8944848285903,6.2998155948375105,17.194300423427812,ARG
LSTM(16),red neuronal,2001,2002,1,-10.8944848285903,1.6945190863139001,12.5890039149042,ARG
Comb. RF/AR(1) suave,combinacion,2001,2002,1,-10.8944848285903,2.5915755771822235,13.486060405772523,ARG
Comb. RF/AR(1) dura,combinacion,2001,2002,1,-10.8944848285903,2.5915755771822235,13.486060405772523,ARG
Comb. RF/ingenuo suave,combinacion,2001,2002,1,-10.8944848285903,2.5915755771822235,13.486060405772523,ARG
Comb. LSTM/AR(1) suave,combinacion,2001,2002,1,-10.8944848285903,2.550389485952749,13.44487431454305,ARG
Comb. RF/AR(1) umbral min,combinacion,2001,2002,1,-10.8944848285903,2.195759754757656,13.090244583347957,ARG
Ingenuo,referencia,2002,2003,1,8.83704079576924,-10.8944848285903,-19.73152562435954,ARG
Deriva,referencia,2002,2003,1,8.83704079576924,-11.292590382366145,-20.129631178135384,ARG
AR(1),Box-Jenkins,2002,2003,1,8.83704079576924,-0.0953028711948618,-8.932343666964103,ARG
"ARMA(2,2)",Box-Jenkins,2002,2003,1,8.83704079576924,0.1920893210143797,-8.644951474754862,ARG
"ARIMA(1,1,1)",Box-Jenkins,2002,2003,1,8.83704079576924,-0.16162832240138414,-8.998669118170625,ARG
Ridge sobre rezagos,regularizado,2002,2003,1,8.83704079576924,-0.04967150066950876,-8.88671229643875,ARG
Random Forest,aprendizaje,2002,2003,1,8.83704079576924,1.7359893015271135,-7.101051494242127,ARG
LSTM(16),red neuronal,2002,2003,1,8.83704079576924,1.2516878857233658,-7.585352910045875,ARG
Comb. RF/AR(1) suave,combinacion,2002,2003,1,8.83704079576924,0.34493630652426416,-8.492104489244976,ARG
Comb. RF/AR(1) dura,combinacion,2002,2003,1,8.83704079576924,0.34493630652426416,-8.492104489244976,ARG
Comb. RF/ingenuo suave,combinacion,2002,2003,1,8.83704079576924,0.34493630652426416,-8.492104489244976,ARG
Comb. LSTM/AR(1) suave,combinacion,2002,2003,1,8.83704079576924,1.3312875614242532,-7.505753234344987,ARG
Comb. RF/AR(1) umbral min,combinacion,2002,2003,1,8.83704079576924,0.16422326374470067,-8.67281753202454,ARG
Ingenuo,referencia,2003,2004,1,9.02957330068152,8.83704079576924,-0.19253250491227902,ARG
Deriva,referencia,2003,2004,1,9.02957330068152,8.918212174806143,-0.11136112587537639,ARG
AR(1),Box-Jenkins,2003,2004,1,9.02957330068152,2.5506197007087557,-6.478953599972764,ARG
"ARMA(2,2)",Box-Jenkins,2003,2004,1,9.02957330068152,4.659398680942072,-4.370174619739448,ARG
"ARIMA(1,1,1)",Box-Jenkins,2003,2004,1,9.02957330068152,2.4755931933674367,-6.553980107314083,ARG
Ridge sobre rezagos,regularizado,2003,2004,1,9.02957330068152,2.8931348795751424,-6.136438421106377,ARG
Random Forest,aprendizaje,2003,2004,1,9.02957330068152,1.4657563197964087,-7.563816980885111,ARG
LSTM(16),red neuronal,2003,2004,1,9.02957330068152,1.4474351446057994,-7.58213815607572,ARG
Comb. RF/AR(1) suave,combinacion,2003,2004,1,9.02957330068152,1.7347121779807333,-7.2948611227007865,ARG
Comb. RF/AR(1) dura,combinacion,2003,2004,1,9.02957330068152,2.5506197007087557,-6.478953599972764,ARG
Comb. RF/ingenuo suave,combinacion,2003,2004,1,9.02957330068152,3.799562455179719,-5.2300108455018,ARG
Comb. LSTM/AR(1) suave,combinacion,2003,2004,1,9.02957330068152,1.8215339750953827,-7.208039325586137,ARG
Comb. RF/AR(1) umbral min,combinacion,2003,2004,1,9.02957330068152,2.5506197007087557,-6.478953599972764,ARG
Ingenuo,referencia,2004,2005,1,8.85165992013437,9.02957330068152,0.17791338054714956,ARG
Deriva,referencia,2004,2005,1,8.85165992013437,9.11333447334343,0.2616745532090601,ARG
AR(1),Box-Jenkins,2004,2005,1,8.85165992013437,2.9506065702554767,-5.901053349878893,ARG
"ARMA(2,2)",Box-Jenkins,2004,2005,1,8.85165992013437,1.6652968709854843,-7.186363049148886,ARG
"ARIMA(1,1,1)",Box-Jenkins,2004,2005,1,8.85165992013437,2.8819502153390433,-5.969709704795327,ARG
Ridge sobre rezagos,regularizado,2004,2005,1,8.85165992013437,0.8987323768895559,-7.952927543244814,ARG
Random Forest,aprendizaje,2004,2005,1,8.85165992013437,2.96420003940362,-5.88745988073075,ARG
LSTM(16),red neuronal,2004,2005,1,8.85165992013437,1.6624728706145253,-7.189187049519845,ARG
Comb. RF/AR(1) suave,combinacion,2004,2005,1,8.85165992013437,2.3858649110509864,-6.465795009083384,ARG
Comb. RF/AR(1) dura,combinacion,2004,2005,1,8.85165992013437,2.9506065702554767,-5.901053349878893,ARG
Comb. RF/ingenuo suave,combinacion,2004,2005,1,8.85165992013437,4.87229386381531,-3.9793660563190603,ARG
Comb. LSTM/AR(1) suave,combinacion,2004,2005,1,8.85165992013437,3.3424350726651713,-5.5092248474691985,ARG
Comb. RF/AR(1) umbral min,combinacion,2004,2005,1,8.85165992013437,2.9506065702554767,-5.901053349878893,ARG
Ingenuo,referencia,2005,2006,1,8.04715150043027,8.85165992013437,0.804508419704101,ARG
Deriva,referencia,2005,2006,1,8.04715150043027,8.929473943859712,0.8823224434294428,ARG
AR(1),Box-Jenkins,2005,2006,1,8.04715150043027,3.268021038069476,-4.7791304623607935,ARG
"ARMA(2,2)",Box-Jenkins,2005,2006,1,8.04715150043027,2.076847565846025,-5.970303934584244,ARG
"ARIMA(1,1,1)",Box-Jenkins,2005,2006,1,8.04715150043027,3.2082504250681048,-4.838901075362164,ARG
Ridge sobre rezagos,regularizado,2005,2006,1,8.04715150043027,2.118286937107308,-5.928864563322961,ARG
Random Forest,aprendizaje,2005,2006,1,8.04715150043027,1.1812088034124326,-6.865942697017837,ARG
LSTM(16),red neuronal,2005,2006,1,8.04715150043027,2.380007900082111,-5.667143600348158,ARG
Comb. RF/AR(1) suave,combinacion,2005,2006,1,8.04715150043027,1.8674671255299535,-6.179684374900315,ARG
Comb. RF/AR(1) dura,combinacion,2005,2006,1,8.04715150043027,3.268021038069476,-4.7791304623607935,ARG
Comb. RF/ingenuo suave,combinacion,2005,2006,1,8.04715150043027,3.6767457293204844,-4.370405771109785,ARG
Comb. LSTM/AR(1) suave,combinacion,2005,2006,1,8.04715150043027,2.531798645082919,-5.51535285534735,ARG
Comb. RF/AR(1) umbral min,combinacion,2005,2006,1,8.04715150043027,3.268021038069476,-4.7791304623607935,ARG
Ingenuo,referencia,2006,2007,1,9.00765087504757,8.04715150043027,-0.9604993746173012,ARG
Deriva,referencia,2006,2007,1,9.00765087504757,8.105358358746068,-0.9022925163015021,ARG
AR(1),Box-Jenkins,2006,2007,1,9.00765087504757,3.4013554994664306,-5.60629537558114,ARG
"ARMA(2,2)",Box-Jenkins,2006,2007,1,9.00765087504757,1.139989540893381,-7.86766133415419,ARG
"ARIMA(1,1,1)",Box-Jenkins,2006,2007,1,9.00765087504757,3.353907710416774,-5.6537431646307965,ARG
Ridge sobre rezagos,regularizado,2006,2007,1,9.00765087504757,3.4352087240633753,-5.572442150984195,ARG
Random Forest,aprendizaje,2006,2007,1,9.00765087504757,3.934631557999059,-5.073019317048511,ARG
LSTM(16),red neuronal,2006,2007,1,9.00765087504757,2.102916831995511,-6.904734043052059,ARG
Comb. RF/AR(1) suave,combinacion,2006,2007,1,9.00765087504757,3.383706824969602,-5.623944050077968,ARG
Comb. RF/AR(1) dura,combinacion,2006,2007,1,9.00765087504757,3.4013554994664306,-5.60629537558114,ARG
Comb. RF/ingenuo suave,combinacion,2006,2007,1,9.00765087504757,4.924191066709184,-4.083459808338386,ARG
Comb. LSTM/AR(1) suave,combinacion,2006,2007,1,9.00765087504757,1.887058581493804,-7.120592293553766,ARG
Comb. RF/AR(1) umbral min,combinacion,2006,2007,1,9.00765087504757,3.4013554994664306,-5.60629537558114,ARG
Ingenuo,referencia,2007,2008,1,4.05723310346406,9.00765087504757,4.950417771583511,ARG
Deriva,referencia,2007,2008,1,4.05723310346406,9.085472788065575,5.028239684601515,ARG
AR(1),Box-Jenkins,2007,2008,1,4.05723310346406,3.808905351796369,-0.2483277516676905,ARG
"ARMA(2,2)",Box-Jenkins,2007,2008,1,4.05723310346406,3.7729008594145776,-0.284332244049482,ARG
"ARIMA(1,1,1)",Box-Jenkins,2007,2008,1,4.05723310346406,3.757617722521215,-0.29961538094284457,ARG
Ridge sobre rezagos,regularizado,2007,2008,1,4.05723310346406,4.784960082480943,0.7277269790168832,ARG
Random Forest,aprendizaje,2007,2008,1,4.05723310346406,4.275499386440149,0.21826628297608952,ARG
LSTM(16),red neuronal,2007,2008,1,4.05723310346406,5.525565200685126,1.468332097221066,ARG
Comb. RF/AR(1) suave,combinacion,2007,2008,1,4.05723310346406,4.397154425972456,0.33992132250839635,ARG
Comb. RF/AR(1) dura,combinacion,2007,2008,1,4.05723310346406,3.808905351796369,-0.2483277516676905,ARG
Comb. RF/ingenuo suave,combinacion,2007,2008,1,4.05723310346406,6.133217516222935,2.075984412758875,ARG
Comb. LSTM/AR(1) suave,combinacion,2007,2008,1,4.05723310346406,3.8198523269152496,-0.23738077654881007,ARG
Comb. RF/AR(1) umbral min,combinacion,2007,2008,1,4.05723310346406,3.808905351796369,-0.2483277516676905,ARG
Ingenuo,referencia,2008,2009,1,-5.91852507634947,4.05723310346406,9.975758179813528,ARG
Deriva,referencia,2008,2009,1,-5.91852507634947,4.028071193405437,9.946596269754906,ARG
AR(1),Box-Jenkins,2008,2009,1,-5.91852507634947,2.972362279435952,8.890887355785422,ARG
"ARMA(2,2)",Box-Jenkins,2008,2009,1,-5.91852507634947,2.3525026648737066,8.271027741223175,ARG
"ARIMA(1,1,1)",Box-Jenkins,2008,2009,1,-5.91852507634947,2.962412063264655,8.880937139614124,ARG
Ridge sobre rezagos,regularizado,2008,2009,1,-5.91852507634947,1.3430743994545822,7.261599475804052,ARG
Random Forest,aprendizaje,2008,2009,1,-5.91852507634947,4.2645415808958385,10.183066657245309,ARG
LSTM(16),red neuronal,2008,2009,1,-5.91852507634947,5.230669558787458,11.149194635136928,ARG
Comb. RF/AR(1) suave,combinacion,2008,2009,1,-5.91852507634947,3.3387818920117116,9.257306968361181,ARG
Comb. RF/AR(1) dura,combinacion,2008,2009,1,-5.91852507634947,2.972362279435952,8.890887355785422,ARG
Comb. RF/ingenuo suave,combinacion,2008,2009,1,-5.91852507634947,3.6753689377332592,9.593894014082728,ARG
Comb. LSTM/AR(1) suave,combinacion,2008,2009,1,-5.91852507634947,1.602799742748432,7.521324819097901,ARG
Comb. RF/AR(1) umbral min,combinacion,2008,2009,1,-5.91852507634947,2.972362279435952,8.890887355785422,ARG
Ingenuo,referencia,2009,2010,1,10.1253981561002,-5.91852507634947,-16.04392323244967,ARG
Deriva,referencia,2009,2010,1,10.1253981561002,-6.154907742027986,-16.280305898128187,ARG
AR(1),Box-Jenkins,2009,2010,1,10.1253981561002,1.1468247526179263,-8.978573403482274,ARG
"ARMA(2,2)",Box-Jenkins,2009,2010,1,10.1253981561002,1.008583809565256,-9.116814346534944,ARG
"ARIMA(1,1,1)",Box-Jenkins,2009,2010,1,10.1253981561002,1.2159628911028184,-8.90943526499738,ARG
Ridge sobre rezagos,regularizado,2009,2010,1,10.1253981561002,0.8964582332912321,-9.228939922808967,ARG
Random Forest,aprendizaje,2009,2010,1,10.1253981561002,1.6643357473912428,-8.461062408708957,ARG
LSTM(16),red neuronal,2009,2010,1,10.1253981561002,4.096606578390659,-6.028791577709541,ARG
Comb. RF/AR(1) suave,combinacion,2009,2010,1,10.1253981561002,1.3889794692193935,-8.736418686880807,ARG
Comb. RF/AR(1) dura,combinacion,2009,2010,1,10.1253981561002,1.1468247526179263,-8.978573403482274,ARG
Comb. RF/ingenuo suave,combinacion,2009,2010,1,10.1253981561002,-1.1401722111829462,-11.265570367283146,ARG
Comb. LSTM/AR(1) suave,combinacion,2009,2010,1,10.1253981561002,3.2608238438456736,-6.864574312254526,ARG
Comb. RF/AR(1) umbral min,combinacion,2009,2010,1,10.1253981561002,1.1468247526179263,-8.978573403482274,ARG
Ingenuo,referencia,2010,2011,1,6.00395169280579,10.1253981561002,4.12144646329441,ARG
Deriva,referencia,2010,2011,1,6.00395169280579,10.221266631199809,4.2173149383940185,ARG
AR(1),Box-Jenkins,2010,2011,1,6.00395169280579,3.5566001858070577,-2.4473515069987326,ARG
"ARMA(2,2)",Box-Jenkins,2010,2011,1,6.00395169280579,5.426842822933526,-0.577108869872264,ARG
"ARIMA(1,1,1)",Box-Jenkins,2010,2011,1,6.00395169280579,3.4948891456499833,-2.509062547155807,ARG
Ridge sobre rezagos,regularizado,2010,2011,1,6.00395169280579,1.677178489933409,-4.326773202872381,ARG
Random Forest,aprendizaje,2010,2011,1,6.00395169280579,1.640205310666765,-4.363746382139025,ARG
LSTM(16),red neuronal,2010,2011,1,6.00395169280579,3.8282514162397714,-2.175700276566019,ARG
Comb. RF/AR(1) suave,combinacion,2010,2011,1,6.00395169280579,3.079590833919214,-2.924360858886576,ARG
Comb. RF/AR(1) dura,combinacion,2010,2011,1,6.00395169280579,3.5566001858070577,-2.4473515069987326,ARG
Comb. RF/ingenuo suave,combinacion,2010,2011,1,6.00395169280579,6.52389356255804,0.51994186975225,ARG
Comb. LSTM/AR(1) suave,combinacion,2010,2011,1,6.00395169280579,5.484447754528269,-0.5195039382775217,ARG
Comb. RF/AR(1) umbral min,combinacion,2010,2011,1,6.00395169280579,3.5566001858070577,-2.4473515069987326,ARG
Ingenuo,referencia,2011,2012,1,-1.0264204544321,6.00395169280579,7.03037214723789,ARG
Deriva,referencia,2011,2012,1,-1.0264204544321,6.015473869137519,7.041894323569619,ARG
AR(1),Box-Jenkins,2011,2012,1,-1.0264204544321,3.1878396962285733,4.214260150660674,ARG
"ARMA(2,2)",Box-Jenkins,2011,2012,1,-1.0264204544321,2.268557049230042,3.2949775036621425,ARG
"ARIMA(1,1,1)",Box-Jenkins,2011,2012,1,-1.0264204544321,3.162780171245233,4.189200625677333,ARG
Ridge sobre rezagos,regularizado,2011,2012,1,-1.0264204544321,0.18463743170421942,1.2110578861363195,ARG
Random Forest,aprendizaje,2011,2012,1,-1.0264204544321,0.234394284814351,1.260814739246451,ARG
LSTM(16),red neuronal,2011,2012,1,-1.0264204544321,2.4474484252106223,3.4738688796427226,ARG
Comb. RF/AR(1) suave,combinacion,2011,2012,1,-1.0264204544321,-0.04346128383783415,0.982959170594266,ARG
Comb. RF/AR(1) dura,combinacion,2011,2012,1,-1.0264204544321,3.1878396962285733,4.214260150660674,ARG
Comb. RF/ingenuo suave,combinacion,2011,2012,1,-1.0264204544321,0.09287039744897349,1.1192908518810736,ARG
Comb. LSTM/AR(1) suave,combinacion,2011,2012,1,-1.0264204544321,6.255532234430653,7.281952688862753,ARG
Comb. RF/AR(1) umbral min,combinacion,2011,2012,1,-1.0264204544321,3.1878396962285733,4.214260150660674,ARG
Ingenuo,referencia,2012,2013,1,2.40532378079436,-1.0264204544321,-3.4317442352264598,ARG
Deriva,referencia,2012,2013,1,2.40532378079436,-1.1529746373860497,-3.5582984181804096,ARG
AR(1),Box-Jenkins,2012,2013,1,2.40532378079436,2.277460135079419,-0.12786364571494113,ARG
"ARMA(2,2)",Box-Jenkins,2012,2013,1,2.40532378079436,1.3627060428941316,-1.0426177379002284,ARG
"ARIMA(1,1,1)",Box-Jenkins,2012,2013,1,2.40532378079436,2.3077752561028033,-0.09754852469155662,ARG
Ridge sobre rezagos,regularizado,2012,2013,1,2.40532378079436,-0.025765880674799124,-2.431089661469159,ARG
Random Forest,aprendizaje,2012,2013,1,2.40532378079436,-1.1213575664977962,-3.526681347292156,ARG
LSTM(16),red neuronal,2012,2013,1,2.40532378079436,0.5149486629799331,-1.8903751178144268,ARG
Comb. RF/AR(1) suave,combinacion,2012,2013,1,2.40532378079436,-0.749936772449629,-3.155260553243989,ARG
Comb. RF/AR(1) dura,combinacion,2012,2013,1,2.40532378079436,-0.749936772449629,-3.155260553243989,ARG
Comb. RF/ingenuo suave,combinacion,2012,2013,1,2.40532378079436,-0.749936772449629,-3.155260553243989,ARG
Comb. LSTM/AR(1) suave,combinacion,2012,2013,1,2.40532378079436,-3.132722288409733,-5.538046069204093,ARG
Comb. RF/AR(1) umbral min,combinacion,2012,2013,1,2.40532378079436,2.277460135079419,-0.12786364571494113,ARG
Ingenuo,referencia,2013,2014,1,-2.51261532081394,2.40532378079436,4.9179391016083,ARG
Deriva,referencia,2013,2014,1,-2.51261532081394,2.347198413574649,4.859813734388589,ARG
AR(1),Box-Jenkins,2013,2014,1,-2.51261532081394,2.6705748763523696,5.18319019716631,ARG
"ARMA(2,2)",Box-Jenkins,2013,2014,1,-2.51261532081394,4.2472986125436645,6.759913933357605,ARG
"ARIMA(1,1,1)",Box-Jenkins,2013,2014,1,-2.51261532081394,2.673407994418652,5.1860233152325925,ARG
Ridge sobre rezagos,regularizado,2013,2014,1,-2.51261532081394,1.934433953121017,4.447049273934957,ARG
Random Forest,aprendizaje,2013,2014,1,-2.51261532081394,0.42352093399595087,2.936136254809891,ARG
LSTM(16),red neuronal,2013,2014,1,-2.51261532081394,2.42479235623187,4.93740767704581,ARG
Comb. RF/AR(1) suave,combinacion,2013,2014,1,-2.51261532081394,-1.698638524434847,0.8139767963790931,ARG
Comb. RF/AR(1) dura,combinacion,2013,2014,1,-2.51261532081394,-1.698638524434847,0.8139767963790931,ARG
Comb. RF/ingenuo suave,combinacion,2013,2014,1,-2.51261532081394,-1.698638524434847,0.8139767963790931,ARG
Comb. LSTM/AR(1) suave,combinacion,2013,2014,1,-2.51261532081394,-0.9836749070854216,1.5289404137285185,ARG
Comb. RF/AR(1) umbral min,combinacion,2013,2014,1,-2.51261532081394,2.6705748763523696,5.18319019716631,ARG
Ingenuo,referencia,2014,2015,1,2.73115982828944,-2.51261532081394,-5.24377514910338,ARG
Deriva,referencia,2014,2015,1,2.73115982828944,-2.6624352867957,-5.39359511508514,ARG
AR(1),Box-Jenkins,2014,2015,1,2.73115982828944,2.008285243967019,-0.7228745843224211,ARG
"ARMA(2,2)",Box-Jenkins,2014,2015,1,2.73115982828944,2.212676808804066,-0.518483019485374,ARG
"ARIMA(1,1,1)",Box-Jenkins,2014,2015,1,2.73115982828944,2.0491532890724886,-0.6820065392169514,ARG
Ridge sobre rezagos,regularizado,2014,2015,1,2.73115982828944,1.02120389753383,-1.70995593075561,ARG
Random Forest,aprendizaje,2014,2015,1,2.73115982828944,2.7793288835694443,0.04816905528000426,ARG
LSTM(16),red neuronal,2014,2015,1,2.73115982828944,1.885477538373193,-0.845682289916247,ARG
Comb. RF/AR(1) suave,combinacion,2014,2015,1,2.73115982828944,-0.6669259373870503,-3.3980857656764902,ARG
Comb. RF/AR(1) dura,combinacion,2014,2015,1,2.73115982828944,-0.6669259373870503,-3.3980857656764902,ARG
Comb. RF/ingenuo suave,combinacion,2014,2015,1,2.73115982828944,-0.6669259373870503,-3.3980857656764902,ARG
Comb. LSTM/AR(1) suave,combinacion,2014,2015,1,2.73115982828944,1.884978379367001,-0.8461814489224391,ARG
Comb. RF/AR(1) umbral min,combinacion,2014,2015,1,2.73115982828944,2.008285243967019,-0.7228745843224211,ARG
Ingenuo,referencia,2015,2016,1,-2.08032784377811,2.73115982828944,4.81148767206755,ARG
Deriva,referencia,2015,2016,1,-2.08032784377811,2.6812212533277755,4.761549097105886,ARG
AR(1),Box-Jenkins,2015,2016,1,-2.08032784377811,2.622947203531353,4.703275047309463,ARG
"ARMA(2,2)",Box-Jenkins,2015,2016,1,-2.08032784377811,3.0127638906993144,5.093091734477424,ARG
"ARIMA(1,1,1)",Box-Jenkins,2015,2016,1,-2.08032784377811,2.6224471297197827,4.702774973497893,ARG
Ridge sobre rezagos,regularizado,2015,2016,1,-2.08032784377811,0.9926092689958228,3.072937112773933,ARG
Random Forest,aprendizaje,2015,2016,1,-2.08032784377811,-0.19802033188458032,1.8823075118935297,ARG
LSTM(16),red neuronal,2015,2016,1,-2.08032784377811,1.9191010695439576,3.9994289133220677,ARG
Comb. RF/AR(1) suave,combinacion,2015,2016,1,-2.08032784377811,-0.3238817850302859,1.7564460587478241,ARG
Comb. RF/AR(1) dura,combinacion,2015,2016,1,-2.08032784377811,-0.3238817850302859,1.7564460587478241,ARG
Comb. RF/ingenuo suave,combinacion,2015,2016,1,-2.08032784377811,-0.3238817850302859,1.7564460587478241,ARG
Comb. LSTM/AR(1) suave,combinacion,2015,2016,1,-2.08032784377811,1.9235645501889063,4.003892393967016,ARG
Comb. RF/AR(1) umbral min,combinacion,2015,2016,1,-2.08032784377811,2.622947203531353,4.703275047309463,ARG
Ingenuo,referencia,2016,2017,1,2.81850297775918,-2.08032784377811,-4.89883082153729,ARG
Deriva,referencia,2016,2017,1,2.81850297775918,-2.2168400386871543,-5.035343016446334,ARG
AR(1),Box-Jenkins,2016,2017,1,2.81850297775918,1.998031325816851,-0.820471651942329,ARG
"ARMA(2,2)",Box-Jenkins,2016,2017,1,2.81850297775918,2.2118595231601277,-0.6066434545990522,ARG
"ARIMA(1,1,1)",Box-Jenkins,2016,2017,1,2.81850297775918,2.0343270932959934,-0.7841758844631865,ARG
Ridge sobre rezagos,regularizado,2016,2017,1,2.81850297775918,4.89262213863954,2.07411916088036,ARG
Random Forest,aprendizaje,2016,2017,1,2.81850297775918,3.7492633305325898,0.9307603527734098,ARG
LSTM(16),red neuronal,2016,2017,1,2.81850297775918,1.7823726919598326,-1.0361302857993473,ARG
Comb. RF/AR(1) suave,combinacion,2016,2017,1,2.81850297775918,3.247038891900882,0.428535914141702,ARG
Comb. RF/AR(1) dura,combinacion,2016,2017,1,2.81850297775918,3.247038891900882,0.428535914141702,ARG
Comb. RF/ingenuo suave,combinacion,2016,2017,1,2.81850297775918,3.247038891900882,0.428535914141702,ARG
Comb. LSTM/AR(1) suave,combinacion,2016,2017,1,2.81850297775918,0.40645617068446604,-2.412046807074714,ARG
Comb. RF/AR(1) umbral min,combinacion,2016,2017,1,2.81850297775918,1.998031325816851,-0.820471651942329,ARG
Ingenuo,referencia,2017,2018,1,-2.61739646282038,2.81850297775918,5.4358994405795595,ARG
Deriva,referencia,2017,2018,1,-2.61739646282038,2.7719076224295343,5.389304085249915,ARG
AR(1),Box-Jenkins,2017,2018,1,-2.61739646282038,2.561292273128291,5.178688735948671,ARG
"ARMA(2,2)",Box-Jenkins,2017,2018,1,-2.61739646282038,3.1391914006493744,5.756587863469754,ARG
"ARIMA(1,1,1)",Box-Jenkins,2017,2018,1,-2.61739646282038,2.5595037026537786,5.176900165474159,ARG
Ridge sobre rezagos,regularizado,2017,2018,1,-2.61739646282038,3.0773385396450466,5.694735002465427,ARG
Random Forest,aprendizaje,2017,2018,1,-2.61739646282038,0.4346741458156949,3.052070608636075,ARG
LSTM(16),red neuronal,2017,2018,1,-2.61739646282038,2.151810775698844,4.769207238519224,ARG
Comb. RF/AR(1) suave,combinacion,2017,2018,1,-2.61739646282038,0.4453057193543872,3.062702182174767,ARG
Comb. RF/AR(1) dura,combinacion,2017,2018,1,-2.61739646282038,0.4453057193543872,3.062702182174767,ARG
Comb. RF/ingenuo suave,combinacion,2017,2018,1,-2.61739646282038,0.4453057193543872,3.062702182174767,ARG
Comb. LSTM/AR(1) suave,combinacion,2017,2018,1,-2.61739646282038,1.2641492267724184,3.8815456895927984,ARG
Comb. RF/AR(1) umbral min,combinacion,2017,2018,1,-2.61739646282038,2.561292273128291,5.178688735948671,ARG
Ingenuo,referencia,2018,2019,1,-2.00086100285785,-2.61739646282038,-0.6165354599625301,ARG
Deriva,referencia,2018,2019,1,-2.00086100285785,-2.7585410126280943,-0.7576800097702443,ARG
AR(1),Box-Jenkins,2018,2019,1,-2.00086100285785,1.8781269923988395,3.8789879952566895,ARG
"ARMA(2,2)",Box-Jenkins,2018,2019,1,-2.00086100285785,1.9604836701618784,3.9613446730197284,ARG
"ARIMA(1,1,1)",Box-Jenkins,2018,2019,1,-2.00086100285785,1.9175443859945114,3.9184053888523613,ARG
Ridge sobre rezagos,regularizado,2018,2019,1,-2.00086100285785,-0.06401104000123325,1.9368499628566167,ARG
Random Forest,aprendizaje,2018,2019,1,-2.00086100285785,1.0671476013735952,3.068008604231445,ARG
LSTM(16),red neuronal,2018,2019,1,-2.00086100285785,1.7063976948080315,3.7072586976658815,ARG
Comb. RF/AR(1) suave,combinacion,2018,2019,1,-2.00086100285785,0.7628533164974359,2.763714319355286,ARG
Comb. RF/AR(1) dura,combinacion,2018,2019,1,-2.00086100285785,0.7628533164974359,2.763714319355286,ARG
Comb. RF/ingenuo suave,combinacion,2018,2019,1,-2.00086100285785,0.7628533164974359,2.763714319355286,ARG
Comb. LSTM/AR(1) suave,combinacion,2018,2019,1,-2.00086100285785,0.7502947761507452,2.751155779008595,ARG
Comb. RF/AR(1) umbral min,combinacion,2018,2019,1,-2.00086100285785,0.7628533164974359,2.763714319355286,ARG
Ingenuo,referencia,2019,2020,1,-9.9004848136464,-2.00086100285785,7.899623810788551,ARG
Deriva,referencia,2019,2020,1,-9.9004848136464,-2.1289421042212497,7.771542709425151,ARG
AR(1),Box-Jenkins,2019,2020,1,-9.9004848136464,1.8230325543628096,11.72351736800921,ARG
"ARMA(2,2)",Box-Jenkins,2019,2020,1,-9.9004848136464,2.292093636766676,12.192578450413077,ARG
"ARIMA(1,1,1)",Box-Jenkins,2019,2020,1,-9.9004848136464,1.8558484436401526,11.756333257286553,ARG
Ridge sobre rezagos,regularizado,2019,2020,1,-9.9004848136464,4.7596682377755,14.6601530514219,ARG
Random Forest,aprendizaje,2019,2020,1,-9.9004848136464,1.7314316653104351,11.631916478956835,ARG
LSTM(16),red neuronal,2019,2020,1,-9.9004848136464,1.6011127547791832,11.501597568425584,ARG
Comb. RF/AR(1) suave,combinacion,2019,2020,1,-9.9004848136464,2.5779668173027432,12.478451630949143,ARG
Comb. RF/AR(1) dura,combinacion,2019,2020,1,-9.9004848136464,2.5779668173027432,12.478451630949143,ARG
Comb. RF/ingenuo suave,combinacion,2019,2020,1,-9.9004848136464,2.5779668173027432,12.478451630949143,ARG
Comb. LSTM/AR(1) suave,combinacion,2019,2020,1,-9.9004848136464,1.9277577400191444,11.828242553665545,ARG
Comb. RF/AR(1) umbral min,combinacion,2019,2020,1,-9.9004848136464,1.9831747897275929,11.883659603373994,ARG
Ingenuo,referencia,2020,2021,1,10.4418119882506,-9.9004848136464,-20.342296801897,ARG
Deriva,referencia,2020,2021,1,10.4418119882506,-10.160286977881412,-20.60209896613201,ARG
AR(1),Box-Jenkins,2020,2021,1,10.4418119882506,0.27499686378667354,-10.166815124463927,ARG
"ARMA(2,2)",Box-Jenkins,2020,2021,1,10.4418119882506,0.9195240077045392,-9.52228798054606,ARG
"ARIMA(1,1,1)",Box-Jenkins,2020,2021,1,10.4418119882506,0.3589865894856512,-10.08282539876495,ARG
Ridge sobre rezagos,regularizado,2020,2021,1,10.4418119882506,-0.9879241195089299,-11.429736107759531,ARG
Random Forest,aprendizaje,2020,2021,1,10.4418119882506,-0.7384651171026155,-11.180277105353216,ARG
LSTM(16),red neuronal,2020,2021,1,10.4418119882506,1.2823738633326092,-9.159438124917992,ARG
Comb. RF/AR(1) suave,combinacion,2020,2021,1,10.4418119882506,-0.9124948471536382,-11.35430683540424,ARG
Comb. RF/AR(1) dura,combinacion,2020,2021,1,10.4418119882506,-0.9124948471536382,-11.35430683540424,ARG
Comb. RF/ingenuo suave,combinacion,2020,2021,1,10.4418119882506,-0.9124948471536382,-11.35430683540424,ARG
Comb. LSTM/AR(1) suave,combinacion,2020,2021,1,10.4418119882506,3.0046945700339975,-7.437117418216603,ARG
Comb. RF/AR(1) umbral min,combinacion,2020,2021,1,10.4418119882506,0.2290168965913025,-10.212795091659299,ARG
Ingenuo,referencia,2021,2022,1,6.02074537534855,10.4418119882506,4.421066612902051,ARG
Deriva,referencia,2021,2022,1,6.02074537534855,10.52537814011779,4.504632764769239,ARG
AR(1),Box-Jenkins,2021,2022,1,6.02074537534855,2.9880459534633226,-3.0326994218852277,ARG
"ARMA(2,2)",Box-Jenkins,2021,2022,1,6.02074537534855,4.262688816131021,-1.758056559217529,ARG
"ARIMA(1,1,1)",Box-Jenkins,2021,2022,1,6.02074537534855,2.930335333090838,-3.0904100422577123,ARG
Ridge sobre rezagos,regularizado,2021,2022,1,6.02074537534855,6.546471115720012,0.5257257403714615,ARG
Random Forest,aprendizaje,2021,2022,1,6.02074537534855,4.581816577059989,-1.4389287982885612,ARG
LSTM(16),red neuronal,2021,2022,1,6.02074537534855,1.5811182588155246,-4.439627116533026,ARG
Comb. RF/AR(1) suave,combinacion,2021,2022,1,6.02074537534855,5.315293032271016,-0.7054523430775346,ARG
Comb. RF/AR(1) dura,combinacion,2021,2022,1,6.02074537534855,2.9880459534633226,-3.0326994218852277,ARG
Comb. RF/ingenuo suave,combinacion,2021,2022,1,6.02074537534855,6.047964724436708,0.02721934908815804,ARG
Comb. LSTM/AR(1) suave,combinacion,2021,2022,1,6.02074537534855,7.482546689610015,1.4618013142614643,ARG
Comb. RF/AR(1) umbral min,combinacion,2021,2022,1,6.02074537534855,2.9880459534633226,-3.0326994218852277,ARG
Ingenuo,referencia,2022,2023,1,-1.85578803046339,6.02074537534855,7.876533405811941,ARG
Deriva,referencia,2022,2023,1,-1.85578803046339,6.030465088449029,7.886253118912419,ARG
AR(1),Box-Jenkins,2022,2023,1,-1.85578803046339,2.7159269442742455,4.5717149747376356,ARG
"ARMA(2,2)",Box-Jenkins,2022,2023,1,-1.85578803046339,2.0711019004901123,3.9268899309535024,ARG
"ARIMA(1,1,1)",Box-Jenkins,2022,2023,1,-1.85578803046339,2.691641360144286,4.547429390607676,ARG
Ridge sobre rezagos,regularizado,2022,2023,1,-1.85578803046339,2.7333096055238246,4.589097635987215,ARG
Random Forest,aprendizaje,2022,2023,1,-1.85578803046339,0.4655771214836624,2.3213651519470524,ARG
LSTM(16),red neuronal,2022,2023,1,-1.85578803046339,1.672950825270871,3.528738855734261,ARG
Comb. RF/AR(1) suave,combinacion,2022,2023,1,-1.85578803046339,0.2066054317653674,2.0623934622287576,ARG
Comb. RF/AR(1) dura,combinacion,2022,2023,1,-1.85578803046339,2.7159269442742455,4.5717149747376356,ARG
Comb. RF/ingenuo suave,combinacion,2022,2023,1,-1.85578803046339,0.41389435299680255,2.2696823834601925,ARG
Comb. LSTM/AR(1) suave,combinacion,2022,2023,1,-1.85578803046339,5.345460001271747,7.201248031735137,ARG
Comb. RF/AR(1) umbral min,combinacion,2022,2023,1,-1.85578803046339,2.7159269442742455,4.5717149747376356,ARG
Ingenuo,referencia,2023,2024,1,-1.34293072157739,-1.85578803046339,-0.512857308886,ARG
Deriva,referencia,2023,2024,1,-1.34293072157739,-1.9732659483131114,-0.6303352267357214,ARG
AR(1),Box-Jenkins,2023,2024,1,-1.34293072157739,1.915085189337425,3.258015910914815,ARG
"ARMA(2,2)",Box-Jenkins,2023,2024,1,-1.34293072157739,1.0646483977002226,2.407579119277613,ARG
"ARIMA(1,1,1)",Box-Jenkins,2023,2024,1,-1.34293072157739,1.943504203125899,3.286434924703289,ARG
Ridge sobre rezagos,regularizado,2023,2024,1,-1.34293072157739,3.28190020665682,4.62483092823421,ARG
Random Forest,aprendizaje,2023,2024,1,-1.34293072157739,-1.987244297553358,-0.644313575975968,ARG
LSTM(16),red neuronal,2023,2024,1,-1.34293072157739,1.5637900598402585,2.906720781417649,ARG
Comb. RF/AR(1) suave,combinacion,2023,2024,1,-1.34293072157739,-0.73325575620101,0.60967496537638,ARG
Comb. RF/AR(1) dura,combinacion,2023,2024,1,-1.34293072157739,1.915085189337425,3.258015910914815,ARG
Comb. RF/ingenuo suave,combinacion,2023,2024,1,-1.34293072157739,-0.863848087624326,0.47908263395306405,ARG
Comb. LSTM/AR(1) suave,combinacion,2023,2024,1,-1.34293072157739,5.434277556943657,6.777208278521047,ARG
Comb. RF/AR(1) umbral min,combinacion,2023,2024,1,-1.34293072157739,1.915085189337425,3.258015910914815,ARG
Ingenuo,referencia,2024,2025,1,4.36733330217022,-1.34293072157739,-5.71026402374761,ARG
Deriva,referencia,2024,2025,1,4.36733330217022,-1.4504033183678142,-5.817736620538034,ARG
AR(1),Box-Jenkins,2024,2025,1,4.36733330217022,1.881799974874776,-2.485533327295444,ARG
"ARMA(2,2)",Box-Jenkins,2024,2025,1,4.36733330217022,3.1515391479883275,-1.2157941541818924,ARG
"ARIMA(1,1,1)",Box-Jenkins,2024,2025,1,4.36733330217022,1.9058216901275133,-2.4615116120427065,ARG
Ridge sobre rezagos,regularizado,2024,2025,1,4.36733330217022,2.1207564115300297,-2.24657689064019,ARG
Random Forest,aprendizaje,2024,2025,1,4.36733330217022,-0.776085213647809,-5.143418515818029,ARG
LSTM(16),red neuronal,2024,2025,1,4.36733330217022,1.5080315212820445,-2.8593017808881753,ARG
Comb. RF/AR(1) suave,combinacion,2024,2025,1,4.36733330217022,0.10936146967483046,-4.2579718324953895,ARG
Comb. RF/AR(1) dura,combinacion,2024,2025,1,4.36733330217022,1.881799974874776,-2.485533327295444,ARG
Comb. RF/ingenuo suave,combinacion,2024,2025,1,4.36733330217022,-0.20978568164438083,-4.577118983814601,ARG
Comb. LSTM/AR(1) suave,combinacion,2024,2025,1,4.36733330217022,1.5499258137267797,-2.81740748844344,ARG
Comb. RF/AR(1) umbral min,combinacion,2024,2025,1,4.36733330217022,1.881799974874776,-2.485533327295444,ARG
Ingenuo,referencia,1990,1991,1,5.26652663501228,4.63578742813344,-0.6307392068788396,BOL
Deriva,referencia,1990,1991,1,5.26652663501228,4.723597479366742,-0.5429291556455382,BOL
AR(1),Box-Jenkins,1990,1991,1,5.26652663501228,4.350366793512831,-0.9161598414994492,BOL
"ARMA(2,2)",Box-Jenkins,1990,1991,1,5.26652663501228,6.024631629742991,0.7581049947307115,BOL
"ARIMA(1,1,1)",Box-Jenkins,1990,1991,1,5.26652663501228,4.221134578257185,-1.0453920567550945,BOL
Ridge sobre rezagos,regularizado,1990,1991,1,5.26652663501228,7.145583064381299,1.8790564293690188,BOL
Random Forest,aprendizaje,1990,1991,1,5.26652663501228,4.01583344205619,-1.2506931929560903,BOL
LSTM(16),red neuronal,1990,1991,1,5.26652663501228,,,BOL
Comb. RF/AR(1) suave,combinacion,1990,1991,1,5.26652663501228,4.158829488575093,-1.1076971464371868,BOL
Comb. RF/AR(1) dura,combinacion,1990,1991,1,5.26652663501228,4.350366793512831,-0.9161598414994492,BOL
Comb. RF/ingenuo suave,combinacion,1990,1991,1,5.26652663501228,4.2111962981758975,-1.0553303368363824,BOL
Comb. LSTM/AR(1) suave,combinacion,1990,1991,1,5.26652663501228,,,BOL
Comb. RF/AR(1) umbral min,combinacion,1990,1991,1,5.26652663501228,4.248096420945192,-1.018430214067088,BOL
Ingenuo,referencia,1991,1992,1,1.64649821845634,5.26652663501228,3.62002841655594,BOL
Deriva,referencia,1991,1992,1,1.64649821845634,5.372434324767099,3.7259361063107588,BOL
AR(1),Box-Jenkins,1991,1992,1,1.64649821845634,4.860364739907126,3.2138665214507864,BOL
"ARMA(2,2)",Box-Jenkins,1991,1992,1,1.64649821845634,6.333139296290584,4.686641077834244,BOL
"ARIMA(1,1,1)",Box-Jenkins,1991,1992,1,1.64649821845634,4.954810025706495,3.308311807250155,BOL
Ridge sobre rezagos,regularizado,1991,1992,1,1.64649821845634,6.853760135870076,5.207261917413737,BOL
Random Forest,aprendizaje,1991,1992,1,1.64649821845634,4.435905909178732,2.7894076907223924,BOL
LSTM(16),red neuronal,1991,1992,1,1.64649821845634,,,BOL
Comb. RF/AR(1) suave,combinacion,1991,1992,1,1.64649821845634,4.718440623190913,3.0719424047345734,BOL
Comb. RF/AR(1) dura,combinacion,1991,1992,1,1.64649821845634,4.860364739907126,3.2138665214507864,BOL
Comb. RF/ingenuo suave,combinacion,1991,1992,1,1.64649821845634,4.739432164842571,3.0929339463862306,BOL
Comb. LSTM/AR(1) suave,combinacion,1991,1992,1,1.64649821845634,,,BOL
Comb. RF/AR(1) umbral min,combinacion,1991,1992,1,1.64649821845634,4.787353856189714,3.1408556377333743,BOL
Ingenuo,referencia,1992,1993,1,4.26929615211904,1.64649821845634,-2.6227979336627,BOL
Deriva,referencia,1992,1993,1,4.26929615211904,1.6322144209108118,-2.637081731208228,BOL
AR(1),Box-Jenkins,1992,1993,1,4.26929615211904,2.064611230930518,-2.2046849211885218,BOL
"ARMA(2,2)",Box-Jenkins,1992,1993,1,4.26929615211904,4.010417152660211,-0.25887899945882875,BOL
"ARIMA(1,1,1)",Box-Jenkins,1992,1993,1,4.26929615211904,2.958536933152728,-1.3107592189663118,BOL
Ridge sobre rezagos,regularizado,1992,1993,1,4.26929615211904,4.643419616428956,0.37412346430991583,BOL
Random Forest,aprendizaje,1992,1993,1,4.26929615211904,1.6967141247787294,-2.57258202734031,BOL
LSTM(16),red neuronal,1992,1993,1,4.26929615211904,2.469591025379782,-1.7997051267392576,BOL
Comb. RF/AR(1) suave,combinacion,1992,1993,1,4.26929615211904,1.1905527269364902,-3.07874342518255,BOL
Comb. RF/AR(1) dura,combinacion,1992,1993,1,4.26929615211904,1.1905527269364902,-3.07874342518255,BOL
Comb. RF/ingenuo suave,combinacion,1992,1993,1,4.26929615211904,1.1905527269364902,-3.07874342518255,BOL
Comb. LSTM/AR(1) suave,combinacion,1992,1993,1,4.26929615211904,,,BOL
Comb. RF/AR(1) umbral min,combinacion,1992,1993,1,4.26929615211904,1.6095281183505963,-2.6597680337684437,BOL
Ingenuo,referencia,1993,1994,1,4.66726507417057,4.26929615211904,-0.3979689220515299,BOL
Deriva,referencia,1993,1994,1,4.66726507417057,4.337421158673769,-0.3298439154968005,BOL
AR(1),Box-Jenkins,1993,1994,1,4.66726507417057,4.047891549358285,-0.6193735248122847,BOL
"ARMA(2,2)",Box-Jenkins,1993,1994,1,4.66726507417057,2.8000068408505747,-1.867258233319995,BOL
"ARIMA(1,1,1)",Box-Jenkins,1993,1994,1,4.66726507417057,3.5236584812548384,-1.1436065929157313,BOL
Ridge sobre rezagos,regularizado,1993,1994,1,4.66726507417057,4.309332312952583,-0.35793276121798634,BOL
Random Forest,aprendizaje,1993,1994,1,4.66726507417057,4.040594191092349,-0.626670883078221,BOL
LSTM(16),red neuronal,1993,1994,1,4.66726507417057,3.113866981790497,-1.5533980923800725,BOL
Comb. RF/AR(1) suave,combinacion,1993,1994,1,4.66726507417057,3.8758984899222138,-0.7913665842483559,BOL
Comb. RF/AR(1) dura,combinacion,1993,1994,1,4.66726507417057,3.8758984899222138,-0.7913665842483559,BOL
Comb. RF/ingenuo suave,combinacion,1993,1994,1,4.66726507417057,3.8758984899222138,-0.7913665842483559,BOL
Comb. LSTM/AR(1) suave,combinacion,1993,1994,1,4.66726507417057,,,BOL
Comb. RF/AR(1) umbral min,combinacion,1993,1994,1,4.66726507417057,3.9620088528276853,-0.7052562213428843,BOL
Ingenuo,referencia,1994,1995,1,4.67827659737812,4.66726507417057,-0.011011523207550056,BOL
Deriva,referencia,1994,1995,1,4.67827659737812,4.745385350891868,0.06710875351374845,BOL
AR(1),Box-Jenkins,1994,1995,1,4.67827659737812,4.3573096779329585,-0.3209669194451612,BOL
"ARMA(2,2)",Box-Jenkins,1994,1995,1,4.67827659737812,2.435595005482841,-2.2426815918952787,BOL
"ARIMA(1,1,1)",Box-Jenkins,1994,1995,1,4.67827659737812,4.325030142385148,-0.3532464549929717,BOL
Ridge sobre rezagos,regularizado,1994,1995,1,4.67827659737812,3.197618580500904,-1.4806580168772157,BOL
Random Forest,aprendizaje,1994,1995,1,4.67827659737812,4.467832438059657,-0.21044415931846316,BOL
LSTM(16),red neuronal,1994,1995,1,4.67827659737812,3.120676817108144,-1.557599780269976,BOL
Comb. RF/AR(1) suave,combinacion,1994,1995,1,4.67827659737812,4.33698671839991,-0.34128987897820995,BOL
Comb. RF/AR(1) dura,combinacion,1994,1995,1,4.67827659737812,4.3573096779329585,-0.3209669194451612,BOL
Comb. RF/ingenuo suave,combinacion,1994,1995,1,4.67827659737812,4.3435815279873005,-0.3346950693908193,BOL
Comb. LSTM/AR(1) suave,combinacion,1994,1995,1,4.67827659737812,,,BOL
Comb. RF/AR(1) umbral min,combinacion,1994,1995,1,4.67827659737812,4.347847691666918,-0.33042890571120154,BOL
Ingenuo,referencia,1995,1996,1,4.36134197138718,4.67827659737812,0.3169346259909398,BOL
Deriva,referencia,1995,1996,1,4.36134197138718,4.754423087231367,0.39308111584418715,BOL
AR(1),Box-Jenkins,1995,1996,1,4.36134197138718,4.376426662700723,0.015084691313543175,BOL
"ARMA(2,2)",Box-Jenkins,1995,1996,1,4.36134197138718,3.72297920760325,-0.6383627637839298,BOL
"ARIMA(1,1,1)",Box-Jenkins,1995,1996,1,4.36134197138718,4.587220746889176,0.22587877550199575,BOL
Ridge sobre rezagos,regularizado,1995,1996,1,4.36134197138718,3.2788097038613744,-1.0825322675258056,BOL
Random Forest,aprendizaje,1995,1996,1,4.36134197138718,4.300656993336451,-0.06068497805072859,BOL
LSTM(16),red neuronal,1995,1996,1,4.36134197138718,3.45844231457149,-0.90289965681569,BOL
Comb. RF/AR(1) suave,combinacion,1995,1996,1,4.36134197138718,4.437054408290263,0.07571243690308282,BOL
Comb. RF/AR(1) dura,combinacion,1995,1996,1,4.36134197138718,4.437054408290263,0.07571243690308282,BOL
Comb. RF/ingenuo suave,combinacion,1995,1996,1,4.36134197138718,4.437054408290263,0.07571243690308282,BOL
Comb. LSTM/AR(1) suave,combinacion,1995,1996,1,4.36134197138718,,,BOL
Comb. RF/AR(1) umbral min,combinacion,1995,1996,1,4.36134197138718,4.43037267836886,0.06903070698168001,BOL
Ingenuo,referencia,1996,1997,1,4.95420873383996,4.36134197138718,-0.5928667624527799,BOL
Deriva,referencia,1996,1997,1,4.95420873383996,4.426257572216308,-0.5279511616236521,BOL
AR(1),Box-Jenkins,1996,1997,1,4.95420873383996,4.14550167448665,-0.8087070593533099,BOL
"ARMA(2,2)",Box-Jenkins,1996,1997,1,4.95420873383996,4.183458003965223,-0.7707507298747371,BOL
"ARIMA(1,1,1)",Box-Jenkins,1996,1997,1,4.95420873383996,4.464958771046771,-0.4892499627931892,BOL
Ridge sobre rezagos,regularizado,1996,1997,1,4.95420873383996,4.0685650725111255,-0.8856436613288343,BOL
Random Forest,aprendizaje,1996,1997,1,4.95420873383996,4.305369399448577,-0.6488393343913827,BOL
LSTM(16),red neuronal,1996,1997,1,4.95420873383996,3.562248815768319,-1.3919599180716409,BOL
Comb. RF/AR(1) suave,combinacion,1996,1997,1,4.95420873383996,4.49837853124674,-0.45583020259322016,BOL
Comb. RF/AR(1) dura,combinacion,1996,1997,1,4.95420873383996,4.49837853124674,-0.45583020259322016,BOL
Comb. RF/ingenuo suave,combinacion,1996,1997,1,4.95420873383996,4.49837853124674,-0.45583020259322016,BOL
Comb. LSTM/AR(1) suave,combinacion,1996,1997,1,4.95420873383996,3.380097051158286,-1.5741116826816737,BOL
Comb. RF/AR(1) umbral min,combinacion,1996,1997,1,4.95420873383996,4.455880721082938,-0.498328012757022,BOL
Ingenuo,referencia,1997,1998,1,5.02935475584462,4.95420873383996,-0.07514602200466047,BOL
Deriva,referencia,1997,1998,1,5.02935475584462,5.033789644714189,0.004434888869568887,BOL
AR(1),Box-Jenkins,1997,1998,1,5.02935475584462,4.602517068466148,-0.4268376873784723,BOL
"ARMA(2,2)",Box-Jenkins,1997,1998,1,5.02935475584462,4.712732764259567,-0.31662199158505366,BOL
"ARIMA(1,1,1)",Box-Jenkins,1997,1998,1,5.02935475584462,4.742469682951448,-0.2868850728931722,BOL
Ridge sobre rezagos,regularizado,1997,1998,1,5.02935475584462,3.851640125039699,-1.1777146308049211,BOL
Random Forest,aprendizaje,1997,1998,1,5.02935475584462,4.58941804319317,-0.4399367126514502,BOL
LSTM(16),red neuronal,1997,1998,1,5.02935475584462,4.224483469653688,-0.8048712861909326,BOL
Comb. RF/AR(1) suave,combinacion,1997,1998,1,5.02935475584462,4.299065946200853,-0.730288809643767,BOL
Comb. RF/AR(1) dura,combinacion,1997,1998,1,5.02935475584462,4.299065946200853,-0.730288809643767,BOL
Comb. RF/ingenuo suave,combinacion,1997,1998,1,5.02935475584462,4.299065946200853,-0.730288809643767,BOL
Comb. LSTM/AR(1) suave,combinacion,1997,1998,1,5.02935475584462,3.909663811568222,-1.1196909442763983,BOL
Comb. RF/AR(1) umbral min,combinacion,1997,1998,1,5.02935475584462,4.339163888624326,-0.6901908672202941,BOL
Ingenuo,referencia,1998,1999,1,0.426885378297442,5.02935475584462,4.6024693775471786,BOL
Deriva,referencia,1998,1999,1,0.426885378297442,5.108815804857509,4.681930426560068,BOL
AR(1),Box-Jenkins,1998,1999,1,0.426885378297442,4.671772547733511,4.244887169436069,BOL
"ARMA(2,2)",Box-Jenkins,1998,1999,1,0.426885378297442,4.995438552280993,4.568553173983552,BOL
"ARIMA(1,1,1)",Box-Jenkins,1998,1999,1,0.426885378297442,4.94521087248802,4.518325494190578,BOL
Ridge sobre rezagos,regularizado,1998,1999,1,0.426885378297442,4.191601598216623,3.7647162199191815,BOL
Random Forest,aprendizaje,1998,1999,1,0.426885378297442,4.789234027421248,4.362348649123806,BOL
LSTM(16),red neuronal,1998,1999,1,0.426885378297442,4.571078574308273,4.144193196010831,BOL
Comb. RF/AR(1) suave,combinacion,1998,1999,1,0.426885378297442,4.317231316973506,3.890345938676064,BOL
Comb. RF/AR(1) dura,combinacion,1998,1999,1,0.426885378297442,4.317231316973506,3.890345938676064,BOL
Comb. RF/ingenuo suave,combinacion,1998,1999,1,0.426885378297442,4.317231316973506,3.890345938676064,BOL
Comb. LSTM/AR(1) suave,combinacion,1998,1999,1,0.426885378297442,3.9134259028639113,3.486540524566469,BOL
Comb. RF/AR(1) umbral min,combinacion,1998,1999,1,0.426885378297442,4.380457472543021,3.9535720942455796,BOL
Ingenuo,referencia,1999,2000,1,2.50781081484664,0.426885378297442,-2.0809254365491983,BOL
Deriva,referencia,1999,2000,1,2.50781081484664,0.3831377318745402,-2.1246730829721,BOL
AR(1),Box-Jenkins,1999,2000,1,2.50781081484664,1.2502349939216637,-1.2575758209249763,BOL
"ARMA(2,2)",Box-Jenkins,1999,2000,1,2.50781081484664,2.582048899418405,0.07423808457176495,BOL
"ARIMA(1,1,1)",Box-Jenkins,1999,2000,1,2.50781081484664,2.2827670111451335,-0.22504380370150656,BOL
Ridge sobre rezagos,regularizado,1999,2000,1,2.50781081484664,2.846290628442387,0.33847981359574675,BOL
Random Forest,aprendizaje,1999,2000,1,2.50781081484664,-0.9136977209415005,-3.4215085357881403,BOL
LSTM(16),red neuronal,1999,2000,1,2.50781081484664,3.0275559161537067,0.5197451013070666,BOL
Comb. RF/AR(1) suave,combinacion,1999,2000,1,2.50781081484664,-0.27995117606873754,-2.7877619909153775,BOL
Comb. RF/AR(1) dura,combinacion,1999,2000,1,2.50781081484664,1.2502349939216637,-1.2575758209249763,BOL
Comb. RF/ingenuo suave,combinacion,1999,2000,1,2.50781081484664,-0.3296048745622376,-2.8374156894088776,BOL
Comb. LSTM/AR(1) suave,combinacion,1999,2000,1,2.50781081484664,-0.5466975435642999,-3.05450835841094,BOL
Comb. RF/AR(1) umbral min,combinacion,1999,2000,1,2.50781081484664,0.6043255759396444,-1.9034852389069956,BOL
Ingenuo,referencia,2000,2001,1,1.68379914527159,2.50781081484664,0.8240116695750501,BOL
Deriva,referencia,2000,2001,1,1.68379914527159,2.5185419654230228,0.8347428201514329,BOL
AR(1),Box-Jenkins,2000,2001,1,1.68379914527159,2.774405450776643,1.090606305505053,BOL
"ARMA(2,2)",Box-Jenkins,2000,2001,1,1.68379914527159,2.3741363382087526,0.6903371929371627,BOL
"ARIMA(1,1,1)",Box-Jenkins,2000,2001,1,1.68379914527159,2.1554842807587224,0.47168513548713253,BOL
Ridge sobre rezagos,regularizado,2000,2001,1,1.68379914527159,2.3578280855834564,0.6740289403118664,BOL
Random Forest,aprendizaje,2000,2001,1,1.68379914527159,3.7906332870523713,2.1068341417807814,BOL
LSTM(16),red neuronal,2000,2001,1,1.68379914527159,2.783493613183154,1.099694467911564,BOL
Comb. RF/AR(1) suave,combinacion,2000,2001,1,1.68379914527159,3.5791718058214452,1.8953726605498553,BOL
Comb. RF/AR(1) dura,combinacion,2000,2001,1,1.68379914527159,3.5791718058214452,1.8953726605498553,BOL
Comb. RF/ingenuo suave,combinacion,2000,2001,1,1.68379914527159,3.5791718058214452,1.8953726605498553,BOL
Comb. LSTM/AR(1) suave,combinacion,2000,2001,1,1.68379914527159,-0.19545578939153918,-1.879254934663129,BOL
Comb. RF/AR(1) umbral min,combinacion,2000,2001,1,1.68379914527159,3.2220351226752193,1.5382359774036294,BOL
Ingenuo,referencia,2001,2002,1,2.48556576601922,1.68379914527159,-0.8017666207476299,BOL
Deriva,referencia,2001,2002,1,2.48556576601922,1.673661725344187,-0.8119040406750329,BOL
AR(1),Box-Jenkins,2001,2002,1,2.48556576601922,2.1637144010260183,-0.32185136499320155,BOL
"ARMA(2,2)",Box-Jenkins,2001,2002,1,2.48556576601922,1.9567062482415716,-0.5288595177776483,BOL
"ARIMA(1,1,1)",Box-Jenkins,2001,2002,1,2.48556576601922,1.9288154361474192,-0.5567503298718006,BOL
Ridge sobre rezagos,regularizado,2001,2002,1,2.48556576601922,1.0077721004337739,-1.477793665585446,BOL
Random Forest,aprendizaje,2001,2002,1,2.48556576601922,2.443699374298114,-0.041866391721105956,BOL
LSTM(16),red neuronal,2001,2002,1,2.48556576601922,2.4305613452271104,-0.05500442079210943,BOL
Comb. RF/AR(1) suave,combinacion,2001,2002,1,2.48556576601922,2.372164538350507,-0.11340122766871286,BOL
Comb. RF/AR(1) dura,combinacion,2001,2002,1,2.48556576601922,2.372164538350507,-0.11340122766871286,BOL
Comb. RF/ingenuo suave,combinacion,2001,2002,1,2.48556576601922,2.372164538350507,-0.11340122766871286,BOL
Comb. LSTM/AR(1) suave,combinacion,2001,2002,1,2.48556576601922,-0.7077849567424943,-3.193350722761714,BOL
Comb. RF/AR(1) umbral min,combinacion,2001,2002,1,2.48556576601922,2.2944512754602675,-0.19111449055895235,BOL
Ingenuo,referencia,2002,2003,1,2.7113398065361,2.48556576601922,-0.22577404051688,BOL
Deriva,referencia,2002,2003,1,2.7113398065361,2.4952308836692567,-0.21610892286684313,BOL
AR(1),Box-Jenkins,2002,2003,1,2.7113398065361,2.738391013406381,0.027051206870281064,BOL
"ARMA(2,2)",Box-Jenkins,2002,2003,1,2.7113398065361,2.067440328563473,-0.643899477972627,BOL
"ARIMA(1,1,1)",Box-Jenkins,2002,2003,1,2.7113398065361,2.2156194674074636,-0.4957203391286362,BOL
Ridge sobre rezagos,regularizado,2002,2003,1,2.7113398065361,1.0750608446823247,-1.6362789618537752,BOL
Random Forest,aprendizaje,2002,2003,1,2.7113398065361,2.6654792533900444,-0.045860553146055416,BOL
LSTM(16),red neuronal,2002,2003,1,2.7113398065361,2.37124190328963,-0.3400979032464697,BOL
Comb. RF/AR(1) suave,combinacion,2002,2003,1,2.7113398065361,2.5967178035343816,-0.11462200300171821,BOL
Comb. RF/AR(1) dura,combinacion,2002,2003,1,2.7113398065361,2.5967178035343816,-0.11462200300171821,BOL
Comb. RF/ingenuo suave,combinacion,2002,2003,1,2.7113398065361,2.5967178035343816,-0.11462200300171821,BOL
Comb. LSTM/AR(1) suave,combinacion,2002,2003,1,2.7113398065361,2.2140605471339336,-0.4972792594021662,BOL
Comb. RF/AR(1) umbral min,combinacion,2002,2003,1,2.7113398065361,2.647019665478956,-0.06432014105714368,BOL
Ingenuo,referencia,2003,2004,1,4.1732955905708,2.7113398065361,-1.4619557840347,BOL
Deriva,referencia,2003,2004,1,4.1732955905708,2.7261503747305853,-1.4471452158402145,BOL
AR(1),Box-Jenkins,2003,2004,1,4.1732955905708,2.896706220014018,-1.2765893705567817,BOL
"ARMA(2,2)",Box-Jenkins,2003,2004,1,4.1732955905708,2.209479295603345,-1.963816294967455,BOL
"ARIMA(1,1,1)",Box-Jenkins,2003,2004,1,4.1732955905708,2.5470176680411796,-1.6262779225296202,BOL
Ridge sobre rezagos,regularizado,2003,2004,1,4.1732955905708,2.225399207278068,-1.9478963832927318,BOL
Random Forest,aprendizaje,2003,2004,1,4.1732955905708,3.4087951874907416,-0.7645004030800582,BOL
LSTM(16),red neuronal,2003,2004,1,4.1732955905708,2.672772718839439,-1.500522871731361,BOL
Comb. RF/AR(1) suave,combinacion,2003,2004,1,4.1732955905708,3.475817268074802,-0.6974783224959977,BOL
Comb. RF/AR(1) dura,combinacion,2003,2004,1,4.1732955905708,3.475817268074802,-0.6974783224959977,BOL
Comb. RF/ingenuo suave,combinacion,2003,2004,1,4.1732955905708,3.475817268074802,-0.6974783224959977,BOL
Comb. LSTM/AR(1) suave,combinacion,2003,2004,1,4.1732955905708,2.3735738871130407,-1.799721703457759,BOL
Comb. RF/AR(1) umbral min,combinacion,2003,2004,1,4.1732955905708,3.281104659951385,-0.8921909306194147,BOL
Ingenuo,referencia,2004,2005,1,4.42143313550196,4.1732955905708,-0.24813754493116047,BOL
Deriva,referencia,2004,2005,1,4.42143313550196,4.221760698668546,-0.1996724368334144,BOL
AR(1),Box-Jenkins,2004,2005,1,4.42143313550196,3.9543150542761127,-0.4671180812258475,BOL
"ARMA(2,2)",Box-Jenkins,2004,2005,1,4.42143313550196,2.797649359492098,-1.6237837760098621,BOL
"ARIMA(1,1,1)",Box-Jenkins,2004,2005,1,4.42143313550196,3.5302362833272243,-0.891196852174736,BOL
Ridge sobre rezagos,regularizado,2004,2005,1,4.42143313550196,2.808603671632975,-1.612829463868985,BOL
Random Forest,aprendizaje,2004,2005,1,4.42143313550196,3.8979686105674296,-0.5234645249345307,BOL
LSTM(16),red neuronal,2004,2005,1,4.42143313550196,2.7501398860091295,-1.6712932494928308,BOL
Comb. RF/AR(1) suave,combinacion,2004,2005,1,4.42143313550196,3.499259666488556,-0.9221734690134045,BOL
Comb. RF/AR(1) dura,combinacion,2004,2005,1,4.42143313550196,3.499259666488556,-0.9221734690134045,BOL
Comb. RF/ingenuo suave,combinacion,2004,2005,1,4.42143313550196,3.499259666488556,-0.9221734690134045,BOL
Comb. LSTM/AR(1) suave,combinacion,2004,2005,1,4.42143313550196,2.6167160594716345,-1.8047170760303257,BOL
Comb. RF/AR(1) umbral min,combinacion,2004,2005,1,4.42143313550196,3.635863175327686,-0.785569960174274,BOL
Ingenuo,referencia,2005,2006,1,4.79700881067477,4.42143313550196,-0.37557567517280965,BOL
Deriva,referencia,2005,2006,1,4.79700881067477,4.474436253527739,-0.3225725571470308,BOL
AR(1),Box-Jenkins,2005,2006,1,4.79700881067477,4.1404220990965905,-0.6565867115781794,BOL
"ARMA(2,2)",Box-Jenkins,2005,2006,1,4.79700881067477,3.28920593754167,-1.5078028731331,BOL
"ARIMA(1,1,1)",Box-Jenkins,2005,2006,1,4.79700881067477,4.162170043281097,-0.6348387673936733,BOL
Ridge sobre rezagos,regularizado,2005,2006,1,4.79700881067477,3.500743688520022,-1.296265122154748,BOL
Random Forest,aprendizaje,2005,2006,1,4.79700881067477,3.9810274491100124,-0.8159813615647575,BOL
LSTM(16),red neuronal,2005,2006,1,4.79700881067477,2.776870026922962,-2.020138783751808,BOL
Comb. RF/AR(1) suave,combinacion,2005,2006,1,4.79700881067477,3.5595404897753697,-1.2374683208994002,BOL
Comb. RF/AR(1) dura,combinacion,2005,2006,1,4.79700881067477,3.5595404897753697,-1.2374683208994002,BOL
Comb. RF/ingenuo suave,combinacion,2005,2006,1,4.79700881067477,3.5595404897753697,-1.2374683208994002,BOL
Comb. LSTM/AR(1) suave,combinacion,2005,2006,1,4.79700881067477,2.6739433881830075,-2.1230654224917624,BOL
Comb. RF/AR(1) umbral min,combinacion,2005,2006,1,4.79700881067477,3.749064528569996,-1.047944282104774,BOL
Ingenuo,referencia,2006,2007,1,4.56438425143126,4.79700881067477,0.23262455924350967,BOL
Deriva,referencia,2006,2007,1,4.56438425143126,4.85718020774826,0.29279595631699973,BOL
AR(1),Box-Jenkins,2006,2007,1,4.56438425143126,4.421981582186707,-0.1424026692445537,BOL
"ARMA(2,2)",Box-Jenkins,2006,2007,1,4.56438425143126,3.707119538406142,-0.8572647130251183,BOL
"ARIMA(1,1,1)",Box-Jenkins,2006,2007,1,4.56438425143126,4.584278231460479,0.019893980029218383,BOL
Ridge sobre rezagos,regularizado,2006,2007,1,4.56438425143126,4.711545835577002,0.1471615841457421,BOL
Random Forest,aprendizaje,2006,2007,1,4.56438425143126,4.511924324153541,-0.05245992727771931,BOL
LSTM(16),red neuronal,2006,2007,1,4.56438425143126,2.840280862290118,-1.7241033891411424,BOL
Comb. RF/AR(1) suave,combinacion,2006,2007,1,4.56438425143126,4.120860700136927,-0.44352355129433363,BOL
Comb. RF/AR(1) dura,combinacion,2006,2007,1,4.56438425143126,4.120860700136927,-0.44352355129433363,BOL
Comb. RF/ingenuo suave,combinacion,2006,2007,1,4.56438425143126,4.120860700136927,-0.44352355129433363,BOL
Comb. LSTM/AR(1) suave,combinacion,2006,2007,1,4.56438425143126,2.7177247582811286,-1.8466594931501317,BOL
Comb. RF/AR(1) umbral min,combinacion,2006,2007,1,4.56438425143126,4.210781123147038,-0.353603128284222,BOL
Ingenuo,referencia,2007,2008,1,6.14849787777658,4.56438425143126,-1.58411362634532,BOL
Deriva,referencia,2007,2008,1,6.14849787777658,4.618190519019598,-1.530307358756982,BOL
AR(1),Box-Jenkins,2007,2008,1,6.14849787777658,4.261642447189907,-1.8868554305866736,BOL
"ARMA(2,2)",Box-Jenkins,2007,2008,1,6.14849787777658,3.7650129803595997,-2.3834848974169804,BOL
"ARIMA(1,1,1)",Box-Jenkins,2007,2008,1,6.14849787777658,4.605262150910899,-1.5432357268656816,BOL
Ridge sobre rezagos,regularizado,2007,2008,1,6.14849787777658,4.527173059064476,-1.6213248187121039,BOL
Random Forest,aprendizaje,2007,2008,1,6.14849787777658,4.289807113415475,-1.8586907643611053,BOL
LSTM(16),red neuronal,2007,2008,1,6.14849787777658,3.661322902883437,-2.487174974893143,BOL
Comb. RF/AR(1) suave,combinacion,2007,2008,1,6.14849787777658,4.095577879719717,-2.052919998056863,BOL
Comb. RF/AR(1) dura,combinacion,2007,2008,1,6.14849787777658,4.095577879719717,-2.052919998056863,BOL
Comb. RF/ingenuo suave,combinacion,2007,2008,1,6.14849787777658,4.095577879719717,-2.052919998056863,BOL
Comb. LSTM/AR(1) suave,combinacion,2007,2008,1,6.14849787777658,3.5679476533803838,-2.5805502243961964,BOL
Comb. RF/AR(1) umbral min,combinacion,2007,2008,1,6.14849787777658,4.095577879719717,-2.052919998056863,BOL
Ingenuo,referencia,2008,2009,1,3.35699958346049,6.14849787777658,2.79149829431609,BOL
Deriva,referencia,2008,2009,1,3.35699958346049,6.234863876402301,2.8778642929418106,BOL
AR(1),Box-Jenkins,2008,2009,1,3.35699958346049,5.435873789886293,2.078874206425803,BOL
"ARMA(2,2)",Box-Jenkins,2008,2009,1,3.35699958346049,5.4185246171764785,2.0615250337159883,BOL
"ARIMA(1,1,1)",Box-Jenkins,2008,2009,1,3.35699958346049,5.523506354107012,2.166506770646522,BOL
Ridge sobre rezagos,regularizado,2008,2009,1,3.35699958346049,5.084432396248056,1.727432812787566,BOL
Random Forest,aprendizaje,2008,2009,1,3.35699958346049,3.7819711492056225,0.4249715657451323,BOL
LSTM(16),red neuronal,2008,2009,1,3.35699958346049,4.863686913960444,1.5066873304999535,BOL
Comb. RF/AR(1) suave,combinacion,2008,2009,1,3.35699958346049,3.327002866019909,-0.0299967174405813,BOL
Comb. RF/AR(1) dura,combinacion,2008,2009,1,3.35699958346049,3.327002866019909,-0.0299967174405813,BOL
Comb. RF/ingenuo suave,combinacion,2008,2009,1,3.35699958346049,3.327002866019909,-0.0299967174405813,BOL
Comb. LSTM/AR(1) suave,combinacion,2008,2009,1,3.35699958346049,4.089971438880696,0.7329718554202054,BOL
Comb. RF/AR(1) umbral min,combinacion,2008,2009,1,3.35699958346049,3.327002866019909,-0.0299967174405813,BOL
Ingenuo,referencia,2009,2010,1,4.12672258996274,3.35699958346049,-0.7697230065022498,BOL
Deriva,referencia,2009,2010,1,4.12672258996274,3.3834100759832566,-0.7433125139794834,BOL
AR(1),Box-Jenkins,2009,2010,1,4.12672258996274,3.40722932358708,-0.7194932663756601,BOL
"ARMA(2,2)",Box-Jenkins,2009,2010,1,4.12672258996274,4.2630520748393845,0.13632948487664454,BOL
"ARIMA(1,1,1)",Box-Jenkins,2009,2010,1,4.12672258996274,4.366209823222175,0.23948723325943533,BOL
Ridge sobre rezagos,regularizado,2009,2010,1,4.12672258996274,4.024871901491332,-0.10185068847140766,BOL
Random Forest,aprendizaje,2009,2010,1,4.12672258996274,4.512726739860346,0.3860041498976061,BOL
LSTM(16),red neuronal,2009,2010,1,4.12672258996274,4.217497644067533,0.09077505410479336,BOL
Comb. RF/AR(1) suave,combinacion,2009,2010,1,4.12672258996274,3.993733006885608,-0.13298958307713216,BOL
Comb. RF/AR(1) dura,combinacion,2009,2010,1,4.12672258996274,3.993733006885608,-0.13298958307713216,BOL
Comb. RF/ingenuo suave,combinacion,2009,2010,1,4.12672258996274,3.993733006885608,-0.13298958307713216,BOL
Comb. LSTM/AR(1) suave,combinacion,2009,2010,1,4.12672258996274,4.222625984742123,0.09590339477938326,BOL
Comb. RF/AR(1) umbral min,combinacion,2009,2010,1,4.12672258996274,3.602820423119107,-0.5239021668436328,BOL
Ingenuo,referencia,2010,2011,1,5.20409245282328,4.12672258996274,-1.0773698628605404,BOL
Deriva,referencia,2010,2011,1,5.20409245282328,4.168302725627945,-1.0357897271953354,BOL
AR(1),Box-Jenkins,2010,2011,1,5.20409245282328,3.9586248519945206,-1.2454676008287597,BOL
"ARMA(2,2)",Box-Jenkins,2010,2011,1,5.20409245282328,3.7243684843993243,-1.479723968423956,BOL
"ARIMA(1,1,1)",Box-Jenkins,2010,2011,1,5.20409245282328,4.053512420685633,-1.150580032137647,BOL
Ridge sobre rezagos,regularizado,2010,2011,1,5.20409245282328,3.8903426586177536,-1.3137497942055267,BOL
Random Forest,aprendizaje,2010,2011,1,5.20409245282328,4.355959098942014,-0.8481333538812663,BOL
LSTM(16),red neuronal,2010,2011,1,5.20409245282328,3.8602072800471054,-1.343885172776175,BOL
Comb. RF/AR(1) suave,combinacion,2010,2011,1,5.20409245282328,4.252190255922617,-0.9519021969006634,BOL
Comb. RF/AR(1) dura,combinacion,2010,2011,1,5.20409245282328,4.252190255922617,-0.9519021969006634,BOL
Comb. RF/ingenuo suave,combinacion,2010,2011,1,5.20409245282328,4.252190255922617,-0.9519021969006634,BOL
Comb. LSTM/AR(1) suave,combinacion,2010,2011,1,5.20409245282328,3.9906202420497596,-1.2134722107735207,BOL
Comb. RF/AR(1) umbral min,combinacion,2010,2011,1,5.20409245282328,4.056056691895989,-1.148035760927291,BOL
Ingenuo,referencia,2011,2012,1,5.12227560125973,5.20409245282328,0.08181685156355023,BOL
Deriva,referencia,2011,2012,1,5.12227560125973,5.266388383032392,0.1441127817726615,BOL
AR(1),Box-Jenkins,2011,2012,1,5.12227560125973,4.738481279314999,-0.3837943219447313,BOL
"ARMA(2,2)",Box-Jenkins,2011,2012,1,5.12227560125973,4.092355775093026,-1.0299198261667044,BOL
"ARIMA(1,1,1)",Box-Jenkins,2011,2012,1,5.12227560125973,4.738929584917352,-0.3833460163423785,BOL
Ridge sobre rezagos,regularizado,2011,2012,1,5.12227560125973,3.8814461537691076,-1.2408294474906225,BOL
Random Forest,aprendizaje,2011,2012,1,5.12227560125973,3.939452967918524,-1.182822633341206,BOL
LSTM(16),red neuronal,2011,2012,1,5.12227560125973,4.411044441386596,-0.711231159873134,BOL
Comb. RF/AR(1) suave,combinacion,2011,2012,1,5.12227560125973,3.146982381311216,-1.9752932199485143,BOL
Comb. RF/AR(1) dura,combinacion,2011,2012,1,5.12227560125973,3.146982381311216,-1.9752932199485143,BOL
Comb. RF/ingenuo suave,combinacion,2011,2012,1,5.12227560125973,3.146982381311216,-1.9752932199485143,BOL
Comb. LSTM/AR(1) suave,combinacion,2011,2012,1,5.12227560125973,4.24342979109616,-0.8788458101635701,BOL
Comb. RF/AR(1) umbral min,combinacion,2011,2012,1,5.12227560125973,4.068598575479767,-1.0536770257799635,BOL
Ingenuo,referencia,2012,2013,1,6.79601141268498,5.12227560125973,-1.6737358114252503,BOL
Deriva,referencia,2012,2013,1,6.79601141268498,5.18174579064977,-1.6142656220352105,BOL
AR(1),Box-Jenkins,2012,2013,1,6.79601141268498,4.691489753135198,-2.104521659549783,BOL
"ARMA(2,2)",Box-Jenkins,2012,2013,1,6.79601141268498,3.8577498372840857,-2.9382615754008947,BOL
"ARIMA(1,1,1)",Box-Jenkins,2012,2013,1,6.79601141268498,5.036169972561605,-1.7598414401233757,BOL
Ridge sobre rezagos,regularizado,2012,2013,1,6.79601141268498,3.681777263482975,-3.1142341492020056,BOL
Random Forest,aprendizaje,2012,2013,1,6.79601141268498,4.554302117748075,-2.2417092949369053,BOL
LSTM(16),red neuronal,2012,2013,1,6.79601141268498,4.410080014495971,-2.385931398189009,BOL
Comb. RF/AR(1) suave,combinacion,2012,2013,1,6.79601141268498,3.8144344280833558,-2.9815769846016247,BOL
Comb. RF/AR(1) dura,combinacion,2012,2013,1,6.79601141268498,3.8144344280833558,-2.9815769846016247,BOL
Comb. RF/ingenuo suave,combinacion,2012,2013,1,6.79601141268498,3.8144344280833558,-2.9815769846016247,BOL
Comb. LSTM/AR(1) suave,combinacion,2012,2013,1,6.79601141268498,4.290452554223136,-2.5055588584618445,BOL
Comb. RF/AR(1) umbral min,combinacion,2012,2013,1,6.79601141268498,4.395507032621951,-2.4005043800630297,BOL
Ingenuo,referencia,2013,2014,1,5.46056949136766,6.79601141268498,1.3354419213173205,BOL
Deriva,referencia,2013,2014,1,5.46056949136766,6.886525171729543,1.4259556803618834,BOL
AR(1),Box-Jenkins,2013,2014,1,5.46056949136766,5.932871667026802,0.47230217565914234,BOL
"ARMA(2,2)",Box-Jenkins,2013,2014,1,5.46056949136766,5.717669752855259,0.257100261487599,BOL
"ARIMA(1,1,1)",Box-Jenkins,2013,2014,1,5.46056949136766,6.086912587465977,0.6263430960983172,BOL
Ridge sobre rezagos,regularizado,2013,2014,1,5.46056949136766,5.2611155323825445,-0.19945395898511542,BOL
Random Forest,aprendizaje,2013,2014,1,5.46056949136766,4.431577635231597,-1.028991856136063,BOL
LSTM(16),red neuronal,2013,2014,1,5.46056949136766,4.749545855350556,-0.7110236360171038,BOL
Comb. RF/AR(1) suave,combinacion,2013,2014,1,5.46056949136766,4.16116221642694,-1.2994072749407195,BOL
Comb. RF/AR(1) dura,combinacion,2013,2014,1,5.46056949136766,4.16116221642694,-1.2994072749407195,BOL
Comb. RF/ingenuo suave,combinacion,2013,2014,1,5.46056949136766,4.16116221642694,-1.2994072749407195,BOL
Comb. LSTM/AR(1) suave,combinacion,2013,2014,1,5.46056949136766,4.9212905086423095,-0.5392789827253504,BOL
Comb. RF/AR(1) umbral min,combinacion,2013,2014,1,5.46056949136766,5.318382945536088,-0.14218654583157164,BOL
Ingenuo,referencia,2014,2015,1,4.85718718508603,5.46056949136766,0.6033823062816301,BOL
Deriva,referencia,2014,2015,1,4.85718718508603,5.524178426254451,0.6669912411684216,BOL
AR(1),Box-Jenkins,2014,2015,1,4.85718718508603,4.969621948995565,0.11243476390953511,BOL
"ARMA(2,2)",Box-Jenkins,2014,2015,1,4.85718718508603,5.753308290813898,0.8961211057278682,BOL
"ARIMA(1,1,1)",Box-Jenkins,2014,2015,1,4.85718718508603,5.836503331103841,0.979316146017811,BOL
Ridge sobre rezagos,regularizado,2014,2015,1,4.85718718508603,5.168291568078111,0.311104382992081,BOL
Random Forest,aprendizaje,2014,2015,1,4.85718718508603,4.688326030072532,-0.16886115501349774,BOL
LSTM(16),red neuronal,2014,2015,1,4.85718718508603,4.743832948185836,-0.11335423690019386,BOL
Comb. RF/AR(1) suave,combinacion,2014,2015,1,4.85718718508603,4.8831252277706865,0.025938042684656715,BOL
Comb. RF/AR(1) dura,combinacion,2014,2015,1,4.85718718508603,4.8831252277706865,0.025938042684656715,BOL
Comb. RF/ingenuo suave,combinacion,2014,2015,1,4.85718718508603,4.8831252277706865,0.025938042684656715,BOL
Comb. LSTM/AR(1) suave,combinacion,2014,2015,1,4.85718718508603,4.89348134771045,0.03629416262442042,BOL
Comb. RF/AR(1) umbral min,combinacion,2014,2015,1,4.85718718508603,4.9329397839777425,0.07575259889171271,BOL
Ingenuo,referencia,2015,2016,1,4.26392086992173,4.85718718508603,0.5932663151642998,BOL
Deriva,referencia,2015,2016,1,4.26392086992173,4.908444430321554,0.6445235603998238,BOL
AR(1),Box-Jenkins,2015,2016,1,4.26392086992173,4.541075128972551,0.27715425905082114,BOL
"ARMA(2,2)",Box-Jenkins,2015,2016,1,4.26392086992173,5.0653746478852595,0.8014537779635296,BOL
"ARIMA(1,1,1)",Box-Jenkins,2015,2016,1,4.26392086992173,5.202432157467941,0.9385112875462109,BOL
Ridge sobre rezagos,regularizado,2015,2016,1,4.26392086992173,4.536924445426669,0.2730035755049389,BOL
Random Forest,aprendizaje,2015,2016,1,4.26392086992173,5.393973056549692,1.130052186627962,BOL
LSTM(16),red neuronal,2015,2016,1,4.26392086992173,4.679807781778258,0.4158869118565285,BOL
Comb. RF/AR(1) suave,combinacion,2015,2016,1,4.26392086992173,4.746716050823384,0.48279518090165396,BOL
Comb. RF/AR(1) dura,combinacion,2015,2016,1,4.26392086992173,4.746716050823384,0.48279518090165396,BOL
Comb. RF/ingenuo suave,combinacion,2015,2016,1,4.26392086992173,4.746716050823384,0.48279518090165396,BOL
Comb. LSTM/AR(1) suave,combinacion,2015,2016,1,4.26392086992173,4.191204449729564,-0.07271642019216618,BOL
Comb. RF/AR(1) umbral min,combinacion,2015,2016,1,4.26392086992173,4.646888929884253,0.3829680599625229,BOL
Ingenuo,referencia,2016,2017,1,4.19520633364647,4.26392086992173,0.0687145362752597,BOL
Deriva,referencia,2016,2017,1,4.19520633364647,4.303459504968167,0.10825317132169676,BOL
AR(1),Box-Jenkins,2016,2017,1,4.19520633364647,4.11711708275975,-0.07808925088672058,BOL
"ARMA(2,2)",Box-Jenkins,2016,2017,1,4.19520633364647,3.489660879559715,-0.7055454540867552,BOL
"ARIMA(1,1,1)",Box-Jenkins,2016,2017,1,4.19520633364647,4.5949001347589125,0.39969380111244224,BOL
Ridge sobre rezagos,regularizado,2016,2017,1,4.19520633364647,4.2764001405212735,0.08119380687480326,BOL
Random Forest,aprendizaje,2016,2017,1,4.19520633364647,4.8198874790078685,0.6246811453613983,BOL
LSTM(16),red neuronal,2016,2017,1,4.19520633364647,4.731677871073456,0.5364715374269862,BOL
Comb. RF/AR(1) suave,combinacion,2016,2017,1,4.19520633364647,4.4885963292798685,0.2933899956333983,BOL
Comb. RF/AR(1) dura,combinacion,2016,2017,1,4.19520633364647,4.4885963292798685,0.2933899956333983,BOL
Comb. RF/ingenuo suave,combinacion,2016,2017,1,4.19520633364647,4.4885963292798685,0.2933899956333983,BOL
Comb. LSTM/AR(1) suave,combinacion,2016,2017,1,4.19520633364647,4.339472015435957,0.14426568178948695,BOL
Comb. RF/AR(1) umbral min,combinacion,2016,2017,1,4.19520633364647,4.298040633542923,0.1028342998964531,BOL
Ingenuo,referencia,2017,2018,1,2.86808404814794,4.19520633364647,1.3271222854985303,BOL
Deriva,referencia,2017,2018,1,2.86808404814794,4.232811876347877,1.3647278281999369,BOL
AR(1),Box-Jenkins,2017,2018,1,2.86808404814794,4.070168938192557,1.2020848900446173,BOL
"ARMA(2,2)",Box-Jenkins,2017,2018,1,2.86808404814794,3.224511659715489,0.3564276115675491,BOL
"ARIMA(1,1,1)",Box-Jenkins,2017,2018,1,2.86808404814794,4.306995742682334,1.438911694534394,BOL
Ridge sobre rezagos,regularizado,2017,2018,1,2.86808404814794,3.5119578875448902,0.6438738393969503,BOL
Random Forest,aprendizaje,2017,2018,1,2.86808404814794,5.366045920409874,2.4979618722619343,BOL
LSTM(16),red neuronal,2017,2018,1,2.86808404814794,4.192885422976851,1.3248013748289114,BOL
Comb. RF/AR(1) suave,combinacion,2017,2018,1,2.86808404814794,5.013589589039518,2.145505540891578,BOL
Comb. RF/AR(1) dura,combinacion,2017,2018,1,2.86808404814794,5.013589589039518,2.145505540891578,BOL
Comb. RF/ingenuo suave,combinacion,2017,2018,1,2.86808404814794,5.013589589039518,2.145505540891578,BOL
Comb. LSTM/AR(1) suave,combinacion,2017,2018,1,2.86808404814794,3.4346741326035772,0.5665900844556373,BOL
Comb. RF/AR(1) umbral min,combinacion,2017,2018,1,2.86808404814794,4.988045847668985,2.1199617995210454,BOL
Ingenuo,referencia,2018,2019,1,1.50672102666863,2.86808404814794,1.36136302147931,BOL
Deriva,referencia,2018,2019,1,1.50672102666863,2.8817469973721543,1.3750259707035244,BOL
AR(1),Box-Jenkins,2018,2019,1,1.50672102666863,3.1152510871197325,1.6085300604511026,BOL
"ARMA(2,2)",Box-Jenkins,2018,2019,1,1.50672102666863,3.097218588147671,1.5904975614790409,BOL
"ARIMA(1,1,1)",Box-Jenkins,2018,2019,1,1.50672102666863,3.432099997117559,1.9253789704489293,BOL
Ridge sobre rezagos,regularizado,2018,2019,1,1.50672102666863,2.7898943585585947,1.2831733318899647,BOL
Random Forest,aprendizaje,2018,2019,1,1.50672102666863,3.625629631847515,2.118908605178885,BOL
LSTM(16),red neuronal,2018,2019,1,1.50672102666863,2.6586199728095004,1.1518989461408704,BOL
Comb. RF/AR(1) suave,combinacion,2018,2019,1,1.50672102666863,3.3607949453991433,1.8540739187305133,BOL
Comb. RF/AR(1) dura,combinacion,2018,2019,1,1.50672102666863,3.3607949453991433,1.8540739187305133,BOL
Comb. RF/ingenuo suave,combinacion,2018,2019,1,1.50672102666863,3.3607949453991433,1.8540739187305133,BOL
Comb. LSTM/AR(1) suave,combinacion,2018,2019,1,1.50672102666863,2.817274207496321,1.310553180827691,BOL
Comb. RF/AR(1) umbral min,combinacion,2018,2019,1,1.50672102666863,3.339714301640497,1.832993274971867,BOL
Ingenuo,referencia,2019,2020,1,-12.7194690092717,1.50672102666863,14.22619003594033,BOL
Deriva,referencia,2019,2020,1,-12.7194690092717,1.49667663157037,14.21614564084207,BOL
AR(1),Box-Jenkins,2019,2020,1,-12.7194690092717,2.1241415282072507,14.84361053747895,BOL
"ARMA(2,2)",Box-Jenkins,2019,2020,1,-12.7194690092717,1.4535737950353331,14.173042804307034,BOL
"ARIMA(1,1,1)",Box-Jenkins,2019,2020,1,-12.7194690092717,2.1680046984721826,14.887473707743883,BOL
Ridge sobre rezagos,regularizado,2019,2020,1,-12.7194690092717,1.9860043785492076,14.705473387820907,BOL
Random Forest,aprendizaje,2019,2020,1,-12.7194690092717,1.861159968611188,14.580628977882888,BOL
LSTM(16),red neuronal,2019,2020,1,-12.7194690092717,-0.12720488742003244,12.592264121851667,BOL
Comb. RF/AR(1) suave,combinacion,2019,2020,1,-12.7194690092717,1.9118310335062767,14.631300042777976,BOL
Comb. RF/AR(1) dura,combinacion,2019,2020,1,-12.7194690092717,1.9118310335062767,14.631300042777976,BOL
Comb. RF/ingenuo suave,combinacion,2019,2020,1,-12.7194690092717,1.9118310335062767,14.631300042777976,BOL
Comb. LSTM/AR(1) suave,combinacion,2019,2020,1,-12.7194690092717,1.3208125911155006,14.0402816003872,BOL
Comb. RF/AR(1) umbral min,combinacion,2019,2020,1,-12.7194690092717,1.9391398352571962,14.658608844528896,BOL
Ingenuo,referencia,2020,2021,1,10.0290488827886,-12.7194690092717,-22.7485178920603,BOL
Deriva,referencia,2020,2021,1,10.0290488827886,-12.970465025401182,-22.999513908189783,BOL
AR(1),Box-Jenkins,2020,2021,1,10.0290488827886,-9.36812926546432,-19.39717814825292,BOL
"ARMA(2,2)",Box-Jenkins,2020,2021,1,10.0290488827886,-7.1279212695944105,-17.15697015238301,BOL
"ARIMA(1,1,1)",Box-Jenkins,2020,2021,1,10.0290488827886,-8.874852510988672,-18.903901393777275,BOL
Ridge sobre rezagos,regularizado,2020,2021,1,10.0290488827886,-6.957976014882516,-16.987024897671116,BOL
Random Forest,aprendizaje,2020,2021,1,10.0290488827886,-1.5896021882564066,-11.618651071045008,BOL
LSTM(16),red neuronal,2020,2021,1,10.0290488827886,-4.154305781843846,-14.183354664632446,BOL
Comb. RF/AR(1) suave,combinacion,2020,2021,1,10.0290488827886,-9.36812926546432,-19.39717814825292,BOL
Comb. RF/AR(1) dura,combinacion,2020,2021,1,10.0290488827886,-9.36812926546432,-19.39717814825292,BOL
Comb. RF/ingenuo suave,combinacion,2020,2021,1,10.0290488827886,-12.7194690092717,-22.7485178920603,BOL
Comb. LSTM/AR(1) suave,combinacion,2020,2021,1,10.0290488827886,-9.36812926546432,-19.39717814825292,BOL
Comb. RF/AR(1) umbral min,combinacion,2020,2021,1,10.0290488827886,-9.36812926546432,-19.39717814825292,BOL
Ingenuo,referencia,2021,2022,1,3.74741781241461,10.0290488827886,6.281631070373991,BOL
Deriva,referencia,2021,2022,1,3.74741781241461,10.161378098462283,6.413960286047673,BOL
AR(1),Box-Jenkins,2021,2022,1,3.74741781241461,5.646813499277824,1.8993956868632145,BOL
"ARMA(2,2)",Box-Jenkins,2021,2022,1,3.74741781241461,-5.558819851234892,-9.306237663649501,BOL
"ARIMA(1,1,1)",Box-Jenkins,2021,2022,1,3.74741781241461,-6.853206743243362,-10.600624555657973,BOL
Ridge sobre rezagos,regularizado,2021,2022,1,3.74741781241461,-6.279023136006973,-10.026440948421584,BOL
Random Forest,aprendizaje,2021,2022,1,3.74741781241461,2.5648336827988274,-1.1825841296157824,BOL
LSTM(16),red neuronal,2021,2022,1,3.74741781241461,2.871249039613866,-0.8761687728007437,BOL
Comb. RF/AR(1) suave,combinacion,2021,2022,1,3.74741781241461,5.646813499277824,1.8993956868632145,BOL
Comb. RF/AR(1) dura,combinacion,2021,2022,1,3.74741781241461,5.646813499277824,1.8993956868632145,BOL
Comb. RF/ingenuo suave,combinacion,2021,2022,1,3.74741781241461,10.0290488827886,6.281631070373991,BOL
Comb. LSTM/AR(1) suave,combinacion,2021,2022,1,3.74741781241461,5.646813499277824,1.8993956868632145,BOL
Comb. RF/AR(1) umbral min,combinacion,2021,2022,1,3.74741781241461,5.646813499277824,1.8993956868632145,BOL
Ingenuo,referencia,2022,2023,1,2.51636590154891,3.74741781241461,1.2310519108656997,BOL
Deriva,referencia,2022,2023,1,2.51636590154891,3.7746001381530836,1.2582342366041734,BOL
AR(1),Box-Jenkins,2022,2023,1,2.51636590154891,3.5636919485616723,1.047326047012762,BOL
"ARMA(2,2)",Box-Jenkins,2022,2023,1,2.51636590154891,1.2359778359675193,-1.2803880655813908,BOL
"ARIMA(1,1,1)",Box-Jenkins,2022,2023,1,2.51636590154891,2.5944930157554906,0.07812711420658047,BOL
Ridge sobre rezagos,regularizado,2022,2023,1,2.51636590154891,-3.3311295922189053,-5.847495493767815,BOL
Random Forest,aprendizaje,2022,2023,1,2.51636590154891,4.418156946944778,1.9017910453958682,BOL
LSTM(16),red neuronal,2022,2023,1,2.51636590154891,2.8780444952873374,0.36167859373842726,BOL
Comb. RF/AR(1) suave,combinacion,2022,2023,1,2.51636590154891,3.5636919485616723,1.047326047012762,BOL
Comb. RF/AR(1) dura,combinacion,2022,2023,1,2.51636590154891,3.5636919485616723,1.047326047012762,BOL
Comb. RF/ingenuo suave,combinacion,2022,2023,1,2.51636590154891,3.74741781241461,1.2310519108656997,BOL
Comb. LSTM/AR(1) suave,combinacion,2022,2023,1,2.51636590154891,3.5636919485616723,1.047326047012762,BOL
Comb. RF/AR(1) umbral min,combinacion,2022,2023,1,2.51636590154891,3.5636919485616723,1.047326047012762,BOL
Ingenuo,referencia,2023,2024,1,-1.12335595517212,2.51636590154891,3.63972185672103,BOL
Deriva,referencia,2023,2024,1,-1.12335595517212,2.523254126696994,3.646610081869114,BOL
AR(1),Box-Jenkins,2023,2024,1,-1.12335595517212,3.1671608625051157,4.2905168176772355,BOL
"ARMA(2,2)",Box-Jenkins,2023,2024,1,-1.12335595517212,4.385462994062989,5.508818949235109,BOL
"ARIMA(1,1,1)",Box-Jenkins,2023,2024,1,-1.12335595517212,2.7786874322100146,3.9020433873821343,BOL
Ridge sobre rezagos,regularizado,2023,2024,1,-1.12335595517212,-0.6311897469882846,0.4921662081838354,BOL
Random Forest,aprendizaje,2023,2024,1,-1.12335595517212,3.439412509512611,4.562768464684731,BOL
LSTM(16),red neuronal,2023,2024,1,-1.12335595517212,2.882729735011546,4.006085690183666,BOL
Comb. RF/AR(1) suave,combinacion,2023,2024,1,-1.12335595517212,3.1671608625051157,4.2905168176772355,BOL
Comb. RF/AR(1) dura,combinacion,2023,2024,1,-1.12335595517212,3.1671608625051157,4.2905168176772355,BOL
Comb. RF/ingenuo suave,combinacion,2023,2024,1,-1.12335595517212,2.51636590154891,3.63972185672103,BOL
Comb. LSTM/AR(1) suave,combinacion,2023,2024,1,-1.12335595517212,3.1671608625051157,4.2905168176772355,BOL
Comb. RF/AR(1) umbral min,combinacion,2023,2024,1,-1.12335595517212,3.1671608625051157,4.2905168176772355,BOL
Ingenuo,referencia,2024,2025,1,-1.58237567348246,-1.12335595517212,0.45901971831034016,BOL
Deriva,referencia,2024,2025,1,-1.58237567348246,-1.1743504297362442,0.40802524374621596,BOL
AR(1),Box-Jenkins,2024,2025,1,-1.58237567348246,1.9525263339960108,3.534902007478471,BOL
"ARMA(2,2)",Box-Jenkins,2024,2025,1,-1.58237567348246,3.114440036745657,4.696815710228117,BOL
"ARIMA(1,1,1)",Box-Jenkins,2024,2025,1,-1.58237567348246,1.6677321621576575,3.250107835640118,BOL
Ridge sobre rezagos,regularizado,2024,2025,1,-1.58237567348246,6.903664033014731,8.486039706497191,BOL
Random Forest,aprendizaje,2024,2025,1,-1.58237567348246,-0.11338104112578162,1.4689946323566785,BOL
LSTM(16),red neuronal,2024,2025,1,-1.58237567348246,2.756101189669047,4.338476863151507,BOL
Comb. RF/AR(1) suave,combinacion,2024,2025,1,-1.58237567348246,1.9525263339960108,3.534902007478471,BOL
Comb. RF/AR(1) dura,combinacion,2024,2025,1,-1.58237567348246,1.9525263339960108,3.534902007478471,BOL
Comb. RF/ingenuo suave,combinacion,2024,2025,1,-1.58237567348246,-1.12335595517212,0.45901971831034016,BOL
Comb. LSTM/AR(1) suave,combinacion,2024,2025,1,-1.58237567348246,1.9525263339960108,3.534902007478471,BOL
Comb. RF/AR(1) umbral min,combinacion,2024,2025,1,-1.58237567348246,1.9525263339960108,3.534902007478471,BOL
Ingenuo,referencia,1990,1991,1,1.03218958549303,-4.35000000000022,-5.38218958549325,BRA
Deriva,referencia,1990,1991,1,1.03218958549303,-4.796551724138164,-5.8287413096311935,BRA
AR(1),Box-Jenkins,1990,1991,1,1.03218958549303,0.06954550928001924,-0.9626440762130108,BRA
"ARMA(2,2)",Box-Jenkins,1990,1991,1,1.03218958549303,0.7944445523844581,-0.23774503310857198,BRA
"ARIMA(1,1,1)",Box-Jenkins,1990,1991,1,1.03218958549303,-1.1397863883862085,-2.1719759738792384,BRA
Ridge sobre rezagos,regularizado,1990,1991,1,1.03218958549303,4.001926131395198,2.969736545902168,BRA
Random Forest,aprendizaje,1990,1991,1,1.03218958549303,2.470374262492283,1.438184676999253,BRA
LSTM(16),red neuronal,1990,1991,1,1.03218958549303,,,BRA
Comb. RF/AR(1) suave,combinacion,1990,1991,1,1.03218958549303,5.120163560645619,4.087973975152589,BRA
Comb. RF/AR(1) dura,combinacion,1990,1991,1,1.03218958549303,5.120163560645619,4.087973975152589,BRA
Comb. RF/ingenuo suave,combinacion,1990,1991,1,1.03218958549303,5.120163560645619,4.087973975152589,BRA
Comb. LSTM/AR(1) suave,combinacion,1990,1991,1,1.03218958549303,,,BRA
Comb. RF/AR(1) umbral min,combinacion,1990,1991,1,1.03218958549303,3.171410024168228,2.1392204386751983,BRA
Ingenuo,referencia,1991,1992,1,-0.54407204977727,1.03218958549303,1.5762616352703,BRA
Deriva,referencia,1991,1992,1,-0.54407204977727,0.7799292383427932,1.3240012881200631,BRA
AR(1),Box-Jenkins,1991,1992,1,-0.54407204977727,2.9852236929768425,3.5292957427541127,BRA
"ARMA(2,2)",Box-Jenkins,1991,1992,1,-0.54407204977727,0.5271207112457892,1.0711927610230592,BRA
"ARIMA(1,1,1)",Box-Jenkins,1991,1992,1,-0.54407204977727,-1.7332726776542318,-1.1892006278769618,BRA
Ridge sobre rezagos,regularizado,1991,1992,1,-0.54407204977727,1.550046364138268,2.094118413915538,BRA
Random Forest,aprendizaje,1991,1992,1,-0.54407204977727,0.526961033780745,1.071033083558015,BRA
LSTM(16),red neuronal,1991,1992,1,-0.54407204977727,,,BRA
Comb. RF/AR(1) suave,combinacion,1991,1992,1,-0.54407204977727,2.2665453636626745,2.810617413439944,BRA
Comb. RF/AR(1) dura,combinacion,1991,1992,1,-0.54407204977727,2.2665453636626745,2.810617413439944,BRA
Comb. RF/ingenuo suave,combinacion,1991,1992,1,-0.54407204977727,2.2665453636626745,2.810617413439944,BRA
Comb. LSTM/AR(1) suave,combinacion,1991,1992,1,-0.54407204977727,,,BRA
Comb. RF/AR(1) umbral min,combinacion,1991,1992,1,-0.54407204977727,2.5547702393211678,3.098842289098438,BRA
Ingenuo,referencia,1992,1993,1,4.9246900037071,-0.54407204977727,-5.468762053484371,BRA
Deriva,referencia,1992,1993,1,4.9246900037071,-0.8390421158991219,-5.763732119606223,BRA
AR(1),Box-Jenkins,1992,1993,1,4.9246900037071,1.932001012209298,-2.9926889914978023,BRA
"ARMA(2,2)",Box-Jenkins,1992,1993,1,4.9246900037071,2.4627000345961925,-2.461989969110908,BRA
"ARIMA(1,1,1)",Box-Jenkins,1992,1993,1,4.9246900037071,0.2726173368302499,-4.65207266687685,BRA
Ridge sobre rezagos,regularizado,1992,1993,1,4.9246900037071,2.493120708625515,-2.4315692950815855,BRA
Random Forest,aprendizaje,1992,1993,1,4.9246900037071,0.8521968652371757,-4.072493138469925,BRA
LSTM(16),red neuronal,1992,1993,1,4.9246900037071,2.161810441375264,-2.7628795623318365,BRA
Comb. RF/AR(1) suave,combinacion,1992,1993,1,4.9246900037071,1.8033213136728916,-3.121368690034209,BRA
Comb. RF/AR(1) dura,combinacion,1992,1993,1,4.9246900037071,1.8033213136728916,-3.121368690034209,BRA
Comb. RF/ingenuo suave,combinacion,1992,1993,1,4.9246900037071,1.8033213136728916,-3.121368690034209,BRA
Comb. LSTM/AR(1) suave,combinacion,1992,1993,1,4.9246900037071,,,BRA
Comb. RF/AR(1) umbral min,combinacion,1992,1993,1,4.9246900037071,1.82699368387731,-3.09769631982979,BRA
Ingenuo,referencia,1993,1994,1,5.85287036219013,4.9246900037071,-0.9281803584830293,BRA
Deriva,referencia,1993,1994,1,5.85287036219013,4.809836566322943,-1.0430337958671867,BRA
AR(1),Box-Jenkins,1993,1994,1,5.85287036219013,4.940207182717441,-0.9126631794726885,BRA
"ARMA(2,2)",Box-Jenkins,1993,1994,1,5.85287036219013,3.3857930265490177,-2.467077335641112,BRA
"ARIMA(1,1,1)",Box-Jenkins,1993,1994,1,5.85287036219013,2.3208802722158692,-3.5319900899742604,BRA
Ridge sobre rezagos,regularizado,1993,1994,1,5.85287036219013,1.9394932276932648,-3.913377134496865,BRA
Random Forest,aprendizaje,1993,1994,1,5.85287036219013,5.55632494023055,-0.29654542195957934,BRA
LSTM(16),red neuronal,1993,1994,1,5.85287036219013,3.638076009622229,-2.2147943525679006,BRA
Comb. RF/AR(1) suave,combinacion,1993,1994,1,5.85287036219013,4.349602752672451,-1.5032676095176791,BRA
Comb. RF/AR(1) dura,combinacion,1993,1994,1,5.85287036219013,4.349602752672451,-1.5032676095176791,BRA
Comb. RF/ingenuo suave,combinacion,1993,1994,1,5.85287036219013,4.349602752672451,-1.5032676095176791,BRA
Comb. LSTM/AR(1) suave,combinacion,1993,1994,1,5.85287036219013,,,BRA
Comb. RF/AR(1) umbral min,combinacion,1993,1994,1,5.85287036219013,4.474223697102227,-1.3786466650879028,BRA
Ingenuo,referencia,1994,1995,1,4.22379363350413,5.85287036219013,1.629076728686,BRA
Deriva,referencia,1994,1995,1,4.22379363350413,5.76962400952922,1.5458303760250907,BRA
AR(1),Box-Jenkins,1994,1995,1,4.22379363350413,5.438188096512386,1.2143944630082562,BRA
"ARMA(2,2)",Box-Jenkins,1994,1995,1,4.22379363350413,6.264110930313987,2.0403172968098575,BRA
"ARIMA(1,1,1)",Box-Jenkins,1994,1995,1,4.22379363350413,6.210387888209567,1.9865942547054374,BRA
Ridge sobre rezagos,regularizado,1994,1995,1,4.22379363350413,6.39917882644413,2.1753851929400003,BRA
Random Forest,aprendizaje,1994,1995,1,4.22379363350413,7.547355607744313,3.3235619742401834,BRA
LSTM(16),red neuronal,1994,1995,1,4.22379363350413,4.828351928719158,0.6045582952150284,BRA
Comb. RF/AR(1) suave,combinacion,1994,1995,1,4.22379363350413,5.347449591755767,1.1236559582516374,BRA
Comb. RF/AR(1) dura,combinacion,1994,1995,1,4.22379363350413,5.347449591755767,1.1236559582516374,BRA
Comb. RF/ingenuo suave,combinacion,1994,1995,1,4.22379363350413,5.347449591755767,1.1236559582516374,BRA
Comb. LSTM/AR(1) suave,combinacion,1994,1995,1,4.22379363350413,,,BRA
Comb. RF/AR(1) umbral min,combinacion,1994,1995,1,4.22379363350413,5.360791604136254,1.136997970632124,BRA
Ingenuo,referencia,1995,1996,1,2.20886405039022,4.22379363350413,2.0149295831139096,BRA
Deriva,referencia,1995,1996,1,2.20886405039022,4.095081681548365,1.8862176311581447,BRA
AR(1),Box-Jenkins,1995,1996,1,2.20886405039022,4.578260295095198,2.369396244704978,BRA
"ARMA(2,2)",Box-Jenkins,1995,1996,1,2.20886405039022,4.826224922018692,2.617360871628472,BRA
"ARIMA(1,1,1)",Box-Jenkins,1995,1996,1,2.20886405039022,4.816814493838908,2.607950443448688,BRA
Ridge sobre rezagos,regularizado,1995,1996,1,2.20886405039022,5.438406735490814,3.2295426851005935,BRA
Random Forest,aprendizaje,1995,1996,1,2.20886405039022,2.823091403693601,0.6142273533033809,BRA
LSTM(16),red neuronal,1995,1996,1,2.20886405039022,4.629858615544144,2.420994565153924,BRA
Comb. RF/AR(1) suave,combinacion,1995,1996,1,2.20886405039022,3.535293916761304,1.3264298663710838,BRA
Comb. RF/AR(1) dura,combinacion,1995,1996,1,2.20886405039022,3.535293916761304,1.3264298663710838,BRA
Comb. RF/ingenuo suave,combinacion,1995,1996,1,2.20886405039022,3.535293916761304,1.3264298663710838,BRA
Comb. LSTM/AR(1) suave,combinacion,1995,1996,1,2.20886405039022,,,BRA
Comb. RF/AR(1) umbral min,combinacion,1995,1996,1,2.20886405039022,3.772816198529818,1.563952148139598,BRA
Ingenuo,referencia,1996,1997,1,3.39484598630671,2.20886405039022,-1.18598193591649,BRA
Deriva,referencia,1996,1997,1,3.39484598630671,2.026260166115651,-1.368585820191059,BRA
AR(1),Box-Jenkins,1996,1997,1,3.39484598630671,3.4824397605928805,0.08759377428617032,BRA
"ARMA(2,2)",Box-Jenkins,1996,1997,1,3.39484598630671,3.4158657882918373,0.021019801985127096,BRA
"ARIMA(1,1,1)",Box-Jenkins,1996,1997,1,3.39484598630671,2.809680131172532,-0.5851658551341781,BRA
Ridge sobre rezagos,regularizado,1996,1997,1,3.39484598630671,1.5983594199414735,-1.7964865663652367,BRA
Random Forest,aprendizaje,1996,1997,1,3.39484598630671,0.7869443763016376,-2.6079016100050727,BRA
LSTM(16),red neuronal,1996,1997,1,3.39484598630671,3.641390132978387,0.24654414667167668,BRA
Comb. RF/AR(1) suave,combinacion,1996,1997,1,3.39484598630671,1.1321092261718704,-2.26273676013484,BRA
Comb. RF/AR(1) dura,combinacion,1996,1997,1,3.39484598630671,1.1321092261718704,-2.26273676013484,BRA
Comb. RF/ingenuo suave,combinacion,1996,1997,1,3.39484598630671,1.1321092261718704,-2.26273676013484,BRA
Comb. LSTM/AR(1) suave,combinacion,1996,1997,1,3.39484598630671,3.97594571660043,0.5810997302937198,BRA
Comb. RF/AR(1) umbral min,combinacion,1996,1997,1,3.39484598630671,1.7590583197676355,-1.6357876665390747,BRA
Ingenuo,referencia,1997,1998,1,0.338097901207306,3.39484598630671,3.056748085099404,BRA
Deriva,referencia,1997,1998,1,0.338097901207306,3.250258374815226,2.91216047360792,BRA
AR(1),Box-Jenkins,1997,1998,1,0.338097901207306,4.082734248209482,3.7446363470021757,BRA
"ARMA(2,2)",Box-Jenkins,1997,1998,1,0.338097901207306,3.6134784189617246,3.2753805177544186,BRA
"ARIMA(1,1,1)",Box-Jenkins,1997,1998,1,0.338097901207306,2.7963561660062113,2.4582582647989053,BRA
Ridge sobre rezagos,regularizado,1997,1998,1,0.338097901207306,4.248310909657016,3.9102130084497104,BRA
Random Forest,aprendizaje,1997,1998,1,0.338097901207306,2.091756832662242,1.753658931454936,BRA
LSTM(16),red neuronal,1997,1998,1,0.338097901207306,4.28230971986699,3.9442118186596837,BRA
Comb. RF/AR(1) suave,combinacion,1997,1998,1,0.338097901207306,2.40982520869547,2.071727307488164,BRA
Comb. RF/AR(1) dura,combinacion,1997,1998,1,0.338097901207306,2.40982520869547,2.071727307488164,BRA
Comb. RF/ingenuo suave,combinacion,1997,1998,1,0.338097901207306,2.40982520869547,2.071727307488164,BRA
Comb. LSTM/AR(1) suave,combinacion,1997,1998,1,0.338097901207306,3.9599659300584182,3.6218680288511123,BRA
Comb. RF/AR(1) umbral min,combinacion,1997,1998,1,0.338097901207306,2.9763523003886663,2.6382543991813603,BRA
Ingenuo,referencia,1998,1999,1,0.467937566477133,0.338097901207306,-0.12983966526982704,BRA
Deriva,referencia,1998,1999,1,0.467937566477133,0.11480324988858073,-0.3531343165885523,BRA
AR(1),Box-Jenkins,1998,1999,1,0.467937566477133,2.3841017728849354,1.9161642064078024,BRA
"ARMA(2,2)",Box-Jenkins,1998,1999,1,0.467937566477133,2.685384693165988,2.217447126688855,BRA
"ARIMA(1,1,1)",Box-Jenkins,1998,1999,1,0.467937566477133,1.6412097033601347,1.1732721368830017,BRA
Ridge sobre rezagos,regularizado,1998,1999,1,0.467937566477133,1.934396746434532,1.466459179957399,BRA
Random Forest,aprendizaje,1998,1999,1,0.467937566477133,1.545184416664759,1.077246850187626,BRA
LSTM(16),red neuronal,1998,1999,1,0.467937566477133,1.2163046683281915,0.7483671018510585,BRA
Comb. RF/AR(1) suave,combinacion,1998,1999,1,0.467937566477133,1.7637788013827376,1.2958412349056045,BRA
Comb. RF/AR(1) dura,combinacion,1998,1999,1,0.467937566477133,1.7637788013827376,1.2958412349056045,BRA
Comb. RF/ingenuo suave,combinacion,1998,1999,1,0.467937566477133,1.7637788013827376,1.2958412349056045,BRA
Comb. LSTM/AR(1) suave,combinacion,1998,1999,1,0.467937566477133,1.5099964001673274,1.0420588336901944,BRA
Comb. RF/AR(1) umbral min,combinacion,1998,1999,1,0.467937566477133,1.7637788013827376,1.2958412349056045,BRA
Ingenuo,referencia,1999,2000,1,4.38794944745618,0.467937566477133,-3.9200118809790476,BRA
Deriva,referencia,1999,2000,1,4.38794944745618,0.25393592348968547,-4.134013523966495,BRA
AR(1),Box-Jenkins,1999,2000,1,4.38794944745618,2.3470487534996045,-2.040900693956576,BRA
"ARMA(2,2)",Box-Jenkins,1999,2000,1,4.38794944745618,1.4605727779354023,-2.927376669520778,BRA
"ARIMA(1,1,1)",Box-Jenkins,1999,2000,1,4.38794944745618,0.07167556859120111,-4.31627387886498,BRA
Ridge sobre rezagos,regularizado,1999,2000,1,4.38794944745618,2.2998578237357368,-2.0880916237204437,BRA
Random Forest,aprendizaje,1999,2000,1,4.38794944745618,-0.29428927432186414,-4.682238721778044,BRA
LSTM(16),red neuronal,1999,2000,1,4.38794944745618,1.5815931316629674,-2.806356315793213,BRA
Comb. RF/AR(1) suave,combinacion,1999,2000,1,4.38794944745618,0.8243120151378583,-3.563637432318322,BRA
Comb. RF/AR(1) dura,combinacion,1999,2000,1,4.38794944745618,0.8243120151378583,-3.563637432318322,BRA
Comb. RF/ingenuo suave,combinacion,1999,2000,1,4.38794944745618,0.8243120151378583,-3.563637432318322,BRA
Comb. LSTM/AR(1) suave,combinacion,1999,2000,1,4.38794944745618,2.3379670649798974,-2.049982382476283,BRA
Comb. RF/AR(1) umbral min,combinacion,1999,2000,1,4.38794944745618,0.8243120151378583,-3.563637432318322,BRA
Ingenuo,referencia,2000,2001,1,1.38989640095637,4.38794944745618,2.9980530464998107,BRA
Deriva,referencia,2000,2001,1,1.38989640095637,4.279948151237105,2.890051750280735,BRA
AR(1),Box-Jenkins,2000,2001,1,1.38989640095637,4.481773885047954,3.091877484091584,BRA
"ARMA(2,2)",Box-Jenkins,2000,2001,1,1.38989640095637,3.9987598602724153,2.608863459316045,BRA
"ARIMA(1,1,1)",Box-Jenkins,2000,2001,1,1.38989640095637,2.9124708767351706,1.5225744757788007,BRA
Ridge sobre rezagos,regularizado,2000,2001,1,1.38989640095637,4.330063488548472,2.940167087592102,BRA
Random Forest,aprendizaje,2000,2001,1,1.38989640095637,3.8966251045212803,2.50672870356491,BRA
LSTM(16),red neuronal,2000,2001,1,1.38989640095637,3.7846630305553886,2.394766629599019,BRA
Comb. RF/AR(1) suave,combinacion,2000,2001,1,1.38989640095637,3.522349980009852,2.1324535790534824,BRA
Comb. RF/AR(1) dura,combinacion,2000,2001,1,1.38989640095637,3.522349980009852,2.1324535790534824,BRA
Comb. RF/ingenuo suave,combinacion,2000,2001,1,1.38989640095637,3.522349980009852,2.1324535790534824,BRA
Comb. LSTM/AR(1) suave,combinacion,2000,2001,1,1.38989640095637,4.45463574320487,3.0647393422485,BRA
Comb. RF/AR(1) umbral min,combinacion,2000,2001,1,1.38989640095637,3.592030376613254,2.202133975656884,BRA
Ingenuo,referencia,2001,2002,1,3.05346185909312,1.38989640095637,-1.6635654581367503,BRA
Deriva,referencia,2001,2002,1,3.05346185909312,1.2096438109802756,-1.8438180481128446,BRA
AR(1),Box-Jenkins,2001,2002,1,3.05346185909312,2.845505712560954,-0.2079561465321662,BRA
"ARMA(2,2)",Box-Jenkins,2001,2002,1,3.05346185909312,3.4839727501421676,0.4305108910490474,BRA
"ARIMA(1,1,1)",Box-Jenkins,2001,2002,1,3.05346185909312,2.8057379173559918,-0.24772394173712842,BRA
Ridge sobre rezagos,regularizado,2001,2002,1,3.05346185909312,2.960809445185806,-0.09265241390731438,BRA
Random Forest,aprendizaje,2001,2002,1,3.05346185909312,2.2900170790986354,-0.7634447799944848,BRA
LSTM(16),red neuronal,2001,2002,1,3.05346185909312,2.212679171704089,-0.8407826873890314,BRA
Comb. RF/AR(1) suave,combinacion,2001,2002,1,3.05346185909312,3.162076431770742,0.10861457267762198,BRA
Comb. RF/AR(1) dura,combinacion,2001,2002,1,3.05346185909312,3.162076431770742,0.10861457267762198,BRA
Comb. RF/ingenuo suave,combinacion,2001,2002,1,3.05346185909312,3.162076431770742,0.10861457267762198,BRA
Comb. LSTM/AR(1) suave,combinacion,2001,2002,1,3.05346185909312,2.1335750502341844,-0.9198868088589358,BRA
Comb. RF/AR(1) umbral min,combinacion,2001,2002,1,3.05346185909312,3.162076431770742,0.10861457267762198,BRA
Ingenuo,referencia,2002,2003,1,1.14082899824888,3.05346185909312,1.9126328608442402,BRA
Deriva,referencia,2002,2003,1,1.14082899824888,2.9181804410222174,1.7773514427733375,BRA
AR(1),Box-Jenkins,2002,2003,1,1.14082899824888,3.7167548209440664,2.5759258226951864,BRA
"ARMA(2,2)",Box-Jenkins,2002,2003,1,1.14082899824888,2.866516827723614,1.725687829474734,BRA
"ARIMA(1,1,1)",Box-Jenkins,2002,2003,1,1.14082899824888,2.191498072463122,1.050669074214242,BRA
Ridge sobre rezagos,regularizado,2002,2003,1,1.14082899824888,2.6922422837637567,1.5514132855148768,BRA
Random Forest,aprendizaje,2002,2003,1,1.14082899824888,2.4409030347750096,1.3000740365261296,BRA
LSTM(16),red neuronal,2002,2003,1,1.14082899824888,2.543178470731556,1.4023494724826762,BRA
Comb. RF/AR(1) suave,combinacion,2002,2003,1,1.14082899824888,3.15115644382096,2.01032744557208,BRA
Comb. RF/AR(1) dura,combinacion,2002,2003,1,1.14082899824888,3.15115644382096,2.01032744557208,BRA
Comb. RF/ingenuo suave,combinacion,2002,2003,1,1.14082899824888,3.15115644382096,2.01032744557208,BRA
Comb. LSTM/AR(1) suave,combinacion,2002,2003,1,1.14082899824888,2.8101689441153184,1.6693399458664384,BRA
Comb. RF/AR(1) umbral min,combinacion,2002,2003,1,1.14082899824888,3.15115644382096,2.01032744557208,BRA
Ingenuo,referencia,2003,2004,1,5.75996463670954,1.14082899824888,-4.61913563846066,BRA
Deriva,referencia,2003,2004,1,5.75996463670954,0.9632296886833738,-4.796734948026167,BRA
AR(1),Box-Jenkins,2003,2004,1,5.75996463670954,2.6436376863263638,-3.1163269503831765,BRA
"ARMA(2,2)",Box-Jenkins,2003,2004,1,5.75996463670954,2.9938007242721265,-2.7661639124374138,BRA
"ARIMA(1,1,1)",Box-Jenkins,2003,2004,1,5.75996463670954,2.0525181215442156,-3.7074465151653246,BRA
Ridge sobre rezagos,regularizado,2003,2004,1,5.75996463670954,2.856045377346054,-2.9039192593634864,BRA
Random Forest,aprendizaje,2003,2004,1,5.75996463670954,2.021888812241105,-3.738075824468435,BRA
LSTM(16),red neuronal,2003,2004,1,5.75996463670954,1.7873546882397466,-3.9726099484697937,BRA
Comb. RF/AR(1) suave,combinacion,2003,2004,1,5.75996463670954,2.605915699107807,-3.154048937601733,BRA
Comb. RF/AR(1) dura,combinacion,2003,2004,1,5.75996463670954,2.605915699107807,-3.154048937601733,BRA
Comb. RF/ingenuo suave,combinacion,2003,2004,1,5.75996463670954,2.605915699107807,-3.154048937601733,BRA
Comb. LSTM/AR(1) suave,combinacion,2003,2004,1,5.75996463670954,2.133477244979585,-3.626487391729955,BRA
Comb. RF/AR(1) umbral min,combinacion,2003,2004,1,5.75996463670954,2.605915699107807,-3.154048937601733,BRA
Ingenuo,referencia,2004,2005,1,3.20213206130431,5.75996463670954,2.5578325754052305,BRA
Deriva,referencia,2004,2005,1,3.20213206130431,5.693917302679527,2.491785241375217,BRA
AR(1),Box-Jenkins,2004,2005,1,3.20213206130431,5.12185293793611,1.9197208766318,BRA
"ARMA(2,2)",Box-Jenkins,2004,2005,1,3.20213206130431,4.116486458853842,0.9143543975495323,BRA
"ARIMA(1,1,1)",Box-Jenkins,2004,2005,1,3.20213206130431,3.708376972432524,0.5062449111282143,BRA
Ridge sobre rezagos,regularizado,2004,2005,1,3.20213206130431,3.011298359703628,-0.19083370160068203,BRA
Random Forest,aprendizaje,2004,2005,1,3.20213206130431,6.1900112420271665,2.9878791807228566,BRA
LSTM(16),red neuronal,2004,2005,1,3.20213206130431,3.240632141932016,0.03850008062770627,BRA
Comb. RF/AR(1) suave,combinacion,2004,2005,1,3.20213206130431,4.577127619745049,1.3749955584407392,BRA
Comb. RF/AR(1) dura,combinacion,2004,2005,1,3.20213206130431,4.577127619745049,1.3749955584407392,BRA
Comb. RF/ingenuo suave,combinacion,2004,2005,1,3.20213206130431,4.577127619745049,1.3749955584407392,BRA
Comb. LSTM/AR(1) suave,combinacion,2004,2005,1,3.20213206130431,3.5017372894803387,0.29960522817602886,BRA
Comb. RF/AR(1) umbral min,combinacion,2004,2005,1,3.20213206130431,4.709418554711467,1.5072864934071575,BRA
Ingenuo,referencia,2005,2006,1,3.96198871122617,3.20213206130431,-0.75985664992186,BRA
Deriva,referencia,2005,2006,1,3.96198871122617,3.079453244515768,-0.8825354667104017,BRA
AR(1),Box-Jenkins,2005,2006,1,3.96198871122617,3.776694547328386,-0.18529416389778364,BRA
"ARMA(2,2)",Box-Jenkins,2005,2006,1,3.96198871122617,4.816202694103695,0.8542139828775253,BRA
"ARIMA(1,1,1)",Box-Jenkins,2005,2006,1,3.96198871122617,4.6544622058144505,0.6924734945882807,BRA
Ridge sobre rezagos,regularizado,2005,2006,1,3.96198871122617,4.660387484270562,0.6983987730443926,BRA
Random Forest,aprendizaje,2005,2006,1,3.96198871122617,2.267144687039767,-1.694844024186403,BRA
LSTM(16),red neuronal,2005,2006,1,3.96198871122617,3.5473946568954333,-0.4145940543307365,BRA
Comb. RF/AR(1) suave,combinacion,2005,2006,1,3.96198871122617,2.154912327264872,-1.8070763839612978,BRA
Comb. RF/AR(1) dura,combinacion,2005,2006,1,3.96198871122617,2.154912327264872,-1.8070763839612978,BRA
Comb. RF/ingenuo suave,combinacion,2005,2006,1,3.96198871122617,2.154912327264872,-1.8070763839612978,BRA
Comb. LSTM/AR(1) suave,combinacion,2005,2006,1,3.96198871122617,3.157340840235209,-0.8046478709909608,BRA
Comb. RF/AR(1) umbral min,combinacion,2005,2006,1,3.96198871122617,2.4287236571442254,-1.5332650540819444,BRA
Ingenuo,referencia,2006,2007,1,6.06987060678338,3.96198871122617,-2.10788189555721,BRA
Deriva,referencia,2006,2007,1,6.06987060678338,3.8589217936978595,-2.2109488130855204,BRA
AR(1),Box-Jenkins,2006,2007,1,6.06987060678338,4.166702624975291,-1.9031679818080889,BRA
"ARMA(2,2)",Box-Jenkins,2006,2007,1,6.06987060678338,3.524216105017131,-2.545654501766249,BRA
"ARIMA(1,1,1)",Box-Jenkins,2006,2007,1,6.06987060678338,3.3902224696069228,-2.679648137176457,BRA
Ridge sobre rezagos,regularizado,2006,2007,1,6.06987060678338,3.973691856162234,-2.096178750621146,BRA
Random Forest,aprendizaje,2006,2007,1,6.06987060678338,2.299146014288156,-3.770724592495224,BRA
LSTM(16),red neuronal,2006,2007,1,6.06987060678338,3.4863425404968362,-2.5835280662865436,BRA
Comb. RF/AR(1) suave,combinacion,2006,2007,1,6.06987060678338,2.396184453037801,-3.673686153745579,BRA
Comb. RF/AR(1) dura,combinacion,2006,2007,1,6.06987060678338,2.396184453037801,-3.673686153745579,BRA
Comb. RF/ingenuo suave,combinacion,2006,2007,1,6.06987060678338,2.396184453037801,-3.673686153745579,BRA
Comb. LSTM/AR(1) suave,combinacion,2006,2007,1,6.06987060678338,3.399137041380322,-2.670733565403058,BRA
Comb. RF/AR(1) umbral min,combinacion,2006,2007,1,6.06987060678338,2.880367168370457,-3.189503438412923,BRA
Ingenuo,referencia,2007,2008,1,5.09419544658736,6.06987060678338,0.9756751601960199,BRA
Deriva,referencia,2007,2008,1,5.09419544658736,6.014867793887364,0.9206723473000036,BRA
AR(1),Box-Jenkins,2007,2008,1,5.09419544658736,5.275039453608173,0.18084400702081282,BRA
"ARMA(2,2)",Box-Jenkins,2007,2008,1,5.09419544658736,5.31488849400011,0.22069304741274998,BRA
"ARIMA(1,1,1)",Box-Jenkins,2007,2008,1,5.09419544658736,5.234225275571775,0.14002982898441463,BRA
Ridge sobre rezagos,regularizado,2007,2008,1,5.09419544658736,4.750817602193238,-0.343377844394122,BRA
Random Forest,aprendizaje,2007,2008,1,5.09419544658736,4.376634770037159,-0.7175606765502014,BRA
LSTM(16),red neuronal,2007,2008,1,5.09419544658736,4.419928279758315,-0.6742671668290452,BRA
Comb. RF/AR(1) suave,combinacion,2007,2008,1,5.09419544658736,3.5326077013921546,-1.5615877451952054,BRA
Comb. RF/AR(1) dura,combinacion,2007,2008,1,5.09419544658736,3.5326077013921546,-1.5615877451952054,BRA
Comb. RF/ingenuo suave,combinacion,2007,2008,1,5.09419544658736,3.5326077013921546,-1.5615877451952054,BRA
Comb. LSTM/AR(1) suave,combinacion,2007,2008,1,5.09419544658736,3.6869534730690416,-1.4072419735183184,BRA
Comb. RF/AR(1) umbral min,combinacion,2007,2008,1,5.09419544658736,3.6149192366842597,-1.4792762099031003,BRA
Ingenuo,referencia,2008,2009,1,-0.125812002161169,5.09419544658736,5.220007448748529,BRA
Deriva,referencia,2008,2009,1,-0.125812002161169,5.019603860344535,5.145415862505704,BRA
AR(1),Box-Jenkins,2008,2009,1,-0.125812002161169,4.777583841998519,4.903395844159688,BRA
"ARMA(2,2)",Box-Jenkins,2008,2009,1,-0.125812002161169,5.266929472696754,5.392741474857923,BRA
"ARIMA(1,1,1)",Box-Jenkins,2008,2009,1,-0.125812002161169,5.596587233680532,5.722399235841701,BRA
Ridge sobre rezagos,regularizado,2008,2009,1,-0.125812002161169,4.991862679978946,5.117674682140115,BRA
Random Forest,aprendizaje,2008,2009,1,-0.125812002161169,5.242619634957479,5.368431637118648,BRA
LSTM(16),red neuronal,2008,2009,1,-0.125812002161169,4.476137443881133,4.601949446042302,BRA
Comb. RF/AR(1) suave,combinacion,2008,2009,1,-0.125812002161169,4.75347526545102,4.879287267612189,BRA
Comb. RF/AR(1) dura,combinacion,2008,2009,1,-0.125812002161169,4.75347526545102,4.879287267612189,BRA
Comb. RF/ingenuo suave,combinacion,2008,2009,1,-0.125812002161169,4.75347526545102,4.879287267612189,BRA
Comb. LSTM/AR(1) suave,combinacion,2008,2009,1,-0.125812002161169,3.72009993860564,3.845911940766809,BRA
Comb. RF/AR(1) umbral min,combinacion,2008,2009,1,-0.125812002161169,4.754172396508182,4.879984398669351,BRA
Ingenuo,referencia,2009,2010,1,7.52822581815364,-0.125812002161169,-7.654037820314809,BRA
Deriva,referencia,2009,2010,1,7.52822581815364,-0.3075997522061963,-7.8358255703598365,BRA
AR(1),Box-Jenkins,2009,2010,1,7.52822581815364,2.0515458870672267,-5.476679931086413,BRA
"ARMA(2,2)",Box-Jenkins,2009,2010,1,7.52822581815364,2.4347446278689997,-5.09348119028464,BRA
"ARIMA(1,1,1)",Box-Jenkins,2009,2010,1,7.52822581815364,2.192132488843662,-5.336093329309978,BRA
Ridge sobre rezagos,regularizado,2009,2010,1,7.52822581815364,1.9932258981660933,-5.534999919987547,BRA
Random Forest,aprendizaje,2009,2010,1,7.52822581815364,2.317474028329551,-5.210751789824089,BRA
LSTM(16),red neuronal,2009,2010,1,7.52822581815364,3.8317123806558753,-3.6965134374977646,BRA
Comb. RF/AR(1) suave,combinacion,2009,2010,1,7.52822581815364,2.6587457571080795,-4.869480061045561,BRA
Comb. RF/AR(1) dura,combinacion,2009,2010,1,7.52822581815364,2.6587457571080795,-4.869480061045561,BRA
Comb. RF/ingenuo suave,combinacion,2009,2010,1,7.52822581815364,2.6587457571080795,-4.869480061045561,BRA
Comb. LSTM/AR(1) suave,combinacion,2009,2010,1,7.52822581815364,3.530388166898562,-3.997837651255078,BRA
Comb. RF/AR(1) umbral min,combinacion,2009,2010,1,7.52822581815364,2.4407502593230217,-5.087475558830619,BRA
Ingenuo,referencia,2010,2011,1,3.97442307944702,7.52822581815364,3.55380273870662,BRA
Deriva,referencia,2010,2011,1,3.97442307944702,7.506352875666977,3.531929796219957,BRA
AR(1),Box-Jenkins,2010,2011,1,3.97442307944702,5.9128404039046565,1.9384173244576366,BRA
"ARMA(2,2)",Box-Jenkins,2010,2011,1,3.97442307944702,4.334611208646456,0.36018812919943644,BRA
"ARIMA(1,1,1)",Box-Jenkins,2010,2011,1,3.97442307944702,4.973281673926781,0.9988585944797612,BRA
Ridge sobre rezagos,regularizado,2010,2011,1,3.97442307944702,5.012395739005012,1.0379726595579917,BRA
Random Forest,aprendizaje,2010,2011,1,3.97442307944702,4.281066624876808,0.3066435454297882,BRA
LSTM(16),red neuronal,2010,2011,1,3.97442307944702,4.070173551585581,0.09575047213856136,BRA
Comb. RF/AR(1) suave,combinacion,2010,2011,1,3.97442307944702,4.3806955686685844,0.40627248922156456,BRA
Comb. RF/AR(1) dura,combinacion,2010,2011,1,3.97442307944702,4.3806955686685844,0.40627248922156456,BRA
Comb. RF/ingenuo suave,combinacion,2010,2011,1,3.97442307944702,4.3806955686685844,0.40627248922156456,BRA
Comb. LSTM/AR(1) suave,combinacion,2010,2011,1,3.97442307944702,3.69702125820705,-0.27740182123997004,BRA
Comb. RF/AR(1) umbral min,combinacion,2010,2011,1,3.97442307944702,5.9128404039046565,1.9384173244576366,BRA
Ingenuo,referencia,2011,2012,1,1.92117598576537,3.97442307944702,2.05324709368165,BRA
Deriva,referencia,2011,2012,1,1.92117598576537,3.8819115410359575,1.9607355552705874,BRA
AR(1),Box-Jenkins,2011,2012,1,1.92117598576537,4.205998278434313,2.284822292668943,BRA
"ARMA(2,2)",Box-Jenkins,2011,2012,1,1.92117598576537,5.662610911795298,3.7414349260299278,BRA
"ARIMA(1,1,1)",Box-Jenkins,2011,2012,1,1.92117598576537,4.332382183364623,2.411206197599253,BRA
Ridge sobre rezagos,regularizado,2011,2012,1,1.92117598576537,4.672927066425952,2.7517510806605823,BRA
Random Forest,aprendizaje,2011,2012,1,1.92117598576537,1.7762461044943074,-0.14492988127106265,BRA
LSTM(16),red neuronal,2011,2012,1,1.92117598576537,4.074227535598204,2.1530515498328335,BRA
Comb. RF/AR(1) suave,combinacion,2011,2012,1,1.92117598576537,2.8957889845916713,0.9746129988263013,BRA
Comb. RF/AR(1) dura,combinacion,2011,2012,1,1.92117598576537,2.8957889845916713,0.9746129988263013,BRA
Comb. RF/ingenuo suave,combinacion,2011,2012,1,1.92117598576537,2.8957889845916713,0.9746129988263013,BRA
Comb. LSTM/AR(1) suave,combinacion,2011,2012,1,1.92117598576537,3.668059077726321,1.7468830919609508,BRA
Comb. RF/AR(1) umbral min,combinacion,2011,2012,1,1.92117598576537,4.146427553889578,2.2252515681242078,BRA
Ingenuo,referencia,2012,2013,1,3.00482266944432,1.92117598576537,-1.0836466836789498,BRA
Deriva,referencia,2012,2013,1,3.00482266944432,1.7902186521529235,-1.2146040172913963,BRA
AR(1),Box-Jenkins,2012,2013,1,3.00482266944432,3.2050761439173208,0.2002534744730009,BRA
"ARMA(2,2)",Box-Jenkins,2012,2013,1,3.00482266944432,2.971726173864027,-0.03309649558029282,BRA
"ARIMA(1,1,1)",Box-Jenkins,2012,2013,1,3.00482266944432,3.293511215221761,0.2886885457774411,BRA
Ridge sobre rezagos,regularizado,2012,2013,1,3.00482266944432,3.294225076704952,0.28940240726063227,BRA
Random Forest,aprendizaje,2012,2013,1,3.00482266944432,3.696632156969691,0.6918094875253713,BRA
LSTM(16),red neuronal,2012,2013,1,3.00482266944432,3.862346086326169,0.8575234168818491,BRA
Comb. RF/AR(1) suave,combinacion,2012,2013,1,3.00482266944432,4.295938852335373,1.2911161828910536,BRA
Comb. RF/AR(1) dura,combinacion,2012,2013,1,3.00482266944432,4.295938852335373,1.2911161828910536,BRA
Comb. RF/ingenuo suave,combinacion,2012,2013,1,3.00482266944432,4.295938852335373,1.2911161828910536,BRA
Comb. LSTM/AR(1) suave,combinacion,2012,2013,1,3.00482266944432,3.579025202982873,0.574202533538553,BRA
Comb. RF/AR(1) umbral min,combinacion,2012,2013,1,3.00482266944432,3.264094948195263,0.25927227875094294,BRA
Ingenuo,referencia,2013,2014,1,0.503955740242247,3.00482266944432,2.500866929202073,BRA
Deriva,referencia,2013,2014,1,0.503955740242247,2.8972231053951694,2.3932673651529224,BRA
AR(1),Box-Jenkins,2013,2014,1,0.503955740242247,3.7043544854624733,3.2003987452202263,BRA
"ARMA(2,2)",Box-Jenkins,2013,2014,1,0.503955740242247,3.4457534673222483,2.9417977270800013,BRA
"ARIMA(1,1,1)",Box-Jenkins,2013,2014,1,0.503955740242247,3.303074246329353,2.799118506087106,BRA
Ridge sobre rezagos,regularizado,2013,2014,1,0.503955740242247,4.458697505962481,3.9547417657202337,BRA
Random Forest,aprendizaje,2013,2014,1,0.503955740242247,2.747305058130743,2.2433493178884962,BRA
LSTM(16),red neuronal,2013,2014,1,0.503955740242247,3.830320152257928,3.326364412015681,BRA
Comb. RF/AR(1) suave,combinacion,2013,2014,1,0.503955740242247,4.125489474688835,3.621533734446588,BRA
Comb. RF/AR(1) dura,combinacion,2013,2014,1,0.503955740242247,4.125489474688835,3.621533734446588,BRA
Comb. RF/ingenuo suave,combinacion,2013,2014,1,0.503955740242247,4.125489474688835,3.621533734446588,BRA
Comb. LSTM/AR(1) suave,combinacion,2013,2014,1,0.503955740242247,3.569602059960304,3.065646319718057,BRA
Comb. RF/AR(1) umbral min,combinacion,2013,2014,1,0.503955740242247,3.7043544854624733,3.2003987452202263,BRA
Ingenuo,referencia,2014,2015,1,-3.54576339269425,0.503955740242247,4.049719132936497,BRA
Deriva,referencia,2014,2015,1,-3.54576339269425,0.35120018817134335,3.8969635808655934,BRA
AR(1),Box-Jenkins,2014,2015,1,-3.54576339269425,2.4559207807120202,6.00168417340627,BRA
"ARMA(2,2)",Box-Jenkins,2014,2015,1,-3.54576339269425,2.558762691191393,6.104526083885643,BRA
"ARIMA(1,1,1)",Box-Jenkins,2014,2015,1,-3.54576339269425,2.088156167937197,5.633919560631448,BRA
Ridge sobre rezagos,regularizado,2014,2015,1,-3.54576339269425,1.3437368499949303,4.889500242689181,BRA
Random Forest,aprendizaje,2014,2015,1,-3.54576339269425,2.714237848144635,6.260001240838886,BRA
LSTM(16),red neuronal,2014,2015,1,-3.54576339269425,3.731136170149049,7.276899562843299,BRA
Comb. RF/AR(1) suave,combinacion,2014,2015,1,-3.54576339269425,3.48530182663612,7.031065219330371,BRA
Comb. RF/AR(1) dura,combinacion,2014,2015,1,-3.54576339269425,3.48530182663612,7.031065219330371,BRA
Comb. RF/ingenuo suave,combinacion,2014,2015,1,-3.54576339269425,3.48530182663612,7.031065219330371,BRA
Comb. LSTM/AR(1) suave,combinacion,2014,2015,1,-3.54576339269425,3.5372020787800955,7.0829654714743455,BRA
Comb. RF/AR(1) umbral min,combinacion,2014,2015,1,-3.54576339269425,2.5479748144490935,6.0937382071433435,BRA
Ingenuo,referencia,2015,2016,1,-3.27591690782192,-3.54576339269425,-0.2698464848723301,BRA
Deriva,referencia,2015,2016,1,-3.27591690782192,-3.7706849370034052,-0.4947680291814853,BRA
AR(1),Box-Jenkins,2015,2016,1,-3.27591690782192,0.21084478123782624,3.486761689059746,BRA
"ARMA(2,2)",Box-Jenkins,2015,2016,1,-3.27591690782192,-0.049634630452006334,3.2262822773699136,BRA
"ARIMA(1,1,1)",Box-Jenkins,2015,2016,1,-3.27591690782192,-0.5524212157917434,2.7234956920301765,BRA
Ridge sobre rezagos,regularizado,2015,2016,1,-3.27591690782192,-0.38430069751291285,2.891616210309007,BRA
Random Forest,aprendizaje,2015,2016,1,-3.27591690782192,3.4150559397572455,6.690972847579165,BRA
LSTM(16),red neuronal,2015,2016,1,-3.27591690782192,1.7275864898414928,5.003503397663413,BRA
Comb. RF/AR(1) suave,combinacion,2015,2016,1,-3.27591690782192,3.347291022674537,6.6232079304964575,BRA
Comb. RF/AR(1) dura,combinacion,2015,2016,1,-3.27591690782192,3.347291022674537,6.6232079304964575,BRA
Comb. RF/ingenuo suave,combinacion,2015,2016,1,-3.27591690782192,3.347291022674537,6.6232079304964575,BRA
Comb. LSTM/AR(1) suave,combinacion,2015,2016,1,-3.27591690782192,1.8557740264699163,5.131690934291836,BRA
Comb. RF/AR(1) umbral min,combinacion,2015,2016,1,-3.27591690782192,0.5510834627482879,3.827000370570208,BRA
Ingenuo,referencia,2016,2017,1,1.32286905404399,-3.27591690782192,-4.59878596186591,BRA
Deriva,referencia,2016,2017,1,1.32286905404399,-3.491842669782321,-4.814711723826311,BRA
AR(1),Box-Jenkins,2016,2017,1,1.32286905404399,0.05283789919559134,-1.2700311548483987,BRA
"ARMA(2,2)",Box-Jenkins,2016,2017,1,1.32286905404399,-1.1571116921154416,-2.4799807461594314,BRA
"ARIMA(1,1,1)",Box-Jenkins,2016,2017,1,1.32286905404399,-2.211773721916517,-3.5346427759605072,BRA
Ridge sobre rezagos,regularizado,2016,2017,1,1.32286905404399,0.32603117996956676,-0.9968378740744233,BRA
Random Forest,aprendizaje,2016,2017,1,1.32286905404399,2.7878893072551434,1.4650202532111534,BRA
LSTM(16),red neuronal,2016,2017,1,1.32286905404399,1.4739087286724342,0.15103967462844414,BRA
Comb. RF/AR(1) suave,combinacion,2016,2017,1,1.32286905404399,2.2398435466317026,0.9169744925877126,BRA
Comb. RF/AR(1) dura,combinacion,2016,2017,1,1.32286905404399,2.2398435466317026,0.9169744925877126,BRA
Comb. RF/ingenuo suave,combinacion,2016,2017,1,1.32286905404399,2.2398435466317026,0.9169744925877126,BRA
Comb. LSTM/AR(1) suave,combinacion,2016,2017,1,1.32286905404399,1.5181366295963956,0.1952675755524056,BRA
Comb. RF/AR(1) umbral min,combinacion,2016,2017,1,1.32286905404399,0.07344660782628479,-1.2494224462177053,BRA
Ingenuo,referencia,2017,2018,1,1.783666761634,1.32286905404399,-0.46079770759001004,BRA
Deriva,referencia,2017,2018,1,1.783666761634,1.192920287151916,-0.5907464744820841,BRA
AR(1),Box-Jenkins,2017,2018,1,1.783666761634,2.5414848510943306,0.7578180894603306,BRA
"ARMA(2,2)",Box-Jenkins,2017,2018,1,1.783666761634,0.8468687974845016,-0.9367979641494985,BRA
"ARIMA(1,1,1)",Box-Jenkins,2017,2018,1,1.783666761634,0.08276208465491108,-1.700904676979089,BRA
Ridge sobre rezagos,regularizado,2017,2018,1,1.783666761634,0.07929536594384157,-1.7043713956901585,BRA
Random Forest,aprendizaje,2017,2018,1,1.783666761634,3.2518824972142832,1.4682157355802832,BRA
LSTM(16),red neuronal,2017,2018,1,1.783666761634,2.17551076501457,0.3918440033805699,BRA
Comb. RF/AR(1) suave,combinacion,2017,2018,1,1.783666761634,2.6550685273898167,0.8714017657558166,BRA
Comb. RF/AR(1) dura,combinacion,2017,2018,1,1.783666761634,2.6550685273898167,0.8714017657558166,BRA
Comb. RF/ingenuo suave,combinacion,2017,2018,1,1.783666761634,2.6550685273898167,0.8714017657558166,BRA
Comb. LSTM/AR(1) suave,combinacion,2017,2018,1,1.783666761634,1.8369777874418727,0.053311025807872614,BRA
Comb. RF/AR(1) umbral min,combinacion,2017,2018,1,1.783666761634,2.5484920140339593,0.7648252523999592,BRA
Ingenuo,referencia,2018,2019,1,1.22077782360842,1.783666761634,0.5628889380255802,BRA
Deriva,referencia,2018,2019,1,1.22077782360842,1.6640819679784538,0.44330414437003385,BRA
AR(1),Box-Jenkins,2018,2019,1,1.22077782360842,2.762918648033898,1.5421408244254782,BRA
"ARMA(2,2)",Box-Jenkins,2018,2019,1,1.22077782360842,2.4353739805220282,1.2145961569136083,BRA
"ARIMA(1,1,1)",Box-Jenkins,2018,2019,1,1.22077782360842,0.8786945676457397,-0.3420832559626802,BRA
Ridge sobre rezagos,regularizado,2018,2019,1,1.22077782360842,2.587571568522713,1.366793744914293,BRA
Random Forest,aprendizaje,2018,2019,1,1.22077782360842,2.9953947954013374,1.7746169717929174,BRA
LSTM(16),red neuronal,2018,2019,1,1.22077782360842,2.528437316681765,1.3076594930733452,BRA
Comb. RF/AR(1) suave,combinacion,2018,2019,1,1.22077782360842,2.4568483943262898,1.2360705707178699,BRA
Comb. RF/AR(1) dura,combinacion,2018,2019,1,1.22077782360842,2.4568483943262898,1.2360705707178699,BRA
Comb. RF/ingenuo suave,combinacion,2018,2019,1,1.22077782360842,2.4568483943262898,1.2360705707178699,BRA
Comb. LSTM/AR(1) suave,combinacion,2018,2019,1,1.22077782360842,2.0789479663637946,0.8581701427553747,BRA
Comb. RF/AR(1) umbral min,combinacion,2018,2019,1,1.22077782360842,2.573012255385533,1.352234431777113,BRA
Ingenuo,referencia,2019,2020,1,-3.2767587964736,1.22077782360842,4.49753662008202,BRA
Deriva,referencia,2019,2020,1,-3.2767587964736,1.093549855049942,4.370308651523542,BRA
AR(1),Box-Jenkins,2019,2020,1,-3.2767587964736,2.4320275874212838,5.708786383894884,BRA
"ARMA(2,2)",Box-Jenkins,2019,2020,1,-3.2767587964736,1.6661395906258258,4.942898387099426,BRA
"ARIMA(1,1,1)",Box-Jenkins,2019,2020,1,-3.2767587964736,0.8919369393803919,4.168695735853992,BRA
Ridge sobre rezagos,regularizado,2019,2020,1,-3.2767587964736,3.0300908479072954,6.306849644380895,BRA
Random Forest,aprendizaje,2019,2020,1,-3.2767587964736,3.2855549563845563,6.562313752858156,BRA
LSTM(16),red neuronal,2019,2020,1,-3.2767587964736,2.3593604811782782,5.636119277651878,BRA
Comb. RF/AR(1) suave,combinacion,2019,2020,1,-3.2767587964736,2.3014993414792486,5.578258137952849,BRA
Comb. RF/AR(1) dura,combinacion,2019,2020,1,-3.2767587964736,2.3014993414792486,5.578258137952849,BRA
Comb. RF/ingenuo suave,combinacion,2019,2020,1,-3.2767587964736,2.3014993414792486,5.578258137952849,BRA
Comb. LSTM/AR(1) suave,combinacion,2019,2020,1,-3.2767587964736,2.115184417939518,5.391943214413118,BRA
Comb. RF/AR(1) umbral min,combinacion,2019,2020,1,-3.2767587964736,2.3531824950520264,5.629941291525626,BRA
Ingenuo,referencia,2020,2021,1,4.76260437908608,-3.2767587964736,-8.03936317555968,BRA
Deriva,referencia,2020,2021,1,4.76260437908608,-3.4780597930240025,-8.240664172110083,BRA
AR(1),Box-Jenkins,2020,2021,1,4.76260437908608,-0.14936341469892955,-4.91196779378501,BRA
"ARMA(2,2)",Box-Jenkins,2020,2021,1,4.76260437908608,0.004754427691549434,-4.757849951394531,BRA
"ARIMA(1,1,1)",Box-Jenkins,2020,2021,1,4.76260437908608,-1.1458219931638598,-5.90842637224994,BRA
Ridge sobre rezagos,regularizado,2020,2021,1,4.76260437908608,-1.0543233336906006,-5.816927712776681,BRA
Random Forest,aprendizaje,2020,2021,1,4.76260437908608,0.5345618310572461,-4.228042548028834,BRA
LSTM(16),red neuronal,2020,2021,1,4.76260437908608,1.5252179016132668,-3.2373864774728136,BRA
Comb. RF/AR(1) suave,combinacion,2020,2021,1,4.76260437908608,3.525448834193986,-1.2371555448920946,BRA
Comb. RF/AR(1) dura,combinacion,2020,2021,1,4.76260437908608,3.525448834193986,-1.2371555448920946,BRA
Comb. RF/ingenuo suave,combinacion,2020,2021,1,4.76260437908608,3.525448834193986,-1.2371555448920946,BRA
Comb. LSTM/AR(1) suave,combinacion,2020,2021,1,4.76260437908608,1.6220004388546463,-3.140603940231434,BRA
Comb. RF/AR(1) umbral min,combinacion,2020,2021,1,4.76260437908608,1.3618974110341804,-3.4007069680519,BRA
Ingenuo,referencia,2021,2022,1,3.01669435393015,4.76260437908608,1.7459100251559305,BRA
Deriva,referencia,2021,2022,1,3.01669435393015,4.698647785404179,1.6819534314740294,BRA
AR(1),Box-Jenkins,2021,2022,1,3.01669435393015,4.262509304230927,1.2458149503007774,BRA
"ARMA(2,2)",Box-Jenkins,2021,2022,1,3.01669435393015,2.3576843223515542,-0.6590100315785956,BRA
"ARIMA(1,1,1)",Box-Jenkins,2021,2022,1,3.01669435393015,1.8455172437469862,-1.1711771101831636,BRA
Ridge sobre rezagos,regularizado,2021,2022,1,3.01669435393015,0.8771503306718254,-2.1395440232583245,BRA
Random Forest,aprendizaje,2021,2022,1,3.01669435393015,2.410305444022974,-0.6063889099071758,BRA
LSTM(16),red neuronal,2021,2022,1,3.01669435393015,2.802293500478532,-0.21440085345161775,BRA
Comb. RF/AR(1) suave,combinacion,2021,2022,1,3.01669435393015,2.7554126022019134,-0.2612817517282364,BRA
Comb. RF/AR(1) dura,combinacion,2021,2022,1,3.01669435393015,4.262509304230927,1.2458149503007774,BRA
Comb. RF/ingenuo suave,combinacion,2021,2022,1,3.01669435393015,2.7826845387002517,-0.23400981522989817,BRA
Comb. LSTM/AR(1) suave,combinacion,2021,2022,1,3.01669435393015,2.448975313676803,-0.5677190402533467,BRA
Comb. RF/AR(1) umbral min,combinacion,2021,2022,1,3.01669435393015,4.262509304230927,1.2458149503007774,BRA
Ingenuo,referencia,2022,2023,1,3.24165532906981,3.01669435393015,-0.22496097513965996,BRA
Deriva,referencia,2022,2023,1,3.24165532906981,2.9251647531749043,-0.3164905758949055,BRA
AR(1),Box-Jenkins,2022,2023,1,3.24165532906981,3.355928509861783,0.11427318079197324,BRA
"ARMA(2,2)",Box-Jenkins,2022,2023,1,3.24165532906981,2.8677581171236453,-0.37389721194616454,BRA
"ARIMA(1,1,1)",Box-Jenkins,2022,2023,1,3.24165532906981,1.9453716967105328,-1.296283632359277,BRA
Ridge sobre rezagos,regularizado,2022,2023,1,3.24165532906981,3.4292993944990964,0.18764406542928658,BRA
Random Forest,aprendizaje,2022,2023,1,3.24165532906981,2.6982044579116207,-0.5434508711581891,BRA
LSTM(16),red neuronal,2022,2023,1,3.24165532906981,2.994191779034719,-0.24746355003509102,BRA
Comb. RF/AR(1) suave,combinacion,2022,2023,1,3.24165532906981,2.7988974938260043,-0.4427578352438055,BRA
Comb. RF/AR(1) dura,combinacion,2022,2023,1,3.24165532906981,3.355928509861783,0.11427318079197324,BRA
Comb. RF/ingenuo suave,combinacion,2022,2023,1,3.24165532906981,2.781922051351622,-0.45973327771818795,BRA
Comb. LSTM/AR(1) suave,combinacion,2022,2023,1,3.24165532906981,2.444740862362254,-0.7969144667075558,BRA
Comb. RF/AR(1) umbral min,combinacion,2022,2023,1,3.24165532906981,3.355928509861783,0.11427318079197324,BRA
Ingenuo,referencia,2023,2024,1,3.41931516501906,3.24165532906981,-0.17765983594925006,BRA
Deriva,referencia,2023,2024,1,3.41931516501906,3.1552304150225465,-0.2640847499965133,BRA
AR(1),Box-Jenkins,2023,2024,1,3.41931516501906,3.468087216205954,0.048772051186894316,BRA
"ARMA(2,2)",Box-Jenkins,2023,2024,1,3.41931516501906,3.509256825680103,0.08994166066104325,BRA
"ARIMA(1,1,1)",Box-Jenkins,2023,2024,1,3.41931516501906,2.3657495099575567,-1.0535656550615031,BRA
Ridge sobre rezagos,regularizado,2023,2024,1,3.41931516501906,3.4378604328456968,0.018545267826636902,BRA
Random Forest,aprendizaje,2023,2024,1,3.41931516501906,2.060758749005327,-1.358556416013733,BRA
LSTM(16),red neuronal,2023,2024,1,3.41931516501906,2.9425401488069225,-0.47677501621213736,BRA
Comb. RF/AR(1) suave,combinacion,2023,2024,1,3.41931516501906,2.4476893983036434,-0.9716257667154165,BRA
Comb. RF/AR(1) dura,combinacion,2023,2024,1,3.41931516501906,3.468087216205954,0.048772051186894316,BRA
Comb. RF/ingenuo suave,combinacion,2023,2024,1,3.41931516501906,2.4284062934824915,-0.9909088715365684,BRA
Comb. LSTM/AR(1) suave,combinacion,2023,2024,1,3.41931516501906,2.444874324553505,-0.9744408404655549,BRA
Comb. RF/AR(1) umbral min,combinacion,2023,2024,1,3.41931516501906,3.468087216205954,0.048772051186894316,BRA
Ingenuo,referencia,2024,2025,1,2.2857464902475,3.41931516501906,1.1335686747715599,BRA
Deriva,referencia,2024,2025,1,2.2857464902475,3.3370820724003125,1.0513355821528125,BRA
AR(1),Box-Jenkins,2024,2025,1,2.2857464902475,3.5573961749782708,1.2716496847307708,BRA
"ARMA(2,2)",Box-Jenkins,2024,2025,1,2.2857464902475,3.230704790690946,0.9449583004434459,BRA
"ARIMA(1,1,1)",Box-Jenkins,2024,2025,1,2.2857464902475,2.734764116224138,0.4490176259766381,BRA
Ridge sobre rezagos,regularizado,2024,2025,1,2.2857464902475,4.293779587602422,2.0080330973549216,BRA
Random Forest,aprendizaje,2024,2025,1,2.2857464902475,2.166823667660096,-0.11892282258740394,BRA
LSTM(16),red neuronal,2024,2025,1,2.2857464902475,2.6217107999124787,0.3359643096649787,BRA
Comb. RF/AR(1) suave,combinacion,2024,2025,1,2.2857464902475,1.9060020585287738,-0.3797444317187262,BRA
Comb. RF/AR(1) dura,combinacion,2024,2025,1,2.2857464902475,3.5573961749782708,1.2716496847307708,BRA
Comb. RF/ingenuo suave,combinacion,2024,2025,1,2.2857464902475,1.8970656008615192,-0.3886808893859808,BRA
Comb. LSTM/AR(1) suave,combinacion,2024,2025,1,2.2857464902475,2.6178697692409703,0.3321232789934703,BRA
Comb. RF/AR(1) umbral min,combinacion,2024,2025,1,2.2857464902475,3.5573961749782708,1.2716496847307708,BRA
Ingenuo,referencia,1990,1991,1,7.75620189312957,3.59872304691744,-4.157478846212131,CHL
Deriva,referencia,1990,1991,1,7.75620189312957,3.532485541519805,-4.223716351609765,CHL
AR(1),Box-Jenkins,1990,1991,1,7.75620189312957,3.48584439046508,-4.27035750266449,CHL
"ARMA(2,2)",Box-Jenkins,1990,1991,1,7.75620189312957,-1.878607405948129,-9.634809299077698,CHL
"ARIMA(1,1,1)",Box-Jenkins,1990,1991,1,7.75620189312957,3.485956754018522,-4.270245139111048,CHL
Ridge sobre rezagos,regularizado,1990,1991,1,7.75620189312957,-0.940984781828913,-8.697186674958484,CHL
Random Forest,aprendizaje,1990,1991,1,7.75620189312957,0.07868338716279474,-7.677518505966775,CHL
LSTM(16),red neuronal,1990,1991,1,7.75620189312957,,,CHL
Comb. RF/AR(1) suave,combinacion,1990,1991,1,7.75620189312957,1.872995112141113,-5.883206780988457,CHL
Comb. RF/AR(1) dura,combinacion,1990,1991,1,7.75620189312957,1.872995112141113,-5.883206780988457,CHL
Comb. RF/ingenuo suave,combinacion,1990,1991,1,7.75620189312957,1.872995112141113,-5.883206780988457,CHL
Comb. LSTM/AR(1) suave,combinacion,1990,1991,1,7.75620189312957,,,CHL
Comb. RF/AR(1) umbral min,combinacion,1990,1991,1,7.75620189312957,1.872995112141113,-5.883206780988457,CHL
Ingenuo,referencia,1991,1992,1,11.5019314370192,7.75620189312957,-3.74572954388963,CHL
Deriva,referencia,1991,1992,1,11.5019314370192,7.830754932785594,-3.671176504233606,CHL
AR(1),Box-Jenkins,1991,1992,1,11.5019314370192,4.687492839421811,-6.814438597597389,CHL
"ARMA(2,2)",Box-Jenkins,1991,1992,1,11.5019314370192,5.137369626212788,-6.364561810806412,CHL
"ARIMA(1,1,1)",Box-Jenkins,1991,1992,1,11.5019314370192,4.694908972476281,-6.80702246454292,CHL
Ridge sobre rezagos,regularizado,1991,1992,1,11.5019314370192,1.2385589266018693,-10.26337251041733,CHL
Random Forest,aprendizaje,1991,1992,1,11.5019314370192,3.2873730316530154,-8.214558405366185,CHL
LSTM(16),red neuronal,1991,1992,1,11.5019314370192,,,CHL
Comb. RF/AR(1) suave,combinacion,1991,1992,1,11.5019314370192,-1.4090275100752034,-12.910958947094404,CHL
Comb. RF/AR(1) dura,combinacion,1991,1992,1,11.5019314370192,-1.4090275100752034,-12.910958947094404,CHL
Comb. RF/ingenuo suave,combinacion,1991,1992,1,11.5019314370192,-1.4090275100752034,-12.910958947094404,CHL
Comb. LSTM/AR(1) suave,combinacion,1991,1992,1,11.5019314370192,,,CHL
Comb. RF/AR(1) umbral min,combinacion,1991,1992,1,11.5019314370192,-1.4090275100752034,-12.910958947094404,CHL
Ingenuo,referencia,1992,1993,1,6.6855844008042,11.5019314370192,4.816347036215,CHL
Deriva,referencia,1992,1993,1,6.6855844008042,11.69490952519889,5.00932512439469,CHL
AR(1),Box-Jenkins,1992,1993,1,6.6855844008042,6.081235811350721,-0.6043485894534788,CHL
"ARMA(2,2)",Box-Jenkins,1992,1993,1,6.6855844008042,3.68636760016437,-2.99921680063983,CHL
"ARIMA(1,1,1)",Box-Jenkins,1992,1993,1,6.6855844008042,6.094924342602011,-0.5906600582021886,CHL
Ridge sobre rezagos,regularizado,1992,1993,1,6.6855844008042,0.9770547146866901,-5.70852968611751,CHL
Random Forest,aprendizaje,1992,1993,1,6.6855844008042,1.2025312134545096,-5.48305318734969,CHL
LSTM(16),red neuronal,1992,1993,1,6.6855844008042,3.154914073489398,-3.530670327314802,CHL
Comb. RF/AR(1) suave,combinacion,1992,1993,1,6.6855844008042,-0.021513504710080532,-6.7070979055142805,CHL
Comb. RF/AR(1) dura,combinacion,1992,1993,1,6.6855844008042,-0.021513504710080532,-6.7070979055142805,CHL
Comb. RF/ingenuo suave,combinacion,1992,1993,1,6.6855844008042,-0.021513504710080532,-6.7070979055142805,CHL
Comb. LSTM/AR(1) suave,combinacion,1992,1993,1,6.6855844008042,,,CHL
Comb. RF/AR(1) umbral min,combinacion,1992,1993,1,6.6855844008042,-0.021513504710080532,-6.7070979055142805,CHL
Ingenuo,referencia,1993,1994,1,5.07680374667352,6.6855844008042,1.6087806541306797,CHL
Deriva,referencia,1993,1994,1,5.07680374667352,6.722021078846555,1.6452173321730346,CHL
AR(1),Box-Jenkins,1993,1994,1,5.07680374667352,4.749937293534527,-0.3268664531389929,CHL
"ARMA(2,2)",Box-Jenkins,1993,1994,1,5.07680374667352,6.086089313026276,1.009285566352756,CHL
"ARIMA(1,1,1)",Box-Jenkins,1993,1994,1,5.07680374667352,4.754572338705921,-0.32223140796759964,CHL
Ridge sobre rezagos,regularizado,1993,1994,1,5.07680374667352,3.9501482897049556,-1.1266554569685647,CHL
Random Forest,aprendizaje,1993,1994,1,5.07680374667352,5.337362914825872,0.26055916815235136,CHL
LSTM(16),red neuronal,1993,1994,1,5.07680374667352,3.4565228656723614,-1.6202808810011589,CHL
Comb. RF/AR(1) suave,combinacion,1993,1994,1,5.07680374667352,4.66287112503459,-0.4139326216389305,CHL
Comb. RF/AR(1) dura,combinacion,1993,1994,1,5.07680374667352,4.66287112503459,-0.4139326216389305,CHL
Comb. RF/ingenuo suave,combinacion,1993,1994,1,5.07680374667352,4.66287112503459,-0.4139326216389305,CHL
Comb. LSTM/AR(1) suave,combinacion,1993,1994,1,5.07680374667352,,,CHL
Comb. RF/AR(1) umbral min,combinacion,1993,1994,1,5.07680374667352,4.66287112503459,-0.4139326216389305,CHL
Ingenuo,referencia,1994,1995,1,9.25542757753573,5.07680374667352,-4.17862383086221,CHL
Deriva,referencia,1994,1995,1,9.25542757753573,5.063385354043965,-4.192042223491765,CHL
AR(1),Box-Jenkins,1994,1995,1,9.25542757753573,4.2986931799746255,-4.956734397561105,CHL
"ARMA(2,2)",Box-Jenkins,1994,1995,1,9.25542757753573,3.0176547050743507,-6.237772872461379,CHL
"ARIMA(1,1,1)",Box-Jenkins,1994,1995,1,9.25542757753573,4.300475716137725,-4.954951861398006,CHL
Ridge sobre rezagos,regularizado,1994,1995,1,9.25542757753573,2.2799631215579366,-6.975464455977794,CHL
Random Forest,aprendizaje,1994,1995,1,9.25542757753573,3.18240426872749,-6.07302330880824,CHL
LSTM(16),red neuronal,1994,1995,1,9.25542757753573,3.360515101690236,-5.894912475845494,CHL
Comb. RF/AR(1) suave,combinacion,1994,1995,1,9.25542757753573,4.036798135124577,-5.218629442411153,CHL
Comb. RF/AR(1) dura,combinacion,1994,1995,1,9.25542757753573,4.036798135124577,-5.218629442411153,CHL
Comb. RF/ingenuo suave,combinacion,1994,1995,1,9.25542757753573,4.036798135124577,-5.218629442411153,CHL
Comb. LSTM/AR(1) suave,combinacion,1994,1995,1,9.25542757753573,,,CHL
Comb. RF/AR(1) umbral min,combinacion,1994,1995,1,9.25542757753573,4.040235910881864,-5.215191666653866,CHL
Ingenuo,referencia,1995,1996,1,7.1148626270751,9.25542757753573,2.1405649504606306,CHL
Deriva,referencia,1995,1996,1,7.1148626270751,9.365304544420638,2.2504419173455386,CHL
AR(1),Box-Jenkins,1995,1996,1,7.1148626270751,5.673494422175256,-1.4413682048998435,CHL
"ARMA(2,2)",Box-Jenkins,1995,1996,1,7.1148626270751,7.909918561998959,0.7950559349238588,CHL
"ARIMA(1,1,1)",Box-Jenkins,1995,1996,1,7.1148626270751,5.716761619627076,-1.398101007448024,CHL
Ridge sobre rezagos,regularizado,1995,1996,1,7.1148626270751,6.356654055844125,-0.7582085712309752,CHL
Random Forest,aprendizaje,1995,1996,1,7.1148626270751,5.105965435075481,-2.008897191999619,CHL
LSTM(16),red neuronal,1995,1996,1,7.1148626270751,3.465294816898715,-3.649567810176385,CHL
Comb. RF/AR(1) suave,combinacion,1995,1996,1,7.1148626270751,4.981425210280158,-2.1334374167949415,CHL
Comb. RF/AR(1) dura,combinacion,1995,1996,1,7.1148626270751,4.981425210280158,-2.1334374167949415,CHL
Comb. RF/ingenuo suave,combinacion,1995,1996,1,7.1148626270751,4.981425210280158,-2.1334374167949415,CHL
Comb. LSTM/AR(1) suave,combinacion,1995,1996,1,7.1148626270751,,,CHL
Comb. RF/AR(1) umbral min,combinacion,1995,1996,1,7.1148626270751,4.981425210280158,-2.1334374167949415,CHL
Ingenuo,referencia,1996,1997,1,7.3917392684331,7.1148626270751,-0.27687664135800016,CHL
Deriva,referencia,1996,1997,1,7.3917392684331,7.1604412534644215,-0.23129801496867852,CHL
AR(1),Box-Jenkins,1996,1997,1,7.3917392684331,5.107428761783847,-2.284310506649253,CHL
"ARMA(2,2)",Box-Jenkins,1996,1997,1,7.3917392684331,2.743351443194501,-4.648387825238599,CHL
"ARIMA(1,1,1)",Box-Jenkins,1996,1997,1,7.3917392684331,5.281052559670117,-2.110686708762983,CHL
Ridge sobre rezagos,regularizado,1996,1997,1,7.3917392684331,3.2308256494446104,-4.16091361898849,CHL
Random Forest,aprendizaje,1996,1997,1,7.3917392684331,5.312661208739293,-2.079078059693807,CHL
LSTM(16),red neuronal,1996,1997,1,7.3917392684331,3.689324460598957,-3.7024148078341432,CHL
Comb. RF/AR(1) suave,combinacion,1996,1997,1,7.3917392684331,3.4521679947287556,-3.9395712737043445,CHL
Comb. RF/AR(1) dura,combinacion,1996,1997,1,7.3917392684331,3.4521679947287556,-3.9395712737043445,CHL
Comb. RF/ingenuo suave,combinacion,1996,1997,1,7.3917392684331,3.4521679947287556,-3.9395712737043445,CHL
Comb. LSTM/AR(1) suave,combinacion,1996,1997,1,7.3917392684331,4.3509025364841225,-3.0408367319489775,CHL
Comb. RF/AR(1) umbral min,combinacion,1996,1997,1,7.3917392684331,3.4521679947287556,-3.9395712737043445,CHL
Ingenuo,referencia,1997,1998,1,4.18088662700669,7.3917392684331,3.21085264142641,CHL
Deriva,referencia,1997,1998,1,4.18088662700669,7.443742839682662,3.262856212675972,CHL
AR(1),Box-Jenkins,1997,1998,1,4.18088662700669,5.272442045066854,1.0915554180601639,CHL
"ARMA(2,2)",Box-Jenkins,1997,1998,1,4.18088662700669,7.304137112002017,3.123250484995327,CHL
"ARIMA(1,1,1)",Box-Jenkins,1997,1998,1,4.18088662700669,5.679644682713889,1.4987580557071984,CHL
Ridge sobre rezagos,regularizado,1997,1998,1,4.18088662700669,5.846345383236208,1.6654587562295173,CHL
Random Forest,aprendizaje,1997,1998,1,4.18088662700669,4.045809764514214,-0.1350768624924763,CHL
LSTM(16),red neuronal,1997,1998,1,4.18088662700669,4.253810787025635,0.0729241600189452,CHL
Comb. RF/AR(1) suave,combinacion,1997,1998,1,4.18088662700669,7.134918429969962,2.9540318029632715,CHL
Comb. RF/AR(1) dura,combinacion,1997,1998,1,4.18088662700669,7.134918429969962,2.9540318029632715,CHL
Comb. RF/ingenuo suave,combinacion,1997,1998,1,4.18088662700669,7.134918429969962,2.9540318029632715,CHL
Comb. LSTM/AR(1) suave,combinacion,1997,1998,1,4.18088662700669,4.521888591598236,0.34100196459154564,CHL
Comb. RF/AR(1) umbral min,combinacion,1997,1998,1,4.18088662700669,6.645055522360657,2.464168895353967,CHL
Ingenuo,referencia,1998,1999,1,-0.2736313981937,4.18088662700669,4.45451802520039,CHL
Deriva,referencia,1998,1999,1,-0.2736313981937,4.144704895210956,4.418336293404656,CHL
AR(1),Box-Jenkins,1998,1999,1,-0.2736313981937,4.26226888380074,4.53590028199444,CHL
"ARMA(2,2)",Box-Jenkins,1998,1999,1,-0.2736313981937,2.58180575908645,2.85543715728015,CHL
"ARIMA(1,1,1)",Box-Jenkins,1998,1999,1,-0.2736313981937,4.445751841738998,4.719383239932698,CHL
Ridge sobre rezagos,regularizado,1998,1999,1,-0.2736313981937,4.682744878147927,4.9563762763416275,CHL
Random Forest,aprendizaje,1998,1999,1,-0.2736313981937,4.886434942275961,5.160066340469661,CHL
LSTM(16),red neuronal,1998,1999,1,-0.2736313981937,4.103544107938502,4.377175506132202,CHL
Comb. RF/AR(1) suave,combinacion,1998,1999,1,-0.2736313981937,3.836518807049458,4.1101502052431576,CHL
Comb. RF/AR(1) dura,combinacion,1998,1999,1,-0.2736313981937,3.836518807049458,4.1101502052431576,CHL
Comb. RF/ingenuo suave,combinacion,1998,1999,1,-0.2736313981937,3.836518807049458,4.1101502052431576,CHL
Comb. LSTM/AR(1) suave,combinacion,1998,1999,1,-0.2736313981937,4.206955523895284,4.4805869220889845,CHL
Comb. RF/AR(1) umbral min,combinacion,1998,1999,1,-0.2736313981937,3.836518807049458,4.1101502052431576,CHL
Ingenuo,referencia,1999,2000,1,4.9716214882971,-0.2736313981937,-5.245252886490801,CHL
Deriva,referencia,1999,2000,1,4.9716214882971,-0.42608513771060924,-5.39770662600771,CHL
AR(1),Box-Jenkins,1999,2000,1,4.9716214882971,2.7919673619498653,-2.179654126347235,CHL
"ARMA(2,2)",Box-Jenkins,1999,2000,1,4.9716214882971,4.408607889650705,-0.5630135986463953,CHL
"ARIMA(1,1,1)",Box-Jenkins,1999,2000,1,4.9716214882971,2.7845394599302145,-2.187082028366886,CHL
Ridge sobre rezagos,regularizado,1999,2000,1,4.9716214882971,3.027420461333744,-1.9442010269633565,CHL
Random Forest,aprendizaje,1999,2000,1,4.9716214882971,1.4709808660577617,-3.500640622239339,CHL
LSTM(16),red neuronal,1999,2000,1,4.9716214882971,0.4647211401682272,-4.506900348128873,CHL
Comb. RF/AR(1) suave,combinacion,1999,2000,1,4.9716214882971,1.4510388321207968,-3.5205826561763036,CHL
Comb. RF/AR(1) dura,combinacion,1999,2000,1,4.9716214882971,1.4510388321207968,-3.5205826561763036,CHL
Comb. RF/ingenuo suave,combinacion,1999,2000,1,4.9716214882971,1.4510388321207968,-3.5205826561763036,CHL
Comb. LSTM/AR(1) suave,combinacion,1999,2000,1,4.9716214882971,-0.21506374450778765,-5.186685232804888,CHL
Comb. RF/AR(1) umbral min,combinacion,1999,2000,1,4.9716214882971,1.4809789536236038,-3.490642534673497,CHL
Ingenuo,referencia,2000,2001,1,3.15403492459967,4.9716214882971,1.8175865636974304,CHL
Deriva,referencia,2000,2001,1,3.15403492459967,4.957570482780389,1.8035355581807186,CHL
AR(1),Box-Jenkins,2000,2001,1,3.15403492459967,4.4319728768921856,1.2779379522925156,CHL
"ARMA(2,2)",Box-Jenkins,2000,2001,1,3.15403492459967,3.8121801747870268,0.6581452501873568,CHL
"ARIMA(1,1,1)",Box-Jenkins,2000,2001,1,3.15403492459967,4.4331373742943025,1.2791024496946326,CHL
Ridge sobre rezagos,regularizado,2000,2001,1,3.15403492459967,3.275162779694484,0.12112785509481405,CHL
Random Forest,aprendizaje,2000,2001,1,3.15403492459967,5.783434115637128,2.629399191037458,CHL
LSTM(16),red neuronal,2000,2001,1,3.15403492459967,3.9622549222763523,0.8082199976766824,CHL
Comb. RF/AR(1) suave,combinacion,2000,2001,1,3.15403492459967,2.646410416935712,-0.5076245076639578,CHL
Comb. RF/AR(1) dura,combinacion,2000,2001,1,3.15403492459967,2.646410416935712,-0.5076245076639578,CHL
Comb. RF/ingenuo suave,combinacion,2000,2001,1,3.15403492459967,2.646410416935712,-0.5076245076639578,CHL
Comb. LSTM/AR(1) suave,combinacion,2000,2001,1,3.15403492459967,4.135040169847154,0.9810052452474842,CHL
Comb. RF/AR(1) umbral min,combinacion,2000,2001,1,3.15403492459967,2.8864630108981606,-0.26757191370150935,CHL
Ingenuo,referencia,2001,2002,1,3.20279913520113,3.15403492459967,-0.04876421060146008,CHL
Deriva,referencia,2001,2002,1,3.20279913520113,3.0948955301284404,-0.10790360507268959,CHL
AR(1),Box-Jenkins,2001,2002,1,3.20279913520113,3.8655949460232417,0.6627958108221117,CHL
"ARMA(2,2)",Box-Jenkins,2001,2002,1,3.20279913520113,4.203506701990451,1.0007075667893206,CHL
"ARIMA(1,1,1)",Box-Jenkins,2001,2002,1,3.20279913520113,3.863890653467589,0.661091518266459,CHL
Ridge sobre rezagos,regularizado,2001,2002,1,3.20279913520113,3.4130986343681022,0.21029949916697221,CHL
Random Forest,aprendizaje,2001,2002,1,3.20279913520113,5.465162740800608,2.262363605599478,CHL
LSTM(16),red neuronal,2001,2002,1,3.20279913520113,3.8685390348465103,0.6657398996453803,CHL
Comb. RF/AR(1) suave,combinacion,2001,2002,1,3.20279913520113,5.1731682957535075,1.9703691605523774,CHL
Comb. RF/AR(1) dura,combinacion,2001,2002,1,3.20279913520113,5.1731682957535075,1.9703691605523774,CHL
Comb. RF/ingenuo suave,combinacion,2001,2002,1,3.20279913520113,5.1731682957535075,1.9703691605523774,CHL
Comb. LSTM/AR(1) suave,combinacion,2001,2002,1,3.20279913520113,3.7645925587785602,0.5617934235774302,CHL
Comb. RF/AR(1) umbral min,combinacion,2001,2002,1,3.20279913520113,5.052775104326414,1.8499759691252837,CHL
Ingenuo,referencia,2002,2003,1,4.72324526861041,3.20279913520113,-1.5204461334092798,CHL
Deriva,referencia,2002,2003,1,4.72324526861041,3.1462915359755756,-1.5769537326348342,CHL
AR(1),Box-Jenkins,2002,2003,1,4.72324526861041,3.8631151249172517,-0.8601301436931581,CHL
"ARMA(2,2)",Box-Jenkins,2002,2003,1,4.72324526861041,3.6657489883081578,-1.057496280302252,CHL
"ARIMA(1,1,1)",Box-Jenkins,2002,2003,1,4.72324526861041,3.8615361885834885,-0.8617090800269214,CHL
Ridge sobre rezagos,regularizado,2002,2003,1,4.72324526861041,5.9201332277165735,1.1968879591061636,CHL
Random Forest,aprendizaje,2002,2003,1,4.72324526861041,4.0544027343143965,-0.6688425342960134,CHL
LSTM(16),red neuronal,2002,2003,1,4.72324526861041,3.7283070844870023,-0.9949381841234075,CHL
Comb. RF/AR(1) suave,combinacion,2002,2003,1,4.72324526861041,4.77110861344191,0.04786334483149979,CHL
Comb. RF/AR(1) dura,combinacion,2002,2003,1,4.72324526861041,4.77110861344191,0.04786334483149979,CHL
Comb. RF/ingenuo suave,combinacion,2002,2003,1,4.72324526861041,4.77110861344191,0.04786334483149979,CHL
Comb. LSTM/AR(1) suave,combinacion,2002,2003,1,4.72324526861041,3.4644657073426126,-1.2587795612677972,CHL
Comb. RF/AR(1) umbral min,combinacion,2002,2003,1,4.72324526861041,4.546911902590903,-0.17633336601950678,CHL
Ingenuo,referencia,2003,2004,1,6.67425416822923,4.72324526861041,-1.9510088996188202,CHL
Deriva,referencia,2003,2004,1,6.67425416822923,4.704284186828542,-1.9699699814006877,CHL
AR(1),Box-Jenkins,2003,2004,1,6.67425416822923,4.330706006564342,-2.343548161664888,CHL
"ARMA(2,2)",Box-Jenkins,2003,2004,1,6.67425416822923,4.717931992649787,-1.9563221755794427,CHL
"ARIMA(1,1,1)",Box-Jenkins,2003,2004,1,6.67425416822923,4.33153212369602,-2.34272204453321,CHL
Ridge sobre rezagos,regularizado,2003,2004,1,6.67425416822923,4.4876475460554,-2.18660662217383,CHL
Random Forest,aprendizaje,2003,2004,1,6.67425416822923,4.620041034028651,-2.0542131342005794,CHL
LSTM(16),red neuronal,2003,2004,1,6.67425416822923,3.497158443973272,-3.177095724255958,CHL
Comb. RF/AR(1) suave,combinacion,2003,2004,1,6.67425416822923,6.5049557979524835,-0.16929837027674655,CHL
Comb. RF/AR(1) dura,combinacion,2003,2004,1,6.67425416822923,6.5049557979524835,-0.16929837027674655,CHL
Comb. RF/ingenuo suave,combinacion,2003,2004,1,6.67425416822923,6.5049557979524835,-0.16929837027674655,CHL
Comb. LSTM/AR(1) suave,combinacion,2003,2004,1,6.67425416822923,3.503385664283154,-3.170868503946076,CHL
Comb. RF/AR(1) umbral min,combinacion,2003,2004,1,6.67425416822923,6.065240294837321,-0.609013873391909,CHL
Ingenuo,referencia,2004,2005,1,5.83704571917758,6.67425416822923,0.8372084490516496,CHL
Deriva,referencia,2004,2005,1,5.83704571917758,6.7011063418287735,0.8640606226511931,CHL
AR(1),Box-Jenkins,2004,2005,1,5.83704571917758,4.960618608821432,-0.8764271103561487,CHL
"ARMA(2,2)",Box-Jenkins,2004,2005,1,5.83704571917758,4.714034166885629,-1.1230115522919517,CHL
"ARIMA(1,1,1)",Box-Jenkins,2004,2005,1,5.83704571917758,4.964478188554203,-0.8725675306233773,CHL
Ridge sobre rezagos,regularizado,2004,2005,1,5.83704571917758,6.686833595086319,0.8497878759087385,CHL
Random Forest,aprendizaje,2004,2005,1,5.83704571917758,7.586347849834467,1.7493021306568863,CHL
LSTM(16),red neuronal,2004,2005,1,5.83704571917758,3.5975150428951186,-2.239530676282462,CHL
Comb. RF/AR(1) suave,combinacion,2004,2005,1,5.83704571917758,6.514049574153637,0.6770038549760562,CHL
Comb. RF/AR(1) dura,combinacion,2004,2005,1,5.83704571917758,6.514049574153637,0.6770038549760562,CHL
Comb. RF/ingenuo suave,combinacion,2004,2005,1,5.83704571917758,6.514049574153637,0.6770038549760562,CHL
Comb. LSTM/AR(1) suave,combinacion,2004,2005,1,5.83704571917758,4.775090174201348,-1.0619555449762323,CHL
Comb. RF/AR(1) umbral min,combinacion,2004,2005,1,5.83704571917758,6.195763709378429,0.3587179902008488,CHL
Ingenuo,referencia,2005,2006,1,6.04999082563968,5.83704571917758,-0.21294510646209996,CHL
Deriva,referencia,2005,2006,1,6.04999082563968,5.844260151353233,-0.2057306742864471,CHL
AR(1),Box-Jenkins,2005,2006,1,6.04999082563968,4.736791905402122,-1.313198920237558,CHL
"ARMA(2,2)",Box-Jenkins,2005,2006,1,6.04999082563968,4.8280018261740745,-1.221988999465606,CHL
"ARIMA(1,1,1)",Box-Jenkins,2005,2006,1,6.04999082563968,4.739248331078279,-1.310742494561401,CHL
Ridge sobre rezagos,regularizado,2005,2006,1,6.04999082563968,3.3859055439048036,-2.664085281734877,CHL
Random Forest,aprendizaje,2005,2006,1,6.04999082563968,7.558381442472532,1.5083906168328518,CHL
LSTM(16),red neuronal,2005,2006,1,6.04999082563968,4.675078155900916,-1.3749126697387641,CHL
Comb. RF/AR(1) suave,combinacion,2005,2006,1,6.04999082563968,7.63389487240395,1.5839040467642693,CHL
Comb. RF/AR(1) dura,combinacion,2005,2006,1,6.04999082563968,7.63389487240395,1.5839040467642693,CHL
Comb. RF/ingenuo suave,combinacion,2005,2006,1,6.04999082563968,7.63389487240395,1.5839040467642693,CHL
Comb. LSTM/AR(1) suave,combinacion,2005,2006,1,6.04999082563968,5.37172740670222,-0.6782634189374601,CHL
Comb. RF/AR(1) umbral min,combinacion,2005,2006,1,6.04999082563968,7.187992335962367,1.1380015103226864,CHL
Ingenuo,referencia,2006,2007,1,5.16823098528431,6.04999082563968,0.8817598403553708,CHL
Deriva,referencia,2006,2007,1,5.16823098528431,6.061777050577255,0.893546065292945,CHL
AR(1),Box-Jenkins,2006,2007,1,5.16823098528431,4.832231900354348,-0.3359990849299619,CHL
"ARMA(2,2)",Box-Jenkins,2006,2007,1,5.16823098528431,4.804557450652973,-0.3636735346313369,CHL
"ARIMA(1,1,1)",Box-Jenkins,2006,2007,1,5.16823098528431,4.834968377294599,-0.3332626079897105,CHL
Ridge sobre rezagos,regularizado,2006,2007,1,5.16823098528431,5.3862157333360665,0.21798474805175694,CHL
Random Forest,aprendizaje,2006,2007,1,5.16823098528431,4.89132990785576,-0.2769010774285494,CHL
LSTM(16),red neuronal,2006,2007,1,5.16823098528431,4.249481540563312,-0.9187494447209978,CHL
Comb. RF/AR(1) suave,combinacion,2006,2007,1,5.16823098528431,6.19563511425529,1.0274041289709803,CHL
Comb. RF/AR(1) dura,combinacion,2006,2007,1,5.16823098528431,6.19563511425529,1.0274041289709803,CHL
Comb. RF/ingenuo suave,combinacion,2006,2007,1,5.16823098528431,6.19563511425529,1.0274041289709803,CHL
Comb. LSTM/AR(1) suave,combinacion,2006,2007,1,5.16823098528431,4.91233465862391,-0.25589632666039996,CHL
Comb. RF/AR(1) umbral min,combinacion,2006,2007,1,5.16823098528431,5.885883080950661,0.7176520956663515,CHL
Ingenuo,referencia,2007,2008,1,3.78939280635238,5.16823098528431,1.3788381789319297,CHL
Deriva,referencia,2007,2008,1,3.78939280635238,5.160592295758994,1.3711994894066137,CHL
AR(1),Box-Jenkins,2007,2008,1,3.78939280635238,4.576937499544731,0.7875446931923511,CHL
"ARMA(2,2)",Box-Jenkins,2007,2008,1,3.78939280635238,4.611662448827167,0.8222696424747875,CHL
"ARIMA(1,1,1)",Box-Jenkins,2007,2008,1,3.78939280635238,4.578226966329686,0.7888341599773065,CHL
Ridge sobre rezagos,regularizado,2007,2008,1,3.78939280635238,3.932857629753431,0.14346482340105116,CHL
Random Forest,aprendizaje,2007,2008,1,3.78939280635238,6.91569368587233,3.12630087951995,CHL
LSTM(16),red neuronal,2007,2008,1,3.78939280635238,4.397690516972305,0.608297710619925,CHL
Comb. RF/AR(1) suave,combinacion,2007,2008,1,3.78939280635238,7.268801737733037,3.4794089313806573,CHL
Comb. RF/AR(1) dura,combinacion,2007,2008,1,3.78939280635238,7.268801737733037,3.4794089313806573,CHL
Comb. RF/ingenuo suave,combinacion,2007,2008,1,3.78939280635238,7.268801737733037,3.4794089313806573,CHL
Comb. LSTM/AR(1) suave,combinacion,2007,2008,1,3.78939280635238,3.743170170948879,-0.04622263540350069,CHL
Comb. RF/AR(1) umbral min,combinacion,2007,2008,1,3.78939280635238,7.09965413770063,3.31026133134825,CHL
Ingenuo,referencia,2008,2009,1,-1.11803723642878,3.78939280635238,4.90743004278116,CHL
Deriva,referencia,2008,2009,1,-1.11803723642878,3.7525796596056464,4.870616896034426,CHL
AR(1),Box-Jenkins,2008,2009,1,-1.11803723642878,4.148508945349704,5.266546181778484,CHL
"ARMA(2,2)",Box-Jenkins,2008,2009,1,-1.11803723642878,4.065830225436495,5.183867461865275,CHL
"ARIMA(1,1,1)",Box-Jenkins,2008,2009,1,-1.11803723642878,4.147633789092271,5.265671025521051,CHL
Ridge sobre rezagos,regularizado,2008,2009,1,-1.11803723642878,3.5451119560820787,4.663149192510859,CHL
Random Forest,aprendizaje,2008,2009,1,-1.11803723642878,4.408487783184707,5.526525019613487,CHL
LSTM(16),red neuronal,2008,2009,1,-1.11803723642878,2.589117776124672,3.707155012553452,CHL
Comb. RF/AR(1) suave,combinacion,2008,2009,1,-1.11803723642878,2.5964478156066297,3.7144850520354096,CHL
Comb. RF/AR(1) dura,combinacion,2008,2009,1,-1.11803723642878,2.5964478156066297,3.7144850520354096,CHL
Comb. RF/ingenuo suave,combinacion,2008,2009,1,-1.11803723642878,2.5964478156066297,3.7144850520354096,CHL
Comb. LSTM/AR(1) suave,combinacion,2008,2009,1,-1.11803723642878,2.8454876923598693,3.963524928788649,CHL
Comb. RF/AR(1) umbral min,combinacion,2008,2009,1,-1.11803723642878,2.5964478156066297,3.7144850520354096,CHL
Ingenuo,referencia,2009,2010,1,5.85165102224047,-1.11803723642878,-6.96968825866925,CHL
Deriva,referencia,2009,2010,1,5.85165102224047,-1.2563215685095641,-7.107972590750034,CHL
AR(1),Box-Jenkins,2009,2010,1,5.85165102224047,2.561303857918161,-3.2903471643223092,CHL
"ARMA(2,2)",Box-Jenkins,2009,2010,1,5.85165102224047,2.0069389374965896,-3.8447120847438807,CHL
"ARIMA(1,1,1)",Box-Jenkins,2009,2010,1,5.85165102224047,2.55276697579268,-3.29888404644779,CHL
Ridge sobre rezagos,regularizado,2009,2010,1,5.85165102224047,1.1230588460293478,-4.728592176211123,CHL
Random Forest,aprendizaje,2009,2010,1,5.85165102224047,-0.03742061356955644,-5.889071635810026,CHL
LSTM(16),red neuronal,2009,2010,1,5.85165102224047,0.41867064064509174,-5.432980381595378,CHL
Comb. RF/AR(1) suave,combinacion,2009,2010,1,5.85165102224047,1.9409500342030952,-3.910700988037375,CHL
Comb. RF/AR(1) dura,combinacion,2009,2010,1,5.85165102224047,1.9409500342030952,-3.910700988037375,CHL
Comb. RF/ingenuo suave,combinacion,2009,2010,1,5.85165102224047,1.9409500342030952,-3.910700988037375,CHL
Comb. LSTM/AR(1) suave,combinacion,2009,2010,1,5.85165102224047,0.30029822563431496,-5.551352796606155,CHL
Comb. RF/AR(1) umbral min,combinacion,2009,2010,1,5.85165102224047,2.561303857918161,-3.2903471643223092,CHL
Ingenuo,referencia,2010,2011,1,6.22389678509138,5.85165102224047,-0.37224576285090993,CHL
Deriva,referencia,2010,2011,1,6.22389678509138,5.858427355277034,-0.36546942981434594,CHL
AR(1),Box-Jenkins,2010,2011,1,6.22389678509138,4.700424362607737,-1.5234724224836436,CHL
"ARMA(2,2)",Box-Jenkins,2010,2011,1,6.22389678509138,6.472547790778423,0.24865100568704257,CHL
"ARIMA(1,1,1)",Box-Jenkins,2010,2011,1,6.22389678509138,4.702856835271042,-1.521039949820338,CHL
Ridge sobre rezagos,regularizado,2010,2011,1,6.22389678509138,5.571483924210708,-0.6524128608806725,CHL
Random Forest,aprendizaje,2010,2011,1,6.22389678509138,4.323612266666795,-1.9002845184245851,CHL
LSTM(16),red neuronal,2010,2011,1,6.22389678509138,4.420478953273585,-1.8034178318177956,CHL
Comb. RF/AR(1) suave,combinacion,2010,2011,1,6.22389678509138,5.424596491369352,-0.7993002937220286,CHL
Comb. RF/AR(1) dura,combinacion,2010,2011,1,6.22389678509138,5.424596491369352,-0.7993002937220286,CHL
Comb. RF/ingenuo suave,combinacion,2010,2011,1,6.22389678509138,5.424596491369352,-0.7993002937220286,CHL
Comb. LSTM/AR(1) suave,combinacion,2010,2011,1,6.22389678509138,4.129570327309949,-2.094326457781431,CHL
Comb. RF/AR(1) umbral min,combinacion,2010,2011,1,6.22389678509138,4.700424362607737,-1.5234724224836436,CHL
Ingenuo,referencia,2011,2012,1,6.15534001855494,6.22389678509138,0.0685567665364406,CHL
Deriva,referencia,2011,2012,1,6.15534001855494,6.237982506724231,0.08264248816929154,CHL
AR(1),Box-Jenkins,2011,2012,1,6.15534001855494,4.84130763844426,-1.31403238011068,CHL
"ARMA(2,2)",Box-Jenkins,2011,2012,1,6.15534001855494,3.0406438911245135,-3.114696127430426,CHL
"ARIMA(1,1,1)",Box-Jenkins,2011,2012,1,6.15534001855494,4.844243377931643,-1.3110966406232967,CHL
Ridge sobre rezagos,regularizado,2011,2012,1,6.15534001855494,3.747456885685453,-2.4078831328694865,CHL
Random Forest,aprendizaje,2011,2012,1,6.15534001855494,5.873216445470313,-0.2821235730846263,CHL
LSTM(16),red neuronal,2011,2012,1,6.15534001855494,4.562684518485118,-1.5926555000698217,CHL
Comb. RF/AR(1) suave,combinacion,2011,2012,1,6.15534001855494,5.752882283348972,-0.4024577352059673,CHL
Comb. RF/AR(1) dura,combinacion,2011,2012,1,6.15534001855494,5.752882283348972,-0.4024577352059673,CHL
Comb. RF/ingenuo suave,combinacion,2011,2012,1,6.15534001855494,5.752882283348972,-0.4024577352059673,CHL
Comb. LSTM/AR(1) suave,combinacion,2011,2012,1,6.15534001855494,4.241935689403809,-1.9134043291511302,CHL
Comb. RF/AR(1) umbral min,combinacion,2011,2012,1,6.15534001855494,4.84130763844426,-1.31403238011068,CHL
Ingenuo,referencia,2012,2013,1,3.30850824710085,6.15534001855494,2.84683177145409,CHL
Deriva,referencia,2012,2013,1,3.30850824710085,6.167805299243295,2.859297052142445,CHL
AR(1),Box-Jenkins,2012,2013,1,3.30850824710085,4.851326433527248,1.5428181864263983,CHL
"ARMA(2,2)",Box-Jenkins,2012,2013,1,3.30850824710085,6.593889544633237,3.2853812975323873,CHL
"ARIMA(1,1,1)",Box-Jenkins,2012,2013,1,3.30850824710085,4.854098996634601,1.5455907495337513,CHL
Ridge sobre rezagos,regularizado,2012,2013,1,3.30850824710085,7.326829774802748,4.018321527701898,CHL
Random Forest,aprendizaje,2012,2013,1,3.30850824710085,5.734349572714713,2.425841325613863,CHL
LSTM(16),red neuronal,2012,2013,1,3.30850824710085,4.654751058458336,1.3462428113574862,CHL
Comb. RF/AR(1) suave,combinacion,2012,2013,1,3.30850824710085,6.104121109322831,2.795612862221981,CHL
Comb. RF/AR(1) dura,combinacion,2012,2013,1,3.30850824710085,6.104121109322831,2.795612862221981,CHL
Comb. RF/ingenuo suave,combinacion,2012,2013,1,3.30850824710085,6.104121109322831,2.795612862221981,CHL
Comb. LSTM/AR(1) suave,combinacion,2012,2013,1,3.30850824710085,4.319211926490271,1.0107036793894215,CHL
Comb. RF/AR(1) umbral min,combinacion,2012,2013,1,3.30850824710085,4.851326433527248,1.5428181864263983,CHL
Ingenuo,referencia,2013,2014,1,1.79264947139259,3.30850824710085,1.5158587757082598,CHL
Deriva,referencia,2013,2014,1,1.79264947139259,3.2659870460172344,1.4733375746246444,CHL
AR(1),Box-Jenkins,2013,2014,1,1.79264947139259,3.998669111709694,2.2060196403171037,CHL
"ARMA(2,2)",Box-Jenkins,2013,2014,1,1.79264947139259,2.0324423141532355,0.2397928427606455,CHL
"ARIMA(1,1,1)",Box-Jenkins,2013,2014,1,1.79264947139259,3.99714074190523,2.20449127051264,CHL
Ridge sobre rezagos,regularizado,2013,2014,1,1.79264947139259,3.635238383122777,1.8425889117301868,CHL
Random Forest,aprendizaje,2013,2014,1,1.79264947139259,4.525130463883632,2.732480992491042,CHL
LSTM(16),red neuronal,2013,2014,1,1.79264947139259,4.199836874198075,2.4071874028054854,CHL
Comb. RF/AR(1) suave,combinacion,2013,2014,1,1.79264947139259,4.715616451243917,2.922966979851327,CHL
Comb. RF/AR(1) dura,combinacion,2013,2014,1,1.79264947139259,4.715616451243917,2.922966979851327,CHL
Comb. RF/ingenuo suave,combinacion,2013,2014,1,1.79264947139259,4.715616451243917,2.922966979851327,CHL
Comb. LSTM/AR(1) suave,combinacion,2013,2014,1,1.79264947139259,4.220789446957041,2.4281399755644513,CHL
Comb. RF/AR(1) umbral min,combinacion,2013,2014,1,1.79264947139259,3.998669111709694,2.2060196403171037,CHL
Ingenuo,referencia,2014,2015,1,2.15194249981184,1.79264947139259,-0.3592930284192499,CHL
Deriva,referencia,2014,2015,1,2.15194249981184,1.7223294481462454,-0.4296130516655945,CHL
AR(1),Box-Jenkins,2014,2015,1,2.15194249981184,3.5163694223850257,1.3644269225731858,CHL
"ARMA(2,2)",Box-Jenkins,2014,2015,1,2.15194249981184,5.355829651287999,3.2038871514761587,CHL
"ARIMA(1,1,1)",Box-Jenkins,2014,2015,1,2.15194249981184,3.5126107807315963,1.3606682809197563,CHL
Ridge sobre rezagos,regularizado,2014,2015,1,2.15194249981184,4.543942937579422,2.3920004377675816,CHL
Random Forest,aprendizaje,2014,2015,1,2.15194249981184,5.127978711118655,2.9760362113068153,CHL
LSTM(16),red neuronal,2014,2015,1,2.15194249981184,3.5996613012286907,1.4477188014168507,CHL
Comb. RF/AR(1) suave,combinacion,2014,2015,1,2.15194249981184,3.8467346770809017,1.6947921772690617,CHL
Comb. RF/AR(1) dura,combinacion,2014,2015,1,2.15194249981184,3.8467346770809017,1.6947921772690617,CHL
Comb. RF/ingenuo suave,combinacion,2014,2015,1,2.15194249981184,3.8467346770809017,1.6947921772690617,CHL
Comb. LSTM/AR(1) suave,combinacion,2014,2015,1,2.15194249981184,3.6050197722067363,1.4530772723948964,CHL
Comb. RF/AR(1) umbral min,combinacion,2014,2015,1,2.15194249981184,3.5163694223850257,1.3644269225731858,CHL
Ingenuo,referencia,2015,2016,1,1.753038749071,2.15194249981184,0.39890375074083995,CHL
Deriva,referencia,2015,2016,1,1.753038749071,2.089578273818562,0.336539524747562,CHL
AR(1),Box-Jenkins,2015,2016,1,1.753038749071,3.58906274594428,1.8360239968732799,CHL
"ARMA(2,2)",Box-Jenkins,2015,2016,1,1.753038749071,1.9529814298339847,0.19994268076298471,CHL
"ARIMA(1,1,1)",Box-Jenkins,2015,2016,1,1.753038749071,3.585903580029992,1.832864830958992,CHL
Ridge sobre rezagos,regularizado,2015,2016,1,1.753038749071,1.23692269213244,-0.5161160569385599,CHL
Random Forest,aprendizaje,2015,2016,1,1.753038749071,4.576930319274078,2.8238915702030782,CHL
LSTM(16),red neuronal,2015,2016,1,1.753038749071,3.5485052621796,1.7954665131085998,CHL
Comb. RF/AR(1) suave,combinacion,2015,2016,1,1.753038749071,3.4175937845405038,1.6645550354695038,CHL
Comb. RF/AR(1) dura,combinacion,2015,2016,1,1.753038749071,3.4175937845405038,1.6645550354695038,CHL
Comb. RF/ingenuo suave,combinacion,2015,2016,1,1.753038749071,3.4175937845405038,1.6645550354695038,CHL
Comb. LSTM/AR(1) suave,combinacion,2015,2016,1,1.753038749071,3.554067046185718,1.8010282971147178,CHL
Comb. RF/AR(1) umbral min,combinacion,2015,2016,1,1.753038749071,3.58906274594428,1.8360239968732799,CHL
Ingenuo,referencia,2016,2017,1,1.35769537343957,1.753038749071,0.39534337563142996,CHL
Deriva,referencia,2016,2017,1,1.35769537343957,1.6845556226277663,0.32686024918819623,CHL
AR(1),Box-Jenkins,2016,2017,1,1.35769537343957,3.4311265062975966,2.0734311328580266,CHL
"ARMA(2,2)",Box-Jenkins,2016,2017,1,1.35769537343957,4.936237251612916,3.5785418781733456,CHL
"ARIMA(1,1,1)",Box-Jenkins,2016,2017,1,1.35769537343957,3.4274740970531745,2.0697787236136045,CHL
Ridge sobre rezagos,regularizado,2016,2017,1,1.35769537343957,3.0655446754902886,1.7078493020507186,CHL
Random Forest,aprendizaje,2016,2017,1,1.35769537343957,3.0711918597726138,1.7134964863330437,CHL
LSTM(16),red neuronal,2016,2017,1,1.35769537343957,3.4875592492292604,2.1298638757896904,CHL
Comb. RF/AR(1) suave,combinacion,2016,2017,1,1.35769537343957,2.468113596549307,1.110418223109737,CHL
Comb. RF/AR(1) dura,combinacion,2016,2017,1,1.35769537343957,2.468113596549307,1.110418223109737,CHL
Comb. RF/ingenuo suave,combinacion,2016,2017,1,1.35769537343957,2.468113596549307,1.110418223109737,CHL
Comb. LSTM/AR(1) suave,combinacion,2016,2017,1,1.35769537343957,3.4745562397026126,2.1168608662630426,CHL
Comb. RF/AR(1) umbral min,combinacion,2016,2017,1,1.35769537343957,3.4311265062975966,2.0734311328580266,CHL
Ingenuo,referencia,2017,2018,1,3.99002947789977,1.35769537343957,-2.6323341044601998,CHL
Deriva,referencia,2017,2018,1,3.99002947789977,1.2833754568322615,-2.706654021067508,CHL
AR(1),Box-Jenkins,2017,2018,1,3.99002947789977,3.265332445241041,-0.724697032658729,CHL
"ARMA(2,2)",Box-Jenkins,2017,2018,1,3.99002947789977,1.7319574585363693,-2.2580720193634005,CHL
"ARIMA(1,1,1)",Box-Jenkins,2017,2018,1,3.99002947789977,3.2611519970948306,-0.7288774808049392,CHL
Ridge sobre rezagos,regularizado,2017,2018,1,3.99002947789977,3.7566659963703266,-0.2333634815294432,CHL
Random Forest,aprendizaje,2017,2018,1,3.99002947789977,2.1289196869378366,-1.8611097909619332,CHL
LSTM(16),red neuronal,2017,2018,1,3.99002947789977,3.285700634930163,-0.7043288429696068,CHL
Comb. RF/AR(1) suave,combinacion,2017,2018,1,3.99002947789977,2.063861094665392,-1.9261683832343777,CHL
Comb. RF/AR(1) dura,combinacion,2017,2018,1,3.99002947789977,2.063861094665392,-1.9261683832343777,CHL
Comb. RF/ingenuo suave,combinacion,2017,2018,1,3.99002947789977,2.063861094665392,-1.9261683832343777,CHL
Comb. LSTM/AR(1) suave,combinacion,2017,2018,1,3.99002947789977,-2.519729810480941,-6.50975928838071,CHL
Comb. RF/AR(1) umbral min,combinacion,2017,2018,1,3.99002947789977,3.265332445241041,-0.724697032658729,CHL
Ingenuo,referencia,2018,2019,1,0.644223402631923,3.99002947789977,3.3458060752678467,CHL
Deriva,referencia,2018,2019,1,0.644223402631923,3.9631947195568036,3.3189713169248805,CHL
AR(1),Box-Jenkins,2018,2019,1,0.644223402631923,4.067287821906435,3.4230644192745117,CHL
"ARMA(2,2)",Box-Jenkins,2018,2019,1,0.644223402631923,5.824141728179658,5.179918325547735,CHL
"ARIMA(1,1,1)",Box-Jenkins,2018,2019,1,0.644223402631923,4.067070753449656,3.4228473508177326,CHL
Ridge sobre rezagos,regularizado,2018,2019,1,0.644223402631923,5.222330431449814,4.578107028817891,CHL
Random Forest,aprendizaje,2018,2019,1,0.644223402631923,3.8695937229965094,3.2253703203645863,CHL
LSTM(16),red neuronal,2018,2019,1,0.644223402631923,4.830145420700361,4.185922018068438,CHL
Comb. RF/AR(1) suave,combinacion,2018,2019,1,0.644223402631923,2.3174424413768584,1.6732190387449353,CHL
Comb. RF/AR(1) dura,combinacion,2018,2019,1,0.644223402631923,2.3174424413768584,1.6732190387449353,CHL
Comb. RF/ingenuo suave,combinacion,2018,2019,1,0.644223402631923,2.3174424413768584,1.6732190387449353,CHL
Comb. LSTM/AR(1) suave,combinacion,2018,2019,1,0.644223402631923,5.037243335820301,4.393019933188378,CHL
Comb. RF/AR(1) umbral min,combinacion,2018,2019,1,0.644223402631923,3.3261814179683276,2.6819580153364044,CHL
Ingenuo,referencia,2019,2020,1,-6.1396969411886,0.644223402631923,6.7839203438205224,CHL
Deriva,referencia,2019,2020,1,-6.1396969411886,0.5601650008937001,6.6998619420823,CHL
AR(1),Box-Jenkins,2019,2020,1,-6.1396969411886,3.009576951829716,9.149273893018316,CHL
"ARMA(2,2)",Box-Jenkins,2019,2020,1,-6.1396969411886,0.9001735123419179,7.039870453530518,CHL
"ARIMA(1,1,1)",Box-Jenkins,2019,2020,1,-6.1396969411886,3.004483727246391,9.144180668434991,CHL
Ridge sobre rezagos,regularizado,2019,2020,1,-6.1396969411886,3.1520980392871456,9.291794980475746,CHL
Random Forest,aprendizaje,2019,2020,1,-6.1396969411886,2.3930262164288854,8.532723157617486,CHL
LSTM(16),red neuronal,2019,2020,1,-6.1396969411886,3.3593198456391047,9.499016786827704,CHL
Comb. RF/AR(1) suave,combinacion,2019,2020,1,-6.1396969411886,2.160979653075088,8.300676594263688,CHL
Comb. RF/AR(1) dura,combinacion,2019,2020,1,-6.1396969411886,2.160979653075088,8.300676594263688,CHL
Comb. RF/ingenuo suave,combinacion,2019,2020,1,-6.1396969411886,2.160979653075088,8.300676594263688,CHL
Comb. LSTM/AR(1) suave,combinacion,2019,2020,1,-6.1396969411886,3.3657458666495175,9.505442807838117,CHL
Comb. RF/AR(1) umbral min,combinacion,2019,2020,1,-6.1396969411886,2.900891093534765,9.040588034723365,CHL
Ingenuo,referencia,2020,2021,1,11.3374032409913,-6.1396969411886,-17.4771001821799,CHL
Deriva,referencia,2020,2021,1,11.3374032409913,-6.337312324996014,-17.674715565987313,CHL
AR(1),Box-Jenkins,2020,2021,1,11.3374032409913,0.5659979766830798,-10.77140526430822,CHL
"ARMA(2,2)",Box-Jenkins,2020,2021,1,11.3374032409913,1.9857294524918552,-9.351673788499445,CHL
"ARIMA(1,1,1)",Box-Jenkins,2020,2021,1,11.3374032409913,0.5508756096983554,-10.786527631292945,CHL
Ridge sobre rezagos,regularizado,2020,2021,1,11.3374032409913,0.33966843250334033,-10.997734808487959,CHL
Random Forest,aprendizaje,2020,2021,1,11.3374032409913,-0.8001059796067228,-12.137509220598023,CHL
LSTM(16),red neuronal,2020,2021,1,11.3374032409913,3.0477113338338566,-8.289691907157444,CHL
Comb. RF/AR(1) suave,combinacion,2020,2021,1,11.3374032409913,-0.5189865343702313,-11.856389775361531,CHL
Comb. RF/AR(1) dura,combinacion,2020,2021,1,11.3374032409913,-0.5189865343702313,-11.856389775361531,CHL
Comb. RF/ingenuo suave,combinacion,2020,2021,1,11.3374032409913,-0.5189865343702313,-11.856389775361531,CHL
Comb. LSTM/AR(1) suave,combinacion,2020,2021,1,11.3374032409913,3.0558132209341355,-8.281590020057164,CHL
Comb. RF/AR(1) umbral min,combinacion,2020,2021,1,11.3374032409913,0.5659979766830798,-10.77140526430822,CHL
Ingenuo,referencia,2021,2022,1,2.06391864254198,11.3374032409913,9.27348459844932,CHL
Deriva,referencia,2021,2022,1,2.06391864254198,11.43436644995034,9.370447807408361,CHL
AR(1),Box-Jenkins,2021,2022,1,2.06391864254198,5.803565602310399,3.7396469597684185,CHL
"ARMA(2,2)",Box-Jenkins,2021,2022,1,2.06391864254198,7.243779747166393,5.179861104624413,CHL
"ARIMA(1,1,1)",Box-Jenkins,2021,2022,1,2.06391864254198,5.813114900701004,3.749196258159024,CHL
Ridge sobre rezagos,regularizado,2021,2022,1,2.06391864254198,7.078604029671299,5.014685387129319,CHL
Random Forest,aprendizaje,2021,2022,1,2.06391864254198,3.964583937786256,1.9006652952442757,CHL
LSTM(16),red neuronal,2021,2022,1,2.06391864254198,3.373803336765406,1.3098846942234257,CHL
Comb. RF/AR(1) suave,combinacion,2021,2022,1,2.06391864254198,6.532964403979793,4.469045761437814,CHL
Comb. RF/AR(1) dura,combinacion,2021,2022,1,2.06391864254198,5.803565602310399,3.7396469597684185,CHL
Comb. RF/ingenuo suave,combinacion,2021,2022,1,2.06391864254198,6.766632423499333,4.702713780957353,CHL
Comb. LSTM/AR(1) suave,combinacion,2021,2022,1,2.06391864254198,3.4833380925361603,1.4194194499941801,CHL
Comb. RF/AR(1) umbral min,combinacion,2021,2022,1,2.06391864254198,5.803565602310399,3.7396469597684185,CHL
Ingenuo,referencia,2022,2023,1,0.677024831595858,2.06391864254198,1.3868938109461222,CHL
Deriva,referencia,2022,2023,1,0.677024831595858,2.007267953018917,1.3302431214230588,CHL
AR(1),Box-Jenkins,2022,2023,1,0.677024831595858,3.534712584786617,2.857687753190759,CHL
"ARMA(2,2)",Box-Jenkins,2022,2023,1,0.677024831595858,0.4937166428258317,-0.1833081887700263,CHL
"ARIMA(1,1,1)",Box-Jenkins,2022,2023,1,0.677024831595858,3.532315723323963,2.855290891728105,CHL
Ridge sobre rezagos,regularizado,2022,2023,1,0.677024831595858,1.2177622975526345,0.5407374659567765,CHL
Random Forest,aprendizaje,2022,2023,1,0.677024831595858,3.9037489955202562,3.2267241639243984,CHL
LSTM(16),red neuronal,2022,2023,1,0.677024831595858,3.295841879605454,2.6188170480095962,CHL
Comb. RF/AR(1) suave,combinacion,2022,2023,1,0.677024831595858,2.719190472413905,2.0421656408180473,CHL
Comb. RF/AR(1) dura,combinacion,2022,2023,1,0.677024831595858,3.534712584786617,2.857687753190759,CHL
Comb. RF/ingenuo suave,combinacion,2022,2023,1,0.677024831595858,2.6687975775111163,1.9917727459152583,CHL
Comb. LSTM/AR(1) suave,combinacion,2022,2023,1,0.677024831595858,3.307939847120825,2.630915015524967,CHL
Comb. RF/AR(1) umbral min,combinacion,2022,2023,1,0.677024831595858,3.534712584786617,2.857687753190759,CHL
Ingenuo,referencia,2023,2024,1,2.80512637106611,0.677024831595858,-2.1281015394702516,CHL
Deriva,referencia,2023,2024,1,2.80512637106611,0.5989186078562936,-2.2062077632098163,CHL
AR(1),Box-Jenkins,2023,2024,1,2.80512637106611,3.1669153028470096,0.36178893178089977,CHL
"ARMA(2,2)",Box-Jenkins,2023,2024,1,2.80512637106611,6.0096309070781135,3.2045045360120037,CHL
"ARIMA(1,1,1)",Box-Jenkins,2023,2024,1,2.80512637106611,3.162907163332275,0.3577807922661651,CHL
Ridge sobre rezagos,regularizado,2023,2024,1,2.80512637106611,7.32784187532225,4.52271550425614,CHL
Random Forest,aprendizaje,2023,2024,1,2.80512637106611,3.2699330094079446,0.4648066383418348,CHL
LSTM(16),red neuronal,2023,2024,1,2.80512637106611,3.224454281363661,0.4193279102975511,CHL
Comb. RF/AR(1) suave,combinacion,2023,2024,1,2.80512637106611,2.4487016961498242,-0.3564246749162856,CHL
Comb. RF/AR(1) dura,combinacion,2023,2024,1,2.80512637106611,3.1669153028470096,0.36178893178089977,CHL
Comb. RF/ingenuo suave,combinacion,2023,2024,1,2.80512637106611,2.433778677336388,-0.37134769372972176,CHL
Comb. LSTM/AR(1) suave,combinacion,2023,2024,1,2.80512637106611,3.226896075763135,0.421769704697025,CHL
Comb. RF/AR(1) umbral min,combinacion,2023,2024,1,2.80512637106611,3.1669153028470096,0.36178893178089977,CHL
Ingenuo,referencia,2024,2025,1,2.45925474781374,2.80512637106611,0.34587162325237,CHL
Deriva,referencia,2024,2025,1,2.45925474781374,2.7620393181711456,0.3027845703574057,CHL
AR(1),Box-Jenkins,2024,2025,1,2.45925474781374,3.6419511054762572,1.1826963576625174,CHL
"ARMA(2,2)",Box-Jenkins,2024,2025,1,2.45925474781374,1.2404135908689988,-1.218841156944741,CHL
"ARIMA(1,1,1)",Box-Jenkins,2024,2025,1,2.45925474781374,3.6405759561522535,1.1813212083385136,CHL
Ridge sobre rezagos,regularizado,2024,2025,1,2.45925474781374,1.3570972997125894,-1.1021574481011505,CHL
Random Forest,aprendizaje,2024,2025,1,2.45925474781374,1.5137786880917175,-0.9454760597220224,CHL
LSTM(16),red neuronal,2024,2025,1,2.45925474781374,3.228766386174913,0.7695116383611733,CHL
Comb. RF/AR(1) suave,combinacion,2024,2025,1,2.45925474781374,1.4242097925446833,-1.0350449552690566,CHL
Comb. RF/AR(1) dura,combinacion,2024,2025,1,2.45925474781374,1.4242097925446833,-1.0350449552690566,CHL
Comb. RF/ingenuo suave,combinacion,2024,2025,1,2.45925474781374,1.4242097925446833,-1.0350449552690566,CHL
Comb. LSTM/AR(1) suave,combinacion,2024,2025,1,2.45925474781374,3.2307650899763574,0.7715103421626175,CHL
Comb. RF/AR(1) umbral min,combinacion,2024,2025,1,2.45925474781374,3.6419511054762572,1.1826963576625174,CHL
Ingenuo,referencia,1990,1991,1,2.00160759559029,4.28199833053058,2.2803907349402905,COL
Deriva,referencia,1990,1991,1,2.00160759559029,4.254163204535391,2.2525556089451015,COL
AR(1),Box-Jenkins,1990,1991,1,2.00160759559029,4.491481630404583,2.489874034814293,COL
"ARMA(2,2)",Box-Jenkins,1990,1991,1,2.00160759559029,4.333386224207809,2.331778628617519,COL
"ARIMA(1,1,1)",Box-Jenkins,1990,1991,1,2.00160759559029,3.7717911790748433,1.7701835834845534,COL
Ridge sobre rezagos,regularizado,1990,1991,1,2.00160759559029,4.247513024245487,2.245905428655197,COL
Random Forest,aprendizaje,1990,1991,1,2.00160759559029,4.078618206035573,2.0770106104452832,COL
LSTM(16),red neuronal,1990,1991,1,2.00160759559029,,,COL
Comb. RF/AR(1) suave,combinacion,1990,1991,1,2.00160759559029,4.9651152300010075,2.9635076344107176,COL
Comb. RF/AR(1) dura,combinacion,1990,1991,1,2.00160759559029,4.9651152300010075,2.9635076344107176,COL
Comb. RF/ingenuo suave,combinacion,1990,1991,1,2.00160759559029,4.9651152300010075,2.9635076344107176,COL
Comb. LSTM/AR(1) suave,combinacion,1990,1991,1,2.00160759559029,,,COL
Comb. RF/AR(1) umbral min,combinacion,1990,1991,1,2.00160759559029,4.852791275860568,2.851183680270278,COL
Ingenuo,referencia,1991,1992,1,4.04492943933556,2.00160759559029,-2.04332184374527,COL
Deriva,referencia,1991,1992,1,4.04492943933556,1.8986872826302639,-2.146242156705296,COL
AR(1),Box-Jenkins,1991,1992,1,4.04492943933556,3.387001094153531,-0.6579283451820288,COL
"ARMA(2,2)",Box-Jenkins,1991,1992,1,4.04492943933556,4.905557164467535,0.8606277251319749,COL
"ARIMA(1,1,1)",Box-Jenkins,1991,1992,1,4.04492943933556,2.5911037421162173,-1.4538256972193424,COL
Ridge sobre rezagos,regularizado,1991,1992,1,4.04492943933556,3.7753506828893313,-0.2695787564462284,COL
Random Forest,aprendizaje,1991,1992,1,4.04492943933556,2.7588987654353248,-1.286030673900235,COL
LSTM(16),red neuronal,1991,1992,1,4.04492943933556,,,COL
Comb. RF/AR(1) suave,combinacion,1991,1992,1,4.04492943933556,3.6394685055099654,-0.40546093382559434,COL
Comb. RF/AR(1) dura,combinacion,1991,1992,1,4.04492943933556,3.6394685055099654,-0.40546093382559434,COL
Comb. RF/ingenuo suave,combinacion,1991,1992,1,4.04492943933556,3.6394685055099654,-0.40546093382559434,COL
Comb. LSTM/AR(1) suave,combinacion,1991,1992,1,4.04492943933556,,,COL
Comb. RF/AR(1) umbral min,combinacion,1991,1992,1,4.04492943933556,3.551489660909847,-0.49343977842571274,COL
Ingenuo,referencia,1992,1993,1,5.38540993901029,4.04492943933556,-1.3404804996747304,COL
Deriva,referencia,1992,1993,1,5.38540993901029,4.011242744333769,-1.374167194676521,COL
AR(1),Box-Jenkins,1992,1993,1,5.38540993901029,4.329416180189418,-1.0559937588208719,COL
"ARMA(2,2)",Box-Jenkins,1992,1993,1,5.38540993901029,2.8107478665628807,-2.5746620724474094,COL
"ARIMA(1,1,1)",Box-Jenkins,1992,1993,1,5.38540993901029,3.367986301149064,-2.017423637861226,COL
Ridge sobre rezagos,regularizado,1992,1993,1,5.38540993901029,3.142042652750132,-2.243367286260158,COL
Random Forest,aprendizaje,1992,1993,1,5.38540993901029,3.5256436880592115,-1.8597662509510786,COL
LSTM(16),red neuronal,1992,1993,1,5.38540993901029,4.298380054557927,-1.0870298844523631,COL
Comb. RF/AR(1) suave,combinacion,1992,1993,1,5.38540993901029,4.0249499897781815,-1.3604599492321086,COL
Comb. RF/AR(1) dura,combinacion,1992,1993,1,5.38540993901029,4.0249499897781815,-1.3604599492321086,COL
Comb. RF/ingenuo suave,combinacion,1992,1993,1,5.38540993901029,4.0249499897781815,-1.3604599492321086,COL
Comb. LSTM/AR(1) suave,combinacion,1992,1993,1,5.38540993901029,,,COL
Comb. RF/AR(1) umbral min,combinacion,1992,1993,1,5.38540993901029,4.142666373510748,-1.2427435654995422,COL
Ingenuo,referencia,1993,1994,1,5.81466190724336,5.38540993901029,-0.42925196823306955,COL
Deriva,referencia,1993,1994,1,5.81466190724336,5.394665968842141,-0.41999593840121907,COL
AR(1),Box-Jenkins,1993,1994,1,5.81466190724336,4.930873470695909,-0.8837884365474507,COL
"ARMA(2,2)",Box-Jenkins,1993,1994,1,5.81466190724336,5.582856965652229,-0.23180494159113074,COL
"ARIMA(1,1,1)",Box-Jenkins,1993,1994,1,5.81466190724336,5.896070160735627,0.08140825349226777,COL
Ridge sobre rezagos,regularizado,1993,1994,1,5.81466190724336,5.526634069366687,-0.2880278378766725,COL
Random Forest,aprendizaje,1993,1994,1,5.81466190724336,4.699331847894411,-1.115330059348949,COL
LSTM(16),red neuronal,1993,1994,1,5.81466190724336,4.352410026998975,-1.4622518802443842,COL
Comb. RF/AR(1) suave,combinacion,1993,1994,1,5.81466190724336,5.1245215573612874,-0.6901403498820722,COL
Comb. RF/AR(1) dura,combinacion,1993,1994,1,5.81466190724336,5.1245215573612874,-0.6901403498820722,COL
Comb. RF/ingenuo suave,combinacion,1993,1994,1,5.81466190724336,5.1245215573612874,-0.6901403498820722,COL
Comb. LSTM/AR(1) suave,combinacion,1993,1994,1,5.81466190724336,,,COL
Comb. RF/AR(1) umbral min,combinacion,1993,1994,1,5.81466190724336,5.080986704667874,-0.733675202575486,COL
Ingenuo,referencia,1994,1995,1,5.20243759278655,5.81466190724336,0.6122243144568094,COL
Deriva,referencia,1994,1995,1,5.20243759278655,5.836645086723732,0.6342074939371818,COL
AR(1),Box-Jenkins,1994,1995,1,5.20243759278655,5.1473883202458275,-0.05504927254072278,COL
"ARMA(2,2)",Box-Jenkins,1994,1995,1,5.20243759278655,4.953351159805495,-0.2490864329810556,COL
"ARIMA(1,1,1)",Box-Jenkins,1994,1995,1,5.20243759278655,5.327784813110297,0.12534722032374646,COL
Ridge sobre rezagos,regularizado,1994,1995,1,5.20243759278655,5.667450011368668,0.46501241858211806,COL
Random Forest,aprendizaje,1994,1995,1,5.20243759278655,5.190270062458124,-0.012167530328426324,COL
LSTM(16),red neuronal,1994,1995,1,5.20243759278655,5.222055897934033,0.01961830514748275,COL
Comb. RF/AR(1) suave,combinacion,1994,1995,1,5.20243759278655,5.384729873639891,0.18229228085334093,COL
Comb. RF/AR(1) dura,combinacion,1994,1995,1,5.20243759278655,5.384729873639891,0.18229228085334093,COL
Comb. RF/ingenuo suave,combinacion,1994,1995,1,5.20243759278655,5.384729873639891,0.18229228085334093,COL
Comb. LSTM/AR(1) suave,combinacion,1994,1995,1,5.20243759278655,,,COL
Comb. RF/AR(1) umbral min,combinacion,1994,1995,1,5.20243759278655,5.371104995857172,0.16866740307062145,COL
Ingenuo,referencia,1995,1996,1,2.05585471287195,5.20243759278655,3.1465828799146003,COL
Deriva,referencia,1995,1996,1,2.05585471287195,5.205767610680535,3.1499128978085853,COL
AR(1),Box-Jenkins,1995,1996,1,2.05585471287195,4.88680573696425,2.8309510240923004,COL
"ARMA(2,2)",Box-Jenkins,1995,1996,1,2.05585471287195,5.279447328677445,3.2235926158054946,COL
"ARIMA(1,1,1)",Box-Jenkins,1995,1996,1,2.05585471287195,5.6762819739428805,3.6204272610709305,COL
Ridge sobre rezagos,regularizado,1995,1996,1,2.05585471287195,4.60089842250454,2.5450437096325897,COL
Random Forest,aprendizaje,1995,1996,1,2.05585471287195,4.292758082697517,2.2369033698255674,COL
LSTM(16),red neuronal,1995,1996,1,2.05585471287195,4.938293393991073,2.8824386811191234,COL
Comb. RF/AR(1) suave,combinacion,1995,1996,1,2.05585471287195,4.618978532070253,2.563123819198303,COL
Comb. RF/AR(1) dura,combinacion,1995,1996,1,2.05585471287195,4.618978532070253,2.563123819198303,COL
Comb. RF/ingenuo suave,combinacion,1995,1996,1,2.05585471287195,4.618978532070253,2.563123819198303,COL
Comb. LSTM/AR(1) suave,combinacion,1995,1996,1,2.05585471287195,,,COL
Comb. RF/AR(1) umbral min,combinacion,1995,1996,1,2.05585471287195,4.625912115273019,2.570057402401069,COL
Ingenuo,referencia,1996,1997,1,3.43029367788374,2.05585471287195,-1.37443896501179,COL
Deriva,referencia,1996,1997,1,3.43029367788374,1.969187219399975,-1.461106458483765,COL
AR(1),Box-Jenkins,1996,1997,1,3.43029367788374,3.4957197503436994,0.06542607245995935,COL
"ARMA(2,2)",Box-Jenkins,1996,1997,1,3.43029367788374,2.6963969613713794,-0.7338967165123607,COL
"ARIMA(1,1,1)",Box-Jenkins,1996,1997,1,3.43029367788374,1.714166028166503,-1.716127649717237,COL
Ridge sobre rezagos,regularizado,1996,1997,1,3.43029367788374,1.8822708564456754,-1.5480228214380647,COL
Random Forest,aprendizaje,1996,1997,1,3.43029367788374,2.764065775911145,-0.666227901972595,COL
LSTM(16),red neuronal,1996,1997,1,3.43029367788374,1.5747622144648359,-1.8555314634189042,COL
Comb. RF/AR(1) suave,combinacion,1996,1997,1,3.43029367788374,3.4307225520743416,0.00042887419060155807,COL
Comb. RF/AR(1) dura,combinacion,1996,1997,1,3.43029367788374,3.4307225520743416,0.00042887419060155807,COL
Comb. RF/ingenuo suave,combinacion,1996,1997,1,3.43029367788374,3.4307225520743416,0.00042887419060155807,COL
Comb. LSTM/AR(1) suave,combinacion,1996,1997,1,3.43029367788374,1.83634152621537,-1.5939521516683701,COL
Comb. RF/AR(1) umbral min,combinacion,1996,1997,1,3.43029367788374,3.460934360325732,0.030640682441991807,COL
Ingenuo,referencia,1997,1998,1,0.569784088434517,3.43029367788374,2.860509589449223,COL
Deriva,referencia,1997,1998,1,0.569784088434517,3.384212474925203,2.814428386490686,COL
AR(1),Box-Jenkins,1997,1998,1,0.569784088434517,4.060570624997088,3.490786536562571,COL
"ARMA(2,2)",Box-Jenkins,1997,1998,1,0.569784088434517,3.64299501334612,3.0732109249116033,COL
"ARIMA(1,1,1)",Box-Jenkins,1997,1998,1,0.569784088434517,3.749518092640055,3.179734004205538,COL
Ridge sobre rezagos,regularizado,1997,1998,1,0.569784088434517,3.646518475051649,3.076734386617132,COL
Random Forest,aprendizaje,1997,1998,1,0.569784088434517,3.280005516183267,2.71022142774875,COL
LSTM(16),red neuronal,1997,1998,1,0.569784088434517,2.518952118234481,1.949168029799964,COL
Comb. RF/AR(1) suave,combinacion,1997,1998,1,0.569784088434517,3.6759646922759313,3.1061806038414144,COL
Comb. RF/AR(1) dura,combinacion,1997,1998,1,0.569784088434517,3.6759646922759313,3.1061806038414144,COL
Comb. RF/ingenuo suave,combinacion,1997,1998,1,0.569784088434517,3.6759646922759313,3.1061806038414144,COL
Comb. LSTM/AR(1) suave,combinacion,1997,1998,1,0.569784088434517,2.389637338751589,1.8198532503170721,COL
Comb. RF/AR(1) umbral min,combinacion,1997,1998,1,0.569784088434517,3.8261220141243646,3.2563379256898477,COL
Ingenuo,referencia,1998,1999,1,-4.20401524244947,0.569784088434517,4.773799330883987,COL
Deriva,referencia,1998,1999,1,-4.20401524244947,0.4476372534086642,4.6516524958581345,COL
AR(1),Box-Jenkins,1998,1999,1,-4.20401524244947,2.6285624351736825,6.832577677623153,COL
"ARMA(2,2)",Box-Jenkins,1998,1999,1,-4.20401524244947,3.2367415498961885,7.440756792345659,COL
"ARIMA(1,1,1)",Box-Jenkins,1998,1999,1,-4.20401524244947,1.0699660306468282,5.2739812730962985,COL
Ridge sobre rezagos,regularizado,1998,1999,1,-4.20401524244947,3.1899437019765085,7.393958944425979,COL
Random Forest,aprendizaje,1998,1999,1,-4.20401524244947,2.9344943946349002,7.13850963708437,COL
LSTM(16),red neuronal,1998,1999,1,-4.20401524244947,1.3041971360112652,5.508212378460735,COL
Comb. RF/AR(1) suave,combinacion,1998,1999,1,-4.20401524244947,3.76149699202367,7.96551223447314,COL
Comb. RF/AR(1) dura,combinacion,1998,1999,1,-4.20401524244947,3.76149699202367,7.96551223447314,COL
Comb. RF/ingenuo suave,combinacion,1998,1999,1,-4.20401524244947,3.76149699202367,7.96551223447314,COL
Comb. LSTM/AR(1) suave,combinacion,1998,1999,1,-4.20401524244947,2.4702035523543477,6.674218794803818,COL
Comb. RF/AR(1) umbral min,combinacion,1998,1999,1,-4.20401524244947,3.203990359603001,7.408005602052471,COL
Ingenuo,referencia,1999,2000,1,2.92486148176778,-4.20401524244947,-7.12887672421725,COL
Deriva,referencia,1999,2000,1,2.92486148176778,-4.4485739852610635,-7.373435467028843,COL
AR(1),Box-Jenkins,1999,2000,1,2.92486148176778,-1.6260698942182725,-4.550931375986052,COL
"ARMA(2,2)",Box-Jenkins,1999,2000,1,2.92486148176778,-2.754758143320789,-5.679619625088568,COL
"ARIMA(1,1,1)",Box-Jenkins,1999,2000,1,2.92486148176778,-3.9658031031824166,-6.890664584950196,COL
Ridge sobre rezagos,regularizado,1999,2000,1,2.92486148176778,-1.7295469129847723,-4.6544083947525525,COL
Random Forest,aprendizaje,1999,2000,1,2.92486148176778,-0.5421611228573355,-3.4670226046251154,COL
LSTM(16),red neuronal,1999,2000,1,2.92486148176778,2.373680987998453,-0.5511804937693268,COL
Comb. RF/AR(1) suave,combinacion,1999,2000,1,2.92486148176778,-0.36164210547472797,-3.2865035872425077,COL
Comb. RF/AR(1) dura,combinacion,1999,2000,1,2.92486148176778,-1.6260698942182725,-4.550931375986052,COL
Comb. RF/ingenuo suave,combinacion,1999,2000,1,2.92486148176778,-0.7108005086042226,-3.6356619903720024,COL
Comb. LSTM/AR(1) suave,combinacion,1999,2000,1,2.92486148176778,1.1749088071309934,-1.7499526746367864,COL
Comb. RF/AR(1) umbral min,combinacion,1999,2000,1,2.92486148176778,-1.6260698942182725,-4.550931375986052,COL
Ingenuo,referencia,2000,2001,1,1.67789830787579,2.92486148176778,1.2469631738919897,COL
Deriva,referencia,2000,2001,1,1.67789830787579,2.869365186828721,1.191466878952931,COL
AR(1),Box-Jenkins,2000,2001,1,1.67789830787579,3.553995339134996,1.876097031259206,COL
"ARMA(2,2)",Box-Jenkins,2000,2001,1,1.67789830787579,4.048485887017525,2.3705875791417346,COL
"ARIMA(1,1,1)",Box-Jenkins,2000,2001,1,1.67789830787579,2.8113856723444206,1.1334873644686305,COL
Ridge sobre rezagos,regularizado,2000,2001,1,1.67789830787579,3.314247156511274,1.636348848635484,COL
Random Forest,aprendizaje,2000,2001,1,1.67789830787579,4.248858973328602,2.570960665452812,COL
LSTM(16),red neuronal,2000,2001,1,1.67789830787579,2.8808972774787094,1.2029989696029193,COL
Comb. RF/AR(1) suave,combinacion,2000,2001,1,1.67789830787579,3.674972509489343,1.997074201613553,COL
Comb. RF/AR(1) dura,combinacion,2000,2001,1,1.67789830787579,3.553995339134996,1.876097031259206,COL
Comb. RF/ingenuo suave,combinacion,2000,2001,1,1.67789830787579,3.188103687428666,1.5102053795528758,COL
Comb. LSTM/AR(1) suave,combinacion,2000,2001,1,1.67789830787579,3.377149608546542,1.6992513006707517,COL
Comb. RF/AR(1) umbral min,combinacion,2000,2001,1,1.67789830787579,3.553995339134996,1.876097031259206,COL
Ingenuo,referencia,2001,2002,1,2.50398046659659,1.67789830787579,-0.8260821587208,COL
Deriva,referencia,2001,2002,1,2.50398046659659,1.592615340962908,-0.9113651256336821,COL
AR(1),Box-Jenkins,2001,2002,1,2.50398046659659,2.8839395360701987,0.3799590694736086,COL
"ARMA(2,2)",Box-Jenkins,2001,2002,1,2.50398046659659,4.217355326067262,1.7133748594706715,COL
"ARIMA(1,1,1)",Box-Jenkins,2001,2002,1,2.50398046659659,2.1173989548658065,-0.3865815117307836,COL
Ridge sobre rezagos,regularizado,2001,2002,1,2.50398046659659,3.954810784928375,1.4508303183317848,COL
Random Forest,aprendizaje,2001,2002,1,2.50398046659659,3.5665559837502814,1.0625755171536913,COL
LSTM(16),red neuronal,2001,2002,1,2.50398046659659,3.0012289924767193,0.49724852588012913,COL
Comb. RF/AR(1) suave,combinacion,2001,2002,1,2.50398046659659,3.1949036959808126,0.6909232293842225,COL
Comb. RF/AR(1) dura,combinacion,2001,2002,1,2.50398046659659,2.8839395360701987,0.3799590694736086,COL
Comb. RF/ingenuo suave,combinacion,2001,2002,1,2.50398046659659,2.2784692509519564,-0.22551121564463372,COL
Comb. LSTM/AR(1) suave,combinacion,2001,2002,1,2.50398046659659,2.9892334438764685,0.4852529772798784,COL
Comb. RF/AR(1) umbral min,combinacion,2001,2002,1,2.50398046659659,2.8839395360701987,0.3799590694736086,COL
Ingenuo,referencia,2002,2003,1,3.91827190322513,2.50398046659659,-1.41429143662854,COL
Deriva,referencia,2002,2003,1,3.91827190322513,2.4409259173820907,-1.4773459858430393,COL
AR(1),Box-Jenkins,2002,2003,1,3.91827190322513,3.2695899690390515,-0.6486819341860786,COL
"ARMA(2,2)",Box-Jenkins,2002,2003,1,3.91827190322513,4.3794399270443956,0.46116802381926547,COL
"ARIMA(1,1,1)",Box-Jenkins,2002,2003,1,3.91827190322513,2.4835401713927716,-1.4347317318323585,COL
Ridge sobre rezagos,regularizado,2002,2003,1,3.91827190322513,5.236923145051225,1.3186512418260952,COL
Random Forest,aprendizaje,2002,2003,1,3.91827190322513,2.6825057177272273,-1.2357661854979027,COL
LSTM(16),red neuronal,2002,2003,1,3.91827190322513,5.060982241090557,1.1427103378654273,COL
Comb. RF/AR(1) suave,combinacion,2002,2003,1,3.91827190322513,3.192600128403523,-0.725671774821607,COL
Comb. RF/AR(1) dura,combinacion,2002,2003,1,3.91827190322513,3.2695899690390515,-0.6486819341860786,COL
Comb. RF/ingenuo suave,combinacion,2002,2003,1,3.91827190322513,2.6589386505763803,-1.2593332526487497,COL
Comb. LSTM/AR(1) suave,combinacion,2002,2003,1,3.91827190322513,3.6105175504897336,-0.30775435273539653,COL
Comb. RF/AR(1) umbral min,combinacion,2002,2003,1,3.91827190322513,3.2695899690390515,-0.6486819341860786,COL
Ingenuo,referencia,2003,2004,1,5.33302206759905,3.91827190322513,-1.4147501643739195,COL
Deriva,referencia,2003,2004,1,5.33302206759905,3.890392258435465,-1.4426298091635847,COL
AR(1),Box-Jenkins,2003,2004,1,5.33302206759905,3.9816113909172137,-1.351410676681836,COL
"ARMA(2,2)",Box-Jenkins,2003,2004,1,5.33302206759905,4.113971761577639,-1.2190503060214102,COL
"ARIMA(1,1,1)",Box-Jenkins,2003,2004,1,5.33302206759905,3.251828953734462,-2.081193113864588,COL
Ridge sobre rezagos,regularizado,2003,2004,1,5.33302206759905,1.6063944918897874,-3.726627575709262,COL
Random Forest,aprendizaje,2003,2004,1,5.33302206759905,2.709715521443231,-2.6233065461558187,COL
LSTM(16),red neuronal,2003,2004,1,5.33302206759905,4.559337624141512,-0.7736844434575376,COL
Comb. RF/AR(1) suave,combinacion,2003,2004,1,5.33302206759905,3.291406880669939,-2.0416151869291106,COL
Comb. RF/AR(1) dura,combinacion,2003,2004,1,5.33302206759905,3.9816113909172137,-1.351410676681836,COL
Comb. RF/ingenuo suave,combinacion,2003,2004,1,5.33302206759905,3.2532738827741507,-2.079748184824899,COL
Comb. LSTM/AR(1) suave,combinacion,2003,2004,1,5.33302206759905,4.497524439998298,-0.835497627600752,COL
Comb. RF/AR(1) umbral min,combinacion,2003,2004,1,5.33302206759905,3.9816113909172137,-1.351410676681836,COL
Ingenuo,referencia,2004,2005,1,4.82876110773741,5.33302206759905,0.5042609598616394,COL
Deriva,referencia,2004,2005,1,4.82876110773741,5.338691953255049,0.5099308455176388,COL
AR(1),Box-Jenkins,2004,2005,1,4.82876110773741,4.700324392554448,-0.1284367151829624,COL
"ARMA(2,2)",Box-Jenkins,2004,2005,1,4.82876110773741,4.505433734754076,-0.3233273729833339,COL
"ARIMA(1,1,1)",Box-Jenkins,2004,2005,1,4.82876110773741,4.148213102554303,-0.6805480051831072,COL
Ridge sobre rezagos,regularizado,2004,2005,1,4.82876110773741,2.7953392465758937,-2.0334218611615165,COL
Random Forest,aprendizaje,2004,2005,1,4.82876110773741,3.9891442237914125,-0.8396168839459976,COL
LSTM(16),red neuronal,2004,2005,1,4.82876110773741,3.123388322388248,-1.7053727853491623,COL
Comb. RF/AR(1) suave,combinacion,2004,2005,1,4.82876110773741,4.373800973648622,-0.4549601340887879,COL
Comb. RF/AR(1) dura,combinacion,2004,2005,1,4.82876110773741,4.700324392554448,-0.1284367151829624,COL
Comb. RF/ingenuo suave,combinacion,2004,2005,1,4.82876110773741,4.761601793689238,-0.06715931404817255,COL
Comb. LSTM/AR(1) suave,combinacion,2004,2005,1,4.82876110773741,4.316591356600549,-0.5121697511368613,COL
Comb. RF/AR(1) umbral min,combinacion,2004,2005,1,4.82876110773741,4.700324392554448,-0.1284367151829624,COL
Ingenuo,referencia,2005,2006,1,6.71686869844402,4.82876110773741,-1.8881075907066096,COL
Deriva,referencia,2005,2006,1,6.71686869844402,4.822841655995282,-1.8940270424487382,COL
AR(1),Box-Jenkins,2005,2006,1,6.71686869844402,4.458883803909946,-2.257984894534074,COL
"ARMA(2,2)",Box-Jenkins,2005,2006,1,6.71686869844402,4.592827436784868,-2.124041261659152,COL
"ARIMA(1,1,1)",Box-Jenkins,2005,2006,1,6.71686869844402,4.05223991068401,-2.6646287877600097,COL
Ridge sobre rezagos,regularizado,2005,2006,1,6.71686869844402,3.4275379566746222,-3.2893307417693975,COL
Random Forest,aprendizaje,2005,2006,1,6.71686869844402,3.2486979682073716,-3.4681707302366482,COL
LSTM(16),red neuronal,2005,2006,1,6.71686869844402,4.06165138696708,-2.6552173114769397,COL
Comb. RF/AR(1) suave,combinacion,2005,2006,1,6.71686869844402,3.8882700835633193,-2.8285986148807005,COL
Comb. RF/AR(1) dura,combinacion,2005,2006,1,6.71686869844402,4.458883803909946,-2.257984894534074,COL
Comb. RF/ingenuo suave,combinacion,2005,2006,1,6.71686869844402,4.115459828503479,-2.601408869940541,COL
Comb. LSTM/AR(1) suave,combinacion,2005,2006,1,6.71686869844402,4.168191344687903,-2.5486773537561165,COL
Comb. RF/AR(1) umbral min,combinacion,2005,2006,1,6.71686869844402,4.458883803909946,-2.257984894534074,COL
Ingenuo,referencia,2006,2007,1,6.73819469090975,6.71686869844402,-0.02132599246573008,COL
Deriva,referencia,2006,2007,1,6.73819469090975,6.753038736534085,0.0148440456243355,COL
AR(1),Box-Jenkins,2006,2007,1,6.73819469090975,5.447129520564294,-1.2910651703454556,COL
"ARMA(2,2)",Box-Jenkins,2006,2007,1,6.73819469090975,5.373035793247519,-1.3651588976622309,COL
"ARIMA(1,1,1)",Box-Jenkins,2006,2007,1,6.73819469090975,6.02148764767214,-0.7167070432376095,COL
Ridge sobre rezagos,regularizado,2006,2007,1,6.73819469090975,3.7161158639345375,-3.0220788269752124,COL
Random Forest,aprendizaje,2006,2007,1,6.73819469090975,5.420497085572178,-1.317697605337572,COL
LSTM(16),red neuronal,2006,2007,1,6.73819469090975,5.522621592280652,-1.2155730986290978,COL
Comb. RF/AR(1) suave,combinacion,2006,2007,1,6.73819469090975,4.970823784252011,-1.7673709066577388,COL
Comb. RF/AR(1) dura,combinacion,2006,2007,1,6.73819469090975,5.447129520564294,-1.2910651703454556,COL
Comb. RF/ingenuo suave,combinacion,2006,2007,1,6.73819469090975,5.724108233663555,-1.0140864572461945,COL
Comb. LSTM/AR(1) suave,combinacion,2006,2007,1,6.73819469090975,5.348086732193591,-1.3901079587161584,COL
Comb. RF/AR(1) umbral min,combinacion,2006,2007,1,6.73819469090975,5.447129520564294,-1.2910651703454556,COL
Ingenuo,referencia,2007,2008,1,3.28344618616541,6.73819469090975,3.45474850474434,COL
Deriva,referencia,2007,2008,1,3.28344618616541,6.774042032355808,3.4905958461903985,COL
AR(1),Box-Jenkins,2007,2008,1,3.28344618616541,5.524895960451602,2.241449774286192,COL
"ARMA(2,2)",Box-Jenkins,2007,2008,1,3.28344618616541,5.823193189717346,2.539747003551936,COL
"ARIMA(1,1,1)",Box-Jenkins,2007,2008,1,3.28344618616541,6.644725236389914,3.3612790502245042,COL
Ridge sobre rezagos,regularizado,2007,2008,1,3.28344618616541,5.385423824214296,2.1019776380488864,COL
Random Forest,aprendizaje,2007,2008,1,3.28344618616541,6.010708277433589,2.7272620912681793,COL
LSTM(16),red neuronal,2007,2008,1,3.28344618616541,5.567149399038467,2.283703212873057,COL
Comb. RF/AR(1) suave,combinacion,2007,2008,1,3.28344618616541,5.192726290664034,1.9092801044986238,COL
Comb. RF/AR(1) dura,combinacion,2007,2008,1,3.28344618616541,5.524895960451602,2.241449774286192,COL
Comb. RF/ingenuo suave,combinacion,2007,2008,1,3.28344618616541,5.529922689541898,2.2464765033764884,COL
Comb. LSTM/AR(1) suave,combinacion,2007,2008,1,3.28344618616541,5.391775166040584,2.108328979875174,COL
Comb. RF/AR(1) umbral min,combinacion,2007,2008,1,3.28344618616541,5.524895960451602,2.241449774286192,COL
Ingenuo,referencia,2008,2009,1,1.13964864548062,3.28344618616541,2.1437975406847896,COL
Deriva,referencia,2008,2009,1,1.13964864548062,3.245025530884013,2.105376885403393,COL
AR(1),Box-Jenkins,2008,2009,1,1.13964864548062,3.7419371333702873,2.602288487889667,COL
"ARMA(2,2)",Box-Jenkins,2008,2009,1,1.13964864548062,4.094933369705931,2.9552847242253106,COL
"ARIMA(1,1,1)",Box-Jenkins,2008,2009,1,1.13964864548062,3.627339098509553,2.487690453028933,COL
Ridge sobre rezagos,regularizado,2008,2009,1,1.13964864548062,3.7275056366030253,2.587856991122405,COL
Random Forest,aprendizaje,2008,2009,1,1.13964864548062,2.1637874813123896,1.0241388358317696,COL
LSTM(16),red neuronal,2008,2009,1,1.13964864548062,2.876607827418811,1.736959181938191,COL
Comb. RF/AR(1) suave,combinacion,2008,2009,1,1.13964864548062,3.1118554687508277,1.9722068232702077,COL
Comb. RF/AR(1) dura,combinacion,2008,2009,1,1.13964864548062,3.1118554687508277,1.9722068232702077,COL
Comb. RF/ingenuo suave,combinacion,2008,2009,1,1.13964864548062,3.1118554687508277,1.9722068232702077,COL
Comb. LSTM/AR(1) suave,combinacion,2008,2009,1,1.13964864548062,2.811389127369538,1.671740481888918,COL
Comb. RF/AR(1) umbral min,combinacion,2008,2009,1,1.13964864548062,3.4616722437855882,2.322023598304968,COL
Ingenuo,referencia,2009,2010,1,4.49465897070922,1.13964864548062,-3.3550103252285997,COL
Deriva,referencia,2009,2010,1,4.49465897070922,1.057365971753319,-3.437292998955901,COL
AR(1),Box-Jenkins,2009,2010,1,4.49465897070922,2.6159576098857684,-1.8787013608234515,COL
"ARMA(2,2)",Box-Jenkins,2009,2010,1,4.49465897070922,1.8810358190531264,-2.6136231516560935,COL
"ARIMA(1,1,1)",Box-Jenkins,2009,2010,1,4.49465897070922,2.4766664791922888,-2.017992491516931,COL
Ridge sobre rezagos,regularizado,2009,2010,1,4.49465897070922,1.9107477769764736,-2.5839111937327464,COL
Random Forest,aprendizaje,2009,2010,1,4.49465897070922,2.209175027711741,-2.285483942997479,COL
LSTM(16),red neuronal,2009,2010,1,4.49465897070922,1.1046865800129257,-3.389972390696294,COL
Comb. RF/AR(1) suave,combinacion,2009,2010,1,4.49465897070922,2.675790807300084,-1.8188681634091362,COL
Comb. RF/AR(1) dura,combinacion,2009,2010,1,4.49465897070922,2.675790807300084,-1.8188681634091362,COL
Comb. RF/ingenuo suave,combinacion,2009,2010,1,4.49465897070922,2.675790807300084,-1.8188681634091362,COL
Comb. LSTM/AR(1) suave,combinacion,2009,2010,1,4.49465897070922,1.0009344576621788,-3.493724513047041,COL
Comb. RF/AR(1) umbral min,combinacion,2009,2010,1,4.49465897070922,2.63936397609692,-1.8552949946122999,COL
Ingenuo,referencia,2010,2011,1,6.94789198173555,4.49465897070922,-2.45323301102633,COL
Deriva,referencia,2010,2011,1,6.94789198173555,4.4825251336953045,-2.4653668480402455,COL
AR(1),Box-Jenkins,2010,2011,1,6.94789198173555,4.306843810857797,-2.6410481708777533,COL
"ARMA(2,2)",Box-Jenkins,2010,2011,1,6.94789198173555,4.376938986296352,-2.570952995439198,COL
"ARIMA(1,1,1)",Box-Jenkins,2010,2011,1,6.94789198173555,4.138295291243125,-2.809596690492425,COL
Ridge sobre rezagos,regularizado,2010,2011,1,6.94789198173555,3.2519167800003266,-3.6959752017352234,COL
Random Forest,aprendizaje,2010,2011,1,6.94789198173555,3.755234157551641,-3.192657824183909,COL
LSTM(16),red neuronal,2010,2011,1,6.94789198173555,3.36437718510213,-3.58351479663342,COL
Comb. RF/AR(1) suave,combinacion,2010,2011,1,6.94789198173555,4.119652338226779,-2.8282396435087707,COL
Comb. RF/AR(1) dura,combinacion,2010,2011,1,6.94789198173555,4.119652338226779,-2.8282396435087707,COL
Comb. RF/ingenuo suave,combinacion,2010,2011,1,6.94789198173555,4.119652338226779,-2.8282396435087707,COL
Comb. LSTM/AR(1) suave,combinacion,2010,2011,1,6.94789198173555,3.7314558714407395,-3.2164361102948105,COL
Comb. RF/AR(1) umbral min,combinacion,2010,2011,1,6.94789198173555,4.2756991956455925,-2.6721927860899575,COL
Ingenuo,referencia,2011,2012,1,3.91263576716115,6.94789198173555,3.0352562145744,COL
Deriva,referencia,2011,2012,1,3.91263576716115,6.985065481682439,3.0724297145212893,COL
AR(1),Box-Jenkins,2011,2012,1,3.91263576716115,5.523507421493308,1.6108716543321582,COL
"ARMA(2,2)",Box-Jenkins,2011,2012,1,3.91263576716115,5.946254044288228,2.033618277127078,COL
"ARIMA(1,1,1)",Box-Jenkins,2011,2012,1,3.91263576716115,5.501876999343634,1.5892412321824838,COL
Ridge sobre rezagos,regularizado,2011,2012,1,3.91263576716115,5.904417690236247,1.9917819230750973,COL
Random Forest,aprendizaje,2011,2012,1,3.91263576716115,5.965983007691082,2.053347240529932,COL
LSTM(16),red neuronal,2011,2012,1,3.91263576716115,8.35552342281714,4.442887655655989,COL
Comb. RF/AR(1) suave,combinacion,2011,2012,1,3.91263576716115,5.645012519675021,1.7323767525138707,COL
Comb. RF/AR(1) dura,combinacion,2011,2012,1,3.91263576716115,5.645012519675021,1.7323767525138707,COL
Comb. RF/ingenuo suave,combinacion,2011,2012,1,3.91263576716115,5.645012519675021,1.7323767525138707,COL
Comb. LSTM/AR(1) suave,combinacion,2011,2012,1,3.91263576716115,4.923914065460235,1.0112782982990853,COL
Comb. RF/AR(1) umbral min,combinacion,2011,2012,1,3.91263576716115,5.541637764815834,1.6290019976546843,COL
Ingenuo,referencia,2012,2013,1,5.13399351995672,3.91263576716115,-1.2213577527955697,COL
Deriva,referencia,2012,2013,1,5.13399351995672,3.889565547215465,-1.2444279727412546,COL
AR(1),Box-Jenkins,2012,2013,1,5.13399351995672,4.059256849750037,-1.0747366702066827,COL
"ARMA(2,2)",Box-Jenkins,2012,2013,1,5.13399351995672,3.639721520739376,-1.4942719992173439,COL
"ARIMA(1,1,1)",Box-Jenkins,2012,2013,1,5.13399351995672,3.9790570643190395,-1.1549364556376802,COL
Ridge sobre rezagos,regularizado,2012,2013,1,5.13399351995672,4.808848943524235,-0.32514457643248473,COL
Random Forest,aprendizaje,2012,2013,1,5.13399351995672,4.206355253457956,-0.9276382664987635,COL
LSTM(16),red neuronal,2012,2013,1,5.13399351995672,4.083944861341104,-1.0500486586156157,COL
Comb. RF/AR(1) suave,combinacion,2012,2013,1,5.13399351995672,4.185439455614298,-0.9485540643424217,COL
Comb. RF/AR(1) dura,combinacion,2012,2013,1,5.13399351995672,4.185439455614298,-0.9485540643424217,COL
Comb. RF/ingenuo suave,combinacion,2012,2013,1,5.13399351995672,4.185439455614298,-0.9485540643424217,COL
Comb. LSTM/AR(1) suave,combinacion,2012,2013,1,5.13399351995672,3.8990382738767937,-1.234955246079926,COL
Comb. RF/AR(1) umbral min,combinacion,2012,2013,1,5.13399351995672,4.07039109615671,-1.0636024238000097,COL
Ingenuo,referencia,2013,2014,1,4.49903000110972,5.13399351995672,0.634963518847,COL
Deriva,referencia,2013,2014,1,4.49903000110972,5.134854607179136,0.6358246060694164,COL
AR(1),Box-Jenkins,2013,2014,1,4.49903000110972,4.6347836617039135,0.1357536605941938,COL
"ARMA(2,2)",Box-Jenkins,2013,2014,1,4.49903000110972,4.840818406363916,0.3417884052541966,COL
"ARIMA(1,1,1)",Box-Jenkins,2013,2014,1,4.49903000110972,4.587287440506991,0.08825743939727104,COL
Ridge sobre rezagos,regularizado,2013,2014,1,4.49903000110972,5.1085253310227285,0.6094953299130088,COL
Random Forest,aprendizaje,2013,2014,1,4.49903000110972,4.503946004144577,0.004916003034857397,COL
LSTM(16),red neuronal,2013,2014,1,4.49903000110972,4.206454838147415,-0.29257516296230435,COL
Comb. RF/AR(1) suave,combinacion,2013,2014,1,4.49903000110972,4.322168394569982,-0.17686160653973815,COL
Comb. RF/AR(1) dura,combinacion,2013,2014,1,4.49903000110972,4.322168394569982,-0.17686160653973815,COL
Comb. RF/ingenuo suave,combinacion,2013,2014,1,4.49903000110972,4.322168394569982,-0.17686160653973815,COL
Comb. LSTM/AR(1) suave,combinacion,2013,2014,1,4.49903000110972,4.051792754457795,-0.447237246651925,COL
Comb. RF/AR(1) umbral min,combinacion,2013,2014,1,4.49903000110972,4.556241723886278,0.05721172277655828,COL
Ingenuo,referencia,2014,2015,1,2.95590137527523,4.49903000110972,1.5431286258344898,COL
Deriva,referencia,2014,2015,1,2.95590137527523,4.487894397651581,1.531993022376351,COL
AR(1),Box-Jenkins,2014,2015,1,2.95590137527523,4.343845643592946,1.3879442683177161,COL
"ARMA(2,2)",Box-Jenkins,2014,2015,1,2.95590137527523,4.241118433963431,1.2852170586882008,COL
"ARIMA(1,1,1)",Box-Jenkins,2014,2015,1,2.95590137527523,4.305385280743318,1.3494839054680878,COL
Ridge sobre rezagos,regularizado,2014,2015,1,2.95590137527523,3.6104279864378928,0.6545266111626629,COL
Random Forest,aprendizaje,2014,2015,1,2.95590137527523,5.367430687212501,2.411529311937271,COL
LSTM(16),red neuronal,2014,2015,1,2.95590137527523,4.065152932048616,1.1092515567733865,COL
Comb. RF/AR(1) suave,combinacion,2014,2015,1,2.95590137527523,4.72292453765886,1.7670231623836297,COL
Comb. RF/AR(1) dura,combinacion,2014,2015,1,2.95590137527523,4.72292453765886,1.7670231623836297,COL
Comb. RF/ingenuo suave,combinacion,2014,2015,1,2.95590137527523,4.72292453765886,1.7670231623836297,COL
Comb. LSTM/AR(1) suave,combinacion,2014,2015,1,2.95590137527523,3.8772080054879345,0.9213066302127046,COL
Comb. RF/AR(1) umbral min,combinacion,2014,2015,1,2.95590137527523,4.3678017768700625,1.4119004015948327,COL
Ingenuo,referencia,2015,2016,1,2.08738250162794,2.95590137527523,0.86851887364729,COL
Deriva,referencia,2015,2016,1,2.08738250162794,2.9163955306619735,0.8290130290340336,COL
AR(1),Box-Jenkins,2015,2016,1,2.08738250162794,3.620379362652134,1.532996861024194,COL
"ARMA(2,2)",Box-Jenkins,2015,2016,1,2.08738250162794,3.536893994634548,1.4495114930066082,COL
"ARIMA(1,1,1)",Box-Jenkins,2015,2016,1,2.08738250162794,3.5619372227644135,1.4745547211364736,COL
Ridge sobre rezagos,regularizado,2015,2016,1,2.08738250162794,3.2262405868165733,1.1388580851886334,COL
Random Forest,aprendizaje,2015,2016,1,2.08738250162794,2.2661841038175443,0.1788016021896044,COL
LSTM(16),red neuronal,2015,2016,1,2.08738250162794,3.9017577712182776,1.8143752695903377,COL
Comb. RF/AR(1) suave,combinacion,2015,2016,1,2.08738250162794,2.5508976595018673,0.4635151578739274,COL
Comb. RF/AR(1) dura,combinacion,2015,2016,1,2.08738250162794,2.5508976595018673,0.4635151578739274,COL
Comb. RF/ingenuo suave,combinacion,2015,2016,1,2.08738250162794,2.5508976595018673,0.4635151578739274,COL
Comb. LSTM/AR(1) suave,combinacion,2015,2016,1,2.08738250162794,3.8191086720940133,1.7317261704660734,COL
Comb. RF/AR(1) umbral min,combinacion,2015,2016,1,2.08738250162794,3.145903337617718,1.058520835989778,COL
Ingenuo,referencia,2016,2017,1,1.35936086788746,2.08738250162794,0.7280216337404799,COL
Deriva,referencia,2016,2017,1,1.35936086788746,2.0328036928504285,0.6734428249629685,COL
AR(1),Box-Jenkins,2016,2017,1,1.35936086788746,3.1827641725293865,1.8234033046419265,COL
"ARMA(2,2)",Box-Jenkins,2016,2017,1,1.35936086788746,2.966593592794946,1.607232724907486,COL
"ARIMA(1,1,1)",Box-Jenkins,2016,2017,1,1.35936086788746,3.1019200058141077,1.7425591379266476,COL
Ridge sobre rezagos,regularizado,2016,2017,1,1.35936086788746,3.412407821295207,2.0530469534077467,COL
Random Forest,aprendizaje,2016,2017,1,1.35936086788746,2.754696766325461,1.3953358984380009,COL
LSTM(16),red neuronal,2016,2017,1,1.35936086788746,3.8461711563864385,2.4868102884989787,COL
Comb. RF/AR(1) suave,combinacion,2016,2017,1,1.35936086788746,2.3900148159834247,1.0306539480959647,COL
Comb. RF/AR(1) dura,combinacion,2016,2017,1,1.35936086788746,2.3900148159834247,1.0306539480959647,COL
Comb. RF/ingenuo suave,combinacion,2016,2017,1,1.35936086788746,2.3900148159834247,1.0306539480959647,COL
Comb. LSTM/AR(1) suave,combinacion,2016,2017,1,1.35936086788746,3.737123130608208,2.377762262720748,COL
Comb. RF/AR(1) umbral min,combinacion,2016,2017,1,1.35936086788746,2.7908255572991605,1.4314646894117005,COL
Ingenuo,referencia,2017,2018,1,2.56432428277704,1.35936086788746,-1.20496341488958,COL
Deriva,referencia,2017,2018,1,2.56432428277704,1.292756294378467,-1.271567988398573,COL
AR(1),Box-Jenkins,2017,2018,1,2.56432428277704,2.7710950233766223,0.20677074059958223,COL
"ARMA(2,2)",Box-Jenkins,2017,2018,1,2.56432428277704,2.6678916625712965,0.10356737979425645,COL
"ARIMA(1,1,1)",Box-Jenkins,2017,2018,1,2.56432428277704,2.657962161979177,0.09363787920213706,COL
Ridge sobre rezagos,regularizado,2017,2018,1,2.56432428277704,2.4940224743672026,-0.07030180840983746,COL
Random Forest,aprendizaje,2017,2018,1,2.56432428277704,2.814558962974148,0.2502346801971078,COL
LSTM(16),red neuronal,2017,2018,1,2.56432428277704,3.2742664164331052,0.7099421336560652,COL
Comb. RF/AR(1) suave,combinacion,2017,2018,1,2.56432428277704,2.7007458873982864,0.1364216046212463,COL
Comb. RF/AR(1) dura,combinacion,2017,2018,1,2.56432428277704,2.7007458873982864,0.1364216046212463,COL
Comb. RF/ingenuo suave,combinacion,2017,2018,1,2.56432428277704,2.7007458873982864,0.1364216046212463,COL
Comb. LSTM/AR(1) suave,combinacion,2017,2018,1,2.56432428277704,3.3801507035206164,0.8158264207435764,COL
Comb. RF/AR(1) umbral min,combinacion,2017,2018,1,2.56432428277704,2.7441886210335853,0.17986433825654524,COL
Ingenuo,referencia,2018,2019,1,3.18685539245533,2.56432428277704,-0.62253110967829,COL
Deriva,referencia,2018,2019,1,3.18685539245533,2.520027919590829,-0.666827472864501,COL
AR(1),Box-Jenkins,2018,2019,1,3.18685539245533,3.3370913932272903,0.1502360007719603,COL
"ARMA(2,2)",Box-Jenkins,2018,2019,1,3.18685539245533,3.3141954778773757,0.12734008542204567,COL
"ARIMA(1,1,1)",Box-Jenkins,2018,2019,1,3.18685539245533,3.198320049887971,0.011464657432640912,COL
Ridge sobre rezagos,regularizado,2018,2019,1,3.18685539245533,3.4830188883585875,0.2961634959032575,COL
Random Forest,aprendizaje,2018,2019,1,3.18685539245533,3.141218713213746,-0.04563667924158388,COL
LSTM(16),red neuronal,2018,2019,1,3.18685539245533,3.267616013367145,0.08076062091181502,COL
Comb. RF/AR(1) suave,combinacion,2018,2019,1,3.18685539245533,3.309786387233458,0.12293099477812808,COL
Comb. RF/AR(1) dura,combinacion,2018,2019,1,3.18685539245533,3.309786387233458,0.12293099477812808,COL
Comb. RF/ingenuo suave,combinacion,2018,2019,1,3.18685539245533,3.309786387233458,0.12293099477812808,COL
Comb. LSTM/AR(1) suave,combinacion,2018,2019,1,3.18685539245533,3.382720037763402,0.19586464530807213,COL
Comb. RF/AR(1) umbral min,combinacion,2018,2019,1,3.18685539245533,3.3177300036076085,0.1308746111522785,COL
Ingenuo,referencia,2019,2020,1,-7.18591413760859,3.18685539245533,10.37276953006392,COL
Deriva,referencia,2019,2020,1,-7.18591413760859,3.1540560546633345,10.339970192271924,COL
AR(1),Box-Jenkins,2019,2020,1,-7.18591413760859,3.6312213066635515,10.817135444272141,COL
"ARMA(2,2)",Box-Jenkins,2019,2020,1,-7.18591413760859,3.6741619580097584,10.860076095618348,COL
"ARIMA(1,1,1)",Box-Jenkins,2019,2020,1,-7.18591413760859,3.482681630005559,10.66859576761415,COL
Ridge sobre rezagos,regularizado,2019,2020,1,-7.18591413760859,3.894907146224182,11.080821283832773,COL
Random Forest,aprendizaje,2019,2020,1,-7.18591413760859,3.5934671901548123,10.779381327763403,COL
LSTM(16),red neuronal,2019,2020,1,-7.18591413760859,3.674392990347146,10.860307127955735,COL
Comb. RF/AR(1) suave,combinacion,2019,2020,1,-7.18591413760859,3.558926209641742,10.744840347250332,COL
Comb. RF/AR(1) dura,combinacion,2019,2020,1,-7.18591413760859,3.558926209641742,10.744840347250332,COL
Comb. RF/ingenuo suave,combinacion,2019,2020,1,-7.18591413760859,3.558926209641742,10.744840347250332,COL
Comb. LSTM/AR(1) suave,combinacion,2019,2020,1,-7.18591413760859,3.938970976680058,11.124885114288649,COL
Comb. RF/AR(1) umbral min,combinacion,2019,2020,1,-7.18591413760859,3.5734038695898063,10.759318007198395,COL
Ingenuo,referencia,2020,2021,1,10.8011981904878,-7.18591413760859,-17.987112328096387,COL
Deriva,referencia,2020,2021,1,10.8011981904878,-7.393967207472991,-18.19516539796079,COL
AR(1),Box-Jenkins,2020,2021,1,10.8011981904878,-1.951148206152265,-12.752346396640064,COL
"ARMA(2,2)",Box-Jenkins,2020,2021,1,10.8011981904878,-2.7085423499123196,-13.509740540400118,COL
"ARIMA(1,1,1)",Box-Jenkins,2020,2021,1,10.8011981904878,-2.0903315865374568,-12.891529777025255,COL
Ridge sobre rezagos,regularizado,2020,2021,1,10.8011981904878,-1.7174046399942169,-12.518602830482017,COL
Random Forest,aprendizaje,2020,2021,1,10.8011981904878,1.370173214417015,-9.431024976070784,COL
LSTM(16),red neuronal,2020,2021,1,10.8011981904878,3.367509633028277,-7.433688557459522,COL
Comb. RF/AR(1) suave,combinacion,2020,2021,1,10.8011981904878,-1.951148206152265,-12.752346396640064,COL
Comb. RF/AR(1) dura,combinacion,2020,2021,1,10.8011981904878,-1.951148206152265,-12.752346396640064,COL
Comb. RF/ingenuo suave,combinacion,2020,2021,1,10.8011981904878,-7.18591413760859,-17.987112328096387,COL
Comb. LSTM/AR(1) suave,combinacion,2020,2021,1,10.8011981904878,-1.951148206152265,-12.752346396640064,COL
Comb. RF/AR(1) umbral min,combinacion,2020,2021,1,10.8011981904878,-1.951148206152265,-12.752346396640064,COL
Ingenuo,referencia,2021,2022,1,7.32827729427979,10.8011981904878,3.4729208962080094,COL
Deriva,referencia,2021,2022,1,7.32827729427979,10.896397877256078,3.568120582976288,COL
AR(1),Box-Jenkins,2021,2022,1,7.32827729427979,4.991332129600587,-2.3369451646792028,COL
"ARMA(2,2)",Box-Jenkins,2021,2022,1,7.32827729427979,0.6309520210780586,-6.697325273201731,COL
"ARIMA(1,1,1)",Box-Jenkins,2021,2022,1,7.32827729427979,3.9524166182206866,-3.3758606760591032,COL
Ridge sobre rezagos,regularizado,2021,2022,1,7.32827729427979,2.3616170502240847,-4.966660244055705,COL
Random Forest,aprendizaje,2021,2022,1,7.32827729427979,5.009184221753846,-2.319093072525944,COL
LSTM(16),red neuronal,2021,2022,1,7.32827729427979,3.6394056026842283,-3.6888716915955615,COL
Comb. RF/AR(1) suave,combinacion,2021,2022,1,7.32827729427979,4.991332129600587,-2.3369451646792028,COL
Comb. RF/AR(1) dura,combinacion,2021,2022,1,7.32827729427979,4.991332129600587,-2.3369451646792028,COL
Comb. RF/ingenuo suave,combinacion,2021,2022,1,7.32827729427979,10.8011981904878,3.4729208962080094,COL
Comb. LSTM/AR(1) suave,combinacion,2021,2022,1,7.32827729427979,4.991332129600587,-2.3369451646792028,COL
Comb. RF/AR(1) umbral min,combinacion,2021,2022,1,7.32827729427979,4.991332129600587,-2.3369451646792028,COL
Ingenuo,referencia,2022,2023,1,0.841819555752039,7.32827729427979,6.486457738527751,COL
Deriva,referencia,2022,2023,1,0.841819555752039,7.364983200999277,6.523163645247238,COL
AR(1),Box-Jenkins,2022,2023,1,0.841819555752039,4.651438668355124,3.8096191126030847,COL
"ARMA(2,2)",Box-Jenkins,2022,2023,1,0.841819555752039,4.854640234718174,4.0128206789661345,COL
"ARIMA(1,1,1)",Box-Jenkins,2022,2023,1,0.841819555752039,4.316029451862121,3.4742098961100822,COL
Ridge sobre rezagos,regularizado,2022,2023,1,0.841819555752039,2.512112334386109,1.67029277863407,COL
Random Forest,aprendizaje,2022,2023,1,0.841819555752039,2.73285587001982,1.8910363142677808,COL
LSTM(16),red neuronal,2022,2023,1,0.841819555752039,3.7309196681351886,2.8891001123831495,COL
Comb. RF/AR(1) suave,combinacion,2022,2023,1,0.841819555752039,4.651438668355124,3.8096191126030847,COL
Comb. RF/AR(1) dura,combinacion,2022,2023,1,0.841819555752039,4.651438668355124,3.8096191126030847,COL
Comb. RF/ingenuo suave,combinacion,2022,2023,1,0.841819555752039,7.32827729427979,6.486457738527751,COL
Comb. LSTM/AR(1) suave,combinacion,2022,2023,1,0.841819555752039,4.651438668355124,3.8096191126030847,COL
Comb. RF/AR(1) umbral min,combinacion,2022,2023,1,0.841819555752039,4.651438668355124,3.8096191126030847,COL
Ingenuo,referencia,2023,2024,1,1.49330728771066,0.841819555752039,-0.6514877319586209,COL
Deriva,referencia,2023,2024,1,1.49330728771066,0.7733131456126998,-0.7199941420979601,COL
AR(1),Box-Jenkins,2023,2024,1,1.49330728771066,3.5032192921066403,2.0099120043959804,COL
"ARMA(2,2)",Box-Jenkins,2023,2024,1,1.49330728771066,4.051377315223133,2.5580700275124735,COL
"ARIMA(1,1,1)",Box-Jenkins,2023,2024,1,1.49330728771066,3.2051468012655633,1.7118395135549034,COL
Ridge sobre rezagos,regularizado,2023,2024,1,1.49330728771066,6.752225815557599,5.258918527846939,COL
Random Forest,aprendizaje,2023,2024,1,1.49330728771066,2.6111235285433,1.11781624083264,COL
LSTM(16),red neuronal,2023,2024,1,1.49330728771066,3.616282672590906,2.122975384880246,COL
Comb. RF/AR(1) suave,combinacion,2023,2024,1,1.49330728771066,3.5032192921066403,2.0099120043959804,COL
Comb. RF/AR(1) dura,combinacion,2023,2024,1,1.49330728771066,3.5032192921066403,2.0099120043959804,COL
Comb. RF/ingenuo suave,combinacion,2023,2024,1,1.49330728771066,0.841819555752039,-0.6514877319586209,COL
Comb. LSTM/AR(1) suave,combinacion,2023,2024,1,1.49330728771066,3.5032192921066403,2.0099120043959804,COL
Comb. RF/AR(1) umbral min,combinacion,2023,2024,1,1.49330728771066,3.5032192921066403,2.0099120043959804,COL
Ingenuo,referencia,2024,2025,1,2.64201548985928,1.49330728771066,-1.1487082021486201,COL
Deriva,referencia,2024,2025,1,2.64201548985928,1.43622935601732,-1.20578613384196,COL
AR(1),Box-Jenkins,2024,2025,1,2.64201548985928,3.5351927444560074,0.8931772545967274,COL
"ARMA(2,2)",Box-Jenkins,2024,2025,1,2.64201548985928,3.3871168804200003,0.7451013905607202,COL
"ARIMA(1,1,1)",Box-Jenkins,2024,2025,1,2.64201548985928,3.144617385886883,0.5026018960276031,COL
Ridge sobre rezagos,regularizado,2024,2025,1,2.64201548985928,6.3045458820580365,3.6625303921987564,COL
Random Forest,aprendizaje,2024,2025,1,2.64201548985928,2.173749857028284,-0.4682656328309962,COL
LSTM(16),red neuronal,2024,2025,1,2.64201548985928,3.559957075790217,0.917941585930937,COL
Comb. RF/AR(1) suave,combinacion,2024,2025,1,2.64201548985928,3.5351927444560074,0.8931772545967274,COL
Comb. RF/AR(1) dura,combinacion,2024,2025,1,2.64201548985928,3.5351927444560074,0.8931772545967274,COL
Comb. RF/ingenuo suave,combinacion,2024,2025,1,2.64201548985928,1.49330728771066,-1.1487082021486201,COL
Comb. LSTM/AR(1) suave,combinacion,2024,2025,1,2.64201548985928,3.5351927444560074,0.8931772545967274,COL
Comb. RF/AR(1) umbral min,combinacion,2024,2025,1,2.64201548985928,3.5351927444560074,0.8931772545967274,COL
Ingenuo,referencia,1990,1991,1,2.26565496296189,3.55306336572279,1.2874084027609003,CRI
Deriva,referencia,1990,1991,1,2.26565496296189,3.6107801522524,1.3451251892905103,CRI
AR(1),Box-Jenkins,1990,1991,1,2.26565496296189,4.301440590360478,2.0357856273985884,CRI
"ARMA(2,2)",Box-Jenkins,1990,1991,1,2.26565496296189,3.359332315607631,1.093677352645741,CRI
"ARIMA(1,1,1)",Box-Jenkins,1990,1991,1,2.26565496296189,3.740985602433194,1.475330639471304,CRI
Ridge sobre rezagos,regularizado,1990,1991,1,2.26565496296189,5.502203727552632,3.2365487645907423,CRI
Random Forest,aprendizaje,1990,1991,1,2.26565496296189,5.028660549115038,2.7630055861531484,CRI
LSTM(16),red neuronal,1990,1991,1,2.26565496296189,,,CRI
Comb. RF/AR(1) suave,combinacion,1990,1991,1,2.26565496296189,4.361996060457766,2.0963410974958765,CRI
Comb. RF/AR(1) dura,combinacion,1990,1991,1,2.26565496296189,4.301440590360478,2.0357856273985884,CRI
Comb. RF/ingenuo suave,combinacion,1990,1991,1,2.26565496296189,4.226564396905049,1.9609094339431592,CRI
Comb. LSTM/AR(1) suave,combinacion,1990,1991,1,2.26565496296189,,,CRI
Comb. RF/AR(1) umbral min,combinacion,1990,1991,1,2.26565496296189,4.301440590360478,2.0357856273985884,CRI
Ingenuo,referencia,1991,1992,1,9.20110358278828,2.26565496296189,-6.93544861982639,CRI
Deriva,referencia,1991,1992,1,9.20110358278828,2.278534243181816,-6.922569339606463,CRI
AR(1),Box-Jenkins,1991,1992,1,9.20110358278828,3.660491999716255,-5.540611583072025,CRI
"ARMA(2,2)",Box-Jenkins,1991,1992,1,9.20110358278828,2.61779179885646,-6.583311783931819,CRI
"ARIMA(1,1,1)",Box-Jenkins,1991,1992,1,9.20110358278828,3.0971060833704707,-6.103997499417809,CRI
Ridge sobre rezagos,regularizado,1991,1992,1,9.20110358278828,2.2445746072050374,-6.956528975583242,CRI
Random Forest,aprendizaje,1991,1992,1,9.20110358278828,3.0973113694753054,-6.103792213312975,CRI
LSTM(16),red neuronal,1991,1992,1,9.20110358278828,,,CRI
Comb. RF/AR(1) suave,combinacion,1991,1992,1,9.20110358278828,3.1819727961554922,-6.019130786632788,CRI
Comb. RF/AR(1) dura,combinacion,1991,1992,1,9.20110358278828,3.1819727961554922,-6.019130786632788,CRI
Comb. RF/ingenuo suave,combinacion,1991,1992,1,9.20110358278828,3.1819727961554922,-6.019130786632788,CRI
Comb. LSTM/AR(1) suave,combinacion,1991,1992,1,9.20110358278828,,,CRI
Comb. RF/AR(1) umbral min,combinacion,1991,1992,1,9.20110358278828,3.660491999716255,-5.540611583072025,CRI
Ingenuo,referencia,1992,1993,1,7.09719089594824,9.20110358278828,2.1039126868400393,CRI
Deriva,referencia,1992,1993,1,7.09719089594824,9.437291551382607,2.340100655434367,CRI
AR(1),Box-Jenkins,1992,1993,1,7.09719089594824,6.715299380705174,-0.3818915152430664,CRI
"ARMA(2,2)",Box-Jenkins,1992,1993,1,7.09719089594824,8.159601261734062,1.062410365785822,CRI
"ARIMA(1,1,1)",Box-Jenkins,1992,1993,1,7.09719089594824,6.184814231059719,-0.9123766648885212,CRI
Ridge sobre rezagos,regularizado,1992,1993,1,7.09719089594824,6.925658345691277,-0.17153255025696357,CRI
Random Forest,aprendizaje,1992,1993,1,7.09719089594824,4.016969472578385,-3.0802214233698555,CRI
LSTM(16),red neuronal,1992,1993,1,7.09719089594824,4.25676897096935,-2.84042192497889,CRI
Comb. RF/AR(1) suave,combinacion,1992,1993,1,7.09719089594824,3.7340795539584826,-3.363111341989758,CRI
Comb. RF/AR(1) dura,combinacion,1992,1993,1,7.09719089594824,3.7340795539584826,-3.363111341989758,CRI
Comb. RF/ingenuo suave,combinacion,1992,1993,1,7.09719089594824,3.7340795539584826,-3.363111341989758,CRI
Comb. LSTM/AR(1) suave,combinacion,1992,1993,1,7.09719089594824,,,CRI
Comb. RF/AR(1) umbral min,combinacion,1992,1993,1,7.09719089594824,6.715299380705174,-0.3818915152430664,CRI
Ingenuo,referencia,1993,1994,1,4.51902842051615,7.09719089594824,2.57816247543209,CRI
Deriva,referencia,1993,1994,1,4.51902842051615,7.260250719060245,2.741222298544095,CRI
AR(1),Box-Jenkins,1993,1994,1,4.51902842051615,5.891747176033844,1.3727187555176936,CRI
"ARMA(2,2)",Box-Jenkins,1993,1994,1,4.51902842051615,3.4324993201049825,-1.086529100411168,CRI
"ARIMA(1,1,1)",Box-Jenkins,1993,1994,1,4.51902842051615,5.625899996377981,1.106871575861831,CRI
Ridge sobre rezagos,regularizado,1993,1994,1,4.51902842051615,4.661444767221832,0.14241634670568182,CRI
Random Forest,aprendizaje,1993,1994,1,4.51902842051615,5.89817857752204,1.3791501570058893,CRI
LSTM(16),red neuronal,1993,1994,1,4.51902842051615,4.539350177907843,0.020321757391692508,CRI
Comb. RF/AR(1) suave,combinacion,1993,1994,1,4.51902842051615,5.244838907393468,0.7258104868773172,CRI
Comb. RF/AR(1) dura,combinacion,1993,1994,1,4.51902842051615,5.244838907393468,0.7258104868773172,CRI
Comb. RF/ingenuo suave,combinacion,1993,1994,1,4.51902842051615,5.244838907393468,0.7258104868773172,CRI
Comb. LSTM/AR(1) suave,combinacion,1993,1994,1,4.51902842051615,,,CRI
Comb. RF/AR(1) umbral min,combinacion,1993,1994,1,4.51902842051615,5.891747176033844,1.3727187555176936,CRI
Ingenuo,referencia,1994,1995,1,4.15395329584814,4.51902842051615,0.3650751246680102,CRI
Deriva,referencia,1994,1995,1,4.15395329584814,4.59902090124803,0.4450676053998901,CRI
AR(1),Box-Jenkins,1994,1995,1,4.15395329584814,4.80498243961908,0.6510291437709395,CRI
"ARMA(2,2)",Box-Jenkins,1994,1995,1,4.15395329584814,6.148135845306479,1.9941825494583387,CRI
"ARIMA(1,1,1)",Box-Jenkins,1994,1995,1,4.15395329584814,4.602077801719154,0.4481245058710135,CRI
Ridge sobre rezagos,regularizado,1994,1995,1,4.15395329584814,5.542317203553171,1.3883639077050312,CRI
Random Forest,aprendizaje,1994,1995,1,4.15395329584814,5.286710088536391,1.1327567926882507,CRI
LSTM(16),red neuronal,1994,1995,1,4.15395329584814,4.41555567062267,0.2616023747745295,CRI
Comb. RF/AR(1) suave,combinacion,1994,1995,1,4.15395329584814,5.120051571731079,0.9660982758829384,CRI
Comb. RF/AR(1) dura,combinacion,1994,1995,1,4.15395329584814,5.120051571731079,0.9660982758829384,CRI
Comb. RF/ingenuo suave,combinacion,1994,1995,1,4.15395329584814,5.120051571731079,0.9660982758829384,CRI
Comb. LSTM/AR(1) suave,combinacion,1994,1995,1,4.15395329584814,,,CRI
Comb. RF/AR(1) umbral min,combinacion,1994,1995,1,4.15395329584814,4.80498243961908,0.6510291437709395,CRI
Ingenuo,referencia,1995,1996,1,1.35045951266757,4.15395329584814,2.80349378318057,CRI
Deriva,referencia,1995,1996,1,1.35045951266757,4.220855552891789,2.8703960402242186,CRI
AR(1),Box-Jenkins,1995,1996,1,1.35045951266757,4.639980230493011,3.289520717825441,CRI
"ARMA(2,2)",Box-Jenkins,1995,1996,1,1.35045951266757,3.6143173544518676,2.2638578417842976,CRI
"ARIMA(1,1,1)",Box-Jenkins,1995,1996,1,1.35045951266757,4.432260622818967,3.0818011101513973,CRI
Ridge sobre rezagos,regularizado,1995,1996,1,1.35045951266757,3.226410328141857,1.8759508154742868,CRI
Random Forest,aprendizaje,1995,1996,1,1.35045951266757,2.2624785748575977,0.9120190621900277,CRI
LSTM(16),red neuronal,1995,1996,1,1.35045951266757,4.348399348452506,2.9979398357849356,CRI
Comb. RF/AR(1) suave,combinacion,1995,1996,1,1.35045951266757,2.01949739634693,0.6690378836793598,CRI
Comb. RF/AR(1) dura,combinacion,1995,1996,1,1.35045951266757,2.01949739634693,0.6690378836793598,CRI
Comb. RF/ingenuo suave,combinacion,1995,1996,1,1.35045951266757,2.01949739634693,0.6690378836793598,CRI
Comb. LSTM/AR(1) suave,combinacion,1995,1996,1,1.35045951266757,,,CRI
Comb. RF/AR(1) umbral min,combinacion,1995,1996,1,1.35045951266757,4.639980230493011,3.289520717825441,CRI
Ingenuo,referencia,1996,1997,1,5.47616597492105,1.35045951266757,-4.125706462253479,CRI
Deriva,referencia,1996,1997,1,5.47616597492105,1.3353504542762407,-4.140815520644809,CRI
AR(1),Box-Jenkins,1996,1997,1,5.47616597492105,3.4071533635581965,-2.069012611362853,CRI
"ARMA(2,2)",Box-Jenkins,1996,1997,1,5.47616597492105,3.3416851379485673,-2.1344808369724824,CRI
"ARIMA(1,1,1)",Box-Jenkins,1996,1997,1,5.47616597492105,3.145719724500148,-2.3304462504209016,CRI
Ridge sobre rezagos,regularizado,1996,1997,1,5.47616597492105,2.672112499677568,-2.8040534752434816,CRI
Random Forest,aprendizaje,1996,1997,1,5.47616597492105,-0.6308108296883479,-6.106976804609397,CRI
LSTM(16),red neuronal,1996,1997,1,5.47616597492105,4.08665902567442,-1.3895069492466297,CRI
Comb. RF/AR(1) suave,combinacion,1996,1997,1,5.47616597492105,-0.12013883380025131,-5.5963048087213005,CRI
Comb. RF/AR(1) dura,combinacion,1996,1997,1,5.47616597492105,-0.12013883380025131,-5.5963048087213005,CRI
Comb. RF/ingenuo suave,combinacion,1996,1997,1,5.47616597492105,-0.12013883380025131,-5.5963048087213005,CRI
Comb. LSTM/AR(1) suave,combinacion,1996,1997,1,5.47616597492105,2.0124564101146616,-3.463709564806388,CRI
Comb. RF/AR(1) umbral min,combinacion,1996,1997,1,5.47616597492105,3.4071533635581965,-2.069012611362853,CRI
Ingenuo,referencia,1997,1998,1,7.08853729218445,5.47616597492105,-1.6123713172634,CRI
Deriva,referencia,1997,1998,1,7.08853729218445,5.576079569880965,-1.512457722303485,CRI
AR(1),Box-Jenkins,1997,1998,1,7.08853729218445,5.121644249618603,-1.9668930425658466,CRI
"ARMA(2,2)",Box-Jenkins,1997,1998,1,7.08853729218445,4.802152910949242,-2.286384381235208,CRI
"ARIMA(1,1,1)",Box-Jenkins,1997,1998,1,7.08853729218445,4.81653506728213,-2.2720022249023195,CRI
Ridge sobre rezagos,regularizado,1997,1998,1,7.08853729218445,6.266604078050401,-0.8219332141340487,CRI
Random Forest,aprendizaje,1997,1998,1,7.08853729218445,5.569276265820748,-1.5192610263637016,CRI
LSTM(16),red neuronal,1997,1998,1,7.08853729218445,4.455887689245034,-2.6326496029394155,CRI
Comb. RF/AR(1) suave,combinacion,1997,1998,1,7.08853729218445,5.023573510902189,-2.0649637812822608,CRI
Comb. RF/AR(1) dura,combinacion,1997,1998,1,7.08853729218445,5.023573510902189,-2.0649637812822608,CRI
Comb. RF/ingenuo suave,combinacion,1997,1998,1,7.08853729218445,5.023573510902189,-2.0649637812822608,CRI
Comb. LSTM/AR(1) suave,combinacion,1997,1998,1,7.08853729218445,4.063015332235035,-3.0255219599494145,CRI
Comb. RF/AR(1) umbral min,combinacion,1997,1998,1,7.08853729218445,5.121644249618603,-1.9668930425658466,CRI
Ingenuo,referencia,1998,1999,1,4.147800457203,7.08853729218445,2.9407368349814496,CRI
Deriva,referencia,1998,1999,1,4.147800457203,7.229328122882297,3.081527665679297,CRI
AR(1),Box-Jenkins,1998,1999,1,4.147800457203,5.807316673439699,1.6595162162366988,CRI
"ARMA(2,2)",Box-Jenkins,1998,1999,1,4.147800457203,4.4612858167606735,0.3134853595576734,CRI
"ARIMA(1,1,1)",Box-Jenkins,1998,1999,1,4.147800457203,5.61190946175874,1.4641090045557403,CRI
Ridge sobre rezagos,regularizado,1998,1999,1,4.147800457203,5.400339187784846,1.252538730581846,CRI
Random Forest,aprendizaje,1998,1999,1,4.147800457203,5.61137957951431,1.4635791223113097,CRI
LSTM(16),red neuronal,1998,1999,1,4.147800457203,4.368195651345939,0.22039519414293895,CRI
Comb. RF/AR(1) suave,combinacion,1998,1999,1,4.147800457203,4.888188154781763,0.7403876975787629,CRI
Comb. RF/AR(1) dura,combinacion,1998,1999,1,4.147800457203,4.888188154781763,0.7403876975787629,CRI
Comb. RF/ingenuo suave,combinacion,1998,1999,1,4.147800457203,4.888188154781763,0.7403876975787629,CRI
Comb. LSTM/AR(1) suave,combinacion,1998,1999,1,4.147800457203,4.462119632866537,0.3143191756635373,CRI
Comb. RF/AR(1) umbral min,combinacion,1998,1999,1,4.147800457203,5.807316673439699,1.6595162162366988,CRI
Ingenuo,referencia,1999,2000,1,3.80207210664838,4.147800457203,0.34572835055462026,CRI
Deriva,referencia,1999,2000,1,3.80207210664838,4.207498454593497,0.40542634794511745,CRI
AR(1),Box-Jenkins,1999,2000,1,3.80207210664838,4.6210347890801895,0.8189626824318097,CRI
"ARMA(2,2)",Box-Jenkins,1999,2000,1,3.80207210664838,3.2817530802720407,-0.5203190263763391,CRI
"ARIMA(1,1,1)",Box-Jenkins,1999,2000,1,3.80207210664838,4.4512987474245795,0.6492266407761997,CRI
Ridge sobre rezagos,regularizado,1999,2000,1,3.80207210664838,4.469011295929661,0.6669391892812815,CRI
Random Forest,aprendizaje,1999,2000,1,3.80207210664838,4.475326659743229,0.673254553094849,CRI
LSTM(16),red neuronal,1999,2000,1,3.80207210664838,4.329909298508606,0.5278371918602263,CRI
Comb. RF/AR(1) suave,combinacion,1999,2000,1,3.80207210664838,4.3565192015839695,0.5544470949355897,CRI
Comb. RF/AR(1) dura,combinacion,1999,2000,1,3.80207210664838,4.3565192015839695,0.5544470949355897,CRI
Comb. RF/ingenuo suave,combinacion,1999,2000,1,3.80207210664838,4.3565192015839695,0.5544470949355897,CRI
Comb. LSTM/AR(1) suave,combinacion,1999,2000,1,3.80207210664838,4.647491509570349,0.8454194029219693,CRI
Comb. RF/AR(1) umbral min,combinacion,1999,2000,1,3.80207210664838,4.6210347890801895,0.8189626824318097,CRI
Ingenuo,referencia,2000,2001,1,3.49117013515725,3.80207210664838,0.31090197149112964,CRI
Deriva,referencia,2000,2001,1,3.49117013515725,3.851374556655669,0.3602044214984188,CRI
AR(1),Box-Jenkins,2000,2001,1,3.49117013515725,4.46689233016656,0.9757221950093102,CRI
"ARMA(2,2)",Box-Jenkins,2000,2001,1,3.49117013515725,4.156506099265856,0.6653359641086061,CRI
"ARIMA(1,1,1)",Box-Jenkins,2000,2001,1,3.49117013515725,4.283553811935065,0.7923836767778152,CRI
Ridge sobre rezagos,regularizado,2000,2001,1,3.49117013515725,3.490137712830186,-0.0010324223270643529,CRI
Random Forest,aprendizaje,2000,2001,1,3.49117013515725,4.037371788330458,0.5462016531732079,CRI
LSTM(16),red neuronal,2000,2001,1,3.49117013515725,4.2936363619656435,0.8024662268083933,CRI
Comb. RF/AR(1) suave,combinacion,2000,2001,1,3.49117013515725,4.1115658558767,0.6203957207194497,CRI
Comb. RF/AR(1) dura,combinacion,2000,2001,1,3.49117013515725,4.1115658558767,0.6203957207194497,CRI
Comb. RF/ingenuo suave,combinacion,2000,2001,1,3.49117013515725,4.1115658558767,0.6203957207194497,CRI
Comb. LSTM/AR(1) suave,combinacion,2000,2001,1,3.49117013515725,2.76628586169662,-0.72488427346063,CRI
Comb. RF/AR(1) umbral min,combinacion,2000,2001,1,3.49117013515725,4.276382598860567,0.7852124637033171,CRI
Ingenuo,referencia,2001,2002,1,3.41687615891895,3.49117013515725,0.07429397623830036,CRI
Deriva,referencia,2001,2002,1,3.41687615891895,3.531467474627079,0.1145913157081293,CRI
AR(1),Box-Jenkins,2001,2002,1,3.41687615891895,4.320522023880686,0.9036458649617365,CRI
"ARMA(2,2)",Box-Jenkins,2001,2002,1,3.41687615891895,3.2929506762917518,-0.12392548262719805,CRI
"ARIMA(1,1,1)",Box-Jenkins,2001,2002,1,3.41687615891895,4.114864235958812,0.6979880770398625,CRI
Ridge sobre rezagos,regularizado,2001,2002,1,3.41687615891895,3.3815301224524212,-0.03534603646652856,CRI
Random Forest,aprendizaje,2001,2002,1,3.41687615891895,5.292598071730795,1.8757219128118456,CRI
LSTM(16),red neuronal,2001,2002,1,3.41687615891895,4.394468832492693,0.9775926735737435,CRI
Comb. RF/AR(1) suave,combinacion,2001,2002,1,3.41687615891895,4.566031151559546,1.1491549926405962,CRI
Comb. RF/AR(1) dura,combinacion,2001,2002,1,3.41687615891895,4.566031151559546,1.1491549926405962,CRI
Comb. RF/ingenuo suave,combinacion,2001,2002,1,3.41687615891895,4.566031151559546,1.1491549926405962,CRI
Comb. LSTM/AR(1) suave,combinacion,2001,2002,1,3.41687615891895,2.8441638029514813,-0.5727123559674685,CRI
Comb. RF/AR(1) umbral min,combinacion,2001,2002,1,3.41687615891895,4.411524493509288,0.9946483345903379,CRI
Ingenuo,referencia,2002,2003,1,4.31718000096654,3.41687615891895,-0.9003038420475904,CRI
Deriva,referencia,2002,2003,1,4.31718000096654,3.454378588249556,-0.8628014127169843,CRI
AR(1),Box-Jenkins,2002,2003,1,4.31718000096654,4.266169162956773,-0.051010838009767134,CRI
"ARMA(2,2)",Box-Jenkins,2002,2003,1,4.31718000096654,4.051849105437313,-0.2653308955292273,CRI
"ARIMA(1,1,1)",Box-Jenkins,2002,2003,1,4.31718000096654,4.034320046208315,-0.28285995475822556,CRI
Ridge sobre rezagos,regularizado,2002,2003,1,4.31718000096654,4.740094177373526,0.4229141764069855,CRI
Random Forest,aprendizaje,2002,2003,1,4.31718000096654,6.083557126752349,1.7663771257858087,CRI
LSTM(16),red neuronal,2002,2003,1,4.31718000096654,4.365572032687227,0.04839203172068718,CRI
Comb. RF/AR(1) suave,combinacion,2002,2003,1,4.31718000096654,5.254175578860062,0.936995577893522,CRI
Comb. RF/AR(1) dura,combinacion,2002,2003,1,4.31718000096654,5.254175578860062,0.936995577893522,CRI
Comb. RF/ingenuo suave,combinacion,2002,2003,1,4.31718000096654,5.254175578860062,0.936995577893522,CRI
Comb. LSTM/AR(1) suave,combinacion,2002,2003,1,4.31718000096654,3.83472672429522,-0.4824532766713201,CRI
Comb. RF/AR(1) umbral min,combinacion,2002,2003,1,4.31718000096654,4.525495384837629,0.2083153838710885,CRI
Ingenuo,referencia,2003,2004,1,4.42459978667458,4.31718000096654,-0.10741978570804012,CRI
Deriva,referencia,2003,2004,1,4.42459978667458,4.3752253210761225,-0.04937446559845782,CRI
AR(1),Box-Jenkins,2003,2004,1,4.42459978667458,4.616553216814479,0.19195343013989863,CRI
"ARMA(2,2)",Box-Jenkins,2003,2004,1,4.42459978667458,3.902284770952579,-0.5223150157220013,CRI
"ARIMA(1,1,1)",Box-Jenkins,2003,2004,1,4.42459978667458,4.380645330284829,-0.04395445638975115,CRI
Ridge sobre rezagos,regularizado,2003,2004,1,4.42459978667458,4.772003688226008,0.3474039015514281,CRI
Random Forest,aprendizaje,2003,2004,1,4.42459978667458,4.89422627012544,0.46962648345085967,CRI
LSTM(16),red neuronal,2003,2004,1,4.42459978667458,4.385993471750311,-0.03860631492426947,CRI
Comb. RF/AR(1) suave,combinacion,2003,2004,1,4.42459978667458,4.1729708869247295,-0.2516288997498508,CRI
Comb. RF/AR(1) dura,combinacion,2003,2004,1,4.42459978667458,4.1729708869247295,-0.2516288997498508,CRI
Comb. RF/ingenuo suave,combinacion,2003,2004,1,4.42459978667458,4.1729708869247295,-0.2516288997498508,CRI
Comb. LSTM/AR(1) suave,combinacion,2003,2004,1,4.42459978667458,4.456050610927569,0.03145082425298895,CRI
Comb. RF/AR(1) umbral min,combinacion,2003,2004,1,4.42459978667458,4.475711579813861,0.05111179313928105,CRI
Ingenuo,referencia,2004,2005,1,3.97666631433462,4.42459978667458,0.4479334723399604,CRI
Deriva,referencia,2004,2005,1,3.97666631433462,4.483793350170173,0.5071270358355533,CRI
AR(1),Box-Jenkins,2004,2005,1,3.97666631433462,4.653674687273307,0.6770083729386873,CRI
"ARMA(2,2)",Box-Jenkins,2004,2005,1,3.97666631433462,4.101029776373479,0.12436346203885895,CRI
"ARIMA(1,1,1)",Box-Jenkins,2004,2005,1,3.97666631433462,4.428602514202323,0.45193619986770317,CRI
Ridge sobre rezagos,regularizado,2004,2005,1,3.97666631433462,4.249308815770515,0.2726425014358953,CRI
Random Forest,aprendizaje,2004,2005,1,3.97666631433462,4.098750127004015,0.12208381266939528,CRI
LSTM(16),red neuronal,2004,2005,1,3.97666631433462,4.246086817285187,0.2694205029505672,CRI
Comb. RF/AR(1) suave,combinacion,2004,2005,1,3.97666631433462,3.450770558839647,-0.525895755494973,CRI
Comb. RF/AR(1) dura,combinacion,2004,2005,1,3.97666631433462,3.450770558839647,-0.525895755494973,CRI
Comb. RF/ingenuo suave,combinacion,2004,2005,1,3.97666631433462,3.450770558839647,-0.525895755494973,CRI
Comb. LSTM/AR(1) suave,combinacion,2004,2005,1,3.97666631433462,4.1955587415295605,0.21889242719494062,CRI
Comb. RF/AR(1) umbral min,combinacion,2004,2005,1,3.97666631433462,4.277039277192729,0.30037296285810866,CRI
Ingenuo,referencia,2005,2006,1,7.3266951372695,3.97666631433462,-3.35002882293488,CRI
Deriva,referencia,2005,2006,1,7.3266951372695,4.024334263379404,-3.3023608738900956,CRI
AR(1),Box-Jenkins,2005,2006,1,7.3266951372695,4.4642617939189995,-2.8624333433505003,CRI
"ARMA(2,2)",Box-Jenkins,2005,2006,1,7.3266951372695,3.6977025972708537,-3.628992539998646,CRI
"ARIMA(1,1,1)",Box-Jenkins,2005,2006,1,7.3266951372695,4.2383814328732194,-3.0883137043962803,CRI
Ridge sobre rezagos,regularizado,2005,2006,1,7.3266951372695,3.999995794944815,-3.3266993423246847,CRI
Random Forest,aprendizaje,2005,2006,1,7.3266951372695,4.407693780895869,-2.919001356373631,CRI
LSTM(16),red neuronal,2005,2006,1,7.3266951372695,3.7795559616948893,-3.5471391755746104,CRI
Comb. RF/AR(1) suave,combinacion,2005,2006,1,7.3266951372695,4.259409389527756,-3.067285747741744,CRI
Comb. RF/AR(1) dura,combinacion,2005,2006,1,7.3266951372695,4.259409389527756,-3.067285747741744,CRI
Comb. RF/ingenuo suave,combinacion,2005,2006,1,7.3266951372695,4.259409389527756,-3.067285747741744,CRI
Comb. LSTM/AR(1) suave,combinacion,2005,2006,1,7.3266951372695,4.105207334700491,-3.2214878025690084,CRI
Comb. RF/AR(1) umbral min,combinacion,2005,2006,1,7.3266951372695,4.2818732560979305,-3.0448218811715693,CRI
Ingenuo,referencia,2006,2007,1,8.21513209207497,7.3266951372695,-0.8884369548054707,CRI
Deriva,referencia,2006,2007,1,8.21513209207497,7.447748883511842,-0.7673832085631282,CRI
AR(1),Box-Jenkins,2006,2007,1,8.21513209207497,5.815364445186221,-2.3997676468887494,CRI
"ARMA(2,2)",Box-Jenkins,2006,2007,1,8.21513209207497,5.767919415734983,-2.447212676339987,CRI
"ARIMA(1,1,1)",Box-Jenkins,2006,2007,1,8.21513209207497,5.698358204585968,-2.516773887489002,CRI
Ridge sobre rezagos,regularizado,2006,2007,1,8.21513209207497,5.8477366630503695,-2.367395429024601,CRI
Random Forest,aprendizaje,2006,2007,1,8.21513209207497,5.286507797623851,-2.9286242944511196,CRI
LSTM(16),red neuronal,2006,2007,1,8.21513209207497,4.63414858799946,-3.58098350407551,CRI
Comb. RF/AR(1) suave,combinacion,2006,2007,1,8.21513209207497,4.684235408226541,-3.5308966838484297,CRI
Comb. RF/AR(1) dura,combinacion,2006,2007,1,8.21513209207497,4.684235408226541,-3.5308966838484297,CRI
Comb. RF/ingenuo suave,combinacion,2006,2007,1,8.21513209207497,4.684235408226541,-3.5308966838484297,CRI
Comb. LSTM/AR(1) suave,combinacion,2006,2007,1,8.21513209207497,4.850724307737343,-3.3644077843376277,CRI
Comb. RF/AR(1) umbral min,combinacion,2006,2007,1,8.21513209207497,5.227890435705967,-2.9872416563690036,CRI
Ingenuo,referencia,2007,2008,1,4.73817511214847,8.21513209207497,3.4769569799265003,CRI
Deriva,referencia,2007,2008,1,4.73817511214847,8.352868081981729,3.614692969833259,CRI
AR(1),Box-Jenkins,2007,2008,1,4.73817511214847,6.260344514280007,1.5221694021315368,CRI
"ARMA(2,2)",Box-Jenkins,2007,2008,1,4.73817511214847,4.272781085891662,-0.46539402625680815,CRI
"ARIMA(1,1,1)",Box-Jenkins,2007,2008,1,4.73817511214847,6.259757862311231,1.5215827501627608,CRI
Ridge sobre rezagos,regularizado,2007,2008,1,4.73817511214847,5.709317864927919,0.971142752779449,CRI
Random Forest,aprendizaje,2007,2008,1,4.73817511214847,5.895771271053442,1.1575961589049717,CRI
LSTM(16),red neuronal,2007,2008,1,4.73817511214847,5.896536537740509,1.1583614255920391,CRI
Comb. RF/AR(1) suave,combinacion,2007,2008,1,4.73817511214847,5.223357262523036,0.48518215037456613,CRI
Comb. RF/AR(1) dura,combinacion,2007,2008,1,4.73817511214847,5.223357262523036,0.48518215037456613,CRI
Comb. RF/ingenuo suave,combinacion,2007,2008,1,4.73817511214847,5.223357262523036,0.48518215037456613,CRI
Comb. LSTM/AR(1) suave,combinacion,2007,2008,1,4.73817511214847,5.014279196613522,0.27610408446505197,CRI
Comb. RF/AR(1) umbral min,combinacion,2007,2008,1,4.73817511214847,5.440663377379152,0.7024882652306816,CRI
Ingenuo,referencia,2008,2009,1,-0.87345608994562,4.73817511214847,5.61163120209409,CRI
Deriva,referencia,2008,2009,1,-0.87345608994562,4.799002740994946,5.672458830940566,CRI
AR(1),Box-Jenkins,2008,2009,1,-0.87345608994562,4.843913574555957,5.717369664501577,CRI
"ARMA(2,2)",Box-Jenkins,2008,2009,1,-0.87345608994562,3.5784399135752434,4.451896003520863,CRI
"ARIMA(1,1,1)",Box-Jenkins,2008,2009,1,-0.87345608994562,4.843938050822293,5.7173941407679125,CRI
Ridge sobre rezagos,regularizado,2008,2009,1,-0.87345608994562,4.506024768949288,5.379480858894908,CRI
Random Forest,aprendizaje,2008,2009,1,-0.87345608994562,4.867803938098839,5.741260028044459,CRI
LSTM(16),red neuronal,2008,2009,1,-0.87345608994562,4.302760541385389,5.176216631331009,CRI
Comb. RF/AR(1) suave,combinacion,2008,2009,1,-0.87345608994562,4.499142476398839,5.372598566344458,CRI
Comb. RF/AR(1) dura,combinacion,2008,2009,1,-0.87345608994562,4.499142476398839,5.372598566344458,CRI
Comb. RF/ingenuo suave,combinacion,2008,2009,1,-0.87345608994562,4.499142476398839,5.372598566344458,CRI
Comb. LSTM/AR(1) suave,combinacion,2008,2009,1,-0.87345608994562,4.220131224214583,5.093587314160203,CRI
Comb. RF/AR(1) umbral min,combinacion,2008,2009,1,-0.87345608994562,4.699028980557837,5.572485070503457,CRI
Ingenuo,referencia,2009,2010,1,5.36034347722267,-0.87345608994562,-6.2337995671682895,CRI
Deriva,referencia,2009,2010,1,5.36034347722267,-0.9308046867437392,-6.291148163966409,CRI
AR(1),Box-Jenkins,2009,2010,1,5.36034347722267,2.552499812974749,-2.8078436642479208,CRI
"ARMA(2,2)",Box-Jenkins,2009,2010,1,5.36034347722267,1.2698537181324725,-4.090489759090197,CRI
"ARIMA(1,1,1)",Box-Jenkins,2009,2010,1,5.36034347722267,2.4482720458795577,-2.912071431343112,CRI
Ridge sobre rezagos,regularizado,2009,2010,1,5.36034347722267,1.2253597643019183,-4.134983712920752,CRI
Random Forest,aprendizaje,2009,2010,1,5.36034347722267,-0.4283112187575504,-5.78865469598022,CRI
LSTM(16),red neuronal,2009,2010,1,5.36034347722267,0.7597878571853909,-4.600555620037278,CRI
Comb. RF/AR(1) suave,combinacion,2009,2010,1,5.36034347722267,-0.14215976342687542,-5.5025032406495455,CRI
Comb. RF/AR(1) dura,combinacion,2009,2010,1,5.36034347722267,-0.14215976342687542,-5.5025032406495455,CRI
Comb. RF/ingenuo suave,combinacion,2009,2010,1,5.36034347722267,-0.14215976342687542,-5.5025032406495455,CRI
Comb. LSTM/AR(1) suave,combinacion,2009,2010,1,5.36034347722267,1.192801288821133,-4.167542188401537,CRI
Comb. RF/AR(1) umbral min,combinacion,2009,2010,1,5.36034347722267,2.552499812974749,-2.8078436642479208,CRI
Ingenuo,referencia,2010,2011,1,4.40315921836142,5.36034347722267,0.9571842588612496,CRI
Deriva,referencia,2010,2011,1,4.40315921836142,5.431385659281008,1.028226440919588,CRI
AR(1),Box-Jenkins,2010,2011,1,4.40315921836142,5.0000639942825025,0.5969047759210824,CRI
"ARMA(2,2)",Box-Jenkins,2010,2011,1,4.40315921836142,6.627328430786475,2.224169212425055,CRI
"ARIMA(1,1,1)",Box-Jenkins,2010,2011,1,4.40315921836142,4.942067665175806,0.5389084468143857,CRI
Ridge sobre rezagos,regularizado,2010,2011,1,4.40315921836142,6.160186456033379,1.7570272376719593,CRI
Random Forest,aprendizaje,2010,2011,1,4.40315921836142,5.874452426391416,1.471293208029996,CRI
LSTM(16),red neuronal,2010,2011,1,4.40315921836142,4.461969692667165,0.05881047430574515,CRI
Comb. RF/AR(1) suave,combinacion,2010,2011,1,4.40315921836142,5.832521557662144,1.4293623393007238,CRI
Comb. RF/AR(1) dura,combinacion,2010,2011,1,4.40315921836142,5.832521557662144,1.4293623393007238,CRI
Comb. RF/ingenuo suave,combinacion,2010,2011,1,4.40315921836142,5.832521557662144,1.4293623393007238,CRI
Comb. LSTM/AR(1) suave,combinacion,2010,2011,1,4.40315921836142,7.5537246840006835,3.1505654656392634,CRI
Comb. RF/AR(1) umbral min,combinacion,2010,2011,1,4.40315921836142,5.0000639942825025,0.5969047759210824,CRI
Ingenuo,referencia,2011,2012,1,4.88259252932575,4.40315921836142,-0.47943331096433006,CRI
Deriva,referencia,2011,2012,1,4.88259252932575,4.453636871601367,-0.4289556577243836,CRI
AR(1),Box-Jenkins,2011,2012,1,4.88259252932575,4.6506211351337985,-0.23197139419195167,CRI
"ARMA(2,2)",Box-Jenkins,2011,2012,1,4.88259252932575,2.074833279321438,-2.8077592500043123,CRI
"ARIMA(1,1,1)",Box-Jenkins,2011,2012,1,4.88259252932575,4.585942415758707,-0.2966501135670434,CRI
Ridge sobre rezagos,regularizado,2011,2012,1,4.88259252932575,3.842710874631778,-1.0398816546939722,CRI
Random Forest,aprendizaje,2011,2012,1,4.88259252932575,5.3418071317696745,0.4592146024439243,CRI
LSTM(16),red neuronal,2011,2012,1,4.88259252932575,4.464262791177036,-0.41832973814871455,CRI
Comb. RF/AR(1) suave,combinacion,2011,2012,1,4.88259252932575,5.384409605295258,0.501817075969508,CRI
Comb. RF/AR(1) dura,combinacion,2011,2012,1,4.88259252932575,5.384409605295258,0.501817075969508,CRI
Comb. RF/ingenuo suave,combinacion,2011,2012,1,4.88259252932575,5.384409605295258,0.501817075969508,CRI
Comb. LSTM/AR(1) suave,combinacion,2011,2012,1,4.88259252932575,4.120696045250811,-0.7618964840749394,CRI
Comb. RF/AR(1) umbral min,combinacion,2011,2012,1,4.88259252932575,4.6506211351337985,-0.23197139419195167,CRI
Ingenuo,referencia,2012,2013,1,2.49476596233289,4.88259252932575,2.3878265669928602,CRI
Deriva,referencia,2012,2013,1,2.49476596233289,4.941481077815194,2.446715115482304,CRI
AR(1),Box-Jenkins,2012,2013,1,2.49476596233289,4.823912154015867,2.3291461916829768,CRI
"ARMA(2,2)",Box-Jenkins,2012,2013,1,2.49476596233289,5.446981411489156,2.9522154491562658,CRI
"ARIMA(1,1,1)",Box-Jenkins,2012,2013,1,2.49476596233289,4.788642762243388,2.293876799910498,CRI
Ridge sobre rezagos,regularizado,2012,2013,1,2.49476596233289,6.327217159902659,3.8324511975697693,CRI
Random Forest,aprendizaje,2012,2013,1,2.49476596233289,5.124173999642158,2.6294080373092683,CRI
LSTM(16),red neuronal,2012,2013,1,2.49476596233289,4.480450292330241,1.9856843299973512,CRI
Comb. RF/AR(1) suave,combinacion,2012,2013,1,2.49476596233289,4.866673903584339,2.3719079412514494,CRI
Comb. RF/AR(1) dura,combinacion,2012,2013,1,2.49476596233289,4.866673903584339,2.3719079412514494,CRI
Comb. RF/ingenuo suave,combinacion,2012,2013,1,2.49476596233289,4.866673903584339,2.3719079412514494,CRI
Comb. LSTM/AR(1) suave,combinacion,2012,2013,1,2.49476596233289,4.271699475681534,1.7769335133486441,CRI
Comb. RF/AR(1) umbral min,combinacion,2012,2013,1,2.49476596233289,4.823912154015867,2.3291461916829768,CRI
Ingenuo,referencia,2013,2014,1,3.54210997703849,2.49476596233289,-1.0473440147056001,CRI
Deriva,referencia,2013,2014,1,3.54210997703849,2.506602297063059,-1.035507679975431,CRI
AR(1),Box-Jenkins,2013,2014,1,3.54210997703849,3.940922033824406,0.3988120567859159,CRI
"ARMA(2,2)",Box-Jenkins,2013,2014,1,3.54210997703849,2.496459977832312,-1.0456499992061778,CRI
"ARIMA(1,1,1)",Box-Jenkins,2013,2014,1,3.54210997703849,3.8286534328408695,0.2865434558023794,CRI
Ridge sobre rezagos,regularizado,2013,2014,1,3.54210997703849,2.3034222503911175,-1.2386877266473726,CRI
Random Forest,aprendizaje,2013,2014,1,3.54210997703849,3.771411981386963,0.2293020043484728,CRI
LSTM(16),red neuronal,2013,2014,1,3.54210997703849,4.214389019228945,0.6722790421904552,CRI
Comb. RF/AR(1) suave,combinacion,2013,2014,1,3.54210997703849,4.4194700450773166,0.8773600680388265,CRI
Comb. RF/AR(1) dura,combinacion,2013,2014,1,3.54210997703849,4.4194700450773166,0.8773600680388265,CRI
Comb. RF/ingenuo suave,combinacion,2013,2014,1,3.54210997703849,4.4194700450773166,0.8773600680388265,CRI
Comb. LSTM/AR(1) suave,combinacion,2013,2014,1,3.54210997703849,4.1448769997350965,0.6027670226966064,CRI
Comb. RF/AR(1) umbral min,combinacion,2013,2014,1,3.54210997703849,3.940922033824406,0.3988120567859159,CRI
Ingenuo,referencia,2014,2015,1,3.65208093006359,3.54210997703849,-0.10997095302509985,CRI
Deriva,referencia,2014,2015,1,3.65208093006359,3.5734841925229124,-0.07859673754067753,CRI
AR(1),Box-Jenkins,2014,2015,1,3.65208093006359,4.2988784630322465,0.6467975329686566,CRI
"ARMA(2,2)",Box-Jenkins,2014,2015,1,3.65208093006359,4.881810640953444,1.229729710889854,CRI
"ARIMA(1,1,1)",Box-Jenkins,2014,2015,1,3.65208093006359,4.171450780012316,0.5193698499487263,CRI
Ridge sobre rezagos,regularizado,2014,2015,1,3.65208093006359,4.296651735324019,0.6445708052604293,CRI
Random Forest,aprendizaje,2014,2015,1,3.65208093006359,4.760975571938315,1.1088946418747248,CRI
LSTM(16),red neuronal,2014,2015,1,3.65208093006359,4.197818628874701,0.5457376988111107,CRI
Comb. RF/AR(1) suave,combinacion,2014,2015,1,3.65208093006359,5.609042112910257,1.9569611828466669,CRI
Comb. RF/AR(1) dura,combinacion,2014,2015,1,3.65208093006359,5.609042112910257,1.9569611828466669,CRI
Comb. RF/ingenuo suave,combinacion,2014,2015,1,3.65208093006359,5.609042112910257,1.9569611828466669,CRI
Comb. LSTM/AR(1) suave,combinacion,2014,2015,1,3.65208093006359,4.172399786578839,0.520318856515249,CRI
Comb. RF/AR(1) umbral min,combinacion,2014,2015,1,3.65208093006359,4.2988784630322465,0.6467975329686566,CRI
Ingenuo,referencia,2015,2016,1,4.20432320775184,3.65208093006359,-0.5522422776882503,CRI
Deriva,referencia,2015,2016,1,4.20432320775184,3.6849106406876544,-0.5194125670641858,CRI
AR(1),Box-Jenkins,2015,2016,1,4.20432320775184,4.324181709600685,0.11985850184884494,CRI
"ARMA(2,2)",Box-Jenkins,2015,2016,1,4.20432320775184,3.5298866437573144,-0.6744365639945258,CRI
"ARIMA(1,1,1)",Box-Jenkins,2015,2016,1,4.20432320775184,4.179796237209598,-0.024526970542241955,CRI
Ridge sobre rezagos,regularizado,2015,2016,1,4.20432320775184,4.307222284783443,0.10289907703160317,CRI
Random Forest,aprendizaje,2015,2016,1,4.20432320775184,4.843894808117243,0.6395716003654028,CRI
LSTM(16),red neuronal,2015,2016,1,4.20432320775184,4.18028608428537,-0.0240371234664698,CRI
Comb. RF/AR(1) suave,combinacion,2015,2016,1,4.20432320775184,4.300163663630039,0.09584045587819912,CRI
Comb. RF/AR(1) dura,combinacion,2015,2016,1,4.20432320775184,4.300163663630039,0.09584045587819912,CRI
Comb. RF/ingenuo suave,combinacion,2015,2016,1,4.20432320775184,4.300163663630039,0.09584045587819912,CRI
Comb. LSTM/AR(1) suave,combinacion,2015,2016,1,4.20432320775184,4.169783793676823,-0.03453941407501748,CRI
Comb. RF/AR(1) umbral min,combinacion,2015,2016,1,4.20432320775184,4.324181709600685,0.11985850184884494,CRI
Ingenuo,referencia,2016,2017,1,4.15769914676933,4.20432320775184,0.04662406098251015,CRI
Deriva,referencia,2016,2017,1,4.15769914676933,4.246596783231618,0.08889763646228754,CRI
AR(1),Box-Jenkins,2016,2017,1,4.15769914676933,4.517594816179386,0.35989566941005613,CRI
"ARMA(2,2)",Box-Jenkins,2016,2017,1,4.15769914676933,4.502169706166698,0.3444705593973678,CRI
"ARIMA(1,1,1)",Box-Jenkins,2016,2017,1,4.15769914676933,4.378445646886173,0.22074650011684316,CRI
Ridge sobre rezagos,regularizado,2016,2017,1,4.15769914676933,4.516387936746938,0.35868878997760767,CRI
Random Forest,aprendizaje,2016,2017,1,4.15769914676933,4.702715596681778,0.5450164499124481,CRI
LSTM(16),red neuronal,2016,2017,1,4.15769914676933,4.186242010050958,0.02854286328162825,CRI
Comb. RF/AR(1) suave,combinacion,2016,2017,1,4.15769914676933,3.9941227569321556,-0.16357638983717449,CRI
Comb. RF/AR(1) dura,combinacion,2016,2017,1,4.15769914676933,4.517594816179386,0.35989566941005613,CRI
Comb. RF/ingenuo suave,combinacion,2016,2017,1,4.15769914676933,3.9932059555220834,-0.1644931912472467,CRI
Comb. LSTM/AR(1) suave,combinacion,2016,2017,1,4.15769914676933,4.130145898039366,-0.027553248729963897,CRI
Comb. RF/AR(1) umbral min,combinacion,2016,2017,1,4.15769914676933,4.517594816179386,0.35989566941005613,CRI
Ingenuo,referencia,2017,2018,1,2.85285959760458,4.15769914676933,1.30483954916475,CRI
Deriva,referencia,2017,2018,1,2.85285959760458,4.198385264455138,1.3455256668505577,CRI
AR(1),Box-Jenkins,2017,2018,1,2.85285959760458,4.494487595682386,1.6416279980778063,CRI
"ARMA(2,2)",Box-Jenkins,2017,2018,1,2.85285959760458,3.9112845434239683,1.0584249458193882,CRI
"ARIMA(1,1,1)",Box-Jenkins,2017,2018,1,2.85285959760458,4.355196679193155,1.5023370815885753,CRI
Ridge sobre rezagos,regularizado,2017,2018,1,2.85285959760458,4.156871082306952,1.304011484702372,CRI
Random Forest,aprendizaje,2017,2018,1,2.85285959760458,4.317472323505725,1.4646127259011448,CRI
LSTM(16),red neuronal,2017,2018,1,2.85285959760458,4.188759143412168,1.3358995458075875,CRI
Comb. RF/AR(1) suave,combinacion,2017,2018,1,2.85285959760458,3.6661777051309796,0.8133181075263995,CRI
Comb. RF/AR(1) dura,combinacion,2017,2018,1,2.85285959760458,3.6661777051309796,0.8133181075263995,CRI
Comb. RF/ingenuo suave,combinacion,2017,2018,1,2.85285959760458,3.6661777051309796,0.8133181075263995,CRI
Comb. LSTM/AR(1) suave,combinacion,2017,2018,1,2.85285959760458,4.145590977333979,1.2927313797293993,CRI
Comb. RF/AR(1) umbral min,combinacion,2017,2018,1,2.85285959760458,4.494487595682386,1.6416279980778063,CRI
Ingenuo,referencia,2018,2019,1,2.70813912948329,2.85285959760458,0.14472046812129014,CRI
Deriva,referencia,2018,2019,1,2.70813912948329,2.869940001836869,0.1618008723535791,CRI
AR(1),Box-Jenkins,2018,2019,1,2.70813912948329,3.999750365154815,1.291611235671525,CRI
"ARMA(2,2)",Box-Jenkins,2018,2019,1,2.70813912948329,3.805896945748712,1.097757816265422,CRI
"ARIMA(1,1,1)",Box-Jenkins,2018,2019,1,2.70813912948329,3.8115065750601693,1.1033674455768794,CRI
Ridge sobre rezagos,regularizado,2018,2019,1,2.70813912948329,3.5051335732180435,0.7969944437347536,CRI
Random Forest,aprendizaje,2018,2019,1,2.70813912948329,4.629087018667164,1.920947889183874,CRI
LSTM(16),red neuronal,2018,2019,1,2.70813912948329,4.142741574240094,1.4346024447568038,CRI
Comb. RF/AR(1) suave,combinacion,2018,2019,1,2.70813912948329,4.646633094565365,1.938493965082075,CRI
Comb. RF/AR(1) dura,combinacion,2018,2019,1,2.70813912948329,4.646633094565365,1.938493965082075,CRI
Comb. RF/ingenuo suave,combinacion,2018,2019,1,2.70813912948329,4.646633094565365,1.938493965082075,CRI
Comb. LSTM/AR(1) suave,combinacion,2018,2019,1,2.70813912948329,4.103644234244254,1.3955051047609643,CRI
Comb. RF/AR(1) umbral min,combinacion,2018,2019,1,2.70813912948329,4.646633094565365,1.938493965082075,CRI
Ingenuo,referencia,2019,2020,1,-4.14159340574358,2.70813912948329,6.84973253522687,CRI
Deriva,referencia,2019,2020,1,-4.14159340574358,2.7224298635025863,6.864023269246166,CRI
AR(1),Box-Jenkins,2019,2020,1,-4.14159340574358,3.9169719163191767,8.058565322062757,CRI
"ARMA(2,2)",Box-Jenkins,2019,2020,1,-4.14159340574358,3.9274752238988593,8.06906862964244,CRI
"ARIMA(1,1,1)",Box-Jenkins,2019,2020,1,-4.14159340574358,3.6830803913162597,7.82467379705984,CRI
Ridge sobre rezagos,regularizado,2019,2020,1,-4.14159340574358,3.835696321671846,7.977289727415426,CRI
Random Forest,aprendizaje,2019,2020,1,-4.14159340574358,4.376597522534272,8.518190928277853,CRI
LSTM(16),red neuronal,2019,2020,1,-4.14159340574358,4.102802623626554,8.244396029370133,CRI
Comb. RF/AR(1) suave,combinacion,2019,2020,1,-4.14159340574358,5.846734021279931,9.988327427023512,CRI
Comb. RF/AR(1) dura,combinacion,2019,2020,1,-4.14159340574358,5.846734021279931,9.988327427023512,CRI
Comb. RF/ingenuo suave,combinacion,2019,2020,1,-4.14159340574358,5.846734021279931,9.988327427023512,CRI
Comb. LSTM/AR(1) suave,combinacion,2019,2020,1,-4.14159340574358,3.8465169839781685,7.988110389721749,CRI
Comb. RF/AR(1) umbral min,combinacion,2019,2020,1,-4.14159340574358,5.748735704822408,9.89032911056599,CRI
Ingenuo,referencia,2020,2021,1,8.21817953969082,-4.14159340574358,-12.3597729454344,CRI
Deriva,referencia,2020,2021,1,8.21817953969082,-4.243642049169134,-12.461821588859953,CRI
AR(1),Box-Jenkins,2020,2021,1,8.21817953969082,1.0323871096945092,-7.18579242999631,CRI
"ARMA(2,2)",Box-Jenkins,2020,2021,1,8.21817953969082,1.1725499832420043,-7.045629556448815,CRI
"ARIMA(1,1,1)",Box-Jenkins,2020,2021,1,8.21817953969082,0.5732758289451603,-7.644903710745659,CRI
Ridge sobre rezagos,regularizado,2020,2021,1,8.21817953969082,0.29773853598139244,-7.920441003709427,CRI
Random Forest,aprendizaje,2020,2021,1,8.21817953969082,-0.2762882515459246,-8.494467791236744,CRI
LSTM(16),red neuronal,2020,2021,1,8.21817953969082,3.8211496988163085,-4.397029840874511,CRI
Comb. RF/AR(1) suave,combinacion,2020,2021,1,8.21817953969082,1.3774015261935333,-6.840778013497286,CRI
Comb. RF/AR(1) dura,combinacion,2020,2021,1,8.21817953969082,1.3774015261935333,-6.840778013497286,CRI
Comb. RF/ingenuo suave,combinacion,2020,2021,1,8.21817953969082,1.3774015261935333,-6.840778013497286,CRI
Comb. LSTM/AR(1) suave,combinacion,2020,2021,1,8.21817953969082,2.503982186145061,-5.714197353545758,CRI
Comb. RF/AR(1) umbral min,combinacion,2020,2021,1,8.21817953969082,1.0323871096945092,-7.18579242999631,CRI
Ingenuo,referencia,2021,2022,1,5.46119455235068,8.21817953969082,2.7569849873401395,CRI
Deriva,referencia,2021,2022,1,5.46119455235068,8.323827922746265,2.862633370395585,CRI
AR(1),Box-Jenkins,2021,2022,1,5.46119455235068,5.576796701297939,0.11560214894725895,CRI
"ARMA(2,2)",Box-Jenkins,2021,2022,1,5.46119455235068,7.644739151271472,2.1835445989207924,CRI
"ARIMA(1,1,1)",Box-Jenkins,2021,2022,1,5.46119455235068,5.081463393498646,-0.37973115885203335,CRI
Ridge sobre rezagos,regularizado,2021,2022,1,5.46119455235068,6.701322535922952,1.2401279835722718,CRI
Random Forest,aprendizaje,2021,2022,1,5.46119455235068,5.422682417690257,-0.038512134660423136,CRI
LSTM(16),red neuronal,2021,2022,1,5.46119455235068,4.004900449107874,-1.456294103242806,CRI
Comb. RF/AR(1) suave,combinacion,2021,2022,1,5.46119455235068,5.489472912645245,0.028278360294565097,CRI
Comb. RF/AR(1) dura,combinacion,2021,2022,1,5.46119455235068,5.576796701297939,0.11560214894725895,CRI
Comb. RF/ingenuo suave,combinacion,2021,2022,1,5.46119455235068,7.75218237532771,2.29098782297703,CRI
Comb. LSTM/AR(1) suave,combinacion,2021,2022,1,5.46119455235068,5.352103304707342,-0.10909124764333811,CRI
Comb. RF/AR(1) umbral min,combinacion,2021,2022,1,5.46119455235068,5.576796701297939,0.11560214894725895,CRI
Ingenuo,referencia,2022,2023,1,4.79187732359398,5.46119455235068,0.6693172287566993,CRI
Deriva,referencia,2022,2023,1,4.79187732359398,5.519914519498001,0.7280371959040206,CRI
AR(1),Box-Jenkins,2022,2023,1,4.79187732359398,4.801674240506734,0.009796916912753417,CRI
"ARMA(2,2)",Box-Jenkins,2022,2023,1,4.79187732359398,2.2970263079291735,-2.494851015664807,CRI
"ARIMA(1,1,1)",Box-Jenkins,2022,2023,1,4.79187732359398,4.455220207112195,-0.33665711648178576,CRI
Ridge sobre rezagos,regularizado,2022,2023,1,4.79187732359398,3.58940671618008,-1.2024706074139004,CRI
Random Forest,aprendizaje,2022,2023,1,4.79187732359398,3.9381543779450734,-0.853722945648907,CRI
LSTM(16),red neuronal,2022,2023,1,4.79187732359398,4.045759826840961,-0.7461174967530191,CRI
Comb. RF/AR(1) suave,combinacion,2022,2023,1,4.79187732359398,4.616751040425402,-0.17512628316857803,CRI
Comb. RF/AR(1) dura,combinacion,2022,2023,1,4.79187732359398,4.801674240506734,0.009796916912753417,CRI
Comb. RF/ingenuo suave,combinacion,2022,2023,1,4.79187732359398,5.122008390592489,0.3301310669985087,CRI
Comb. LSTM/AR(1) suave,combinacion,2022,2023,1,4.79187732359398,4.6245086173193855,-0.167368706274595,CRI
Comb. RF/AR(1) umbral min,combinacion,2022,2023,1,4.79187732359398,4.801674240506734,0.009796916912753417,CRI
Ingenuo,referencia,2023,2024,1,4.08292444182048,4.79187732359398,0.7089528817735005,CRI
Deriva,referencia,2023,2024,1,4.08292444182048,4.838854755323495,0.7559303135030149,CRI
AR(1),Box-Jenkins,2023,2024,1,4.08292444182048,4.614499847824027,0.5315754060035474,CRI
"ARMA(2,2)",Box-Jenkins,2023,2024,1,4.08292444182048,6.024102258047238,1.941177816226758,CRI
"ARIMA(1,1,1)",Box-Jenkins,2023,2024,1,4.08292444182048,4.321171046428996,0.23824660460851632,CRI
Ridge sobre rezagos,regularizado,2023,2024,1,4.08292444182048,5.011803112383671,0.9288786705631908,CRI
Random Forest,aprendizaje,2023,2024,1,4.08292444182048,3.4201494652833504,-0.6627749765371296,CRI
LSTM(16),red neuronal,2023,2024,1,4.08292444182048,4.0700238472134185,-0.0129005946070615,CRI
Comb. RF/AR(1) suave,combinacion,2023,2024,1,4.08292444182048,4.304216997943006,0.22129255612252585,CRI
Comb. RF/AR(1) dura,combinacion,2023,2024,1,4.08292444182048,4.614499847824027,0.5315754060035474,CRI
Comb. RF/ingenuo suave,combinacion,2023,2024,1,4.08292444182048,4.420996285190133,0.33807184336965346,CRI
Comb. LSTM/AR(1) suave,combinacion,2023,2024,1,4.08292444182048,4.426368707967304,0.34344426614682444,CRI
Comb. RF/AR(1) umbral min,combinacion,2023,2024,1,4.08292444182048,4.614499847824027,0.5315754060035474,CRI
Ingenuo,referencia,2024,2025,1,4.56033547844829,4.08292444182048,-0.47741103662781015,CRI
Deriva,referencia,2024,2025,1,4.56033547844829,4.117902979684867,-0.4424324987634227,CRI
AR(1),Box-Jenkins,2024,2025,1,4.56033547844829,4.408105765155844,-0.15222971329244572,CRI
"ARMA(2,2)",Box-Jenkins,2024,2025,1,4.56033547844829,4.046118612412166,-0.5142168660361239,CRI
"ARIMA(1,1,1)",Box-Jenkins,2024,2025,1,4.56033547844829,4.128546156600922,-0.4317893218473685,CRI
Ridge sobre rezagos,regularizado,2024,2025,1,4.56033547844829,2.869673990210596,-1.6906614882376942,CRI
Random Forest,aprendizaje,2024,2025,1,4.56033547844829,3.138681300610142,-1.421654177838148,CRI
LSTM(16),red neuronal,2024,2025,1,4.56033547844829,4.067314021185535,-0.49302145726275537,CRI
Comb. RF/AR(1) suave,combinacion,2024,2025,1,4.56033547844829,4.2680118956421325,-0.29232358280615767,CRI
Comb. RF/AR(1) dura,combinacion,2024,2025,1,4.56033547844829,4.408105765155844,-0.15222971329244572,CRI
Comb. RF/ingenuo suave,combinacion,2024,2025,1,4.56033547844829,4.060020515401066,-0.5003149630472246,CRI
Comb. LSTM/AR(1) suave,combinacion,2024,2025,1,4.56033547844829,4.282312929754557,-0.2780225486937331,CRI
Comb. RF/AR(1) umbral min,combinacion,2024,2025,1,4.56033547844829,4.408105765155844,-0.15222971329244572,CRI
Ingenuo,referencia,2000,2001,1,3.18502990449461,5.9147601740486,2.72973026955399,CUB
Deriva,referencia,2000,2001,1,3.18502990449461,5.8227222830973,2.63769237860269,CUB
AR(1),Box-Jenkins,2000,2001,1,3.18502990449461,3.945439128968384,0.7604092244737739,CUB
"ARMA(2,2)",Box-Jenkins,2000,2001,1,3.18502990449461,4.281585127387914,1.0965552228933042,CUB
"ARIMA(1,1,1)",Box-Jenkins,2000,2001,1,3.18502990449461,3.9471086268006923,0.7620787223060823,CUB
Ridge sobre rezagos,regularizado,2000,2001,1,3.18502990449461,9.925669326652974,6.740639422158364,CUB
Random Forest,aprendizaje,2000,2001,1,3.18502990449461,3.298712106741804,0.11368220224719394,CUB
LSTM(16),red neuronal,2000,2001,1,3.18502990449461,,,CUB
Comb. RF/AR(1) suave,combinacion,2000,2001,1,3.18502990449461,3.9871784025722,0.8021484980775901,CUB
Comb. RF/AR(1) dura,combinacion,2000,2001,1,3.18502990449461,3.9871784025722,0.8021484980775901,CUB
Comb. RF/ingenuo suave,combinacion,2000,2001,1,3.18502990449461,3.9871784025722,0.8021484980775901,CUB
Comb. LSTM/AR(1) suave,combinacion,2000,2001,1,3.18502990449461,,,CUB
Comb. RF/AR(1) umbral min,combinacion,2000,2001,1,3.18502990449461,3.945439128968384,0.7604092244737739,CUB
Ingenuo,referencia,2001,2002,1,1.42482126141282,3.18502990449461,1.76020864308179,CUB
Deriva,referencia,2001,2002,1,1.42482126141282,3.005068934256554,1.580247672843734,CUB
AR(1),Box-Jenkins,2001,2002,1,1.42482126141282,2.652093085340465,1.2272718239276452,CUB
"ARMA(2,2)",Box-Jenkins,2001,2002,1,1.42482126141282,2.8077230732879643,1.3829018118751444,CUB
"ARIMA(1,1,1)",Box-Jenkins,2001,2002,1,1.42482126141282,2.652403557937056,1.2275822965242362,CUB
Ridge sobre rezagos,regularizado,2001,2002,1,1.42482126141282,3.909702705553844,2.484881444141024,CUB
Random Forest,aprendizaje,2001,2002,1,1.42482126141282,3.152623020807664,1.7278017593948443,CUB
LSTM(16),red neuronal,2001,2002,1,1.42482126141282,,,CUB
Comb. RF/AR(1) suave,combinacion,2001,2002,1,1.42482126141282,2.8516093219891547,1.4267880605763348,CUB
Comb. RF/AR(1) dura,combinacion,2001,2002,1,1.42482126141282,2.8516093219891547,1.4267880605763348,CUB
Comb. RF/ingenuo suave,combinacion,2001,2002,1,1.42482126141282,2.8516093219891547,1.4267880605763348,CUB
Comb. LSTM/AR(1) suave,combinacion,2001,2002,1,1.42482126141282,,,CUB
Comb. RF/AR(1) umbral min,combinacion,2001,2002,1,1.42482126141282,2.652093085340465,1.2272718239276452,CUB
Ingenuo,referencia,2002,2003,1,3.79274022304334,1.42482126141282,-2.36791896163052,CUB
Deriva,referencia,2002,2003,1,3.79274022304334,1.193884559792708,-2.598855663250632,CUB
AR(1),Box-Jenkins,2002,2003,1,3.79274022304334,1.7995344996966767,-1.9932057233466633,CUB
"ARMA(2,2)",Box-Jenkins,2002,2003,1,3.79274022304334,1.7604485978817728,-2.0322916251615673,CUB
"ARIMA(1,1,1)",Box-Jenkins,2002,2003,1,3.79274022304334,1.7990136857675698,-1.9937265372757702,CUB
Ridge sobre rezagos,regularizado,2002,2003,1,3.79274022304334,1.096975168642002,-2.6957650544013383,CUB
Random Forest,aprendizaje,2002,2003,1,3.79274022304334,2.553349428026543,-1.239390795016797,CUB
LSTM(16),red neuronal,2002,2003,1,3.79274022304334,1.5958187696022048,-2.196921453441135,CUB
Comb. RF/AR(1) suave,combinacion,2002,2003,1,3.79274022304334,1.8852959892149515,-1.9074442338283886,CUB
Comb. RF/AR(1) dura,combinacion,2002,2003,1,3.79274022304334,1.8852959892149515,-1.9074442338283886,CUB
Comb. RF/ingenuo suave,combinacion,2002,2003,1,3.79274022304334,1.8852959892149515,-1.9074442338283886,CUB
Comb. LSTM/AR(1) suave,combinacion,2002,2003,1,3.79274022304334,,,CUB
Comb. RF/AR(1) umbral min,combinacion,2002,2003,1,3.79274022304334,1.8690620325350324,-1.9236781905083076,CUB
Ingenuo,referencia,2003,2004,1,5.77053807021559,3.79274022304334,-1.97779784717225,CUB
Deriva,referencia,2003,2004,1,5.77053807021559,3.64301776089981,-2.1275203093157797,CUB
AR(1),Box-Jenkins,2003,2004,1,5.77053807021559,2.9529952460673687,-2.817542824148221,CUB
"ARMA(2,2)",Box-Jenkins,2003,2004,1,5.77053807021559,2.86166925630259,-2.908868813913,CUB
"ARIMA(1,1,1)",Box-Jenkins,2003,2004,1,5.77053807021559,2.9535773942974273,-2.8169606759181627,CUB
Ridge sobre rezagos,regularizado,2003,2004,1,5.77053807021559,0.2598373362137163,-5.510700734001873,CUB
Random Forest,aprendizaje,2003,2004,1,5.77053807021559,1.7705279642800231,-4.000010105935567,CUB
LSTM(16),red neuronal,2003,2004,1,5.77053807021559,1.7095158088215832,-4.061022261394006,CUB
Comb. RF/AR(1) suave,combinacion,2003,2004,1,5.77053807021559,2.515104699973363,-3.255433370242227,CUB
Comb. RF/AR(1) dura,combinacion,2003,2004,1,5.77053807021559,2.515104699973363,-3.255433370242227,CUB
Comb. RF/ingenuo suave,combinacion,2003,2004,1,5.77053807021559,2.515104699973363,-3.255433370242227,CUB
Comb. LSTM/AR(1) suave,combinacion,2003,2004,1,5.77053807021559,,,CUB
Comb. RF/AR(1) umbral min,combinacion,2003,2004,1,5.77053807021559,2.5847114515703353,-3.1858266186452546,CUB
Ingenuo,referencia,2004,2005,1,11.2016564219094,5.77053807021559,-5.43111835169381,CUB
Deriva,referencia,2004,2005,1,11.2016564219094,5.685285920475569,-5.516370501433831,CUB
AR(1),Box-Jenkins,2004,2005,1,11.2016564219094,3.9564136078973116,-7.245242814012088,CUB
"ARMA(2,2)",Box-Jenkins,2004,2005,1,11.2016564219094,4.0292375296838605,-7.172418892225539,CUB
"ARIMA(1,1,1)",Box-Jenkins,2004,2005,1,11.2016564219094,3.9579058320173677,-7.2437505898920325,CUB
Ridge sobre rezagos,regularizado,2004,2005,1,11.2016564219094,4.0524983752775805,-7.149158046631819,CUB
Random Forest,aprendizaje,2004,2005,1,11.2016564219094,3.9987282544560108,-7.202928167453389,CUB
LSTM(16),red neuronal,2004,2005,1,11.2016564219094,2.344488995875867,-8.857167426033532,CUB
Comb. RF/AR(1) suave,combinacion,2004,2005,1,11.2016564219094,1.7139246858299055,-9.487731736079494,CUB
Comb. RF/AR(1) dura,combinacion,2004,2005,1,11.2016564219094,1.7139246858299055,-9.487731736079494,CUB
Comb. RF/ingenuo suave,combinacion,2004,2005,1,11.2016564219094,1.7139246858299055,-9.487731736079494,CUB
Comb. LSTM/AR(1) suave,combinacion,2004,2005,1,11.2016564219094,,,CUB
Comb. RF/AR(1) umbral min,combinacion,2004,2005,1,11.2016564219094,1.868663136976643,-9.332993284932757,CUB
Ingenuo,referencia,2005,2006,1,12.0658631129953,11.2016564219094,-0.8642066910859008,CUB
Deriva,referencia,2005,2006,1,12.0658631129953,11.27865046338802,-0.7872126496072802,CUB
AR(1),Box-Jenkins,2005,2006,1,12.0658631129953,6.819791532157029,-5.246071580838271,CUB
"ARMA(2,2)",Box-Jenkins,2005,2006,1,12.0658631129953,6.915427273902596,-5.1504358390927045,CUB
"ARIMA(1,1,1)",Box-Jenkins,2005,2006,1,12.0658631129953,6.824430390763444,-5.241432722231856,CUB
Ridge sobre rezagos,regularizado,2005,2006,1,12.0658631129953,7.205284135990243,-4.860578977005058,CUB
Random Forest,aprendizaje,2005,2006,1,12.0658631129953,4.702157274888074,-7.363705838107227,CUB
LSTM(16),red neuronal,2005,2006,1,12.0658631129953,4.827718877462988,-7.238144235532313,CUB
Comb. RF/AR(1) suave,combinacion,2005,2006,1,12.0658631129953,2.9079476368740105,-9.157915476121289,CUB
Comb. RF/AR(1) dura,combinacion,2005,2006,1,12.0658631129953,2.9079476368740105,-9.157915476121289,CUB
Comb. RF/ingenuo suave,combinacion,2005,2006,1,12.0658631129953,2.9079476368740105,-9.157915476121289,CUB
Comb. LSTM/AR(1) suave,combinacion,2005,2006,1,12.0658631129953,,,CUB
Comb. RF/AR(1) umbral min,combinacion,2005,2006,1,12.0658631129953,3.3310245773251586,-8.734838535670143,CUB
Ingenuo,referencia,2006,2007,1,7.26213696647943,12.0658631129953,4.803726146515871,CUB
Deriva,referencia,2006,2007,1,7.26213696647943,12.1653489444627,4.90321197798327,CUB
AR(1),Box-Jenkins,2006,2007,1,7.26213696647943,7.654492406698705,0.3923554402192755,CUB
"ARMA(2,2)",Box-Jenkins,2006,2007,1,7.26213696647943,7.997323563221249,0.7351865967418192,CUB
"ARIMA(1,1,1)",Box-Jenkins,2006,2007,1,7.26213696647943,8.850176047405435,1.5880390809260057,CUB
Ridge sobre rezagos,regularizado,2006,2007,1,7.26213696647943,6.677372746037513,-0.584764220441917,CUB
Random Forest,aprendizaje,2006,2007,1,7.26213696647943,5.226290812860285,-2.0358461536191443,CUB
LSTM(16),red neuronal,2006,2007,1,7.26213696647943,6.042052361850061,-1.2200846046293687,CUB
Comb. RF/AR(1) suave,combinacion,2006,2007,1,7.26213696647943,6.164770405745665,-1.0973665607337644,CUB
Comb. RF/AR(1) dura,combinacion,2006,2007,1,7.26213696647943,6.164770405745665,-1.0973665607337644,CUB
Comb. RF/ingenuo suave,combinacion,2006,2007,1,7.26213696647943,6.164770405745665,-1.0973665607337644,CUB
Comb. LSTM/AR(1) suave,combinacion,2006,2007,1,7.26213696647943,6.249726610164584,-1.012410356314846,CUB
Comb. RF/AR(1) umbral min,combinacion,2006,2007,1,7.26213696647943,6.440374987456223,-0.8217619790232069,CUB
Ingenuo,referencia,2007,2008,1,4.11682804164681,7.26213696647943,3.1453089248326194,CUB
Deriva,referencia,2007,2008,1,4.11682804164681,7.225422465225073,3.1085944235782623,CUB
AR(1),Box-Jenkins,2007,2008,1,4.11682804164681,5.192756891197801,1.0759288495509907,CUB
"ARMA(2,2)",Box-Jenkins,2007,2008,1,4.11682804164681,5.348996599490487,1.2321685578436767,CUB
"ARIMA(1,1,1)",Box-Jenkins,2007,2008,1,4.11682804164681,5.195306376427093,1.0784783347802822,CUB
Ridge sobre rezagos,regularizado,2007,2008,1,4.11682804164681,4.025778643866844,-0.09104939777996623,CUB
Random Forest,aprendizaje,2007,2008,1,4.11682804164681,4.392937046699497,0.2761090050526862,CUB
LSTM(16),red neuronal,2007,2008,1,4.11682804164681,5.724185394745473,1.6073573530986627,CUB
Comb. RF/AR(1) suave,combinacion,2007,2008,1,4.11682804164681,5.238667818178899,1.1218397765320889,CUB
Comb. RF/AR(1) dura,combinacion,2007,2008,1,4.11682804164681,5.238667818178899,1.1218397765320889,CUB
Comb. RF/ingenuo suave,combinacion,2007,2008,1,4.11682804164681,5.238667818178899,1.1218397765320889,CUB
Comb. LSTM/AR(1) suave,combinacion,2007,2008,1,4.11682804164681,5.826814892368909,1.7099868507220988,CUB
Comb. RF/AR(1) umbral min,combinacion,2007,2008,1,4.11682804164681,5.237005280016818,1.1201772383700073,CUB
Ingenuo,referencia,2008,2009,1,1.4513054307407,4.11682804164681,2.6655226109061103,CUB
Deriva,referencia,2008,2009,1,1.4513054307407,3.996097474890338,2.544792044149638,CUB
AR(1),Box-Jenkins,2008,2009,1,1.4513054307407,3.569732542247681,2.118427111506981,CUB
"ARMA(2,2)",Box-Jenkins,2008,2009,1,1.4513054307407,3.31640207386605,1.8650966431253497,CUB
"ARIMA(1,1,1)",Box-Jenkins,2008,2009,1,1.4513054307407,3.57024253934899,2.1189371086082898,CUB
Ridge sobre rezagos,regularizado,2008,2009,1,1.4513054307407,3.2693097863395915,1.8180043555988914,CUB
Random Forest,aprendizaje,2008,2009,1,1.4513054307407,4.91807089788239,3.46676546714169,CUB
LSTM(16),red neuronal,2008,2009,1,1.4513054307407,5.021136812516927,3.569831381776227,CUB
Comb. RF/AR(1) suave,combinacion,2008,2009,1,1.4513054307407,3.8598512994039935,2.4085458686632935,CUB
Comb. RF/AR(1) dura,combinacion,2008,2009,1,1.4513054307407,3.8598512994039935,2.4085458686632935,CUB
Comb. RF/ingenuo suave,combinacion,2008,2009,1,1.4513054307407,3.8598512994039935,2.4085458686632935,CUB
Comb. LSTM/AR(1) suave,combinacion,2008,2009,1,1.4513054307407,5.879607570363148,4.428302139622447,CUB
Comb. RF/AR(1) umbral min,combinacion,2008,2009,1,1.4513054307407,3.8598512994039935,2.4085458686632935,CUB
Ingenuo,referencia,2009,2010,1,2.39035229650723,1.4513054307407,-0.9390468657665298,CUB
Deriva,referencia,2009,2010,1,2.39035229650723,1.2636066522960792,-1.1267456442111508,CUB
AR(1),Box-Jenkins,2009,2010,1,2.39035229650723,2.174528242535358,-0.21582405397187188,CUB
"ARMA(2,2)",Box-Jenkins,2009,2010,1,2.39035229650723,1.9768914859827043,-0.41346081052452566,CUB
"ARIMA(1,1,1)",Box-Jenkins,2009,2010,1,2.39035229650723,2.1734626584999805,-0.21688963800724936,CUB
Ridge sobre rezagos,regularizado,2009,2010,1,2.39035229650723,2.28373826550708,-0.10661403100014999,CUB
Random Forest,aprendizaje,2009,2010,1,2.39035229650723,2.1057672558278986,-0.2845850406793313,CUB
LSTM(16),red neuronal,2009,2010,1,2.39035229650723,3.562183666950246,1.1718313704430159,CUB
Comb. RF/AR(1) suave,combinacion,2009,2010,1,2.39035229650723,2.500841806980519,0.11048951047328925,CUB
Comb. RF/AR(1) dura,combinacion,2009,2010,1,2.39035229650723,2.500841806980519,0.11048951047328925,CUB
Comb. RF/ingenuo suave,combinacion,2009,2010,1,2.39035229650723,2.500841806980519,0.11048951047328925,CUB
Comb. LSTM/AR(1) suave,combinacion,2009,2010,1,2.39035229650723,3.4612528609852857,1.0709005644780558,CUB
Comb. RF/AR(1) umbral min,combinacion,2009,2010,1,2.39035229650723,2.500611775801008,0.1102594792937781,CUB
Ingenuo,referencia,2010,2011,1,2.80230083647626,2.39035229650723,-0.41194853996903014,CUB
Deriva,referencia,2010,2011,1,2.80230083647626,2.231544432016741,-0.570756404459519,CUB
AR(1),Box-Jenkins,2010,2011,1,2.80230083647626,2.6518188394411237,-0.15048199703513632,CUB
"ARMA(2,2)",Box-Jenkins,2010,2011,1,2.80230083647626,2.5918477927835726,-0.21045304369268747,CUB
"ARIMA(1,1,1)",Box-Jenkins,2010,2011,1,2.80230083647626,2.6513253982899005,-0.1509754381863595,CUB
Ridge sobre rezagos,regularizado,2010,2011,1,2.80230083647626,3.3564607114841447,0.5541598750078847,CUB
Random Forest,aprendizaje,2010,2011,1,2.80230083647626,5.98175496061307,3.1794541241368104,CUB
LSTM(16),red neuronal,2010,2011,1,2.80230083647626,5.586632099262115,2.7843312627858547,CUB
Comb. RF/AR(1) suave,combinacion,2010,2011,1,2.80230083647626,2.9381986579469324,0.1358978214706723,CUB
Comb. RF/AR(1) dura,combinacion,2010,2011,1,2.80230083647626,2.9381986579469324,0.1358978214706723,CUB
Comb. RF/ingenuo suave,combinacion,2010,2011,1,2.80230083647626,2.9381986579469324,0.1358978214706723,CUB
Comb. LSTM/AR(1) suave,combinacion,2010,2011,1,2.80230083647626,0.12647517390375684,-2.675825662572503,CUB
Comb. RF/AR(1) umbral min,combinacion,2010,2011,1,2.80230083647626,2.9179235763167557,0.11562273984049565,CUB
Ingenuo,referencia,2011,2012,1,3.01490028898772,2.80230083647626,-0.21259945251145984,CUB
Deriva,referencia,2011,2012,1,3.01490028898772,2.657761882097259,-0.35713840689046084,CUB
AR(1),Box-Jenkins,2011,2012,1,3.01490028898772,2.8623762722667285,-0.15252401672099136,CUB
"ARMA(2,2)",Box-Jenkins,2011,2012,1,3.01490028898772,3.0376120435534286,0.02271175456570873,CUB
"ARIMA(1,1,1)",Box-Jenkins,2011,2012,1,3.01490028898772,2.8621393059423177,-0.1527609830454022,CUB
Ridge sobre rezagos,regularizado,2011,2012,1,3.01490028898772,3.3801966162811707,0.36529632729345085,CUB
Random Forest,aprendizaje,2011,2012,1,3.01490028898772,4.788706808303525,1.773806519315805,CUB
LSTM(16),red neuronal,2011,2012,1,3.01490028898772,2.731174368701953,-0.2837259202857667,CUB
Comb. RF/AR(1) suave,combinacion,2011,2012,1,3.01490028898772,3.5355110247653787,0.5206107357776588,CUB
Comb. RF/AR(1) dura,combinacion,2011,2012,1,3.01490028898772,3.5355110247653787,0.5206107357776588,CUB
Comb. RF/ingenuo suave,combinacion,2011,2012,1,3.01490028898772,3.5355110247653787,0.5206107357776588,CUB
Comb. LSTM/AR(1) suave,combinacion,2011,2012,1,3.01490028898772,1.7385753376966155,-1.2763249512911043,CUB
Comb. RF/AR(1) umbral min,combinacion,2011,2012,1,3.01490028898772,3.40022578240578,0.3853254934180601,CUB
Ingenuo,referencia,2012,2013,1,2.74760256257211,3.01490028898772,0.26729772641561,CUB
Deriva,referencia,2012,2013,1,2.74760256257211,2.879072027459706,0.13146946488759603,CUB
AR(1),Box-Jenkins,2012,2013,1,2.74760256257211,2.972793834208188,0.22519127163607822,CUB
"ARMA(2,2)",Box-Jenkins,2012,2013,1,2.74760256257211,3.097666280031291,0.35006371745918097,CUB
"ARIMA(1,1,1)",Box-Jenkins,2012,2013,1,2.74760256257211,2.9726853785278524,0.22508281595574253,CUB
Ridge sobre rezagos,regularizado,2012,2013,1,2.74760256257211,1.3622582118076032,-1.3853443507645067,CUB
Random Forest,aprendizaje,2012,2013,1,2.74760256257211,2.5900828443411497,-0.15751971823096023,CUB
LSTM(16),red neuronal,2012,2013,1,2.74760256257211,2.6240341710578696,-0.12356839151424026,CUB
Comb. RF/AR(1) suave,combinacion,2012,2013,1,2.74760256257211,2.3806391344878692,-0.36696342808424065,CUB
Comb. RF/AR(1) dura,combinacion,2012,2013,1,2.74760256257211,2.3806391344878692,-0.36696342808424065,CUB
Comb. RF/ingenuo suave,combinacion,2012,2013,1,2.74760256257211,2.3806391344878692,-0.36696342808424065,CUB
Comb. LSTM/AR(1) suave,combinacion,2012,2013,1,2.74760256257211,2.1152365242644557,-0.6323660383076541,CUB
Comb. RF/AR(1) umbral min,combinacion,2012,2013,1,2.74760256257211,2.565627051068073,-0.1819755115040369,CUB
Ingenuo,referencia,2013,2014,1,1.04757663187654,2.74760256257211,1.7000259306955698,CUB
Deriva,referencia,2013,2014,1,1.04757663187654,2.6086440756896296,1.5610674438130896,CUB
AR(1),Box-Jenkins,2013,2014,1,1.04757663187654,2.8332909010194407,1.7857142691429007,CUB
"ARMA(2,2)",Box-Jenkins,2013,2014,1,1.04757663187654,2.901027048962613,1.853450417086073,CUB
"ARIMA(1,1,1)",Box-Jenkins,2013,2014,1,1.04757663187654,2.8330316392677077,1.7854550073911677,CUB
Ridge sobre rezagos,regularizado,2013,2014,1,1.04757663187654,0.8410151996634259,-0.20656143221311418,CUB
Random Forest,aprendizaje,2013,2014,1,1.04757663187654,2.546607836427711,1.499031204551171,CUB
LSTM(16),red neuronal,2013,2014,1,1.04757663187654,2.5153854865896306,1.4678088547130905,CUB
Comb. RF/AR(1) suave,combinacion,2013,2014,1,1.04757663187654,1.629216603327249,0.581639971450709,CUB
Comb. RF/AR(1) dura,combinacion,2013,2014,1,1.04757663187654,1.629216603327249,0.581639971450709,CUB
Comb. RF/ingenuo suave,combinacion,2013,2014,1,1.04757663187654,1.629216603327249,0.581639971450709,CUB
Comb. LSTM/AR(1) suave,combinacion,2013,2014,1,1.04757663187654,2.0525538757840613,1.0049772439075213,CUB
Comb. RF/AR(1) umbral min,combinacion,2013,2014,1,1.04757663187654,1.7379067787655857,0.6903301468890457,CUB
Ingenuo,referencia,2014,2015,1,4.4383335888395,1.04757663187654,-3.39075695696296,CUB
Deriva,referencia,2014,2015,1,4.4383335888395,0.8723142509518946,-3.5660193378876053,CUB
AR(1),Box-Jenkins,2014,2015,1,4.4383335888395,1.9375821547802785,-2.5007514340592216,CUB
"ARMA(2,2)",Box-Jenkins,2014,2015,1,4.4383335888395,1.9858347389149469,-2.4524988499245532,CUB
"ARIMA(1,1,1)",Box-Jenkins,2014,2015,1,4.4383335888395,1.9363287904131892,-2.5020047984263107,CUB
Ridge sobre rezagos,regularizado,2014,2015,1,4.4383335888395,0.5138220982731512,-3.9245114905663487,CUB
Random Forest,aprendizaje,2014,2015,1,4.4383335888395,1.0967120606146568,-3.3416215282248434,CUB
LSTM(16),red neuronal,2014,2015,1,4.4383335888395,2.17207960617161,-2.26625398266789,CUB
Comb. RF/AR(1) suave,combinacion,2014,2015,1,4.4383335888395,0.5252173196723233,-3.9131162691671766,CUB
Comb. RF/AR(1) dura,combinacion,2014,2015,1,4.4383335888395,0.5252173196723233,-3.9131162691671766,CUB
Comb. RF/ingenuo suave,combinacion,2014,2015,1,4.4383335888395,0.5252173196723233,-3.9131162691671766,CUB
Comb. LSTM/AR(1) suave,combinacion,2014,2015,1,4.4383335888395,1.8103542351676498,-2.62797935367185,CUB
Comb. RF/AR(1) umbral min,combinacion,2014,2015,1,4.4383335888395,0.6243124349615264,-3.8140211538779734,CUB
Ingenuo,referencia,2015,2016,1,0.512843095700745,4.4383335888395,3.9254904931387546,CUB
Deriva,referencia,2015,2016,1,0.512843095700745,4.344117101957755,3.8312740062570096,CUB
AR(1),Box-Jenkins,2015,2016,1,0.512843095700745,3.693377580918136,3.1805344852173913,CUB
"ARMA(2,2)",Box-Jenkins,2015,2016,1,0.512843095700745,3.6315004917594793,3.118657396058734,CUB
"ARIMA(1,1,1)",Box-Jenkins,2015,2016,1,0.512843095700745,3.6941217041910592,3.181278608490314,CUB
Ridge sobre rezagos,regularizado,2015,2016,1,0.512843095700745,3.1138647100132184,2.601021614312473,CUB
Random Forest,aprendizaje,2015,2016,1,0.512843095700745,4.47130829039277,3.9584651946920246,CUB
LSTM(16),red neuronal,2015,2016,1,0.512843095700745,2.514887108273623,2.0020440125728776,CUB
Comb. RF/AR(1) suave,combinacion,2015,2016,1,0.512843095700745,1.49342159914442,0.9805785034436749,CUB
Comb. RF/AR(1) dura,combinacion,2015,2016,1,0.512843095700745,1.49342159914442,0.9805785034436749,CUB
Comb. RF/ingenuo suave,combinacion,2015,2016,1,0.512843095700745,1.49342159914442,0.9805785034436749,CUB
Comb. LSTM/AR(1) suave,combinacion,2015,2016,1,0.512843095700745,2.0571747423740305,1.5443316466732855,CUB
Comb. RF/AR(1) umbral min,combinacion,2015,2016,1,0.512843095700745,1.49342159914442,0.9805785034436749,CUB
Ingenuo,referencia,2016,2017,1,1.80979178380274,0.512843095700745,-1.296948688101995,CUB
Deriva,referencia,2016,2017,1,1.80979178380274,0.3334871864577329,-1.476304597345007,CUB
AR(1),Box-Jenkins,2016,2017,1,1.80979178380274,1.6705805537239082,-0.13921123007883174,CUB
"ARMA(2,2)",Box-Jenkins,2016,2017,1,1.80979178380274,2.0102245486234716,0.20043276482073158,CUB
"ARIMA(1,1,1)",Box-Jenkins,2016,2017,1,1.80979178380274,1.669099655715497,-0.14069212808724307,CUB
Ridge sobre rezagos,regularizado,2016,2017,1,1.80979178380274,2.039003718843686,0.22921193504094606,CUB
Random Forest,aprendizaje,2016,2017,1,1.80979178380274,1.1682501677741264,-0.6415416160286136,CUB
LSTM(16),red neuronal,2016,2017,1,1.80979178380274,2.3046590180673934,0.4948672342646534,CUB
Comb. RF/AR(1) suave,combinacion,2016,2017,1,1.80979178380274,0.29552283861458767,-1.5142689451881524,CUB
Comb. RF/AR(1) dura,combinacion,2016,2017,1,1.80979178380274,0.29552283861458767,-1.5142689451881524,CUB
Comb. RF/ingenuo suave,combinacion,2016,2017,1,1.80979178380274,0.29552283861458767,-1.5142689451881524,CUB
Comb. LSTM/AR(1) suave,combinacion,2016,2017,1,1.80979178380274,1.9508707606819191,0.14107897687917914,CUB
Comb. RF/AR(1) umbral min,combinacion,2016,2017,1,1.80979178380274,0.4520502764159139,-1.3577415073868262,CUB
Ingenuo,referencia,2017,2018,1,2.24794852913217,1.80979178380274,-0.43815674532943016,CUB
Deriva,referencia,2017,2018,1,2.24794852913217,1.6625294527628802,-0.5854190763692899,CUB
AR(1),Box-Jenkins,2017,2018,1,2.24794852913217,2.31779605443898,0.06984752530680982,CUB
"ARMA(2,2)",Box-Jenkins,2017,2018,1,2.24794852913217,2.1340363086323437,-0.11391222049982641,CUB
"ARIMA(1,1,1)",Box-Jenkins,2017,2018,1,2.24794852913217,2.3170761875265997,0.06912765839442958,CUB
Ridge sobre rezagos,regularizado,2017,2018,1,2.24794852913217,2.088909821757192,-0.15903870737497794,CUB
Random Forest,aprendizaje,2017,2018,1,2.24794852913217,2.4444879741546206,0.19653944502245047,CUB
LSTM(16),red neuronal,2017,2018,1,2.24794852913217,2.132431359406418,-0.11551716972575221,CUB
Comb. RF/AR(1) suave,combinacion,2017,2018,1,2.24794852913217,2.2048703621879437,-0.04307816694422639,CUB
Comb. RF/AR(1) dura,combinacion,2017,2018,1,2.24794852913217,2.2048703621879437,-0.04307816694422639,CUB
Comb. RF/ingenuo suave,combinacion,2017,2018,1,2.24794852913217,2.2048703621879437,-0.04307816694422639,CUB
Comb. LSTM/AR(1) suave,combinacion,2017,2018,1,2.24794852913217,1.9592776244096242,-0.288670904722546,CUB
Comb. RF/AR(1) umbral min,combinacion,2017,2018,1,2.24794852913217,2.213385810394653,-0.03456271873751726,CUB
Ingenuo,referencia,2018,2019,1,-0.163087223606624,2.24794852913217,2.411035752738794,CUB
Deriva,referencia,2018,2019,1,-0.163087223606624,2.1131419231214443,2.276229146728068,CUB
AR(1),Box-Jenkins,2018,2019,1,-0.163087223606624,2.533694589539416,2.69678181314604,CUB
"ARMA(2,2)",Box-Jenkins,2018,2019,1,-0.163087223606624,2.644034367828969,2.807121591435593,CUB
"ARIMA(1,1,1)",Box-Jenkins,2018,2019,1,-0.163087223606624,2.533238728191988,2.696325951798612,CUB
Ridge sobre rezagos,regularizado,2018,2019,1,-0.163087223606624,2.433075831315715,2.596163054922339,CUB
Random Forest,aprendizaje,2018,2019,1,-0.163087223606624,2.9314696321523255,3.0945568557589493,CUB
LSTM(16),red neuronal,2018,2019,1,-0.163087223606624,2.1317941190575977,2.2948813426642216,CUB
Comb. RF/AR(1) suave,combinacion,2018,2019,1,-0.163087223606624,2.962905592769756,3.12599281637638,CUB
Comb. RF/AR(1) dura,combinacion,2018,2019,1,-0.163087223606624,2.962905592769756,3.12599281637638,CUB
Comb. RF/ingenuo suave,combinacion,2018,2019,1,-0.163087223606624,2.962905592769756,3.12599281637638,CUB
Comb. LSTM/AR(1) suave,combinacion,2018,2019,1,-0.163087223606624,1.9518693672269585,2.1149565908335823,CUB
Comb. RF/AR(1) umbral min,combinacion,2018,2019,1,-0.163087223606624,2.9177340556500733,3.080821279256697,CUB
Ingenuo,referencia,2019,2020,1,-10.9494359030206,-0.163087223606624,10.786348679413976,CUB
Deriva,referencia,2019,2020,1,-10.9494359030206,-0.34531527017418473,10.604120632846415,CUB
AR(1),Box-Jenkins,2019,2020,1,-10.9494359030206,1.2764564685813435,12.225892371601944,CUB
"ARMA(2,2)",Box-Jenkins,2019,2020,1,-10.9494359030206,1.4473394356556093,12.396775338676209,CUB
"ARIMA(1,1,1)",Box-Jenkins,2019,2020,1,-10.9494359030206,1.2746423830108276,12.224078286031428,CUB
Ridge sobre rezagos,regularizado,2019,2020,1,-10.9494359030206,0.7750151110667121,11.724451014087311,CUB
Random Forest,aprendizaje,2019,2020,1,-10.9494359030206,1.3322285945163728,12.281664497536973,CUB
LSTM(16),red neuronal,2019,2020,1,-10.9494359030206,2.033605119019475,12.983041022040075,CUB
Comb. RF/AR(1) suave,combinacion,2019,2020,1,-10.9494359030206,1.5786827902580485,12.528118693278648,CUB
Comb. RF/AR(1) dura,combinacion,2019,2020,1,-10.9494359030206,1.5786827902580485,12.528118693278648,CUB
Comb. RF/ingenuo suave,combinacion,2019,2020,1,-10.9494359030206,1.5786827902580485,12.528118693278648,CUB
Comb. LSTM/AR(1) suave,combinacion,2019,2020,1,-10.9494359030206,1.8531658150883765,12.802601718108976,CUB
Comb. RF/AR(1) umbral min,combinacion,2019,2020,1,-10.9494359030206,1.5544730613260935,12.503908964346694,CUB
Ingenuo,referencia,2020,2021,1,1.25448735650322,-10.9494359030206,-12.203923259523819,CUB
Deriva,referencia,2020,2021,1,1.25448735650322,-11.348074574748292,-12.602561931251511,CUB
AR(1),Box-Jenkins,2020,2021,1,1.25448735650322,-4.677474228877644,-5.931961585380864,CUB
"ARMA(2,2)",Box-Jenkins,2020,2021,1,1.25448735650322,-4.651221621704726,-5.905708978207946,CUB
"ARIMA(1,1,1)",Box-Jenkins,2020,2021,1,1.25448735650322,-4.686639353856985,-5.941126710360205,CUB
Ridge sobre rezagos,regularizado,2020,2021,1,1.25448735650322,-4.034446491725141,-5.2889338482283605,CUB
Random Forest,aprendizaje,2020,2021,1,1.25448735650322,-4.858457289617105,-6.112944646120325,CUB
LSTM(16),red neuronal,2020,2021,1,1.25448735650322,-11.333930951734207,-12.588418308237426,CUB
Comb. RF/AR(1) suave,combinacion,2020,2021,1,1.25448735650322,-6.982743551706452,-8.237230908209671,CUB
Comb. RF/AR(1) dura,combinacion,2020,2021,1,1.25448735650322,-6.982743551706452,-8.237230908209671,CUB
Comb. RF/ingenuo suave,combinacion,2020,2021,1,1.25448735650322,-6.982743551706452,-8.237230908209671,CUB
Comb. LSTM/AR(1) suave,combinacion,2020,2021,1,1.25448735650322,-5.3064698151294625,-6.560957171632682,CUB
Comb. RF/AR(1) umbral min,combinacion,2020,2021,1,1.25448735650322,-4.677474228877644,-5.931961585380864,CUB
Ingenuo,referencia,2021,2022,1,1.77465227724316,1.25448735650322,-0.5201649207399401,CUB
Deriva,referencia,2021,2022,1,1.77465227724316,1.1078999234005584,-0.6667523538426017,CUB
AR(1),Box-Jenkins,2021,2022,1,1.77465227724316,1.875263420807883,0.100611143564723,CUB
"ARMA(2,2)",Box-Jenkins,2021,2022,1,1.77465227724316,1.1969577110852663,-0.5776945661578938,CUB
"ARIMA(1,1,1)",Box-Jenkins,2021,2022,1,1.77465227724316,1.8746576337198597,0.10000535647669961,CUB
Ridge sobre rezagos,regularizado,2021,2022,1,1.77465227724316,0.5970216502923222,-1.1776306269508379,CUB
Random Forest,aprendizaje,2021,2022,1,1.77465227724316,1.3572869197985107,-0.4173653574446494,CUB
LSTM(16),red neuronal,2021,2022,1,1.77465227724316,-0.06239086394717974,-1.8370431411903398,CUB
Comb. RF/AR(1) suave,combinacion,2021,2022,1,1.77465227724316,1.9286907418084338,0.1540384645652737,CUB
Comb. RF/AR(1) dura,combinacion,2021,2022,1,1.77465227724316,1.9286907418084338,0.1540384645652737,CUB
Comb. RF/ingenuo suave,combinacion,2021,2022,1,1.77465227724316,1.9286907418084338,0.1540384645652737,CUB
Comb. LSTM/AR(1) suave,combinacion,2021,2022,1,1.77465227724316,0.09964847709927982,-1.6750038001438803,CUB
Comb. RF/AR(1) umbral min,combinacion,2021,2022,1,1.77465227724316,1.875263420807883,0.100611143564723,CUB
Ingenuo,referencia,2022,2023,1,-1.92937123169681,1.77465227724316,3.70402350893997,CUB
Deriva,referencia,2022,2023,1,-1.92937123169681,1.64113841970604,3.57050965140285,CUB
AR(1),Box-Jenkins,2022,2023,1,-1.92937123169681,2.1211285185770237,4.050499750273834,CUB
"ARMA(2,2)",Box-Jenkins,2022,2023,1,-1.92937123169681,2.5907413241553567,4.520112555852167,CUB
"ARIMA(1,1,1)",Box-Jenkins,2022,2023,1,-1.92937123169681,2.1207535007142857,4.050124732411096,CUB
Ridge sobre rezagos,regularizado,2022,2023,1,-1.92937123169681,1.844236109466703,3.7736073411635127,CUB
Random Forest,aprendizaje,2022,2023,1,-1.92937123169681,2.1147897960169373,4.044161027713747,CUB
LSTM(16),red neuronal,2022,2023,1,-1.92937123169681,0.7889924963442254,2.7183637280410355,CUB
Comb. RF/AR(1) suave,combinacion,2022,2023,1,-1.92937123169681,1.7602145702565093,3.689585801953319,CUB
Comb. RF/AR(1) dura,combinacion,2022,2023,1,-1.92937123169681,1.7602145702565093,3.689585801953319,CUB
Comb. RF/ingenuo suave,combinacion,2022,2023,1,-1.92937123169681,1.7602145702565093,3.689585801953319,CUB
Comb. LSTM/AR(1) suave,combinacion,2022,2023,1,-1.92937123169681,0.7680250568300402,2.69739628852685,CUB
Comb. RF/AR(1) umbral min,combinacion,2022,2023,1,-1.92937123169681,2.1211285185770237,4.050499750273834,CUB
Ingenuo,referencia,2023,2024,1,-1.06173273220524,-1.92937123169681,-0.86763849949157,CUB
Deriva,referencia,2023,2024,1,-1.06173273220524,-2.131548736376293,-1.069816004171053,CUB
AR(1),Box-Jenkins,2023,2024,1,-1.06173273220524,0.26825916837034136,1.3299919005755814,CUB
"ARMA(2,2)",Box-Jenkins,2023,2024,1,-1.06173273220524,0.2964029541804949,1.3581356863857348,CUB
"ARIMA(1,1,1)",Box-Jenkins,2023,2024,1,-1.06173273220524,0.2663200532174359,1.3280527854226758,CUB
Ridge sobre rezagos,regularizado,2023,2024,1,-1.06173273220524,0.8202146404928321,1.881947372698072,CUB
Random Forest,aprendizaje,2023,2024,1,-1.06173273220524,-5.370940168460743,-4.3092074362555035,CUB
LSTM(16),red neuronal,2023,2024,1,-1.06173273220524,0.3312926897970172,1.393025422002257,CUB
Comb. RF/AR(1) suave,combinacion,2023,2024,1,-1.06173273220524,-4.5264041310177054,-3.4646713988124658,CUB
Comb. RF/AR(1) dura,combinacion,2023,2024,1,-1.06173273220524,-4.5264041310177054,-3.4646713988124658,CUB
Comb. RF/ingenuo suave,combinacion,2023,2024,1,-1.06173273220524,-4.5264041310177054,-3.4646713988124658,CUB
Comb. LSTM/AR(1) suave,combinacion,2023,2024,1,-1.06173273220524,0.5388779193576734,1.6006106515629133,CUB
Comb. RF/AR(1) umbral min,combinacion,2023,2024,1,-1.06173273220524,0.26825916837034136,1.3299919005755814,CUB
Ingenuo,referencia,1990,1991,1,0.944138889056532,-5.45431239511254,-6.398451284169072,DOM
Deriva,referencia,1990,1991,1,0.944138889056532,-5.562624934600829,-6.506763823657361,DOM
AR(1),Box-Jenkins,1990,1991,1,0.944138889056532,5.7913516084199665,4.8472127193634345,DOM
"ARMA(2,2)",Box-Jenkins,1990,1991,1,0.944138889056532,0.1352693031747867,-0.8088695858817453,DOM
"ARIMA(1,1,1)",Box-Jenkins,1990,1991,1,0.944138889056532,2.882498886402435,1.938359997345903,DOM
Ridge sobre rezagos,regularizado,1990,1991,1,0.944138889056532,-6.398876960490685,-7.343015849547217,DOM
Random Forest,aprendizaje,1990,1991,1,0.944138889056532,1.4274243573067487,0.4832854682502167,DOM
LSTM(16),red neuronal,1990,1991,1,0.944138889056532,,,DOM
Comb. RF/AR(1) suave,combinacion,1990,1991,1,0.944138889056532,3.4520385849979633,2.5078996959414313,DOM
Comb. RF/AR(1) dura,combinacion,1990,1991,1,0.944138889056532,3.4520385849979633,2.5078996959414313,DOM
Comb. RF/ingenuo suave,combinacion,1990,1991,1,0.944138889056532,3.4520385849979633,2.5078996959414313,DOM
Comb. LSTM/AR(1) suave,combinacion,1990,1991,1,0.944138889056532,,,DOM
Comb. RF/AR(1) umbral min,combinacion,1990,1991,1,0.944138889056532,5.7913516084199665,4.8472127193634345,DOM
Ingenuo,referencia,1991,1992,1,11.2374641300752,0.944138889056532,-10.293325241018668,DOM
Deriva,referencia,1991,1992,1,11.2374641300752,1.052718477023488,-10.184745653051712,DOM
AR(1),Box-Jenkins,1991,1992,1,11.2374641300752,5.2854478542674075,-5.952016275807792,DOM
"ARMA(2,2)",Box-Jenkins,1991,1992,1,11.2374641300752,6.5513535899715745,-4.686110540103625,DOM
"ARIMA(1,1,1)",Box-Jenkins,1991,1992,1,11.2374641300752,2.4146642162969316,-8.822799913778269,DOM
Ridge sobre rezagos,regularizado,1991,1992,1,11.2374641300752,-3.0503422221572487,-14.287806352232447,DOM
Random Forest,aprendizaje,1991,1992,1,11.2374641300752,2.1036272354706873,-9.133836894604512,DOM
LSTM(16),red neuronal,1991,1992,1,11.2374641300752,,,DOM
Comb. RF/AR(1) suave,combinacion,1991,1992,1,11.2374641300752,1.3785741985963946,-9.858889931478805,DOM
Comb. RF/AR(1) dura,combinacion,1991,1992,1,11.2374641300752,1.3785741985963946,-9.858889931478805,DOM
Comb. RF/ingenuo suave,combinacion,1991,1992,1,11.2374641300752,1.3785741985963946,-9.858889931478805,DOM
Comb. LSTM/AR(1) suave,combinacion,1991,1992,1,11.2374641300752,,,DOM
Comb. RF/AR(1) umbral min,combinacion,1991,1992,1,11.2374641300752,5.2854478542674075,-5.952016275807792,DOM
Ingenuo,referencia,1992,1993,1,7.36669526975602,11.2374641300752,3.8707688603191794,DOM
Deriva,referencia,1992,1993,1,7.36669526975602,11.674583900398662,4.307888630642642,DOM
AR(1),Box-Jenkins,1992,1993,1,7.36669526975602,5.553360822841007,-1.8133344469150128,DOM
"ARMA(2,2)",Box-Jenkins,1992,1993,1,7.36669526975602,3.8100584654363807,-3.5566368043196395,DOM
"ARIMA(1,1,1)",Box-Jenkins,1992,1993,1,7.36669526975602,4.439324082558985,-2.9273711871970356,DOM
Ridge sobre rezagos,regularizado,1992,1993,1,7.36669526975602,10.387677180975238,3.020981911219218,DOM
Random Forest,aprendizaje,1992,1993,1,7.36669526975602,7.802792114348043,0.436096844592023,DOM
LSTM(16),red neuronal,1992,1993,1,7.36669526975602,4.441095298949489,-2.9255999708065312,DOM
Comb. RF/AR(1) suave,combinacion,1992,1993,1,7.36669526975602,5.091659426339055,-2.2750358434169655,DOM
Comb. RF/AR(1) dura,combinacion,1992,1993,1,7.36669526975602,5.091659426339055,-2.2750358434169655,DOM
Comb. RF/ingenuo suave,combinacion,1992,1993,1,7.36669526975602,5.091659426339055,-2.2750358434169655,DOM
Comb. LSTM/AR(1) suave,combinacion,1992,1993,1,7.36669526975602,,,DOM
Comb. RF/AR(1) umbral min,combinacion,1992,1993,1,7.36669526975602,5.553360822841007,-1.8133344469150128,DOM
Ingenuo,referencia,1993,1994,1,2.59378305986246,7.36669526975602,4.77291220989356,DOM
Deriva,referencia,1993,1994,1,2.59378305986246,7.6691935203719,5.07541046050944,DOM
AR(1),Box-Jenkins,1993,1994,1,2.59378305986246,5.631804798779751,3.0380217389172905,DOM
"ARMA(2,2)",Box-Jenkins,1993,1994,1,2.59378305986246,7.17232988233862,4.57854682247616,DOM
"ARIMA(1,1,1)",Box-Jenkins,1993,1994,1,2.59378305986246,4.89151365567743,2.2977305958149703,DOM
Ridge sobre rezagos,regularizado,1993,1994,1,2.59378305986246,4.76467383767937,2.1708907778169095,DOM
Random Forest,aprendizaje,1993,1994,1,2.59378305986246,4.736094877054205,2.142311817191745,DOM
LSTM(16),red neuronal,1993,1994,1,2.59378305986246,4.547739329444308,1.9539562695818482,DOM
Comb. RF/AR(1) suave,combinacion,1993,1994,1,2.59378305986246,3.472851038698151,0.8790679788356908,DOM
Comb. RF/AR(1) dura,combinacion,1993,1994,1,2.59378305986246,3.472851038698151,0.8790679788356908,DOM
Comb. RF/ingenuo suave,combinacion,1993,1994,1,2.59378305986246,3.472851038698151,0.8790679788356908,DOM
Comb. LSTM/AR(1) suave,combinacion,1993,1994,1,2.59378305986246,,,DOM
Comb. RF/AR(1) umbral min,combinacion,1993,1994,1,2.59378305986246,5.631804798779751,3.0380217389172905,DOM
Ingenuo,referencia,1994,1995,1,5.69998859173715,2.59378305986246,-3.10620553187469,DOM
Deriva,referencia,1994,1995,1,5.69998859173715,2.742480993493206,-2.9575075982439443,DOM
AR(1),Box-Jenkins,1994,1995,1,5.69998859173715,5.516769408169289,-0.1832191835678616,DOM
"ARMA(2,2)",Box-Jenkins,1994,1995,1,5.69998859173715,3.2298221570314642,-2.470166434705686,DOM
"ARIMA(1,1,1)",Box-Jenkins,1994,1995,1,5.69998859173715,4.335128891781684,-1.364859699955466,DOM
Ridge sobre rezagos,regularizado,1994,1995,1,5.69998859173715,6.602971929941165,0.9029833382040149,DOM
Random Forest,aprendizaje,1994,1995,1,5.69998859173715,2.222005838175727,-3.4779827535614234,DOM
LSTM(16),red neuronal,1994,1995,1,5.69998859173715,5.551852793497346,-0.14813579823980394,DOM
Comb. RF/AR(1) suave,combinacion,1994,1995,1,5.69998859173715,0.9488373284225401,-4.75115126331461,DOM
Comb. RF/AR(1) dura,combinacion,1994,1995,1,5.69998859173715,0.9488373284225401,-4.75115126331461,DOM
Comb. RF/ingenuo suave,combinacion,1994,1995,1,5.69998859173715,0.9488373284225401,-4.75115126331461,DOM
Comb. LSTM/AR(1) suave,combinacion,1994,1995,1,5.69998859173715,,,DOM
Comb. RF/AR(1) umbral min,combinacion,1994,1995,1,5.69998859173715,5.516769408169289,-0.1832191835678616,DOM
Ingenuo,referencia,1995,1996,1,5.96119319380874,5.69998859173715,-0.26120460207159013,DOM
Deriva,referencia,1995,1996,1,5.96119319380874,5.935672042963306,-0.02552115084543427,DOM
AR(1),Box-Jenkins,1995,1996,1,5.96119319380874,5.530640570800322,-0.4305526230084187,DOM
"ARMA(2,2)",Box-Jenkins,1995,1996,1,5.96119319380874,6.801803645969577,0.8406104521608366,DOM
"ARIMA(1,1,1)",Box-Jenkins,1995,1996,1,5.96119319380874,4.675445712343616,-1.2857474814651244,DOM
Ridge sobre rezagos,regularizado,1995,1996,1,5.96119319380874,6.35198130971906,0.39078811591031926,DOM
Random Forest,aprendizaje,1995,1996,1,5.96119319380874,2.746744015251039,-3.214449178557701,DOM
LSTM(16),red neuronal,1995,1996,1,5.96119319380874,5.622623680530189,-0.3385695132785518,DOM
Comb. RF/AR(1) suave,combinacion,1995,1996,1,5.96119319380874,2.9696181105053876,-2.9915750833033528,DOM
Comb. RF/AR(1) dura,combinacion,1995,1996,1,5.96119319380874,2.9696181105053876,-2.9915750833033528,DOM
Comb. RF/ingenuo suave,combinacion,1995,1996,1,5.96119319380874,2.9696181105053876,-2.9915750833033528,DOM
Comb. LSTM/AR(1) suave,combinacion,1995,1996,1,5.96119319380874,,,DOM
Comb. RF/AR(1) umbral min,combinacion,1995,1996,1,5.96119319380874,5.530640570800322,-0.4305526230084187,DOM
Ingenuo,referencia,1996,1997,1,8.89955230035797,5.96119319380874,-2.938359106549229,DOM
Deriva,referencia,1996,1997,1,8.89955230035797,6.1976058207733375,-2.701946479584632,DOM
AR(1),Box-Jenkins,1996,1997,1,8.89955230035797,5.543654549691329,-3.3558977506666405,DOM
"ARMA(2,2)",Box-Jenkins,1996,1997,1,8.89955230035797,3.992908899296794,-4.906643401061176,DOM
"ARIMA(1,1,1)",Box-Jenkins,1996,1997,1,8.89955230035797,4.851744032516763,-4.047808267841207,DOM
Ridge sobre rezagos,regularizado,1996,1997,1,8.89955230035797,3.783813031410503,-5.115739268947467,DOM
Random Forest,aprendizaje,1996,1997,1,8.89955230035797,2.2890805225830135,-6.610471777774956,DOM
LSTM(16),red neuronal,1996,1997,1,8.89955230035797,5.872131814475279,-3.0274204858826907,DOM
Comb. RF/AR(1) suave,combinacion,1996,1997,1,8.89955230035797,2.8603590642240446,-6.039193236133925,DOM
Comb. RF/AR(1) dura,combinacion,1996,1997,1,8.89955230035797,2.8603590642240446,-6.039193236133925,DOM
Comb. RF/ingenuo suave,combinacion,1996,1997,1,8.89955230035797,2.8603590642240446,-6.039193236133925,DOM
Comb. LSTM/AR(1) suave,combinacion,1996,1997,1,8.89955230035797,4.45374157144326,-4.44581072891471,DOM
Comb. RF/AR(1) umbral min,combinacion,1996,1997,1,8.89955230035797,5.543654549691329,-3.3558977506666405,DOM
Ingenuo,referencia,1997,1998,1,6.70585570778992,8.89955230035797,2.19369659256805,DOM
Deriva,referencia,1997,1998,1,6.70585570778992,9.211018996199916,2.505163288409997,DOM
AR(1),Box-Jenkins,1997,1998,1,6.70585570778992,5.650403277112013,-1.0554524306779065,DOM
"ARMA(2,2)",Box-Jenkins,1997,1998,1,6.70585570778992,7.188304820601171,0.4824491128112509,DOM
"ARIMA(1,1,1)",Box-Jenkins,1997,1998,1,6.70585570778992,5.492961937184139,-1.2128937706057803,DOM
Ridge sobre rezagos,regularizado,1997,1998,1,6.70585570778992,8.908355237253073,2.202499529463153,DOM
Random Forest,aprendizaje,1997,1998,1,6.70585570778992,5.044189950373432,-1.661665757416488,DOM
LSTM(16),red neuronal,1997,1998,1,6.70585570778992,6.304525924779609,-0.4013297830103104,DOM
Comb. RF/AR(1) suave,combinacion,1997,1998,1,6.70585570778992,5.3199138381091835,-1.3859418696807362,DOM
Comb. RF/AR(1) dura,combinacion,1997,1998,1,6.70585570778992,5.3199138381091835,-1.3859418696807362,DOM
Comb. RF/ingenuo suave,combinacion,1997,1998,1,6.70585570778992,5.3199138381091835,-1.3859418696807362,DOM
Comb. LSTM/AR(1) suave,combinacion,1997,1998,1,6.70585570778992,4.749461409032446,-1.9563942987574734,DOM
Comb. RF/AR(1) umbral min,combinacion,1997,1998,1,6.70585570778992,5.650403277112013,-1.0554524306779065,DOM
Ingenuo,referencia,1998,1999,1,5.95651024999543,6.70585570778992,0.7493454577944894,DOM
Deriva,referencia,1998,1999,1,5.95651024999543,6.949615287728895,0.9931050377334643,DOM
AR(1),Box-Jenkins,1998,1999,1,5.95651024999543,5.6733803508448934,-0.2831298991505369,DOM
"ARMA(2,2)",Box-Jenkins,1998,1999,1,5.95651024999543,4.398790124328621,-1.5577201256668092,DOM
"ARIMA(1,1,1)",Box-Jenkins,1998,1999,1,5.95651024999543,5.458223587792299,-0.49828666220313167,DOM
Ridge sobre rezagos,regularizado,1998,1999,1,5.95651024999543,5.565000285424642,-0.3915099645707887,DOM
Random Forest,aprendizaje,1998,1999,1,5.95651024999543,5.841449957959996,-0.11506029203543466,DOM
LSTM(16),red neuronal,1998,1999,1,5.95651024999543,5.9653524111371325,0.00884216114170222,DOM
Comb. RF/AR(1) suave,combinacion,1998,1999,1,5.95651024999543,5.945773857855138,-0.010736392140292317,DOM
Comb. RF/AR(1) dura,combinacion,1998,1999,1,5.95651024999543,5.945773857855138,-0.010736392140292317,DOM
Comb. RF/ingenuo suave,combinacion,1998,1999,1,5.95651024999543,5.945773857855138,-0.010736392140292317,DOM
Comb. LSTM/AR(1) suave,combinacion,1998,1999,1,5.95651024999543,4.57882921017173,-1.3776810398237007,DOM
Comb. RF/AR(1) umbral min,combinacion,1998,1999,1,5.95651024999543,5.6733803508448934,-0.2831298991505369,DOM
Ingenuo,referencia,1999,2000,1,4.65172550299128,5.95651024999543,1.3047847470041507,DOM
Deriva,referencia,1999,2000,1,4.65172550299128,6.174135486836156,1.5224099838448764,DOM
AR(1),Box-Jenkins,1999,2000,1,4.65172550299128,5.6756206722991935,1.023895169307914,DOM
"ARMA(2,2)",Box-Jenkins,1999,2000,1,4.65172550299128,6.544071422959486,1.8923459199682062,DOM
"ARIMA(1,1,1)",Box-Jenkins,1999,2000,1,4.65172550299128,5.450177430034095,0.798451927042815,DOM
Ridge sobre rezagos,regularizado,1999,2000,1,4.65172550299128,5.930360718547714,1.2786352155564344,DOM
Random Forest,aprendizaje,1999,2000,1,4.65172550299128,4.572014190035749,-0.07971131295553047,DOM
LSTM(16),red neuronal,1999,2000,1,4.65172550299128,6.372734389773675,1.7210088867823954,DOM
Comb. RF/AR(1) suave,combinacion,1999,2000,1,4.65172550299128,4.813963346234265,0.16223784324298496,DOM
Comb. RF/AR(1) dura,combinacion,1999,2000,1,4.65172550299128,4.813963346234265,0.16223784324298496,DOM
Comb. RF/ingenuo suave,combinacion,1999,2000,1,4.65172550299128,4.813963346234265,0.16223784324298496,DOM
Comb. LSTM/AR(1) suave,combinacion,1999,2000,1,4.65172550299128,4.516924109150772,-0.13480139384050727,DOM
Comb. RF/AR(1) umbral min,combinacion,1999,2000,1,4.65172550299128,5.6756206722991935,1.023895169307914,DOM
Ingenuo,referencia,2000,2001,1,2.46937023763239,4.65172550299128,2.18235526535889,DOM
Deriva,referencia,2000,2001,1,2.46937023763239,4.830314586400085,2.3609443487676955,DOM
AR(1),Box-Jenkins,2000,2001,1,2.46937023763239,5.640006612380684,3.1706363747482937,DOM
"ARMA(2,2)",Box-Jenkins,2000,2001,1,2.46937023763239,4.33002804677184,1.8606578091394503,DOM
"ARIMA(1,1,1)",Box-Jenkins,2000,2001,1,2.46937023763239,5.295439681114743,2.8260694434823534,DOM
Ridge sobre rezagos,regularizado,2000,2001,1,2.46937023763239,5.213989095792274,2.7446188581598845,DOM
Random Forest,aprendizaje,2000,2001,1,2.46937023763239,4.634611327907191,2.165241090274801,DOM
LSTM(16),red neuronal,2000,2001,1,2.46937023763239,6.253748038869104,3.7843778012367144,DOM
Comb. RF/AR(1) suave,combinacion,2000,2001,1,2.46937023763239,4.694099071344213,2.224728833711823,DOM
Comb. RF/AR(1) dura,combinacion,2000,2001,1,2.46937023763239,4.694099071344213,2.224728833711823,DOM
Comb. RF/ingenuo suave,combinacion,2000,2001,1,2.46937023763239,4.694099071344213,2.224728833711823,DOM
Comb. LSTM/AR(1) suave,combinacion,2000,2001,1,2.46937023763239,4.589024129857887,2.1196538922254975,DOM
Comb. RF/AR(1) umbral min,combinacion,2000,2001,1,2.46937023763239,5.640006612380684,3.1706363747482937,DOM
Ingenuo,referencia,2001,2002,1,4.48650367045651,2.46937023763239,-2.01713343282412,DOM
Deriva,referencia,2001,2002,1,4.48650367045651,2.5889357123220034,-1.8975679581345064,DOM
AR(1),Box-Jenkins,2001,2002,1,4.48650367045651,5.539477341683295,1.052973671226785,DOM
"ARMA(2,2)",Box-Jenkins,2001,2002,1,4.48650367045651,5.479893122448233,0.9933894519917228,DOM
"ARIMA(1,1,1)",Box-Jenkins,2001,2002,1,4.48650367045651,4.918129279807122,0.4316256093506121,DOM
Ridge sobre rezagos,regularizado,2001,2002,1,4.48650367045651,3.9502282388174192,-0.5362754316390905,DOM
Random Forest,aprendizaje,2001,2002,1,4.48650367045651,4.654815853017563,0.16831218256105362,DOM
LSTM(16),red neuronal,2001,2002,1,4.48650367045651,1.8414492270642704,-2.6450544433922394,DOM
Comb. RF/AR(1) suave,combinacion,2001,2002,1,4.48650367045651,5.589584746575262,1.1030810761187526,DOM
Comb. RF/AR(1) dura,combinacion,2001,2002,1,4.48650367045651,5.589584746575262,1.1030810761187526,DOM
Comb. RF/ingenuo suave,combinacion,2001,2002,1,4.48650367045651,5.589584746575262,1.1030810761187526,DOM
Comb. LSTM/AR(1) suave,combinacion,2001,2002,1,4.48650367045651,4.631999949656984,0.14549627920047392,DOM
Comb. RF/AR(1) umbral min,combinacion,2001,2002,1,4.48650367045651,5.539477341683295,1.052973671226785,DOM
Ingenuo,referencia,2002,2003,1,-1.34935744782766,4.48650367045651,5.8358611182841695,DOM
Deriva,referencia,2002,2003,1,-1.34935744782766,4.652351290466477,6.001708738294137,DOM
AR(1),Box-Jenkins,2002,2003,1,-1.34935744782766,5.529853417613926,6.8792108654415856,DOM
"ARMA(2,2)",Box-Jenkins,2002,2003,1,-1.34935744782766,4.6167248475890545,5.966082295416714,DOM
"ARIMA(1,1,1)",Box-Jenkins,2002,2003,1,-1.34935744782766,5.071122536420527,6.420479984248186,DOM
Ridge sobre rezagos,regularizado,2002,2003,1,-1.34935744782766,5.848834510128059,7.198191957955719,DOM
Random Forest,aprendizaje,2002,2003,1,-1.34935744782766,3.9003684542532295,5.24972590208089,DOM
LSTM(16),red neuronal,2002,2003,1,-1.34935744782766,4.534713952708174,5.884071400535833,DOM
Comb. RF/AR(1) suave,combinacion,2002,2003,1,-1.34935744782766,4.440200810737605,5.789558258565265,DOM
Comb. RF/AR(1) dura,combinacion,2002,2003,1,-1.34935744782766,4.440200810737605,5.789558258565265,DOM
Comb. RF/ingenuo suave,combinacion,2002,2003,1,-1.34935744782766,4.440200810737605,5.789558258565265,DOM
Comb. LSTM/AR(1) suave,combinacion,2002,2003,1,-1.34935744782766,4.235121748341792,5.584479196169451,DOM
Comb. RF/AR(1) umbral min,combinacion,2002,2003,1,-1.34935744782766,5.529853417613926,6.8792108654415856,DOM
Ingenuo,referencia,2003,2004,1,2.58556667449577,-1.34935744782766,-3.93492412232343,DOM
Deriva,referencia,2003,2004,1,2.58556667449577,-1.326407654919934,-3.911974329415704,DOM
AR(1),Box-Jenkins,2003,2004,1,2.58556667449577,5.2680836478794895,2.6825169733837195,DOM
"ARMA(2,2)",Box-Jenkins,2003,2004,1,2.58556667449577,3.780636752077341,1.1950700775815712,DOM
"ARIMA(1,1,1)",Box-Jenkins,2003,2004,1,2.58556667449577,4.057882602267289,1.4723159277715188,DOM
Ridge sobre rezagos,regularizado,2003,2004,1,2.58556667449577,0.9219684538273922,-1.6635982206683777,DOM
Random Forest,aprendizaje,2003,2004,1,2.58556667449577,2.0989582855765874,-0.48660838891918257,DOM
LSTM(16),red neuronal,2003,2004,1,2.58556667449577,2.21991660307436,-0.36565007142141015,DOM
Comb. RF/AR(1) suave,combinacion,2003,2004,1,2.58556667449577,2.098800042700883,-0.4867666317948869,DOM
Comb. RF/AR(1) dura,combinacion,2003,2004,1,2.58556667449577,2.098800042700883,-0.4867666317948869,DOM
Comb. RF/ingenuo suave,combinacion,2003,2004,1,2.58556667449577,2.098800042700883,-0.4867666317948869,DOM
Comb. LSTM/AR(1) suave,combinacion,2003,2004,1,2.58556667449577,3.2779995908076733,0.6924329163119034,DOM
Comb. RF/AR(1) umbral min,combinacion,2003,2004,1,2.58556667449577,5.2680836478794895,2.6825169733837195,DOM
Ingenuo,referencia,2004,2005,1,9.43178931977285,2.58556667449577,-6.846222645277081,DOM
Deriva,referencia,2004,2005,1,9.43178931977285,2.69949261459921,-6.73229670517364,DOM
AR(1),Box-Jenkins,2004,2005,1,9.43178931977285,5.234249703775349,-4.197539615997501,DOM
"ARMA(2,2)",Box-Jenkins,2004,2005,1,9.43178931977285,4.762938721018534,-4.668850598754316,DOM
"ARIMA(1,1,1)",Box-Jenkins,2004,2005,1,9.43178931977285,4.24377811606019,-5.1880112037126604,DOM
Ridge sobre rezagos,regularizado,2004,2005,1,9.43178931977285,5.544511328513003,-3.8872779912598467,DOM
Random Forest,aprendizaje,2004,2005,1,9.43178931977285,6.774505583198232,-2.657283736574618,DOM
LSTM(16),red neuronal,2004,2005,1,9.43178931977285,3.755850852157111,-5.675938467615739,DOM
Comb. RF/AR(1) suave,combinacion,2004,2005,1,9.43178931977285,5.069836903307239,-4.361952416465611,DOM
Comb. RF/AR(1) dura,combinacion,2004,2005,1,9.43178931977285,5.069836903307239,-4.361952416465611,DOM
Comb. RF/ingenuo suave,combinacion,2004,2005,1,9.43178931977285,5.069836903307239,-4.361952416465611,DOM
Comb. LSTM/AR(1) suave,combinacion,2004,2005,1,9.43178931977285,3.5573343071388317,-5.8744550126340185,DOM
Comb. RF/AR(1) umbral min,combinacion,2004,2005,1,9.43178931977285,5.234249703775349,-4.197539615997501,DOM
Ingenuo,referencia,2005,2006,1,9.17120650955299,9.43178931977285,0.2605828102198604,DOM
Deriva,referencia,2005,2006,1,9.17120650955299,9.69872200317569,0.5275154936227011,DOM
AR(1),Box-Jenkins,2005,2006,1,9.17120650955299,5.496304598729292,-3.6749019108236975,DOM
"ARMA(2,2)",Box-Jenkins,2005,2006,1,9.17120650955299,6.012966281336444,-3.1582402282165454,DOM
"ARIMA(1,1,1)",Box-Jenkins,2005,2006,1,9.17120650955299,5.359803698578677,-3.8114028109743128,DOM
Ridge sobre rezagos,regularizado,2005,2006,1,9.17120650955299,6.981988887562262,-2.1892176219907276,DOM
Random Forest,aprendizaje,2005,2006,1,9.17120650955299,3.655663809811877,-5.515542699741113,DOM
LSTM(16),red neuronal,2005,2006,1,9.17120650955299,1.9425999724569305,-7.228606537096059,DOM
Comb. RF/AR(1) suave,combinacion,2005,2006,1,9.17120650955299,3.298142569045152,-5.873063940507838,DOM
Comb. RF/AR(1) dura,combinacion,2005,2006,1,9.17120650955299,3.298142569045152,-5.873063940507838,DOM
Comb. RF/ingenuo suave,combinacion,2005,2006,1,9.17120650955299,3.298142569045152,-5.873063940507838,DOM
Comb. LSTM/AR(1) suave,combinacion,2005,2006,1,9.17120650955299,5.060402393446318,-4.110804116106672,DOM
Comb. RF/AR(1) umbral min,combinacion,2005,2006,1,9.17120650955299,5.496304598729292,-3.6749019108236975,DOM
Ingenuo,referencia,2006,2007,1,7.41840577774235,9.17120650955299,1.7528007318106393,DOM
Deriva,referencia,2006,2007,1,7.41840577774235,9.426416626430882,2.0080108486885315,DOM
AR(1),Box-Jenkins,2006,2007,1,7.41840577774235,5.617644820441738,-1.8007609573006125,DOM
"ARMA(2,2)",Box-Jenkins,2006,2007,1,7.41840577774235,5.7652766604428844,-1.653129117299466,DOM
"ARIMA(1,1,1)",Box-Jenkins,2006,2007,1,7.41840577774235,5.75772909880667,-1.6606766789356806,DOM
Ridge sobre rezagos,regularizado,2006,2007,1,7.41840577774235,6.0081267660946365,-1.410279011647714,DOM
Random Forest,aprendizaje,2006,2007,1,7.41840577774235,4.58630873886429,-2.832097038878061,DOM
LSTM(16),red neuronal,2006,2007,1,7.41840577774235,2.0788875303310195,-5.3395182474113305,DOM
Comb. RF/AR(1) suave,combinacion,2006,2007,1,7.41840577774235,4.405067164814907,-3.013338612927443,DOM
Comb. RF/AR(1) dura,combinacion,2006,2007,1,7.41840577774235,4.405067164814907,-3.013338612927443,DOM
Comb. RF/ingenuo suave,combinacion,2006,2007,1,7.41840577774235,4.405067164814907,-3.013338612927443,DOM
Comb. LSTM/AR(1) suave,combinacion,2006,2007,1,7.41840577774235,0.4867863366411891,-6.931619441101161,DOM
Comb. RF/AR(1) umbral min,combinacion,2006,2007,1,7.41840577774235,5.617644820441738,-1.8007609573006125,DOM
Ingenuo,referencia,2007,2008,1,3.26808671288212,7.41840577774235,4.150319064860231,DOM
Deriva,referencia,2007,2008,1,3.26808671288212,7.629963484866144,4.361876771984024,DOM
AR(1),Box-Jenkins,2007,2008,1,3.26808671288212,5.609994526169919,2.341907813287799,DOM
"ARMA(2,2)",Box-Jenkins,2007,2008,1,3.26808671288212,5.878050533596536,2.609963820714416,DOM
"ARIMA(1,1,1)",Box-Jenkins,2007,2008,1,3.26808671288212,5.70443893806942,2.4363522251873,DOM
Ridge sobre rezagos,regularizado,2007,2008,1,3.26808671288212,7.557321649038358,4.289234936156238,DOM
Random Forest,aprendizaje,2007,2008,1,3.26808671288212,4.063180581190168,0.7950938683080482,DOM
LSTM(16),red neuronal,2007,2008,1,3.26808671288212,6.226633080240992,2.9585463673588723,DOM
Comb. RF/AR(1) suave,combinacion,2007,2008,1,3.26808671288212,3.847261617626101,0.5791749047439811,DOM
Comb. RF/AR(1) dura,combinacion,2007,2008,1,3.26808671288212,3.847261617626101,0.5791749047439811,DOM
Comb. RF/ingenuo suave,combinacion,2007,2008,1,3.26808671288212,3.847261617626101,0.5791749047439811,DOM
Comb. LSTM/AR(1) suave,combinacion,2007,2008,1,3.26808671288212,4.428023316828166,1.1599366039460461,DOM
Comb. RF/AR(1) umbral min,combinacion,2007,2008,1,3.26808671288212,5.609994526169919,2.341907813287799,DOM
Ingenuo,referencia,2008,2009,1,1.00345293018719,3.26808671288212,2.26463378269493,DOM
Deriva,referencia,2008,2009,1,1.00345293018719,3.3868385312402958,2.3833856010531056,DOM
AR(1),Box-Jenkins,2008,2009,1,1.00345293018719,5.410176123163527,4.4067231929763375,DOM
"ARMA(2,2)",Box-Jenkins,2008,2009,1,1.00345293018719,4.513153808687338,3.5097008785001487,DOM
"ARIMA(1,1,1)",Box-Jenkins,2008,2009,1,1.00345293018719,5.067345062778471,4.063892132591281,DOM
Ridge sobre rezagos,regularizado,2008,2009,1,1.00345293018719,4.121846313399681,3.1183933832124913,DOM
Random Forest,aprendizaje,2008,2009,1,1.00345293018719,3.6852751225854905,2.6818221923983003,DOM
LSTM(16),red neuronal,2008,2009,1,1.00345293018719,3.550942661514577,2.5474897313273868,DOM
Comb. RF/AR(1) suave,combinacion,2008,2009,1,1.00345293018719,3.7548108547125656,2.751357924525376,DOM
Comb. RF/AR(1) dura,combinacion,2008,2009,1,1.00345293018719,3.7548108547125656,2.751357924525376,DOM
Comb. RF/ingenuo suave,combinacion,2008,2009,1,1.00345293018719,3.7548108547125656,2.751357924525376,DOM
Comb. LSTM/AR(1) suave,combinacion,2008,2009,1,1.00345293018719,3.6188169376271606,2.615364007439971,DOM
Comb. RF/AR(1) umbral min,combinacion,2008,2009,1,1.00345293018719,5.410176123163527,4.4067231929763375,DOM
Ingenuo,referencia,2009,2010,1,8.40114541209596,1.00345293018719,-7.397692481908771,DOM
Deriva,referencia,2009,2010,1,8.40114541209596,1.0725508818567595,-7.328594530239201,DOM
AR(1),Box-Jenkins,2009,2010,1,8.40114541209596,5.211938298389928,-3.1892071137060327,DOM
"ARMA(2,2)",Box-Jenkins,2009,2010,1,8.40114541209596,4.531851503711426,-3.8692939083845346,DOM
"ARIMA(1,1,1)",Box-Jenkins,2009,2010,1,8.40114541209596,4.553454809607828,-3.8476906024881323,DOM
Ridge sobre rezagos,regularizado,2009,2010,1,8.40114541209596,3.3591542158088017,-5.041991196287158,DOM
Random Forest,aprendizaje,2009,2010,1,8.40114541209596,2.8647371244701376,-5.536408287625823,DOM
LSTM(16),red neuronal,2009,2010,1,8.40114541209596,2.784376214221303,-5.616769197874658,DOM
Comb. RF/AR(1) suave,combinacion,2009,2010,1,8.40114541209596,3.003002647442854,-5.398142764653107,DOM
Comb. RF/AR(1) dura,combinacion,2009,2010,1,8.40114541209596,3.003002647442854,-5.398142764653107,DOM
Comb. RF/ingenuo suave,combinacion,2009,2010,1,8.40114541209596,3.003002647442854,-5.398142764653107,DOM
Comb. LSTM/AR(1) suave,combinacion,2009,2010,1,8.40114541209596,3.3898776687836683,-5.011267743312292,DOM
Comb. RF/AR(1) umbral min,combinacion,2009,2010,1,8.40114541209596,5.211938298389928,-3.1892071137060327,DOM
Ingenuo,referencia,2010,2011,1,3.19196227475523,8.40114541209596,5.20918313734073,DOM
Deriva,referencia,2010,2011,1,3.19196227475523,8.619806517443882,5.427844242688652,DOM
AR(1),Box-Jenkins,2010,2011,1,3.19196227475523,5.549514057004539,2.3575517822493093,DOM
"ARMA(2,2)",Box-Jenkins,2010,2011,1,3.19196227475523,6.229232396408648,3.037270121653418,DOM
"ARIMA(1,1,1)",Box-Jenkins,2010,2011,1,3.19196227475523,5.684985569024125,2.493023294268895,DOM
Ridge sobre rezagos,regularizado,2010,2011,1,3.19196227475523,8.482736063214523,5.290773788459292,DOM
Random Forest,aprendizaje,2010,2011,1,3.19196227475523,6.187630155457602,2.995667880702372,DOM
LSTM(16),red neuronal,2010,2011,1,3.19196227475523,5.883373392918954,2.691411118163724,DOM
Comb. RF/AR(1) suave,combinacion,2010,2011,1,3.19196227475523,6.340939644381774,3.1489773696265444,DOM
Comb. RF/AR(1) dura,combinacion,2010,2011,1,3.19196227475523,6.340939644381774,3.1489773696265444,DOM
Comb. RF/ingenuo suave,combinacion,2010,2011,1,3.19196227475523,6.340939644381774,3.1489773696265444,DOM
Comb. LSTM/AR(1) suave,combinacion,2010,2011,1,3.19196227475523,5.44915056439874,2.25718828964351,DOM
Comb. RF/AR(1) umbral min,combinacion,2010,2011,1,3.19196227475523,5.549514057004539,2.3575517822493093,DOM
Ingenuo,referencia,2011,2012,1,2.77567100848816,3.19196227475523,0.4162912662670699,DOM
Deriva,referencia,2011,2012,1,2.77567100848816,3.3020664952493775,0.5263954867612175,DOM
AR(1),Box-Jenkins,2011,2012,1,2.77567100848816,5.350507307547239,2.5748362990590787,DOM
"ARMA(2,2)",Box-Jenkins,2011,2012,1,2.77567100848816,3.8639791104993537,1.0883081020111938,DOM
"ARIMA(1,1,1)",Box-Jenkins,2011,2012,1,2.77567100848816,4.961903297498775,2.1862322890106154,DOM
Ridge sobre rezagos,regularizado,2011,2012,1,2.77567100848816,2.1735364758947564,-0.6021345325934035,DOM
Random Forest,aprendizaje,2011,2012,1,2.77567100848816,2.046820009427617,-0.7288509990605427,DOM
LSTM(16),red neuronal,2011,2012,1,2.77567100848816,5.653932760506905,2.878261752018745,DOM
Comb. RF/AR(1) suave,combinacion,2011,2012,1,2.77567100848816,3.359241556689616,0.5835705482014562,DOM
Comb. RF/AR(1) dura,combinacion,2011,2012,1,2.77567100848816,3.359241556689616,0.5835705482014562,DOM
Comb. RF/ingenuo suave,combinacion,2011,2012,1,2.77567100848816,3.359241556689616,0.5835705482014562,DOM
Comb. LSTM/AR(1) suave,combinacion,2011,2012,1,2.77567100848816,3.369604037241685,0.5939330287535252,DOM
Comb. RF/AR(1) umbral min,combinacion,2011,2012,1,2.77567100848816,5.350507307547239,2.5748362990590787,DOM
Ingenuo,referencia,2012,2013,1,4.93473300709881,2.77567100848816,-2.15906199861065,DOM
Deriva,referencia,2012,2013,1,4.93473300709881,2.8754537488497345,-2.0592792582490755,DOM
AR(1),Box-Jenkins,2012,2013,1,4.93473300709881,5.279786118370304,0.3450531112714943,DOM
"ARMA(2,2)",Box-Jenkins,2012,2013,1,4.93473300709881,5.560588567517353,0.6258555604185432,DOM
"ARIMA(1,1,1)",Box-Jenkins,2012,2013,1,4.93473300709881,4.79167521897866,-0.14305778812015024,DOM
Ridge sobre rezagos,regularizado,2012,2013,1,4.93473300709881,5.950162429291238,1.0154294221924278,DOM
Random Forest,aprendizaje,2012,2013,1,4.93473300709881,5.21868656783591,0.28395356073709976,DOM
LSTM(16),red neuronal,2012,2013,1,4.93473300709881,3.6086021071155288,-1.3261308999832813,DOM
Comb. RF/AR(1) suave,combinacion,2012,2013,1,4.93473300709881,4.453791078407682,-0.48094192869112806,DOM
Comb. RF/AR(1) dura,combinacion,2012,2013,1,4.93473300709881,4.453791078407682,-0.48094192869112806,DOM
Comb. RF/ingenuo suave,combinacion,2012,2013,1,4.93473300709881,4.453791078407682,-0.48094192869112806,DOM
Comb. LSTM/AR(1) suave,combinacion,2012,2013,1,4.93473300709881,4.458369027445518,-0.4763639796532919,DOM
Comb. RF/AR(1) umbral min,combinacion,2012,2013,1,4.93473300709881,5.279786118370304,0.3450531112714943,DOM
Ingenuo,referencia,2013,2014,1,7.11122629673892,4.93473300709881,-2.17649328964011,DOM
Deriva,referencia,2013,2014,1,7.11122629673892,5.0741172716574825,-2.0371090250814374,DOM
AR(1),Box-Jenkins,2013,2014,1,7.11122629673892,5.337362236371271,-1.7738640603676492,DOM
"ARMA(2,2)",Box-Jenkins,2013,2014,1,7.11122629673892,4.458785802712361,-2.6524404940265587,DOM
"ARIMA(1,1,1)",Box-Jenkins,2013,2014,1,7.11122629673892,5.04296952086078,-2.0682567758781403,DOM
Ridge sobre rezagos,regularizado,2013,2014,1,7.11122629673892,5.344461001257615,-1.7667652954813047,DOM
Random Forest,aprendizaje,2013,2014,1,7.11122629673892,4.305990341624199,-2.8052359551147212,DOM
LSTM(16),red neuronal,2013,2014,1,7.11122629673892,4.483239804499557,-2.627986492239363,DOM
Comb. RF/AR(1) suave,combinacion,2013,2014,1,7.11122629673892,4.924610655371472,-2.186615641367448,DOM
Comb. RF/AR(1) dura,combinacion,2013,2014,1,7.11122629673892,4.924610655371472,-2.186615641367448,DOM
Comb. RF/ingenuo suave,combinacion,2013,2014,1,7.11122629673892,4.924610655371472,-2.186615641367448,DOM
Comb. LSTM/AR(1) suave,combinacion,2013,2014,1,7.11122629673892,4.475241269152245,-2.635985027586675,DOM
Comb. RF/AR(1) umbral min,combinacion,2013,2014,1,7.11122629673892,5.337362236371271,-1.7738640603676492,DOM
Ingenuo,referencia,2014,2015,1,6.98771131236387,7.11122629673892,0.12351498437505004,DOM
Deriva,referencia,2014,2015,1,6.98771131236387,7.289046580638751,0.30133526827488133,DOM
AR(1),Box-Jenkins,2014,2015,1,6.98771131236387,5.436381650648952,-1.5513296617149175,DOM
"ARMA(2,2)",Box-Jenkins,2014,2015,1,6.98771131236387,6.199689357215643,-0.7880219551482268,DOM
"ARIMA(1,1,1)",Box-Jenkins,2014,2015,1,6.98771131236387,5.428395831712718,-1.5593154806511516,DOM
Ridge sobre rezagos,regularizado,2014,2015,1,6.98771131236387,5.587664130427972,-1.4000471819358982,DOM
Random Forest,aprendizaje,2014,2015,1,6.98771131236387,3.533030276079488,-3.454681036284382,DOM
LSTM(16),red neuronal,2014,2015,1,6.98771131236387,4.56028690306077,-2.4274244093031,DOM
Comb. RF/AR(1) suave,combinacion,2014,2015,1,6.98771131236387,5.124826683145081,-1.8628846292187893,DOM
Comb. RF/AR(1) dura,combinacion,2014,2015,1,6.98771131236387,5.124826683145081,-1.8628846292187893,DOM
Comb. RF/ingenuo suave,combinacion,2014,2015,1,6.98771131236387,5.124826683145081,-1.8628846292187893,DOM
Comb. LSTM/AR(1) suave,combinacion,2014,2015,1,6.98771131236387,4.5577356405125204,-2.4299756718513494,DOM
Comb. RF/AR(1) umbral min,combinacion,2014,2015,1,6.98771131236387,5.436381650648952,-1.5513296617149175,DOM
Ingenuo,referencia,2015,2016,1,6.71974078681295,6.98771131236387,0.26797052555092016,DOM
Deriva,referencia,2015,2016,1,6.71974078681295,7.15995131351787,0.4402105267049201,DOM
AR(1),Box-Jenkins,2015,2016,1,6.71974078681295,5.465009409065091,-1.2547313777478584,DOM
"ARMA(2,2)",Box-Jenkins,2015,2016,1,6.71974078681295,4.852339100455893,-1.8674016863570566,DOM
"ARIMA(1,1,1)",Box-Jenkins,2015,2016,1,6.71974078681295,5.5333218074753034,-1.1864189793376463,DOM
Ridge sobre rezagos,regularizado,2015,2016,1,6.71974078681295,6.252143369223511,-0.46759741758943907,DOM
Random Forest,aprendizaje,2015,2016,1,6.71974078681295,4.63000989571837,-2.0897308910945798,DOM
LSTM(16),red neuronal,2015,2016,1,6.71974078681295,4.617088338286187,-2.1026524485267624,DOM
Comb. RF/AR(1) suave,combinacion,2015,2016,1,6.71974078681295,5.0668766173593625,-1.6528641694535873,DOM
Comb. RF/AR(1) dura,combinacion,2015,2016,1,6.71974078681295,5.0668766173593625,-1.6528641694535873,DOM
Comb. RF/ingenuo suave,combinacion,2015,2016,1,6.71974078681295,5.0668766173593625,-1.6528641694535873,DOM
Comb. LSTM/AR(1) suave,combinacion,2015,2016,1,6.71974078681295,4.92603209260087,-1.7937086942120795,DOM
Comb. RF/AR(1) umbral min,combinacion,2015,2016,1,6.71974078681295,5.465009409065091,-1.2547313777478584,DOM
Ingenuo,referencia,2016,2017,1,3.93386176401576,6.71974078681295,2.78587902279719,DOM
Deriva,referencia,2016,2017,1,3.93386176401576,6.883976960208678,2.9501151961929186,DOM
AR(1),Box-Jenkins,2016,2017,1,3.93386176401576,5.48142743833087,1.5475656743151105,DOM
"ARMA(2,2)",Box-Jenkins,2016,2017,1,3.93386176401576,6.116828105485265,2.182966341469505,DOM
"ARIMA(1,1,1)",Box-Jenkins,2016,2017,1,3.93386176401576,5.591757537333201,1.6578957733174415,DOM
Ridge sobre rezagos,regularizado,2016,2017,1,3.93386176401576,6.0367813082363435,2.1029195442205837,DOM
Random Forest,aprendizaje,2016,2017,1,3.93386176401576,5.468687745235459,1.5348259812196994,DOM
LSTM(16),red neuronal,2016,2017,1,3.93386176401576,5.355587482426284,1.4217257184105239,DOM
Comb. RF/AR(1) suave,combinacion,2016,2017,1,3.93386176401576,5.190945880669484,1.2570841166537243,DOM
Comb. RF/AR(1) dura,combinacion,2016,2017,1,3.93386176401576,5.190945880669484,1.2570841166537243,DOM
Comb. RF/ingenuo suave,combinacion,2016,2017,1,3.93386176401576,5.190945880669484,1.2570841166537243,DOM
Comb. LSTM/AR(1) suave,combinacion,2016,2017,1,3.93386176401576,5.001421616537191,1.067559852521431,DOM
Comb. RF/AR(1) umbral min,combinacion,2016,2017,1,3.93386176401576,5.48142743833087,1.5475656743151105,DOM
Ingenuo,referencia,2017,2018,1,7.09751640210159,3.93386176401576,-3.16365463808583,DOM
Deriva,referencia,2017,2018,1,7.09751640210159,4.045417308908044,-3.0520990931935463,DOM
AR(1),Box-Jenkins,2017,2018,1,7.09751640210159,5.362120013000034,-1.735396389101556,DOM
"ARMA(2,2)",Box-Jenkins,2017,2018,1,7.09751640210159,4.219888682645252,-2.8776277194563376,DOM
"ARIMA(1,1,1)",Box-Jenkins,2017,2018,1,7.09751640210159,5.190199575010145,-1.907316827091445,DOM
Ridge sobre rezagos,regularizado,2017,2018,1,7.09751640210159,4.508326764202805,-2.5891896378987846,DOM
Random Forest,aprendizaje,2017,2018,1,7.09751640210159,3.1779600382735795,-3.9195563638280104,DOM
LSTM(16),red neuronal,2017,2018,1,7.09751640210159,5.567789423665453,-1.5297269784361367,DOM
Comb. RF/AR(1) suave,combinacion,2017,2018,1,7.09751640210159,2.90482194626385,-4.19269445583774,DOM
Comb. RF/AR(1) dura,combinacion,2017,2018,1,7.09751640210159,2.90482194626385,-4.19269445583774,DOM
Comb. RF/ingenuo suave,combinacion,2017,2018,1,7.09751640210159,2.90482194626385,-4.19269445583774,DOM
Comb. LSTM/AR(1) suave,combinacion,2017,2018,1,7.09751640210159,5.049435991869695,-2.0480804102318952,DOM
Comb. RF/AR(1) umbral min,combinacion,2017,2018,1,7.09751640210159,5.362120013000034,-1.735396389101556,DOM
Ingenuo,referencia,2018,2019,1,4.8940301149584,7.09751640210159,2.20348628714319,DOM
Deriva,referencia,2018,2019,1,4.8940301149584,7.262617545120077,2.3685874301616767,DOM
AR(1),Box-Jenkins,2018,2019,1,4.8940301149584,5.491151104023591,0.597120989065191,DOM
"ARMA(2,2)",Box-Jenkins,2018,2019,1,4.8940301149584,6.547194806657005,1.6531646916986054,DOM
"ARIMA(1,1,1)",Box-Jenkins,2018,2019,1,4.8940301149584,5.65140317099635,0.7573730560379497,DOM
Ridge sobre rezagos,regularizado,2018,2019,1,4.8940301149584,6.916069705738584,2.0220395907801842,DOM
Random Forest,aprendizaje,2018,2019,1,4.8940301149584,4.591579871163279,-0.3024502437951213,DOM
LSTM(16),red neuronal,2018,2019,1,4.8940301149584,5.370150556628999,0.47612044167059864,DOM
Comb. RF/AR(1) suave,combinacion,2018,2019,1,4.8940301149584,4.440559753836747,-0.45347036112165284,DOM
Comb. RF/AR(1) dura,combinacion,2018,2019,1,4.8940301149584,4.440559753836747,-0.45347036112165284,DOM
Comb. RF/ingenuo suave,combinacion,2018,2019,1,4.8940301149584,4.440559753836747,-0.45347036112165284,DOM
Comb. LSTM/AR(1) suave,combinacion,2018,2019,1,4.8940301149584,5.055828143390679,0.16179802843227886,DOM
Comb. RF/AR(1) umbral min,combinacion,2018,2019,1,4.8940301149584,5.491151104023591,0.597120989065191,DOM
Ingenuo,referencia,2019,2020,1,-7.92905234231061,4.8940301149584,12.82308245726901,DOM
Deriva,referencia,2019,2020,1,-7.92905234231061,5.018293543663754,12.947345885974364,DOM
AR(1),Box-Jenkins,2019,2020,1,-7.92905234231061,5.414023886503518,13.343076228814127,DOM
"ARMA(2,2)",Box-Jenkins,2019,2020,1,-7.92905234231061,4.102824874813566,12.031877217124176,DOM
"ARIMA(1,1,1)",Box-Jenkins,2019,2020,1,-7.92905234231061,5.378390464910241,13.307442807220852,DOM
Ridge sobre rezagos,regularizado,2019,2020,1,-7.92905234231061,4.119330162489341,12.04838250479995,DOM
Random Forest,aprendizaje,2019,2020,1,-7.92905234231061,3.455732120943147,11.384784463253757,DOM
LSTM(16),red neuronal,2019,2020,1,-7.92905234231061,5.5975782834034264,13.526630625714036,DOM
Comb. RF/AR(1) suave,combinacion,2019,2020,1,-7.92905234231061,4.729059504614555,12.658111846925165,DOM
Comb. RF/AR(1) dura,combinacion,2019,2020,1,-7.92905234231061,4.729059504614555,12.658111846925165,DOM
Comb. RF/ingenuo suave,combinacion,2019,2020,1,-7.92905234231061,4.729059504614555,12.658111846925165,DOM
Comb. LSTM/AR(1) suave,combinacion,2019,2020,1,-7.92905234231061,5.003473771079641,12.93252611339025,DOM
Comb. RF/AR(1) umbral min,combinacion,2019,2020,1,-7.92905234231061,5.414023886503518,13.343076228814127,DOM
Ingenuo,referencia,2020,2021,1,14.0124289062207,-7.92905234231061,-21.94148124853131,DOM
Deriva,referencia,2020,2021,1,14.0124289062207,-8.024235454045499,-22.0366643602662,DOM
AR(1),Box-Jenkins,2020,2021,1,14.0124289062207,4.757000145971359,-9.255428760249341,DOM
"ARMA(2,2)",Box-Jenkins,2020,2021,1,14.0124289062207,2.603515928917586,-11.408912977303114,DOM
"ARIMA(1,1,1)",Box-Jenkins,2020,2021,1,14.0124289062207,3.289870662419455,-10.722558243801245,DOM
Ridge sobre rezagos,regularizado,2020,2021,1,14.0124289062207,-1.2780278580776772,-15.290456764298376,DOM
Random Forest,aprendizaje,2020,2021,1,14.0124289062207,3.7650242887612344,-10.247404617459466,DOM
LSTM(16),red neuronal,2020,2021,1,14.0124289062207,1.9445737990571574,-12.067855107163542,DOM
Comb. RF/AR(1) suave,combinacion,2020,2021,1,14.0124289062207,3.1468774818554968,-10.865551424365204,DOM
Comb. RF/AR(1) dura,combinacion,2020,2021,1,14.0124289062207,4.757000145971359,-9.255428760249341,DOM
Comb. RF/ingenuo suave,combinacion,2020,2021,1,14.0124289062207,0.8213866662162852,-13.191042240004414,DOM
Comb. LSTM/AR(1) suave,combinacion,2020,2021,1,14.0124289062207,2.5940353965292697,-11.41839350969143,DOM
Comb. RF/AR(1) umbral min,combinacion,2020,2021,1,14.0124289062207,4.757000145971359,-9.255428760249341,DOM
Ingenuo,referencia,2021,2022,1,5.23795652902595,14.0124289062207,8.774472377194751,DOM
Deriva,referencia,2021,2022,1,5.23795652902595,14.284523533823581,9.04656700479763,DOM
AR(1),Box-Jenkins,2021,2022,1,5.23795652902595,4.970004856707749,-0.26795167231820116,DOM
"ARMA(2,2)",Box-Jenkins,2021,2022,1,5.23795652902595,8.522897185783872,3.2849406567579225,DOM
"ARIMA(1,1,1)",Box-Jenkins,2021,2022,1,5.23795652902595,5.507862937027992,0.2699064080020426,DOM
Ridge sobre rezagos,regularizado,2021,2022,1,5.23795652902595,11.492537400914337,6.254580871888387,DOM
Random Forest,aprendizaje,2021,2022,1,5.23795652902595,10.559101876421009,5.321145347395059,DOM
LSTM(16),red neuronal,2021,2022,1,5.23795652902595,4.9284958195239685,-0.30946070950198123,DOM
Comb. RF/AR(1) suave,combinacion,2021,2022,1,5.23795652902595,4.970004856707749,-0.26795167231820116,DOM
Comb. RF/AR(1) dura,combinacion,2021,2022,1,5.23795652902595,4.970004856707749,-0.26795167231820116,DOM
Comb. RF/ingenuo suave,combinacion,2021,2022,1,5.23795652902595,14.0124289062207,8.774472377194751,DOM
Comb. LSTM/AR(1) suave,combinacion,2021,2022,1,5.23795652902595,4.970004856707749,-0.26795167231820116,DOM
Comb. RF/AR(1) umbral min,combinacion,2021,2022,1,5.23795652902595,4.970004856707749,-0.26795167231820116,DOM
Ingenuo,referencia,2022,2023,1,2.19229848237939,5.23795652902595,3.04565804664656,DOM
Deriva,referencia,2022,2023,1,2.19229848237939,5.361746779501001,3.169448297121611,DOM
AR(1),Box-Jenkins,2022,2023,1,2.19229848237939,5.344192049810982,3.1518935674315918,DOM
"ARMA(2,2)",Box-Jenkins,2022,2023,1,2.19229848237939,2.151952730525458,-0.040345751853931855,DOM
"ARIMA(1,1,1)",Box-Jenkins,2022,2023,1,2.19229848237939,5.306407806729647,3.114109324350257,DOM
Ridge sobre rezagos,regularizado,2022,2023,1,2.19229848237939,1.0103166147601836,-1.1819818676192062,DOM
Random Forest,aprendizaje,2022,2023,1,2.19229848237939,3.830470731021919,1.6381722486425292,DOM
LSTM(16),red neuronal,2022,2023,1,2.19229848237939,4.873867721100624,2.6815692387212344,DOM
Comb. RF/AR(1) suave,combinacion,2022,2023,1,2.19229848237939,5.344192049810982,3.1518935674315918,DOM
Comb. RF/AR(1) dura,combinacion,2022,2023,1,2.19229848237939,5.344192049810982,3.1518935674315918,DOM
Comb. RF/ingenuo suave,combinacion,2022,2023,1,2.19229848237939,5.23795652902595,3.04565804664656,DOM
Comb. LSTM/AR(1) suave,combinacion,2022,2023,1,2.19229848237939,5.344192049810982,3.1518935674315918,DOM
Comb. RF/AR(1) umbral min,combinacion,2022,2023,1,2.19229848237939,5.344192049810982,3.1518935674315918,DOM
Ingenuo,referencia,2023,2024,1,4.95352204492849,2.19229848237939,-2.7612235625491,DOM
Deriva,referencia,2023,2024,1,4.95352204492849,2.2649685990298987,-2.688553445898591,DOM
AR(1),Box-Jenkins,2023,2024,1,4.95352204492849,5.417502997303733,0.46398095237524295,DOM
"ARMA(2,2)",Box-Jenkins,2023,2024,1,4.95352204492849,7.304268838533549,2.350746793605059,DOM
"ARIMA(1,1,1)",Box-Jenkins,2023,2024,1,4.95352204492849,5.100490989510513,0.14696894458202348,DOM
Ridge sobre rezagos,regularizado,2023,2024,1,4.95352204492849,7.255851043756628,2.3023289988281386,DOM
Random Forest,aprendizaje,2023,2024,1,4.95352204492849,5.092527864986716,0.13900582005822582,DOM
LSTM(16),red neuronal,2023,2024,1,4.95352204492849,4.449144279773217,-0.5043777651552732,DOM
Comb. RF/AR(1) suave,combinacion,2023,2024,1,4.95352204492849,5.413790822274521,0.4602687773460312,DOM
Comb. RF/AR(1) dura,combinacion,2023,2024,1,4.95352204492849,5.417502997303733,0.46398095237524295,DOM
Comb. RF/ingenuo suave,combinacion,2023,2024,1,4.95352204492849,2.1955301932076603,-2.7579918517208295,DOM
Comb. LSTM/AR(1) suave,combinacion,2023,2024,1,4.95352204492849,5.415439246235256,0.4619172013067665,DOM
Comb. RF/AR(1) umbral min,combinacion,2023,2024,1,4.95352204492849,5.417502997303733,0.46398095237524295,DOM
Ingenuo,referencia,2024,2025,1,2.11739113534632,4.95352204492849,2.83613090958217,DOM
Deriva,referencia,2024,2025,1,2.11739113534632,5.068867613101198,2.9514764777548783,DOM
AR(1),Box-Jenkins,2024,2025,1,2.11739113534632,5.29740297456968,3.18001183922336,DOM
"ARMA(2,2)",Box-Jenkins,2024,2025,1,2.11739113534632,3.2966716630598834,1.1792805277135634,DOM
"ARIMA(1,1,1)",Box-Jenkins,2024,2025,1,2.11739113534632,5.157836042564144,3.040444907217824,DOM
Ridge sobre rezagos,regularizado,2024,2025,1,2.11739113534632,6.517520543853529,4.400129408507208,DOM
Random Forest,aprendizaje,2024,2025,1,2.11739113534632,3.249896830823829,1.132505695477509,DOM
LSTM(16),red neuronal,2024,2025,1,2.11739113534632,4.467588164909184,2.3501970295628642,DOM
Comb. RF/AR(1) suave,combinacion,2024,2025,1,2.11739113534632,5.0946413141842966,2.9772501788379766,DOM
Comb. RF/AR(1) dura,combinacion,2024,2025,1,2.11739113534632,5.29740297456968,3.18001183922336,DOM
Comb. RF/ingenuo suave,combinacion,2024,2025,1,2.11739113534632,4.777075401258274,2.6596842659119537,DOM
Comb. LSTM/AR(1) suave,combinacion,2024,2025,1,2.11739113534632,5.234613465119095,3.117222329772775,DOM
Comb. RF/AR(1) umbral min,combinacion,2024,2025,1,2.11739113534632,5.29740297456968,3.18001183922336,DOM
Ingenuo,referencia,1990,1991,1,4.29134246404705,3.67991405308877,-0.6114284109582799,ECU
Deriva,referencia,1990,1991,1,4.29134246404705,3.6301036797858144,-0.6612387842612355,ECU
AR(1),Box-Jenkins,1990,1991,1,4.29134246404705,4.155078890221159,-0.13626357382589127,ECU
"ARMA(2,2)",Box-Jenkins,1990,1991,1,4.29134246404705,3.734324170915942,-0.5570182931311081,ECU
"ARIMA(1,1,1)",Box-Jenkins,1990,1991,1,4.29134246404705,2.9105694992790907,-1.3807729647679592,ECU
Ridge sobre rezagos,regularizado,1990,1991,1,4.29134246404705,6.963019535057886,2.671677071010836,ECU
Random Forest,aprendizaje,1990,1991,1,4.29134246404705,5.874613223707403,1.583270759660353,ECU
LSTM(16),red neuronal,1990,1991,1,4.29134246404705,,,ECU
Comb. RF/AR(1) suave,combinacion,1990,1991,1,4.29134246404705,6.06814658482268,1.7768041207756298,ECU
Comb. RF/AR(1) dura,combinacion,1990,1991,1,4.29134246404705,6.06814658482268,1.7768041207756298,ECU
Comb. RF/ingenuo suave,combinacion,1990,1991,1,4.29134246404705,6.06814658482268,1.7768041207756298,ECU
Comb. LSTM/AR(1) suave,combinacion,1990,1991,1,4.29134246404705,,,ECU
Comb. RF/AR(1) umbral min,combinacion,1990,1991,1,4.29134246404705,4.654923233031555,0.3635807689845052,ECU
Ingenuo,referencia,1991,1992,1,2.11431064978969,4.29134246404705,2.1770318142573597,ECU
Deriva,referencia,1991,1992,1,2.11431064978969,4.263573383552802,2.149262733763112,ECU
AR(1),Box-Jenkins,1991,1992,1,2.11431064978969,4.413023655713013,2.2987130059233225,ECU
"ARMA(2,2)",Box-Jenkins,1991,1992,1,2.11431064978969,3.062502937892891,0.948192288103201,ECU
"ARIMA(1,1,1)",Box-Jenkins,1991,1992,1,2.11431064978969,3.591451357813732,1.477140708024042,ECU
Ridge sobre rezagos,regularizado,1991,1992,1,2.11431064978969,4.028130418419875,1.9138197686301845,ECU
Random Forest,aprendizaje,1991,1992,1,2.11431064978969,4.762358796601847,2.6480481468121564,ECU
LSTM(16),red neuronal,1991,1992,1,2.11431064978969,,,ECU
Comb. RF/AR(1) suave,combinacion,1991,1992,1,2.11431064978969,4.078396255409704,1.9640856056200136,ECU
Comb. RF/AR(1) dura,combinacion,1991,1992,1,2.11431064978969,4.078396255409704,1.9640856056200136,ECU
Comb. RF/ingenuo suave,combinacion,1991,1992,1,2.11431064978969,4.078396255409704,1.9640856056200136,ECU
Comb. LSTM/AR(1) suave,combinacion,1991,1992,1,2.11431064978969,,,ECU
Comb. RF/AR(1) umbral min,combinacion,1991,1992,1,2.11431064978969,4.340456429883105,2.2261457800934146,ECU
Ingenuo,referencia,1992,1993,1,1.97321813678619,2.11431064978969,0.14109251300350012,ECU
Deriva,referencia,1992,1993,1,1.97321813678619,2.0172105133676004,0.04399237658141031,ECU
AR(1),Box-Jenkins,1992,1993,1,1.97321813678619,3.433581998008365,1.460363861222175,ECU
"ARMA(2,2)",Box-Jenkins,1992,1993,1,1.97321813678619,4.280737741267755,2.307519604481565,ECU
"ARIMA(1,1,1)",Box-Jenkins,1992,1993,1,1.97321813678619,2.9847348333915646,1.0115166966053746,ECU
Ridge sobre rezagos,regularizado,1992,1993,1,1.97321813678619,4.828796959183933,2.8555788223977427,ECU
Random Forest,aprendizaje,1992,1993,1,1.97321813678619,2.898818169899291,0.9256000331131009,ECU
LSTM(16),red neuronal,1992,1993,1,1.97321813678619,3.941032688137878,1.967814551351688,ECU
Comb. RF/AR(1) suave,combinacion,1992,1993,1,1.97321813678619,2.815188058857069,0.841969922070879,ECU
Comb. RF/AR(1) dura,combinacion,1992,1993,1,1.97321813678619,2.815188058857069,0.841969922070879,ECU
Comb. RF/ingenuo suave,combinacion,1992,1993,1,1.97321813678619,2.815188058857069,0.841969922070879,ECU
Comb. LSTM/AR(1) suave,combinacion,1992,1993,1,1.97321813678619,,,ECU
Comb. RF/AR(1) umbral min,combinacion,1992,1993,1,1.97321813678619,3.3063372670939777,1.3331191303077876,ECU
Ingenuo,referencia,1993,1994,1,4.25825042741626,1.97321813678619,-2.28503229063007,ECU
Deriva,referencia,1993,1994,1,4.25825042741626,1.874743238595931,-2.383507188820329,ECU
AR(1),Box-Jenkins,1993,1994,1,4.25825042741626,3.3041210108195616,-0.9541294165966985,ECU
"ARMA(2,2)",Box-Jenkins,1993,1994,1,4.25825042741626,3.155338638887942,-1.102911788528318,ECU
"ARIMA(1,1,1)",Box-Jenkins,1993,1994,1,4.25825042741626,2.4797846678448874,-1.7784657595713727,ECU
Ridge sobre rezagos,regularizado,1993,1994,1,4.25825042741626,4.346440553544348,0.08819012612808841,ECU
Random Forest,aprendizaje,1993,1994,1,4.25825042741626,5.6945496938001225,1.4362992663838625,ECU
LSTM(16),red neuronal,1993,1994,1,4.25825042741626,3.854280962076756,-0.40396946533950384,ECU
Comb. RF/AR(1) suave,combinacion,1993,1994,1,4.25825042741626,4.731319179061976,0.47306875164571593,ECU
Comb. RF/AR(1) dura,combinacion,1993,1994,1,4.25825042741626,4.731319179061976,0.47306875164571593,ECU
Comb. RF/ingenuo suave,combinacion,1993,1994,1,4.25825042741626,4.731319179061976,0.47306875164571593,ECU
Comb. LSTM/AR(1) suave,combinacion,1993,1994,1,4.25825042741626,,,ECU
Comb. RF/AR(1) umbral min,combinacion,1993,1994,1,4.25825042741626,3.405297840993107,-0.8529525864231529,ECU
Ingenuo,referencia,1994,1995,1,2.25254865225104,4.25825042741626,2.00570177516522,ECU
Deriva,referencia,1994,1995,1,2.25254865225104,4.232003019796314,1.9794543675452738,ECU
AR(1),Box-Jenkins,1994,1995,1,2.25254865225104,4.306767909266432,2.054219257015392,ECU
"ARMA(2,2)",Box-Jenkins,1994,1995,1,2.25254865225104,4.0052818968386905,1.7527332445876507,ECU
"ARIMA(1,1,1)",Box-Jenkins,1994,1995,1,2.25254865225104,3.238314497979208,0.9857658457281682,ECU
Ridge sobre rezagos,regularizado,1994,1995,1,2.25254865225104,4.059772957162391,1.807224304911351,ECU
Random Forest,aprendizaje,1994,1995,1,2.25254865225104,3.4528742821470875,1.2003256298960476,ECU
LSTM(16),red neuronal,1994,1995,1,2.25254865225104,3.874585357667687,1.6220367054166474,ECU
Comb. RF/AR(1) suave,combinacion,1994,1995,1,2.25254865225104,3.452782138321425,1.2002334860703852,ECU
Comb. RF/AR(1) dura,combinacion,1994,1995,1,2.25254865225104,3.452782138321425,1.2002334860703852,ECU
Comb. RF/ingenuo suave,combinacion,1994,1995,1,2.25254865225104,3.452782138321425,1.2002334860703852,ECU
Comb. LSTM/AR(1) suave,combinacion,1994,1995,1,2.25254865225104,,,ECU
Comb. RF/AR(1) umbral min,combinacion,1994,1995,1,2.25254865225104,4.123126735614768,1.8705780833637284,ECU
Ingenuo,referencia,1995,1996,1,1.73174762607862,2.25254865225104,0.5208010261724199,ECU
Deriva,referencia,1995,1996,1,1.73174762607862,2.168081998526821,0.43633437244820117,ECU
AR(1),Box-Jenkins,1995,1996,1,1.73174762607862,3.404207586388875,1.6724599603102552,ECU
"ARMA(2,2)",Box-Jenkins,1995,1996,1,1.73174762607862,3.3693204765792313,1.6375728505006113,ECU
"ARIMA(1,1,1)",Box-Jenkins,1995,1996,1,1.73174762607862,2.8672124999078363,1.1354648738292163,ECU
Ridge sobre rezagos,regularizado,1995,1996,1,1.73174762607862,4.445373311346456,2.713625685267836,ECU
Random Forest,aprendizaje,1995,1996,1,1.73174762607862,3.508179290601403,1.7764316645227831,ECU
LSTM(16),red neuronal,1995,1996,1,1.73174762607862,3.804842078664993,2.073094452586373,ECU
Comb. RF/AR(1) suave,combinacion,1995,1996,1,1.73174762607862,3.055312990933478,1.3235653648548582,ECU
Comb. RF/AR(1) dura,combinacion,1995,1996,1,1.73174762607862,3.055312990933478,1.3235653648548582,ECU
Comb. RF/ingenuo suave,combinacion,1995,1996,1,1.73174762607862,3.055312990933478,1.3235653648548582,ECU
Comb. LSTM/AR(1) suave,combinacion,1995,1996,1,1.73174762607862,,,ECU
Comb. RF/AR(1) umbral min,combinacion,1995,1996,1,1.73174762607862,3.323934057073517,1.592186430994897,ECU
Ingenuo,referencia,1996,1997,1,4.32786475767577,1.73174762607862,-2.59611713159715,ECU
Deriva,referencia,1996,1997,1,4.32786475767577,1.6348142759987383,-2.693050481677032,ECU
AR(1),Box-Jenkins,1996,1997,1,4.32786475767577,3.112111802581606,-1.215752955094164,ECU
"ARMA(2,2)",Box-Jenkins,1996,1997,1,4.32786475767577,2.991699316326098,-1.3361654413496722,ECU
"ARIMA(1,1,1)",Box-Jenkins,1996,1997,1,4.32786475767577,2.337546671506854,-1.9903180861689163,ECU
Ridge sobre rezagos,regularizado,1996,1997,1,4.32786475767577,3.9597003582330057,-0.36816439944276436,ECU
Random Forest,aprendizaje,1996,1997,1,4.32786475767577,4.377042968285592,0.04917821060982153,ECU
LSTM(16),red neuronal,1996,1997,1,4.32786475767577,3.727849604900219,-0.6000151527755508,ECU
Comb. RF/AR(1) suave,combinacion,1996,1997,1,4.32786475767577,3.9849569130480442,-0.34290784462772583,ECU
Comb. RF/AR(1) dura,combinacion,1996,1997,1,4.32786475767577,3.9849569130480442,-0.34290784462772583,ECU
Comb. RF/ingenuo suave,combinacion,1996,1997,1,4.32786475767577,3.9849569130480442,-0.34290784462772583,ECU
Comb. LSTM/AR(1) suave,combinacion,1996,1997,1,4.32786475767577,9.326841447655857,4.998976689980087,ECU
Comb. RF/AR(1) umbral min,combinacion,1996,1997,1,4.32786475767577,3.685005564878633,-0.642859192797137,ECU
Ingenuo,referencia,1997,1998,1,3.26652934570988,4.32786475767577,1.06133541196589,ECU
Deriva,referencia,1997,1998,1,3.26652934570988,4.30573836542025,1.0392090197103703,ECU
AR(1),Box-Jenkins,1997,1998,1,3.26652934570988,4.260857340877918,0.9943279951680375,ECU
"ARMA(2,2)",Box-Jenkins,1997,1998,1,3.26652934570988,3.9129752975657515,0.6464459518558714,ECU
"ARIMA(1,1,1)",Box-Jenkins,1997,1998,1,3.26652934570988,3.1665614209053814,-0.09996792480449868,ECU
Ridge sobre rezagos,regularizado,1997,1998,1,3.26652934570988,3.2946197114361433,0.028090365726263222,ECU
Random Forest,aprendizaje,1997,1998,1,3.26652934570988,2.3406609674070347,-0.9258683783028454,ECU
LSTM(16),red neuronal,1997,1998,1,3.26652934570988,2.1994540241062257,-1.0670753216036544,ECU
Comb. RF/AR(1) suave,combinacion,1997,1998,1,3.26652934570988,2.510291063053025,-0.756238282656855,ECU
Comb. RF/AR(1) dura,combinacion,1997,1998,1,3.26652934570988,2.510291063053025,-0.756238282656855,ECU
Comb. RF/ingenuo suave,combinacion,1997,1998,1,3.26652934570988,2.510291063053025,-0.756238282656855,ECU
Comb. LSTM/AR(1) suave,combinacion,1997,1998,1,3.26652934570988,3.408988618616123,0.14245927290624305,ECU
Comb. RF/AR(1) umbral min,combinacion,1997,1998,1,3.26652934570988,2.510291063053025,-0.756238282656855,ECU
Ingenuo,referencia,1998,1999,1,-4.73938585363382,3.26652934570988,8.0059151993437,ECU
Deriva,referencia,1998,1999,1,-4.73938585363382,3.216316223191918,7.955702076825737,ECU
AR(1),Box-Jenkins,1998,1999,1,-4.73938585363382,3.787229118112988,8.526614971746808,ECU
"ARMA(2,2)",Box-Jenkins,1998,1999,1,-4.73938585363382,3.6840067664302945,8.423392620064114,ECU
"ARIMA(1,1,1)",Box-Jenkins,1998,1999,1,-4.73938585363382,3.263205741912906,8.002591595546726,ECU
Ridge sobre rezagos,regularizado,1998,1999,1,-4.73938585363382,4.28828907240767,9.02767492604149,ECU
Random Forest,aprendizaje,1998,1999,1,-4.73938585363382,3.061304596992654,7.800690450626474,ECU
LSTM(16),red neuronal,1998,1999,1,-4.73938585363382,3.317878693634284,8.057264547268105,ECU
Comb. RF/AR(1) suave,combinacion,1998,1999,1,-4.73938585363382,2.1702815958522224,6.909667449486042,ECU
Comb. RF/AR(1) dura,combinacion,1998,1999,1,-4.73938585363382,2.1702815958522224,6.909667449486042,ECU
Comb. RF/ingenuo suave,combinacion,1998,1999,1,-4.73938585363382,2.1702815958522224,6.909667449486042,ECU
Comb. LSTM/AR(1) suave,combinacion,1998,1999,1,-4.73938585363382,3.5005210732757335,8.239906926909553,ECU
Comb. RF/AR(1) umbral min,combinacion,1998,1999,1,-4.73938585363382,2.1702815958522224,6.909667449486042,ECU
Ingenuo,referencia,1999,2000,1,1.09180164720277,-4.73938585363382,-5.83118750083659,ECU
Deriva,referencia,1999,2000,1,1.09180164720277,-4.99895955712088,-6.09076120432365,ECU
AR(1),Box-Jenkins,1999,2000,1,1.09180164720277,-0.012648762783515455,-1.1044504099862855,ECU
"ARMA(2,2)",Box-Jenkins,1999,2000,1,1.09180164720277,0.10976600590736951,-0.9820356412954006,ECU
"ARIMA(1,1,1)",Box-Jenkins,1999,2000,1,1.09180164720277,-0.16026698052271549,-1.2520686277254856,ECU
Ridge sobre rezagos,regularizado,1999,2000,1,1.09180164720277,1.8343939423976465,0.7425922951948765,ECU
Random Forest,aprendizaje,1999,2000,1,1.09180164720277,4.451758528367875,3.359956881165105,ECU
LSTM(16),red neuronal,1999,2000,1,1.09180164720277,3.3814917458298335,2.289690098627063,ECU
Comb. RF/AR(1) suave,combinacion,1999,2000,1,1.09180164720277,4.662044342658162,3.5702426954553923,ECU
Comb. RF/AR(1) dura,combinacion,1999,2000,1,1.09180164720277,4.662044342658162,3.5702426954553923,ECU
Comb. RF/ingenuo suave,combinacion,1999,2000,1,1.09180164720277,4.662044342658162,3.5702426954553923,ECU
Comb. LSTM/AR(1) suave,combinacion,1999,2000,1,1.09180164720277,4.4421034076370844,3.3503017604343146,ECU
Comb. RF/AR(1) umbral min,combinacion,1999,2000,1,1.09180164720277,-0.012648762783515455,-1.1044504099862855,ECU
Ingenuo,referencia,2000,2001,1,4.20627185748789,1.09180164720277,-3.11447021028512,ECU
Deriva,referencia,2000,2001,1,4.20627185748789,0.9884013079291365,-3.217870549558753,ECU
AR(1),Box-Jenkins,2000,2001,1,4.20627185748789,2.6682786875233155,-1.5379931699645741,ECU
"ARMA(2,2)",Box-Jenkins,2000,2001,1,4.20627185748789,1.979620207799339,-2.2266516496885504,ECU
"ARIMA(1,1,1)",Box-Jenkins,2000,2001,1,4.20627185748789,0.38654159789561204,-3.8197302595922777,ECU
Ridge sobre rezagos,regularizado,2000,2001,1,4.20627185748789,1.2242116431929335,-2.982060214294956,ECU
Random Forest,aprendizaje,2000,2001,1,4.20627185748789,2.7995473742380512,-1.4067244832498385,ECU
LSTM(16),red neuronal,2000,2001,1,4.20627185748789,2.1563738618541457,-2.049897995633744,ECU
Comb. RF/AR(1) suave,combinacion,2000,2001,1,4.20627185748789,2.7661670558944635,-1.4401048015934261,ECU
Comb. RF/AR(1) dura,combinacion,2000,2001,1,4.20627185748789,2.6682786875233155,-1.5379931699645741,ECU
Comb. RF/ingenuo suave,combinacion,2000,2001,1,4.20627185748789,2.742550171670922,-1.4637216858169677,ECU
Comb. LSTM/AR(1) suave,combinacion,2000,2001,1,4.20627185748789,1.0955319607186813,-3.1107398967692084,ECU
Comb. RF/AR(1) umbral min,combinacion,2000,2001,1,4.20627185748789,2.6682786875233155,-1.5379931699645741,ECU
Ingenuo,referencia,2001,2002,1,4.92809549611376,4.20627185748789,-0.7218236386258701,ECU
Deriva,referencia,2001,2002,1,4.92809549611376,4.183318281953225,-0.7447772141605347,ECU
AR(1),Box-Jenkins,2001,2002,1,4.92809549611376,4.017285930473406,-0.9108095656403536,ECU
"ARMA(2,2)",Box-Jenkins,2001,2002,1,4.92809549611376,2.9732118946846002,-1.9548836014291595,ECU
"ARIMA(1,1,1)",Box-Jenkins,2001,2002,1,4.92809549611376,2.4392010761792458,-2.488894419934514,ECU
Ridge sobre rezagos,regularizado,2001,2002,1,4.92809549611376,2.222508807812959,-2.7055866883008006,ECU
Random Forest,aprendizaje,2001,2002,1,4.92809549611376,0.6761990616883071,-4.251896434425452,ECU
LSTM(16),red neuronal,2001,2002,1,4.92809549611376,2.1726399817360305,-2.7554555143777293,ECU
Comb. RF/AR(1) suave,combinacion,2001,2002,1,4.92809549611376,1.79132722697316,-3.1367682691405996,ECU
Comb. RF/AR(1) dura,combinacion,2001,2002,1,4.92809549611376,1.79132722697316,-3.1367682691405996,ECU
Comb. RF/ingenuo suave,combinacion,2001,2002,1,4.92809549611376,1.79132722697316,-3.1367682691405996,ECU
Comb. LSTM/AR(1) suave,combinacion,2001,2002,1,4.92809549611376,2.3480657257933153,-2.5800297703204444,ECU
Comb. RF/AR(1) umbral min,combinacion,2001,2002,1,4.92809549611376,4.017285930473406,-0.9108095656403536,ECU
Ingenuo,referencia,2002,2003,1,2.88450036512064,4.92809549611376,2.0435951309931197,ECU
Deriva,referencia,2002,2003,1,2.88450036512064,4.92330721848545,2.0388068533648096,ECU
AR(1),Box-Jenkins,2002,2003,1,2.88450036512064,4.337357758529613,1.4528573934089732,ECU
"ARMA(2,2)",Box-Jenkins,2002,2003,1,2.88450036512064,4.12630242069367,1.24180205557303,ECU
"ARIMA(1,1,1)",Box-Jenkins,2002,2003,1,2.88450036512064,3.406012997960486,0.5215126328398458,ECU
Ridge sobre rezagos,regularizado,2002,2003,1,2.88450036512064,5.7162156952733465,2.8317153301527065,ECU
Random Forest,aprendizaje,2002,2003,1,2.88450036512064,2.288915026717301,-0.5955853384033389,ECU
LSTM(16),red neuronal,2002,2003,1,2.88450036512064,3.4396972034880102,0.5551968383673702,ECU
Comb. RF/AR(1) suave,combinacion,2002,2003,1,2.88450036512064,2.5245027295116595,-0.35999763560898046,ECU
Comb. RF/AR(1) dura,combinacion,2002,2003,1,2.88450036512064,2.5245027295116595,-0.35999763560898046,ECU
Comb. RF/ingenuo suave,combinacion,2002,2003,1,2.88450036512064,2.5245027295116595,-0.35999763560898046,ECU
Comb. LSTM/AR(1) suave,combinacion,2002,2003,1,2.88450036512064,3.42879314951596,0.5442927843953198,ECU
Comb. RF/AR(1) umbral min,combinacion,2002,2003,1,2.88450036512064,4.337357758529613,1.4528573934089732,ECU
Ingenuo,referencia,2003,2004,1,6.83239736646514,2.88450036512064,-3.9478970013445003,ECU
Deriva,referencia,2003,2004,1,6.83239736646514,2.83116906717412,-4.00122829929102,ECU
AR(1),Box-Jenkins,2003,2004,1,6.83239736646514,3.463332550952737,-3.369064815512403,ECU
"ARMA(2,2)",Box-Jenkins,2003,2004,1,6.83239736646514,3.3415746564533726,-3.4908227100117677,ECU
"ARIMA(1,1,1)",Box-Jenkins,2003,2004,1,6.83239736646514,2.734195870967019,-4.098201495498121,ECU
Ridge sobre rezagos,regularizado,2003,2004,1,6.83239736646514,3.5722214812086035,-3.260175885256537,ECU
Random Forest,aprendizaje,2003,2004,1,6.83239736646514,3.9909143659090494,-2.841483000556091,ECU
LSTM(16),red neuronal,2003,2004,1,6.83239736646514,3.4288439602167684,-3.403553406248372,ECU
Comb. RF/AR(1) suave,combinacion,2003,2004,1,6.83239736646514,3.7138764668120725,-3.118520899653068,ECU
Comb. RF/AR(1) dura,combinacion,2003,2004,1,6.83239736646514,3.7138764668120725,-3.118520899653068,ECU
Comb. RF/ingenuo suave,combinacion,2003,2004,1,6.83239736646514,3.7138764668120725,-3.118520899653068,ECU
Comb. LSTM/AR(1) suave,combinacion,2003,2004,1,6.83239736646514,3.415397569642682,-3.4169997968224584,ECU
Comb. RF/AR(1) umbral min,combinacion,2003,2004,1,6.83239736646514,3.463332550952737,-3.369064815512403,ECU
Ingenuo,referencia,2004,2005,1,5.39862243994342,6.83239736646514,1.4337749265217203,ECU
Deriva,referencia,2004,2005,1,5.39862243994342,6.872117889432365,1.4734954494889454,ECU
AR(1),Box-Jenkins,2004,2005,1,5.39862243994342,5.13441024645675,-0.2642121934866699,ECU
"ARMA(2,2)",Box-Jenkins,2004,2005,1,5.39862243994342,5.1266789413327505,-0.27194349861066947,ECU
"ARIMA(1,1,1)",Box-Jenkins,2004,2005,1,5.39862243994342,4.514634976626913,-0.8839874633165072,ECU
Ridge sobre rezagos,regularizado,2004,2005,1,5.39862243994342,4.146692330311256,-1.2519301096321636,ECU
Random Forest,aprendizaje,2004,2005,1,5.39862243994342,4.488735330440724,-0.9098871095026961,ECU
LSTM(16),red neuronal,2004,2005,1,5.39862243994342,3.5688551004072173,-1.8297673395362026,ECU
Comb. RF/AR(1) suave,combinacion,2004,2005,1,5.39862243994342,3.5392691961900504,-1.8593532437533695,ECU
Comb. RF/AR(1) dura,combinacion,2004,2005,1,5.39862243994342,3.5392691961900504,-1.8593532437533695,ECU
Comb. RF/ingenuo suave,combinacion,2004,2005,1,5.39862243994342,3.5392691961900504,-1.8593532437533695,ECU
Comb. LSTM/AR(1) suave,combinacion,2004,2005,1,5.39862243994342,3.798482182719573,-1.6001402572238468,ECU
Comb. RF/AR(1) umbral min,combinacion,2004,2005,1,5.39862243994342,5.13441024645675,-0.2642121934866699,ECU
Ingenuo,referencia,2005,2006,1,4.34113198577639,5.39862243994342,1.0574904541670298,ECU
Deriva,referencia,2005,2006,1,4.34113198577639,5.404854429967714,1.063722444191324,ECU
AR(1),Box-Jenkins,2005,2006,1,4.34113198577639,4.567294046791743,0.2261620610153532,ECU
"ARMA(2,2)",Box-Jenkins,2005,2006,1,4.34113198577639,4.5975154667957945,0.25638348101940434,ECU
"ARIMA(1,1,1)",Box-Jenkins,2005,2006,1,4.34113198577639,4.179765927003876,-0.1613660587725141,ECU
Ridge sobre rezagos,regularizado,2005,2006,1,4.34113198577639,5.618316989180929,1.277185003404539,ECU
Random Forest,aprendizaje,2005,2006,1,4.34113198577639,6.120213933707081,1.779081947930691,ECU
LSTM(16),red neuronal,2005,2006,1,4.34113198577639,4.424947629547409,0.08381564377101913,ECU
Comb. RF/AR(1) suave,combinacion,2005,2006,1,4.34113198577639,6.905938596303497,2.564806610527107,ECU
Comb. RF/AR(1) dura,combinacion,2005,2006,1,4.34113198577639,6.905938596303497,2.564806610527107,ECU
Comb. RF/ingenuo suave,combinacion,2005,2006,1,4.34113198577639,6.905938596303497,2.564806610527107,ECU
Comb. LSTM/AR(1) suave,combinacion,2005,2006,1,4.34113198577639,3.638840054056112,-0.702291931720278,ECU
Comb. RF/AR(1) umbral min,combinacion,2005,2006,1,4.34113198577639,4.567294046791743,0.2261620610153532,ECU
Ingenuo,referencia,2006,2007,1,1.90242859700484,4.34113198577639,2.4387033887715504,ECU
Deriva,referencia,2006,2007,1,1.90242859700484,4.3237256992630995,2.4212971022582597,ECU
AR(1),Box-Jenkins,2006,2007,1,1.90242859700484,4.135889670101562,2.2334610730967226,ECU
"ARMA(2,2)",Box-Jenkins,2006,2007,1,1.90242859700484,4.490680530625564,2.5882519336207244,ECU
"ARIMA(1,1,1)",Box-Jenkins,2006,2007,1,1.90242859700484,3.8353703419277836,1.9329417449229436,ECU
Ridge sobre rezagos,regularizado,2006,2007,1,1.90242859700484,6.804290102069782,4.901861505064942,ECU
Random Forest,aprendizaje,2006,2007,1,1.90242859700484,6.141876804230702,4.239448207225863,ECU
LSTM(16),red neuronal,2006,2007,1,1.90242859700484,4.160162211817848,2.2577336148130085,ECU
Comb. RF/AR(1) suave,combinacion,2006,2007,1,1.90242859700484,5.702400808956699,3.799972211951859,ECU
Comb. RF/AR(1) dura,combinacion,2006,2007,1,1.90242859700484,5.702400808956699,3.799972211951859,ECU
Comb. RF/ingenuo suave,combinacion,2006,2007,1,1.90242859700484,5.702400808956699,3.799972211951859,ECU
Comb. LSTM/AR(1) suave,combinacion,2006,2007,1,1.90242859700484,3.630278258990379,1.727849661985539,ECU
Comb. RF/AR(1) umbral min,combinacion,2006,2007,1,1.90242859700484,4.135889670101562,2.2334610730967226,ECU
Ingenuo,referencia,2007,2008,1,6.56492068224719,1.90242859700484,-4.66249208524235,ECU
Deriva,referencia,2007,2008,1,6.56492068224719,1.8323854169641958,-4.732535265282994,ECU
AR(1),Box-Jenkins,2007,2008,1,6.56492068224719,3.109418461875328,-3.455502220371862,ECU
"ARMA(2,2)",Box-Jenkins,2007,2008,1,6.56492068224719,3.2694783232621956,-3.2954423589849946,ECU
"ARIMA(1,1,1)",Box-Jenkins,2007,2008,1,6.56492068224719,2.836010197948148,-3.728910484299042,ECU
Ridge sobre rezagos,regularizado,2007,2008,1,6.56492068224719,3.7705636418796895,-2.7943570403675007,ECU
Random Forest,aprendizaje,2007,2008,1,6.56492068224719,3.8922715243367385,-2.6726491579104517,ECU
LSTM(16),red neuronal,2007,2008,1,6.56492068224719,3.941855514497001,-2.6230651677501893,ECU
Comb. RF/AR(1) suave,combinacion,2007,2008,1,6.56492068224719,4.154607381819094,-2.410313300428096,ECU
Comb. RF/AR(1) dura,combinacion,2007,2008,1,6.56492068224719,4.154607381819094,-2.410313300428096,ECU
Comb. RF/ingenuo suave,combinacion,2007,2008,1,6.56492068224719,4.154607381819094,-2.410313300428096,ECU
Comb. LSTM/AR(1) suave,combinacion,2007,2008,1,6.56492068224719,3.601393896093528,-2.963526786153662,ECU
Comb. RF/AR(1) umbral min,combinacion,2007,2008,1,6.56492068224719,3.3281502343586737,-3.2367704478885164,ECU
Ingenuo,referencia,2008,2009,1,1.0910129698311,6.56492068224719,5.47390771241609,ECU
Deriva,referencia,2008,2009,1,1.0910129698311,6.595569741893418,5.504556772062318,ECU
AR(1),Box-Jenkins,2008,2009,1,1.0910129698311,5.011362590828754,3.920349620997654,ECU
"ARMA(2,2)",Box-Jenkins,2008,2009,1,1.0910129698311,4.952541503364352,3.861528533533252,ECU
"ARIMA(1,1,1)",Box-Jenkins,2008,2009,1,1.0910129698311,4.7092513798283,3.6182384099972005,ECU
Ridge sobre rezagos,regularizado,2008,2009,1,1.0910129698311,4.513115004405313,3.4221020345742135,ECU
Random Forest,aprendizaje,2008,2009,1,1.0910129698311,4.403261846140055,3.3122488763089546,ECU
LSTM(16),red neuronal,2008,2009,1,1.0910129698311,4.37007398862034,3.27906101878924,ECU
Comb. RF/AR(1) suave,combinacion,2008,2009,1,1.0910129698311,3.8022147975855285,2.7112018277544285,ECU
Comb. RF/AR(1) dura,combinacion,2008,2009,1,1.0910129698311,3.8022147975855285,2.7112018277544285,ECU
Comb. RF/ingenuo suave,combinacion,2008,2009,1,1.0910129698311,3.8022147975855285,2.7112018277544285,ECU
Comb. LSTM/AR(1) suave,combinacion,2008,2009,1,1.0910129698311,3.875511539967377,2.784498570136277,ECU
Comb. RF/AR(1) umbral min,combinacion,2008,2009,1,1.0910129698311,4.379818992199314,3.288806022368214,ECU
Ingenuo,referencia,2009,2010,1,4.02913787986621,1.0910129698311,-2.9381249100351097,ECU
Deriva,referencia,2009,2010,1,4.02913787986621,1.0069837633926961,-3.0221541164735135,ECU
AR(1),Box-Jenkins,2009,2010,1,4.02913787986621,2.883938500261152,-1.1451993796050575,ECU
"ARMA(2,2)",Box-Jenkins,2009,2010,1,4.02913787986621,3.1521282011537286,-0.877009678712481,ECU
"ARIMA(1,1,1)",Box-Jenkins,2009,2010,1,4.02913787986621,2.6675095387197514,-1.3616283411464583,ECU
Ridge sobre rezagos,regularizado,2009,2010,1,4.02913787986621,3.309665689153267,-0.7194721907129424,ECU
Random Forest,aprendizaje,2009,2010,1,4.02913787986621,2.7437057081726324,-1.2854321716935773,ECU
LSTM(16),red neuronal,2009,2010,1,4.02913787986621,3.796868778092964,-0.23226910177324545,ECU
Comb. RF/AR(1) suave,combinacion,2009,2010,1,4.02913787986621,2.777708117553438,-1.2514297623127715,ECU
Comb. RF/AR(1) dura,combinacion,2009,2010,1,4.02913787986621,2.777708117553438,-1.2514297623127715,ECU
Comb. RF/ingenuo suave,combinacion,2009,2010,1,4.02913787986621,2.777708117553438,-1.2514297623127715,ECU
Comb. LSTM/AR(1) suave,combinacion,2009,2010,1,4.02913787986621,3.6065504460100097,-0.4225874338561999,ECU
Comb. RF/AR(1) umbral min,combinacion,2009,2010,1,4.02913787986621,2.869551865618496,-1.1595860142477137,ECU
Ingenuo,referencia,2010,2011,1,8.48147656332823,4.02913787986621,-4.4523386834620196,ECU
Deriva,referencia,2010,2011,1,8.48147656332823,4.006785288049715,-4.474691275278515,ECU
AR(1),Box-Jenkins,2010,2011,1,8.48147656332823,3.976346340866212,-4.505130222462017,ECU
"ARMA(2,2)",Box-Jenkins,2010,2011,1,8.48147656332823,3.8182701667769736,-4.663206396551256,ECU
"ARIMA(1,1,1)",Box-Jenkins,2010,2011,1,8.48147656332823,3.653402134140032,-4.828074429188197,ECU
Ridge sobre rezagos,regularizado,2010,2011,1,8.48147656332823,3.8877039052970597,-4.5937726580311695,ECU
Random Forest,aprendizaje,2010,2011,1,8.48147656332823,4.0957110547484605,-4.385765508579769,ECU
LSTM(16),red neuronal,2010,2011,1,8.48147656332823,3.9327843237193316,-4.548692239608897,ECU
Comb. RF/AR(1) suave,combinacion,2010,2011,1,8.48147656332823,3.0713014063222257,-5.4101751570060035,ECU
Comb. RF/AR(1) dura,combinacion,2010,2011,1,8.48147656332823,3.0713014063222257,-5.4101751570060035,ECU
Comb. RF/ingenuo suave,combinacion,2010,2011,1,8.48147656332823,3.0713014063222257,-5.4101751570060035,ECU
Comb. LSTM/AR(1) suave,combinacion,2010,2011,1,8.48147656332823,3.638997914480595,-4.842478648847634,ECU
Comb. RF/AR(1) umbral min,combinacion,2010,2011,1,8.48147656332823,3.666619884651254,-4.814856678676975,ECU
Ingenuo,referencia,2011,2012,1,5.783212336172,8.48147656332823,2.698264227156229,ECU
Deriva,referencia,2011,2012,1,5.783212336172,8.548617797017304,2.7654054608453036,ECU
AR(1),Box-Jenkins,2011,2012,1,5.783212336172,5.657900610892858,-0.12531172527914247,ECU
"ARMA(2,2)",Box-Jenkins,2011,2012,1,5.783212336172,5.383107517508719,-0.40010481866328096,ECU
"ARIMA(1,1,1)",Box-Jenkins,2011,2012,1,5.783212336172,5.431784222570626,-0.35142811360137394,ECU
Ridge sobre rezagos,regularizado,2011,2012,1,5.783212336172,4.943251876376295,-0.8399604597957051,ECU
Random Forest,aprendizaje,2011,2012,1,5.783212336172,2.4845128309160414,-3.298699505255959,ECU
LSTM(16),red neuronal,2011,2012,1,5.783212336172,4.426812842796483,-1.356399493375517,ECU
Comb. RF/AR(1) suave,combinacion,2011,2012,1,5.783212336172,3.0609250987508636,-2.7222872374211367,ECU
Comb. RF/AR(1) dura,combinacion,2011,2012,1,5.783212336172,3.0609250987508636,-2.7222872374211367,ECU
Comb. RF/ingenuo suave,combinacion,2011,2012,1,5.783212336172,3.0609250987508636,-2.7222872374211367,ECU
Comb. LSTM/AR(1) suave,combinacion,2011,2012,1,5.783212336172,4.007255700214292,-1.7759566359577086,ECU
Comb. RF/AR(1) umbral min,combinacion,2011,2012,1,5.783212336172,4.827653518016111,-0.9555588181558896,ECU
Ingenuo,referencia,2012,2013,1,7.21123653679159,5.783212336172,-1.42802420061959,ECU
Deriva,referencia,2012,2013,1,7.21123653679159,5.796129933373912,-1.4151066034176782,ECU
AR(1),Box-Jenkins,2012,2013,1,7.21123653679159,4.697808989108139,-2.5134275476834516,ECU
"ARMA(2,2)",Box-Jenkins,2012,2013,1,7.21123653679159,4.995597772705283,-2.2156387640863073,ECU
"ARIMA(1,1,1)",Box-Jenkins,2012,2013,1,7.21123653679159,4.601855960702017,-2.609380576089573,ECU
Ridge sobre rezagos,regularizado,2012,2013,1,7.21123653679159,4.484939189758415,-2.7262973470331753,ECU
Random Forest,aprendizaje,2012,2013,1,7.21123653679159,3.2439232278331254,-3.967313308958465,ECU
LSTM(16),red neuronal,2012,2013,1,7.21123653679159,4.474923396363743,-2.736313140427847,ECU
Comb. RF/AR(1) suave,combinacion,2012,2013,1,7.21123653679159,3.7752786222108403,-3.43595791458075,ECU
Comb. RF/AR(1) dura,combinacion,2012,2013,1,7.21123653679159,3.7752786222108403,-3.43595791458075,ECU
Comb. RF/ingenuo suave,combinacion,2012,2013,1,7.21123653679159,3.7752786222108403,-3.43595791458075,ECU
Comb. LSTM/AR(1) suave,combinacion,2012,2013,1,7.21123653679159,4.17360593555771,-3.0376306012338805,ECU
Comb. RF/AR(1) umbral min,combinacion,2012,2013,1,7.21123653679159,4.391838995418264,-2.819397541373326,ECU
Ingenuo,referencia,2013,2014,1,4.22606520388456,7.21123653679159,2.98517133290703,ECU
Deriva,referencia,2013,2014,1,4.22606520388456,7.251367722520765,3.025302518636205,ECU
AR(1),Box-Jenkins,2013,2014,1,4.22606520388456,5.284500932105424,1.0584357282208643,ECU
"ARMA(2,2)",Box-Jenkins,2013,2014,1,4.22606520388456,5.664050833890013,1.4379856300054525,ECU
"ARIMA(1,1,1)",Box-Jenkins,2013,2014,1,4.22606520388456,5.944401727524323,1.7183365236397625,ECU
Ridge sobre rezagos,regularizado,2013,2014,1,4.22606520388456,6.746323525809878,2.5202583219253176,ECU
Random Forest,aprendizaje,2013,2014,1,4.22606520388456,5.143388481230532,0.9173232773459716,ECU
LSTM(16),red neuronal,2013,2014,1,4.22606520388456,4.759845594813898,0.5337803909293379,ECU
Comb. RF/AR(1) suave,combinacion,2013,2014,1,4.22606520388456,4.990366409714176,0.7643012058296161,ECU
Comb. RF/AR(1) dura,combinacion,2013,2014,1,4.22606520388456,4.990366409714176,0.7643012058296161,ECU
Comb. RF/ingenuo suave,combinacion,2013,2014,1,4.22606520388456,4.990366409714176,0.7643012058296161,ECU
Comb. LSTM/AR(1) suave,combinacion,2013,2014,1,4.22606520388456,4.403929031919243,0.17786382803468292,ECU
Comb. RF/AR(1) umbral min,combinacion,2013,2014,1,4.22606520388456,5.187223896821284,0.9611586929367242,ECU
Ingenuo,referencia,2014,2015,1,0.119692109287612,4.22606520388456,4.106373094596948,ECU
Deriva,referencia,2014,2015,1,0.119692109287612,4.209115210016826,4.0894231007292134,ECU
AR(1),Box-Jenkins,2014,2015,1,0.119692109287612,4.168484731458931,4.048792622171319,ECU
"ARMA(2,2)",Box-Jenkins,2014,2015,1,0.119692109287612,4.587172255104713,4.467480145817101,ECU
"ARIMA(1,1,1)",Box-Jenkins,2014,2015,1,0.119692109287612,4.904659865996975,4.784967756709363,ECU
Ridge sobre rezagos,regularizado,2014,2015,1,0.119692109287612,4.584164483746457,4.464472374458844,ECU
Random Forest,aprendizaje,2014,2015,1,0.119692109287612,5.548022665991223,5.42833055670361,ECU
LSTM(16),red neuronal,2014,2015,1,0.119692109287612,4.550288349910784,4.430596240623172,ECU
Comb. RF/AR(1) suave,combinacion,2014,2015,1,0.119692109287612,4.8248961084992,4.705203999211587,ECU
Comb. RF/AR(1) dura,combinacion,2014,2015,1,0.119692109287612,4.8248961084992,4.705203999211587,ECU
Comb. RF/ingenuo suave,combinacion,2014,2015,1,0.119692109287612,4.8248961084992,4.705203999211587,ECU
Comb. LSTM/AR(1) suave,combinacion,2014,2015,1,0.119692109287612,4.8522964455459725,4.73260433625836,ECU
Comb. RF/AR(1) umbral min,combinacion,2014,2015,1,0.119692109287612,4.54772830876607,4.428036199478457,ECU
Ingenuo,referencia,2015,2016,1,-0.687954245877947,0.119692109287612,0.8076463551655589,ECU
Deriva,referencia,2015,2016,1,-0.687954245877947,0.027012057998966305,0.7149663038769133,ECU
AR(1),Box-Jenkins,2015,2016,1,-0.687954245877947,2.6144737828880857,3.3024280287660326,ECU
"ARMA(2,2)",Box-Jenkins,2015,2016,1,-0.687954245877947,2.955534160644262,3.643488406522209,ECU
"ARIMA(1,1,1)",Box-Jenkins,2015,2016,1,-0.687954245877947,2.5854628892547575,3.2734171351327044,ECU
Ridge sobre rezagos,regularizado,2015,2016,1,-0.687954245877947,2.6849704956159437,3.3729247414938905,ECU
Random Forest,aprendizaje,2015,2016,1,-0.687954245877947,3.6775418364321384,4.365496082310085,ECU
LSTM(16),red neuronal,2015,2016,1,-0.687954245877947,4.09877276884783,4.786727014725777,ECU
Comb. RF/AR(1) suave,combinacion,2015,2016,1,-0.687954245877947,2.8742651335850002,3.562219379462947,ECU
Comb. RF/AR(1) dura,combinacion,2015,2016,1,-0.687954245877947,2.8742651335850002,3.562219379462947,ECU
Comb. RF/ingenuo suave,combinacion,2015,2016,1,-0.687954245877947,2.8742651335850002,3.562219379462947,ECU
Comb. LSTM/AR(1) suave,combinacion,2015,2016,1,-0.687954245877947,3.911604800705515,4.599559046583462,ECU
Comb. RF/AR(1) umbral min,combinacion,2015,2016,1,-0.687954245877947,2.775225460462953,3.4631797063408998,ECU
Ingenuo,referencia,2016,2017,1,5.97039880954841,-0.687954245877947,-6.658353055426357,ECU
Deriva,referencia,2016,2017,1,5.97039880954841,-0.7936336845098093,-6.7640324940582195,ECU
AR(1),Box-Jenkins,2016,2017,1,5.97039880954841,2.1438793136024286,-3.8265194959459814,ECU
"ARMA(2,2)",Box-Jenkins,2016,2017,1,5.97039880954841,2.0618026050965126,-3.9085962044518974,ECU
"ARIMA(1,1,1)",Box-Jenkins,2016,2017,1,5.97039880954841,2.067591329751223,-3.902807479797187,ECU
Ridge sobre rezagos,regularizado,2016,2017,1,5.97039880954841,2.3988270936277174,-3.5715717159206926,ECU
Random Forest,aprendizaje,2016,2017,1,5.97039880954841,3.6164288320796625,-2.3539699774687475,ECU
LSTM(16),red neuronal,2016,2017,1,5.97039880954841,3.6056149685421017,-2.3647838410063082,ECU
Comb. RF/AR(1) suave,combinacion,2016,2017,1,5.97039880954841,4.42207725007243,-1.5483215594759798,ECU
Comb. RF/AR(1) dura,combinacion,2016,2017,1,5.97039880954841,4.42207725007243,-1.5483215594759798,ECU
Comb. RF/ingenuo suave,combinacion,2016,2017,1,5.97039880954841,4.42207725007243,-1.5483215594759798,ECU
Comb. LSTM/AR(1) suave,combinacion,2016,2017,1,5.97039880954841,3.609957221121667,-2.360441588426743,ECU
Comb. RF/AR(1) umbral min,combinacion,2016,2017,1,5.97039880954841,2.9804027599163376,-2.9899960496320723,ECU
Ingenuo,referencia,2017,2018,1,1.04429460679607,5.97039880954841,4.92610420275234,ECU
Deriva,referencia,2017,2018,1,1.04429460679607,5.985505665453301,4.941211058657231,ECU
AR(1),Box-Jenkins,2017,2018,1,1.04429460679607,4.712467258672188,3.6681726518761177,ECU
"ARMA(2,2)",Box-Jenkins,2017,2018,1,1.04429460679607,4.440719592381276,3.396424985585206,ECU
"ARIMA(1,1,1)",Box-Jenkins,2017,2018,1,1.04429460679607,4.711447423644966,3.667152816848896,ECU
Ridge sobre rezagos,regularizado,2017,2018,1,1.04429460679607,4.0205961753908985,2.9763015685948284,ECU
Random Forest,aprendizaje,2017,2018,1,1.04429460679607,3.7235684444038424,2.6792738376077727,ECU
LSTM(16),red neuronal,2017,2018,1,1.04429460679607,3.9781934778598393,2.9338988710637697,ECU
Comb. RF/AR(1) suave,combinacion,2017,2018,1,1.04429460679607,3.511372377654687,2.4670777708586167,ECU
Comb. RF/AR(1) dura,combinacion,2017,2018,1,1.04429460679607,3.511372377654687,2.4670777708586167,ECU
Comb. RF/ingenuo suave,combinacion,2017,2018,1,1.04429460679607,3.511372377654687,2.4670777708586167,ECU
Comb. LSTM/AR(1) suave,combinacion,2017,2018,1,1.04429460679607,3.805059111061972,2.760764504265902,ECU
Comb. RF/AR(1) umbral min,combinacion,2017,2018,1,1.04429460679607,4.637367127039572,3.593072520243502,ECU
Ingenuo,referencia,2018,2019,1,0.1654044646003,1.04429460679607,0.8788901421957699,ECU
Deriva,referencia,2018,2019,1,0.1654044646003,0.9727135493911855,0.8073090847908855,ECU
AR(1),Box-Jenkins,2018,2019,1,0.1654044646003,2.9510978701149977,2.7856934055146976,ECU
"ARMA(2,2)",Box-Jenkins,2018,2019,1,0.1654044646003,2.7812460379564317,2.6158415733561315,ECU
"ARIMA(1,1,1)",Box-Jenkins,2018,2019,1,0.1654044646003,2.8337584399052522,2.668353975304952,ECU
Ridge sobre rezagos,regularizado,2018,2019,1,0.1654044646003,2.7233464874560336,2.5579420228557335,ECU
Random Forest,aprendizaje,2018,2019,1,0.1654044646003,3.351431621420055,3.1860271568197547,ECU
LSTM(16),red neuronal,2018,2019,1,0.1654044646003,3.740606516699891,3.575202052099591,ECU
Comb. RF/AR(1) suave,combinacion,2018,2019,1,0.1654044646003,1.0396277971527084,0.8742233325524084,ECU
Comb. RF/AR(1) dura,combinacion,2018,2019,1,0.1654044646003,1.0396277971527084,0.8742233325524084,ECU
Comb. RF/ingenuo suave,combinacion,2018,2019,1,0.1654044646003,1.0396277971527084,0.8742233325524084,ECU
Comb. LSTM/AR(1) suave,combinacion,2018,2019,1,0.1654044646003,3.478184648000296,3.3127801833999957,ECU
Comb. RF/AR(1) umbral min,combinacion,2018,2019,1,0.1654044646003,2.9510978701149977,2.7856934055146976,ECU
Ingenuo,referencia,2019,2020,1,-9.24509619165865,0.1654044646003,9.41050065625895,ECU
Deriva,referencia,2019,2020,1,-9.24509619165865,0.07990428504384864,9.325000476702499,ECU
AR(1),Box-Jenkins,2019,2020,1,-9.24509619165865,2.548631714569516,11.793727906228167,ECU
"ARMA(2,2)",Box-Jenkins,2019,2020,1,-9.24509619165865,2.603742043065616,11.848838234724266,ECU
"ARIMA(1,1,1)",Box-Jenkins,2019,2020,1,-9.24509619165865,2.362605326147688,11.607701517806337,ECU
Ridge sobre rezagos,regularizado,2019,2020,1,-9.24509619165865,2.811169307619054,12.056265499277703,ECU
Random Forest,aprendizaje,2019,2020,1,-9.24509619165865,4.295126198174035,13.540222389832685,ECU
LSTM(16),red neuronal,2019,2020,1,-9.24509619165865,3.386749955940263,12.631846147598914,ECU
Comb. RF/AR(1) suave,combinacion,2019,2020,1,-9.24509619165865,5.653266118328531,14.898362309987181,ECU
Comb. RF/AR(1) dura,combinacion,2019,2020,1,-9.24509619165865,5.653266118328531,14.898362309987181,ECU
Comb. RF/ingenuo suave,combinacion,2019,2020,1,-9.24509619165865,5.653266118328531,14.898362309987181,ECU
Comb. LSTM/AR(1) suave,combinacion,2019,2020,1,-9.24509619165865,2.5595525671866444,11.804648758845294,ECU
Comb. RF/AR(1) umbral min,combinacion,2019,2020,1,-9.24509619165865,2.548631714569516,11.793727906228167,ECU
Ingenuo,referencia,2020,2021,1,9.42189269033631,-9.24509619165865,-18.66698888199496,ECU
Deriva,referencia,2020,2021,1,9.42189269033631,-9.488647226752432,-18.91053991708874,ECU
AR(1),Box-Jenkins,2020,2021,1,9.42189269033631,-2.002146541360216,-11.424039231696526,ECU
"ARMA(2,2)",Box-Jenkins,2020,2021,1,9.42189269033631,-2.0613381238283077,-11.483230814164617,ECU
"ARIMA(1,1,1)",Box-Jenkins,2020,2021,1,9.42189269033631,-3.183494856465143,-12.605387546801452,ECU
Ridge sobre rezagos,regularizado,2020,2021,1,9.42189269033631,-3.2991533344559203,-12.72104602479223,ECU
Random Forest,aprendizaje,2020,2021,1,9.42189269033631,2.355391357038343,-7.066501333297968,ECU
LSTM(16),red neuronal,2020,2021,1,9.42189269033631,2.0349976816137243,-7.386895008722586,ECU
Comb. RF/AR(1) suave,combinacion,2020,2021,1,9.42189269033631,2.8383338864166876,-6.5835588039196224,ECU
Comb. RF/AR(1) dura,combinacion,2020,2021,1,9.42189269033631,-2.002146541360216,-11.424039231696526,ECU
Comb. RF/ingenuo suave,combinacion,2020,2021,1,9.42189269033631,1.6793621809245032,-7.742530509411807,ECU
Comb. LSTM/AR(1) suave,combinacion,2020,2021,1,9.42189269033631,1.2920670607409133,-8.129825629595397,ECU
Comb. RF/AR(1) umbral min,combinacion,2020,2021,1,9.42189269033631,-2.002146541360216,-11.424039231696526,ECU
Ingenuo,referencia,2021,2022,1,5.86842354862311,9.42189269033631,3.5534691417132,ECU
Deriva,referencia,2021,2022,1,5.86842354862311,9.49351732052734,3.62509377190423,ECU
AR(1),Box-Jenkins,2021,2022,1,5.86842354862311,5.104615210543313,-0.7638083380797971,ECU
"ARMA(2,2)",Box-Jenkins,2021,2022,1,5.86842354862311,2.757794660032608,-3.1106288885905022,ECU
"ARIMA(1,1,1)",Box-Jenkins,2021,2022,1,5.86842354862311,4.40689486734397,-1.4615286812791402,ECU
Ridge sobre rezagos,regularizado,2021,2022,1,5.86842354862311,2.6038061597350732,-3.264617388888037,ECU
Random Forest,aprendizaje,2021,2022,1,5.86842354862311,4.014707479131643,-1.8537160694914672,ECU
LSTM(16),red neuronal,2021,2022,1,5.86842354862311,3.2209038552280296,-2.647519693395081,ECU
Comb. RF/AR(1) suave,combinacion,2021,2022,1,5.86842354862311,5.104615210543313,-0.7638083380797971,ECU
Comb. RF/AR(1) dura,combinacion,2021,2022,1,5.86842354862311,5.104615210543313,-0.7638083380797971,ECU
Comb. RF/ingenuo suave,combinacion,2021,2022,1,5.86842354862311,9.42189269033631,3.5534691417132,ECU
Comb. LSTM/AR(1) suave,combinacion,2021,2022,1,5.86842354862311,5.104615210543313,-0.7638083380797971,ECU
Comb. RF/AR(1) umbral min,combinacion,2021,2022,1,5.86842354862311,5.104615210543313,-0.7638083380797971,ECU
Ingenuo,referencia,2022,2023,1,1.8328406107788,5.86842354862311,4.03558293784431,ECU
Deriva,referencia,2022,2023,1,1.8328406107788,5.880620412061613,4.047779801282813,ECU
AR(1),Box-Jenkins,2022,2023,1,1.8328406107788,4.302417977720308,2.4695773669415084,ECU
"ARMA(2,2)",Box-Jenkins,2022,2023,1,1.8328406107788,4.260792472733591,2.4279518619547913,ECU
"ARIMA(1,1,1)",Box-Jenkins,2022,2023,1,1.8328406107788,3.9422539413034006,2.1094133305246006,ECU
Ridge sobre rezagos,regularizado,2022,2023,1,1.8328406107788,5.656454518257741,3.823613907478941,ECU
Random Forest,aprendizaje,2022,2023,1,1.8328406107788,6.232164066192036,4.399323455413236,ECU
LSTM(16),red neuronal,2022,2023,1,1.8328406107788,3.308630819915897,1.475790209137097,ECU
Comb. RF/AR(1) suave,combinacion,2022,2023,1,1.8328406107788,4.302417977720308,2.4695773669415084,ECU
Comb. RF/AR(1) dura,combinacion,2022,2023,1,1.8328406107788,4.302417977720308,2.4695773669415084,ECU
Comb. RF/ingenuo suave,combinacion,2022,2023,1,1.8328406107788,5.86842354862311,4.03558293784431,ECU
Comb. LSTM/AR(1) suave,combinacion,2022,2023,1,1.8328406107788,4.302417977720308,2.4695773669415084,ECU
Comb. RF/AR(1) umbral min,combinacion,2022,2023,1,1.8328406107788,4.302417977720308,2.4695773669415084,ECU
Ingenuo,referencia,2023,2024,1,-1.94409022506859,1.8328406107788,3.77693083584739,ECU
Deriva,referencia,2023,2024,1,-1.94409022506859,1.7797507032288697,3.72384092829746,ECU
AR(1),Box-Jenkins,2023,2024,1,-1.94409022506859,3.3148415730363183,5.258931798104909,ECU
"ARMA(2,2)",Box-Jenkins,2023,2024,1,-1.94409022506859,3.5350009761630634,5.479091201231654,ECU
"ARIMA(1,1,1)",Box-Jenkins,2023,2024,1,-1.94409022506859,2.9317101170245143,4.875800342093104,ECU
Ridge sobre rezagos,regularizado,2023,2024,1,-1.94409022506859,1.4023188961825985,3.3464091212511886,ECU
Random Forest,aprendizaje,2023,2024,1,-1.94409022506859,0.10781136908072775,2.0519015941493177,ECU
LSTM(16),red neuronal,2023,2024,1,-1.94409022506859,3.2657747589470687,5.209864984015659,ECU
Comb. RF/AR(1) suave,combinacion,2023,2024,1,-1.94409022506859,3.3148415730363183,5.258931798104909,ECU
Comb. RF/AR(1) dura,combinacion,2023,2024,1,-1.94409022506859,3.3148415730363183,5.258931798104909,ECU
Comb. RF/ingenuo suave,combinacion,2023,2024,1,-1.94409022506859,1.8328406107788,3.77693083584739,ECU
Comb. LSTM/AR(1) suave,combinacion,2023,2024,1,-1.94409022506859,3.3148415730363183,5.258931798104909,ECU
Comb. RF/AR(1) umbral min,combinacion,2023,2024,1,-1.94409022506859,3.3148415730363183,5.258931798104909,ECU
Ingenuo,referencia,2024,2025,1,3.72594857272087,-1.94409022506859,-5.67003879778946,ECU
Deriva,referencia,2024,2025,1,3.72594857272087,-2.056288718781972,-5.782237291502842,ECU
AR(1),Box-Jenkins,2024,2025,1,3.72594857272087,2.2809169230547868,-1.4450316496660833,ECU
"ARMA(2,2)",Box-Jenkins,2024,2025,1,3.72594857272087,2.2891803647780553,-1.4367682079428148,ECU
"ARIMA(1,1,1)",Box-Jenkins,2024,2025,1,3.72594857272087,1.7717556622314017,-1.9541929104894684,ECU
Ridge sobre rezagos,regularizado,2024,2025,1,3.72594857272087,5.537047831161136,1.8110992584402656,ECU
Random Forest,aprendizaje,2024,2025,1,3.72594857272087,4.826912553110822,1.100963980389952,ECU
LSTM(16),red neuronal,2024,2025,1,3.72594857272087,3.1097789758823016,-0.6161695968385685,ECU
Comb. RF/AR(1) suave,combinacion,2024,2025,1,3.72594857272087,2.2809169230547868,-1.4450316496660833,ECU
Comb. RF/AR(1) dura,combinacion,2024,2025,1,3.72594857272087,2.2809169230547868,-1.4450316496660833,ECU
Comb. RF/ingenuo suave,combinacion,2024,2025,1,3.72594857272087,-1.94409022506859,-5.67003879778946,ECU
Comb. LSTM/AR(1) suave,combinacion,2024,2025,1,3.72594857272087,2.2809169230547868,-1.4450316496660833,ECU
Comb. RF/AR(1) umbral min,combinacion,2024,2025,1,3.72594857272087,2.2809169230547868,-1.4450316496660833,ECU
Ingenuo,referencia,1990,1991,1,3.65824875006811,3.10256317557587,-0.55568557449224,GTM
Deriva,referencia,1990,1991,1,3.65824875006811,3.0613233420182486,-0.5969254080498612,GTM
AR(1),Box-Jenkins,1990,1991,1,3.65824875006811,3.43332180455256,-0.22492694551554981,GTM
"ARMA(2,2)",Box-Jenkins,1990,1991,1,3.65824875006811,3.2777799148212066,-0.3804688352469032,GTM
"ARIMA(1,1,1)",Box-Jenkins,1990,1991,1,3.65824875006811,3.323487140910801,-0.3347616091573089,GTM
Ridge sobre rezagos,regularizado,1990,1991,1,3.65824875006811,3.4160238911933014,-0.24222485887480838,GTM
Random Forest,aprendizaje,1990,1991,1,3.65824875006811,3.356087400170701,-0.3021613498974087,GTM
LSTM(16),red neuronal,1990,1991,1,3.65824875006811,,,GTM
Comb. RF/AR(1) suave,combinacion,1990,1991,1,3.65824875006811,3.642841535489774,-0.015407214578335715,GTM
Comb. RF/AR(1) dura,combinacion,1990,1991,1,3.65824875006811,3.642841535489774,-0.015407214578335715,GTM
Comb. RF/ingenuo suave,combinacion,1990,1991,1,3.65824875006811,3.642841535489774,-0.015407214578335715,GTM
Comb. LSTM/AR(1) suave,combinacion,1990,1991,1,3.65824875006811,,,GTM
Comb. RF/AR(1) umbral min,combinacion,1990,1991,1,3.65824875006811,3.642841535489774,-0.015407214578335715,GTM
Ingenuo,referencia,1991,1992,1,4.83833884688683,3.65824875006811,-1.1800900968187205,GTM
Deriva,referencia,1991,1992,1,4.83833884688683,3.636906430112151,-1.2014324167746793,GTM
AR(1),Box-Jenkins,1991,1992,1,4.83833884688683,3.7817423676542514,-1.0565964792325788,GTM
"ARMA(2,2)",Box-Jenkins,1991,1992,1,4.83833884688683,3.5462805565553914,-1.2920582903314388,GTM
"ARIMA(1,1,1)",Box-Jenkins,1991,1992,1,4.83833884688683,3.529729588436118,-1.308609258450712,GTM
Ridge sobre rezagos,regularizado,1991,1992,1,4.83833884688683,3.0924461968007337,-1.7458926500860965,GTM
Random Forest,aprendizaje,1991,1992,1,4.83833884688683,3.5977172906593773,-1.240621556227453,GTM
LSTM(16),red neuronal,1991,1992,1,4.83833884688683,,,GTM
Comb. RF/AR(1) suave,combinacion,1991,1992,1,4.83833884688683,4.4962762934484415,-0.34206255343838876,GTM
Comb. RF/AR(1) dura,combinacion,1991,1992,1,4.83833884688683,4.4962762934484415,-0.34206255343838876,GTM
Comb. RF/ingenuo suave,combinacion,1991,1992,1,4.83833884688683,4.4962762934484415,-0.34206255343838876,GTM
Comb. LSTM/AR(1) suave,combinacion,1991,1992,1,4.83833884688683,,,GTM
Comb. RF/AR(1) umbral min,combinacion,1991,1992,1,4.83833884688683,4.482047300405346,-0.35629154648148464,GTM
Ingenuo,referencia,1992,1993,1,3.92713194504024,4.83833884688683,0.9112069018465903,GTM
Deriva,referencia,1992,1993,1,3.92713194504024,4.855752411342958,0.9286204663027178,GTM
AR(1),Box-Jenkins,1992,1993,1,3.92713194504024,4.537236725955422,0.610104780915182,GTM
"ARMA(2,2)",Box-Jenkins,1992,1993,1,3.92713194504024,4.370830181080344,0.4436982360401043,GTM
"ARIMA(1,1,1)",Box-Jenkins,1992,1993,1,3.92713194504024,4.345686149917037,0.41855420487679673,GTM
Ridge sobre rezagos,regularizado,1992,1993,1,3.92713194504024,3.4182961458381147,-0.5088357992021253,GTM
Random Forest,aprendizaje,1992,1993,1,3.92713194504024,4.497972904172773,0.570840959132533,GTM
LSTM(16),red neuronal,1992,1993,1,3.92713194504024,3.9866973344248686,0.05956538938462863,GTM
Comb. RF/AR(1) suave,combinacion,1992,1993,1,3.92713194504024,4.661112784716254,0.7339808396760139,GTM
Comb. RF/AR(1) dura,combinacion,1992,1993,1,3.92713194504024,4.661112784716254,0.7339808396760139,GTM
Comb. RF/ingenuo suave,combinacion,1992,1993,1,3.92713194504024,4.661112784716254,0.7339808396760139,GTM
Comb. LSTM/AR(1) suave,combinacion,1992,1993,1,3.92713194504024,,,GTM
Comb. RF/AR(1) umbral min,combinacion,1992,1993,1,3.92713194504024,4.661112784716254,0.7339808396760139,GTM
Ingenuo,referencia,1993,1994,1,4.03374149641458,3.92713194504024,-0.1066095513743397,GTM
Deriva,referencia,1993,1994,1,4.03374149641458,3.9155261199244076,-0.11821537649017211,GTM
AR(1),Box-Jenkins,1993,1994,1,4.03374149641458,3.9617192581079355,-0.07202223830664423,GTM
"ARMA(2,2)",Box-Jenkins,1993,1994,1,4.03374149641458,3.893208716440361,-0.14053277997421887,GTM
"ARIMA(1,1,1)",Box-Jenkins,1993,1994,1,4.03374149641458,4.090171450832644,0.0564299544180642,GTM
Ridge sobre rezagos,regularizado,1993,1994,1,4.03374149641458,3.1082745571523254,-0.9254669392622543,GTM
Random Forest,aprendizaje,1993,1994,1,4.03374149641458,4.362444260611717,0.3287027641971374,GTM
LSTM(16),red neuronal,1993,1994,1,4.03374149641458,3.852068585283602,-0.1816729111309776,GTM
Comb. RF/AR(1) suave,combinacion,1993,1994,1,4.03374149641458,4.190534528632532,0.15679303221795227,GTM
Comb. RF/AR(1) dura,combinacion,1993,1994,1,4.03374149641458,4.190534528632532,0.15679303221795227,GTM
Comb. RF/ingenuo suave,combinacion,1993,1994,1,4.03374149641458,4.190534528632532,0.15679303221795227,GTM
Comb. LSTM/AR(1) suave,combinacion,1993,1994,1,4.03374149641458,,,GTM
Comb. RF/AR(1) umbral min,combinacion,1993,1994,1,4.03374149641458,4.1904838804058455,0.15674238399126583,GTM
Ingenuo,referencia,1994,1995,1,4.94854750210382,4.03374149641458,-0.9148060056892406,GTM
Deriva,referencia,1994,1995,1,4.94854750210382,4.025717955434813,-0.9228295466690071,GTM
AR(1),Box-Jenkins,1994,1995,1,4.94854750210382,4.028845542915507,-0.9197019591883135,GTM
"ARMA(2,2)",Box-Jenkins,1994,1995,1,4.94854750210382,3.8698856627919795,-1.0786618393118408,GTM
"ARIMA(1,1,1)",Box-Jenkins,1994,1995,1,4.94854750210382,4.053447687792414,-0.895099814311406,GTM
Ridge sobre rezagos,regularizado,1994,1995,1,4.94854750210382,3.9995726014947595,-0.9489749006090609,GTM
Random Forest,aprendizaje,1994,1995,1,4.94854750210382,4.302002700993517,-0.646544801110303,GTM
LSTM(16),red neuronal,1994,1995,1,4.94854750210382,3.9435124998131124,-1.005035002290708,GTM
Comb. RF/AR(1) suave,combinacion,1994,1995,1,4.94854750210382,4.349657001249498,-0.5988905008543224,GTM
Comb. RF/AR(1) dura,combinacion,1994,1995,1,4.94854750210382,4.349657001249498,-0.5988905008543224,GTM
Comb. RF/ingenuo suave,combinacion,1994,1995,1,4.94854750210382,4.349657001249498,-0.5988905008543224,GTM
Comb. LSTM/AR(1) suave,combinacion,1994,1995,1,4.94854750210382,,,GTM
Comb. RF/AR(1) umbral min,combinacion,1994,1995,1,4.94854750210382,4.33496889408878,-0.6135786080150405,GTM
Ingenuo,referencia,1995,1996,1,2.95777988740716,4.94854750210382,1.9907676146966602,GTM
Deriva,referencia,1995,1996,1,2.95777988740716,4.967666006614318,2.009886119207158,GTM
AR(1),Box-Jenkins,1995,1996,1,2.95777988740716,4.613119775799786,1.6553398883926262,GTM
"ARMA(2,2)",Box-Jenkins,1995,1996,1,2.95777988740716,4.47814713008496,1.5203672426777994,GTM
"ARIMA(1,1,1)",Box-Jenkins,1995,1996,1,2.95777988740716,4.607230273636269,1.6494503862291086,GTM
Ridge sobre rezagos,regularizado,1995,1996,1,2.95777988740716,4.654241694840331,1.6964618074331708,GTM
Random Forest,aprendizaje,1995,1996,1,2.95777988740716,4.709220175217973,1.7514402878108126,GTM
LSTM(16),red neuronal,1995,1996,1,2.95777988740716,4.3280950358612795,1.3703151484541194,GTM
Comb. RF/AR(1) suave,combinacion,1995,1996,1,2.95777988740716,4.703397836174642,1.745617948767482,GTM
Comb. RF/AR(1) dura,combinacion,1995,1996,1,2.95777988740716,4.703397836174642,1.745617948767482,GTM
Comb. RF/ingenuo suave,combinacion,1995,1996,1,2.95777988740716,4.703397836174642,1.745617948767482,GTM
Comb. LSTM/AR(1) suave,combinacion,1995,1996,1,2.95777988740716,,,GTM
Comb. RF/AR(1) umbral min,combinacion,1995,1996,1,2.95777988740716,4.703397836174642,1.745617948767482,GTM
Ingenuo,referencia,1996,1997,1,4.36408994678341,2.95777988740716,-1.4063100593762496,GTM
Deriva,referencia,1996,1997,1,4.36408994678341,2.9194730742260253,-1.4446168725573845,GTM
AR(1),Box-Jenkins,1996,1997,1,4.36408994678341,3.358975797466673,-1.0051141493167366,GTM
"ARMA(2,2)",Box-Jenkins,1996,1997,1,4.36408994678341,3.3218126911758166,-1.0422772556075932,GTM
"ARIMA(1,1,1)",Box-Jenkins,1996,1997,1,4.36408994678341,3.6023580697912863,-0.7617318769921235,GTM
Ridge sobre rezagos,regularizado,1996,1997,1,4.36408994678341,2.960984664938446,-1.4031052818449639,GTM
Random Forest,aprendizaje,1996,1997,1,4.36408994678341,4.491451286008597,0.1273613392251871,GTM
LSTM(16),red neuronal,1996,1997,1,4.36408994678341,3.529953837119552,-0.834136109663858,GTM
Comb. RF/AR(1) suave,combinacion,1996,1997,1,4.36408994678341,4.192889398261498,-0.17120054852191213,GTM
Comb. RF/AR(1) dura,combinacion,1996,1997,1,4.36408994678341,4.192889398261498,-0.17120054852191213,GTM
Comb. RF/ingenuo suave,combinacion,1996,1997,1,4.36408994678341,4.192889398261498,-0.17120054852191213,GTM
Comb. LSTM/AR(1) suave,combinacion,1996,1997,1,4.36408994678341,3.439085860505706,-0.9250040862777036,GTM
Comb. RF/AR(1) umbral min,combinacion,1996,1997,1,4.36408994678341,3.77818203134986,-0.5859079154335496,GTM
Ingenuo,referencia,1997,1998,1,4.99352780305848,4.36408994678341,-0.6294378562750707,GTM
Deriva,referencia,1997,1998,1,4.99352780305848,4.365911380062203,-0.6276164229962777,GTM
AR(1),Box-Jenkins,1997,1998,1,4.99352780305848,4.234941723226354,-0.758586079832126,GTM
"ARMA(2,2)",Box-Jenkins,1997,1998,1,4.99352780305848,3.979064479153022,-1.0144633239054586,GTM
"ARIMA(1,1,1)",Box-Jenkins,1997,1998,1,4.99352780305848,4.051457493499667,-0.9420703095588134,GTM
Ridge sobre rezagos,regularizado,1997,1998,1,4.99352780305848,3.793302533467231,-1.2002252695912494,GTM
Random Forest,aprendizaje,1997,1998,1,4.99352780305848,4.840185840229563,-0.1533419628289172,GTM
LSTM(16),red neuronal,1997,1998,1,4.99352780305848,3.7009565133440314,-1.292571289714449,GTM
Comb. RF/AR(1) suave,combinacion,1997,1998,1,4.99352780305848,4.406459704132822,-0.5870680989256583,GTM
Comb. RF/AR(1) dura,combinacion,1997,1998,1,4.99352780305848,4.406459704132822,-0.5870680989256583,GTM
Comb. RF/ingenuo suave,combinacion,1997,1998,1,4.99352780305848,4.406459704132822,-0.5870680989256583,GTM
Comb. LSTM/AR(1) suave,combinacion,1997,1998,1,4.99352780305848,3.559283193606835,-1.4342446094516452,GTM
Comb. RF/AR(1) umbral min,combinacion,1997,1998,1,4.99352780305848,4.344949123212174,-0.648578679846306,GTM
Ingenuo,referencia,1998,1999,1,3.8470621889051,4.99352780305848,1.1464656141533802,GTM
Deriva,referencia,1998,1999,1,3.8470621889051,5.012311842364199,1.165249653459099,GTM
AR(1),Box-Jenkins,1998,1999,1,3.8470621889051,4.633969480144161,0.7869072912390611,GTM
"ARMA(2,2)",Box-Jenkins,1998,1999,1,3.8470621889051,4.534484794584031,0.6874226056789312,GTM
"ARIMA(1,1,1)",Box-Jenkins,1998,1999,1,3.8470621889051,4.630166391789464,0.7831042028843638,GTM
Ridge sobre rezagos,regularizado,1998,1999,1,3.8470621889051,4.363216975366225,0.5161547864611244,GTM
Random Forest,aprendizaje,1998,1999,1,3.8470621889051,4.245847558221277,0.3987853693161765,GTM
LSTM(16),red neuronal,1998,1999,1,3.8470621889051,3.925458463241057,0.07839627433595675,GTM
Comb. RF/AR(1) suave,combinacion,1998,1999,1,3.8470621889051,4.139212729858212,0.29215054095311155,GTM
Comb. RF/AR(1) dura,combinacion,1998,1999,1,3.8470621889051,4.139212729858212,0.29215054095311155,GTM
Comb. RF/ingenuo suave,combinacion,1998,1999,1,3.8470621889051,4.139212729858212,0.29215054095311155,GTM
Comb. LSTM/AR(1) suave,combinacion,1998,1999,1,3.8470621889051,4.70944526890288,0.8623830799977799,GTM
Comb. RF/AR(1) umbral min,combinacion,1998,1999,1,3.8470621889051,4.33183439445729,0.4847722055521895,GTM
Ingenuo,referencia,1999,2000,1,3.6088687174876,3.8470621889051,0.23819347141750002,GTM
Deriva,referencia,1999,2000,1,3.6088687174876,3.835181763646106,0.22631304615850567,GTM
AR(1),Box-Jenkins,1999,2000,1,3.6088687174876,3.9248809466410703,0.31601222915347016,GTM
"ARMA(2,2)",Box-Jenkins,1999,2000,1,3.6088687174876,3.8859688633267258,0.27710014583912557,GTM
"ARIMA(1,1,1)",Box-Jenkins,1999,2000,1,3.6088687174876,4.16108117438266,0.5522124568950595,GTM
Ridge sobre rezagos,regularizado,1999,2000,1,3.6088687174876,3.5572245341962416,-0.05164418329135856,GTM
Random Forest,aprendizaje,1999,2000,1,3.6088687174876,5.173041794696011,1.5641730772084106,GTM
LSTM(16),red neuronal,1999,2000,1,3.6088687174876,3.8404817323419156,0.2316130148543154,GTM
Comb. RF/AR(1) suave,combinacion,1999,2000,1,3.6088687174876,4.589133426334919,0.9802647088473186,GTM
Comb. RF/AR(1) dura,combinacion,1999,2000,1,3.6088687174876,4.589133426334919,0.9802647088473186,GTM
Comb. RF/ingenuo suave,combinacion,1999,2000,1,3.6088687174876,4.589133426334919,0.9802647088473186,GTM
Comb. LSTM/AR(1) suave,combinacion,1999,2000,1,3.6088687174876,4.310368619058328,0.7014999015707275,GTM
Comb. RF/AR(1) umbral min,combinacion,1999,2000,1,3.6088687174876,4.365984032120569,0.7571153146329692,GTM
Ingenuo,referencia,2000,2001,1,2.33257486608854,3.6088687174876,1.27629385139906,GTM
Deriva,referencia,2000,2001,1,2.33257486608854,3.591185393609157,1.258610527520617,GTM
AR(1),Box-Jenkins,2000,2001,1,2.33257486608854,3.7741393318972793,1.4415644658087392,GTM
"ARMA(2,2)",Box-Jenkins,2000,2001,1,2.33257486608854,3.6465228998370067,1.3139480337484666,GTM
"ARIMA(1,1,1)",Box-Jenkins,2000,2001,1,2.33257486608854,3.8232690726789915,1.4906942065904514,GTM
Ridge sobre rezagos,regularizado,2000,2001,1,2.33257486608854,3.880489774027908,1.5479149079393677,GTM
Random Forest,aprendizaje,2000,2001,1,2.33257486608854,4.723542946436285,2.390968080347745,GTM
LSTM(16),red neuronal,2000,2001,1,2.33257486608854,3.7286541699136033,1.3960793038250632,GTM
Comb. RF/AR(1) suave,combinacion,2000,2001,1,2.33257486608854,4.35981667371794,2.0272418076293994,GTM
Comb. RF/AR(1) dura,combinacion,2000,2001,1,2.33257486608854,4.35981667371794,2.0272418076293994,GTM
Comb. RF/ingenuo suave,combinacion,2000,2001,1,2.33257486608854,4.35981667371794,2.0272418076293994,GTM
Comb. LSTM/AR(1) suave,combinacion,2000,2001,1,2.33257486608854,3.561445925245887,1.2288710591573468,GTM
Comb. RF/AR(1) umbral min,combinacion,2000,2001,1,2.33257486608854,4.075784313110822,1.743209447022282,GTM
Ingenuo,referencia,2001,2002,1,3.83928708556792,2.33257486608854,-1.5067122194793798,GTM
Deriva,referencia,2001,2002,1,3.83928708556792,2.283426279022082,-1.5558608065458381,GTM
AR(1),Box-Jenkins,2001,2002,1,3.83928708556792,2.9702023982933983,-0.8690846872745217,GTM
"ARMA(2,2)",Box-Jenkins,2001,2002,1,3.83928708556792,2.84272430787922,-0.9965627776887,GTM
"ARIMA(1,1,1)",Box-Jenkins,2001,2002,1,3.83928708556792,2.9107185411471326,-0.9285685444207874,GTM
Ridge sobre rezagos,regularizado,2001,2002,1,3.83928708556792,2.8843435832188202,-0.9549435023490997,GTM
Random Forest,aprendizaje,2001,2002,1,3.83928708556792,3.663011271608881,-0.1762758139590388,GTM
LSTM(16),red neuronal,2001,2002,1,3.83928708556792,3.3374443782059102,-0.5018427073620098,GTM
Comb. RF/AR(1) suave,combinacion,2001,2002,1,3.83928708556792,3.898333401521731,0.059046315953811046,GTM
Comb. RF/AR(1) dura,combinacion,2001,2002,1,3.83928708556792,3.898333401521731,0.059046315953811046,GTM
Comb. RF/ingenuo suave,combinacion,2001,2002,1,3.83928708556792,3.898333401521731,0.059046315953811046,GTM
Comb. LSTM/AR(1) suave,combinacion,2001,2002,1,3.83928708556792,2.2755357186331917,-1.5637513669347283,GTM
Comb. RF/AR(1) umbral min,combinacion,2001,2002,1,3.83928708556792,3.4194290631170814,-0.4198580224508386,GTM
Ingenuo,referencia,2002,2003,1,2.56037766801896,3.83928708556792,1.27890941754896,GTM
Deriva,referencia,2002,2003,1,2.56037766801896,3.8280863230513598,1.2677086550323997,GTM
AR(1),Box-Jenkins,2002,2003,1,2.56037766801896,3.897622016731022,1.337244348712062,GTM
"ARMA(2,2)",Box-Jenkins,2002,2003,1,2.56037766801896,3.632385428857356,1.072007760838396,GTM
"ARIMA(1,1,1)",Box-Jenkins,2002,2003,1,2.56037766801896,3.4698903894214244,0.9095127214024643,GTM
Ridge sobre rezagos,regularizado,2002,2003,1,2.56037766801896,3.262146079914087,0.7017684118951268,GTM
Random Forest,aprendizaje,2002,2003,1,2.56037766801896,4.545092139538287,1.984714471519327,GTM
LSTM(16),red neuronal,2002,2003,1,2.56037766801896,3.423459133190155,0.8630814651711951,GTM
Comb. RF/AR(1) suave,combinacion,2002,2003,1,2.56037766801896,4.112841162009186,1.552463493990226,GTM
Comb. RF/AR(1) dura,combinacion,2002,2003,1,2.56037766801896,4.112841162009186,1.552463493990226,GTM
Comb. RF/ingenuo suave,combinacion,2002,2003,1,2.56037766801896,4.112841162009186,1.552463493990226,GTM
Comb. LSTM/AR(1) suave,combinacion,2002,2003,1,2.56037766801896,3.2928996798993353,0.7325220118803752,GTM
Comb. RF/AR(1) umbral min,combinacion,2002,2003,1,2.56037766801896,4.045180444910681,1.484802776891721,GTM
Ingenuo,referencia,2003,2004,1,3.13791683609193,2.56037766801896,-0.57753916807297,GTM
Deriva,referencia,2003,2004,1,3.13791683609193,2.5189933660968666,-0.6189234699950634,GTM
AR(1),Box-Jenkins,2003,2004,1,3.13791683609193,3.1027025800998382,-0.035214255992091825,GTM
"ARMA(2,2)",Box-Jenkins,2003,2004,1,3.13791683609193,3.023142242068343,-0.11477459402358692,GTM
"ARIMA(1,1,1)",Box-Jenkins,2003,2004,1,3.13791683609193,2.9297554264184713,-0.20816140967345875,GTM
Ridge sobre rezagos,regularizado,2003,2004,1,3.13791683609193,2.4660835069822893,-0.6718333291096408,GTM
Random Forest,aprendizaje,2003,2004,1,3.13791683609193,3.797982338461855,0.6600655023699251,GTM
LSTM(16),red neuronal,2003,2004,1,3.13791683609193,3.0539740988474087,-0.08394273724452139,GTM
Comb. RF/AR(1) suave,combinacion,2003,2004,1,3.13791683609193,3.3794243632322103,0.24150752714028023,GTM
Comb. RF/AR(1) dura,combinacion,2003,2004,1,3.13791683609193,3.3794243632322103,0.24150752714028023,GTM
Comb. RF/ingenuo suave,combinacion,2003,2004,1,3.13791683609193,3.3794243632322103,0.24150752714028023,GTM
Comb. LSTM/AR(1) suave,combinacion,2003,2004,1,3.13791683609193,3.137109302324468,-0.0008075337674622318,GTM
Comb. RF/AR(1) umbral min,combinacion,2003,2004,1,3.13791683609193,3.296575055287886,0.15865821919595602,GTM
Ingenuo,referencia,2004,2005,1,3.27602692588886,3.13791683609193,-0.13811008979693007,GTM
Deriva,referencia,2004,2005,1,3.27602692588886,3.1109261032394895,-0.16510082264937065,GTM
AR(1),Box-Jenkins,2004,2005,1,3.27602692588886,3.4482035996244536,0.17217667373559342,GTM
"ARMA(2,2)",Box-Jenkins,2004,2005,1,3.27602692588886,3.2041221299141576,-0.07190479597470256,GTM
"ARIMA(1,1,1)",Box-Jenkins,2004,2005,1,3.27602692588886,3.045856112616574,-0.23017081327228617,GTM
Ridge sobre rezagos,regularizado,2004,2005,1,3.27602692588886,3.1128256353235955,-0.16320129056526467,GTM
Random Forest,aprendizaje,2004,2005,1,3.27602692588886,3.485279889393011,0.2092529635041509,GTM
LSTM(16),red neuronal,2004,2005,1,3.27602692588886,3.4692666634965272,0.1932397376076671,GTM
Comb. RF/AR(1) suave,combinacion,2004,2005,1,3.27602692588886,3.6409029724648043,0.3648760465759442,GTM
Comb. RF/AR(1) dura,combinacion,2004,2005,1,3.27602692588886,3.6409029724648043,0.3648760465759442,GTM
Comb. RF/ingenuo suave,combinacion,2004,2005,1,3.27602692588886,3.6409029724648043,0.3648760465759442,GTM
Comb. LSTM/AR(1) suave,combinacion,2004,2005,1,3.27602692588886,3.1858506988737494,-0.09017622701511074,GTM
Comb. RF/AR(1) umbral min,combinacion,2004,2005,1,3.27602692588886,3.6186181747288235,0.3425912488399634,GTM
Ingenuo,referencia,2005,2006,1,5.35139778711536,3.27602692588886,-2.0753708612265,GTM
Deriva,referencia,2005,2006,1,5.35139778711536,3.2527884844602686,-2.0986093026550914,GTM
AR(1),Box-Jenkins,2005,2006,1,5.35139778711536,3.5263276611774805,-1.8250701259378794,GTM
"ARMA(2,2)",Box-Jenkins,2005,2006,1,5.35139778711536,3.3633870399447017,-1.9880107471706583,GTM
"ARIMA(1,1,1)",Box-Jenkins,2005,2006,1,5.35139778711536,3.185695861266876,-2.165701925848484,GTM
Ridge sobre rezagos,regularizado,2005,2006,1,5.35139778711536,3.6528816602433,-1.69851612687206,GTM
Random Forest,aprendizaje,2005,2006,1,5.35139778711536,3.48461526533595,-1.86678252177941,GTM
LSTM(16),red neuronal,2005,2006,1,5.35139778711536,3.4602490912579422,-1.8911486958574177,GTM
Comb. RF/AR(1) suave,combinacion,2005,2006,1,5.35139778711536,3.4038895923757067,-1.9475081947396533,GTM
Comb. RF/AR(1) dura,combinacion,2005,2006,1,5.35139778711536,3.4038895923757067,-1.9475081947396533,GTM
Comb. RF/ingenuo suave,combinacion,2005,2006,1,5.35139778711536,3.4038895923757067,-1.9475081947396533,GTM
Comb. LSTM/AR(1) suave,combinacion,2005,2006,1,5.35139778711536,3.2423518381951926,-2.1090459489201674,GTM
Comb. RF/AR(1) umbral min,combinacion,2005,2006,1,5.35139778711536,3.435086872875659,-1.916310914239701,GTM
Ingenuo,referencia,2006,2007,1,6.33771869016203,5.35139778711536,-0.9863209030466704,GTM
Deriva,referencia,2006,2007,1,6.33771869016203,5.3747951079679925,-0.9629235821940378,GTM
AR(1),Box-Jenkins,2006,2007,1,6.33771869016203,4.7997161427627635,-1.538002547399267,GTM
"ARMA(2,2)",Box-Jenkins,2006,2007,1,6.33771869016203,4.603291109957022,-1.7344275802050086,GTM
"ARIMA(1,1,1)",Box-Jenkins,2006,2007,1,6.33771869016203,4.487830389162257,-1.8498883009997735,GTM
Ridge sobre rezagos,regularizado,2006,2007,1,6.33771869016203,4.48922489506,-1.84849379510203,GTM
Random Forest,aprendizaje,2006,2007,1,6.33771869016203,4.038640410320077,-2.299078279841954,GTM
LSTM(16),red neuronal,2006,2007,1,6.33771869016203,3.537629094114674,-2.800089596047356,GTM
Comb. RF/AR(1) suave,combinacion,2006,2007,1,6.33771869016203,3.625616557723133,-2.7121021324388974,GTM
Comb. RF/AR(1) dura,combinacion,2006,2007,1,6.33771869016203,3.625616557723133,-2.7121021324388974,GTM
Comb. RF/ingenuo suave,combinacion,2006,2007,1,6.33771869016203,3.625616557723133,-2.7121021324388974,GTM
Comb. LSTM/AR(1) suave,combinacion,2006,2007,1,6.33771869016203,3.432775603786986,-2.9049430863750443,GTM
Comb. RF/AR(1) umbral min,combinacion,2006,2007,1,6.33771869016203,4.333855855390134,-2.0038628347718968,GTM
Ingenuo,referencia,2007,2008,1,3.29352400028485,6.33771869016203,3.0441946898771803,GTM
Deriva,referencia,2007,2008,1,3.29352400028485,6.382049132366707,3.088525132081857,GTM
AR(1),Box-Jenkins,2007,2008,1,3.29352400028485,5.434996827612784,2.1414728273279335,GTM
"ARMA(2,2)",Box-Jenkins,2007,2008,1,3.29352400028485,5.458277354249441,2.164753353964591,GTM
"ARIMA(1,1,1)",Box-Jenkins,2007,2008,1,3.29352400028485,5.662369062965738,2.3688450626808883,GTM
Ridge sobre rezagos,regularizado,2007,2008,1,3.29352400028485,5.5061735440156045,2.2126495437307545,GTM
Random Forest,aprendizaje,2007,2008,1,3.29352400028485,5.218678015348212,1.9251540150633621,GTM
LSTM(16),red neuronal,2007,2008,1,3.29352400028485,5.466651041841778,2.1731270415569277,GTM
Comb. RF/AR(1) suave,combinacion,2007,2008,1,3.29352400028485,4.948218615664202,1.654694615379352,GTM
Comb. RF/AR(1) dura,combinacion,2007,2008,1,3.29352400028485,4.948218615664202,1.654694615379352,GTM
Comb. RF/ingenuo suave,combinacion,2007,2008,1,3.29352400028485,4.948218615664202,1.654694615379352,GTM
Comb. LSTM/AR(1) suave,combinacion,2007,2008,1,3.29352400028485,5.357879945563951,2.064355945279101,GTM
Comb. RF/AR(1) umbral min,combinacion,2007,2008,1,3.29352400028485,5.239957215842148,1.946433215557298,GTM
Ingenuo,referencia,2008,2009,1,0.476898106596394,3.29352400028485,2.816625893688456,GTM
Deriva,referencia,2008,2009,1,0.476898106596394,3.2721411418069346,2.7952430352105404,GTM
AR(1),Box-Jenkins,2008,2009,1,0.476898106596394,3.5751223276433564,3.098224221046962,GTM
"ARMA(2,2)",Box-Jenkins,2008,2009,1,0.476898106596394,3.674096170548772,3.197198063952378,GTM
"ARIMA(1,1,1)",Box-Jenkins,2008,2009,1,0.476898106596394,4.203295832373729,3.7263977257773346,GTM
Ridge sobre rezagos,regularizado,2008,2009,1,0.476898106596394,3.925270724035175,3.448372617438781,GTM
Random Forest,aprendizaje,2008,2009,1,0.476898106596394,4.440013636881958,3.963115530285564,GTM
LSTM(16),red neuronal,2008,2009,1,0.476898106596394,4.292585772618279,3.8156876660218844,GTM
Comb. RF/AR(1) suave,combinacion,2008,2009,1,0.476898106596394,4.301524470542934,3.82462636394654,GTM
Comb. RF/AR(1) dura,combinacion,2008,2009,1,0.476898106596394,4.301524470542934,3.82462636394654,GTM
Comb. RF/ingenuo suave,combinacion,2008,2009,1,0.476898106596394,4.301524470542934,3.82462636394654,GTM
Comb. LSTM/AR(1) suave,combinacion,2008,2009,1,0.476898106596394,4.572949647622546,4.096051541026152,GTM
Comb. RF/AR(1) umbral min,combinacion,2008,2009,1,0.476898106596394,3.5751223276433564,3.098224221046962,GTM
Ingenuo,referencia,2009,2010,1,2.88417542800377,0.476898106596394,-2.407277321407376,GTM
Deriva,referencia,2009,2010,1,2.88417542800377,0.39728101821825884,-2.4868944097855112,GTM
AR(1),Box-Jenkins,2009,2010,1,2.88417542800377,1.841560212622781,-1.0426152153809891,GTM
"ARMA(2,2)",Box-Jenkins,2009,2010,1,2.88417542800377,1.6326079639579314,-1.2515674640458387,GTM
"ARIMA(1,1,1)",Box-Jenkins,2009,2010,1,2.88417542800377,1.9114291914082375,-0.9727462365955326,GTM
Ridge sobre rezagos,regularizado,2009,2010,1,2.88417542800377,2.1594742695498788,-0.7247011584538914,GTM
Random Forest,aprendizaje,2009,2010,1,2.88417542800377,0.05188335574622688,-2.8322920722575433,GTM
LSTM(16),red neuronal,2009,2010,1,2.88417542800377,3.452444850117181,0.5682694221134108,GTM
Comb. RF/AR(1) suave,combinacion,2009,2010,1,2.88417542800377,1.7325449695885498,-1.1516304584152204,GTM
Comb. RF/AR(1) dura,combinacion,2009,2010,1,2.88417542800377,1.7325449695885498,-1.1516304584152204,GTM
Comb. RF/ingenuo suave,combinacion,2009,2010,1,2.88417542800377,1.7325449695885498,-1.1516304584152204,GTM
Comb. LSTM/AR(1) suave,combinacion,2009,2010,1,2.88417542800377,3.323370297674904,0.43919486967113386,GTM
Comb. RF/AR(1) umbral min,combinacion,2009,2010,1,2.88417542800377,1.841560212622781,-1.0426152153809891,GTM
Ingenuo,referencia,2010,2011,1,4.16390688293349,2.88417542800377,-1.2797314549297196,GTM
Deriva,referencia,2010,2011,1,4.16390688293349,2.855311286764115,-1.3085955961693747,GTM
AR(1),Box-Jenkins,2010,2011,1,4.16390688293349,3.2969927872056486,-0.8669140957278412,GTM
"ARMA(2,2)",Box-Jenkins,2010,2011,1,4.16390688293349,3.068627270025333,-1.0952796129081568,GTM
"ARIMA(1,1,1)",Box-Jenkins,2010,2011,1,4.16390688293349,2.715350837131389,-1.4485560458021007,GTM
Ridge sobre rezagos,regularizado,2010,2011,1,4.16390688293349,2.883054600708556,-1.280852282224934,GTM
Random Forest,aprendizaje,2010,2011,1,4.16390688293349,3.8324811366970555,-0.3314257462364343,GTM
LSTM(16),red neuronal,2010,2011,1,4.16390688293349,3.4299626058198203,-0.7339442771136695,GTM
Comb. RF/AR(1) suave,combinacion,2010,2011,1,4.16390688293349,3.990817107431748,-0.17308977550174198,GTM
Comb. RF/AR(1) dura,combinacion,2010,2011,1,4.16390688293349,3.990817107431748,-0.17308977550174198,GTM
Comb. RF/ingenuo suave,combinacion,2010,2011,1,4.16390688293349,3.990817107431748,-0.17308977550174198,GTM
Comb. LSTM/AR(1) suave,combinacion,2010,2011,1,4.16390688293349,3.30368471451669,-0.8602221684167999,GTM
Comb. RF/AR(1) umbral min,combinacion,2010,2011,1,4.16390688293349,3.2969927872056486,-0.8669140957278412,GTM
Ingenuo,referencia,2011,2012,1,2.97470856847661,4.16390688293349,1.1891983144568798,GTM
Deriva,referencia,2011,2012,1,2.97470856847661,4.161214653617222,1.186506085140612,GTM
AR(1),Box-Jenkins,2011,2012,1,2.97470856847661,4.054628026924174,1.0799194584475642,GTM
"ARMA(2,2)",Box-Jenkins,2011,2012,1,2.97470856847661,3.9123157132729753,0.9376071447963654,GTM
"ARIMA(1,1,1)",Box-Jenkins,2011,2012,1,2.97470856847661,3.6097946851939544,0.6350861167173445,GTM
Ridge sobre rezagos,regularizado,2011,2012,1,2.97470856847661,2.5703983290771206,-0.4043102393994893,GTM
Random Forest,aprendizaje,2011,2012,1,2.97470856847661,4.391969270575583,1.417260702098973,GTM
LSTM(16),red neuronal,2011,2012,1,2.97470856847661,3.458763331286487,0.484054762809877,GTM
Comb. RF/AR(1) suave,combinacion,2011,2012,1,2.97470856847661,4.529339000051343,1.5546304315747332,GTM
Comb. RF/AR(1) dura,combinacion,2011,2012,1,2.97470856847661,4.529339000051343,1.5546304315747332,GTM
Comb. RF/ingenuo suave,combinacion,2011,2012,1,2.97470856847661,4.529339000051343,1.5546304315747332,GTM
Comb. LSTM/AR(1) suave,combinacion,2011,2012,1,2.97470856847661,3.335393453514506,0.36068488503789586,GTM
Comb. RF/AR(1) umbral min,combinacion,2011,2012,1,2.97470856847661,4.054628026924174,1.0799194584475642,GTM
Ingenuo,referencia,2012,2013,1,3.69476814623695,2.97470856847661,-0.72005957776034,GTM
Deriva,referencia,2012,2013,1,3.69476814623695,2.9487515139615064,-0.7460166322754436,GTM
AR(1),Box-Jenkins,2012,2013,1,3.69476814623695,3.349077327984153,-0.3456908182527969,GTM
"ARMA(2,2)",Box-Jenkins,2012,2013,1,3.69476814623695,3.2319118886478533,-0.46285625758909665,GTM
"ARIMA(1,1,1)",Box-Jenkins,2012,2013,1,3.69476814623695,3.1298188052993234,-0.5649493409376265,GTM
Ridge sobre rezagos,regularizado,2012,2013,1,3.69476814623695,2.2247667030189233,-1.4700014432180266,GTM
Random Forest,aprendizaje,2012,2013,1,3.69476814623695,3.6260993324402535,-0.06866881379669643,GTM
LSTM(16),red neuronal,2012,2013,1,3.69476814623695,3.434501918245789,-0.2602662279911607,GTM
Comb. RF/AR(1) suave,combinacion,2012,2013,1,3.69476814623695,3.658275764945429,-0.03649238129152099,GTM
Comb. RF/AR(1) dura,combinacion,2012,2013,1,3.69476814623695,3.658275764945429,-0.03649238129152099,GTM
Comb. RF/ingenuo suave,combinacion,2012,2013,1,3.69476814623695,3.658275764945429,-0.03649238129152099,GTM
Comb. LSTM/AR(1) suave,combinacion,2012,2013,1,3.69476814623695,3.337304108748862,-0.35746403748808797,GTM
Comb. RF/AR(1) umbral min,combinacion,2012,2013,1,3.69476814623695,3.349077327984153,-0.3456908182527969,GTM
Ingenuo,referencia,2013,2014,1,4.44397825774911,3.69476814623695,-0.7492101115121597,GTM
Deriva,referencia,2013,2014,1,4.44397825774911,3.6831575654194513,-0.7608206923296583,GTM
AR(1),Box-Jenkins,2013,2014,1,4.44397825774911,3.7701965753254325,-0.6737816824236771,GTM
"ARMA(2,2)",Box-Jenkins,2013,2014,1,4.44397825774911,3.668129771023836,-0.7758484867252737,GTM
"ARIMA(1,1,1)",Box-Jenkins,2013,2014,1,4.44397825774911,3.4946207439235284,-0.9493575138255812,GTM
Ridge sobre rezagos,regularizado,2013,2014,1,4.44397825774911,4.550430267313295,0.10645200956418499,GTM
Random Forest,aprendizaje,2013,2014,1,4.44397825774911,3.851502904394195,-0.5924753533549145,GTM
LSTM(16),red neuronal,2013,2014,1,4.44397825774911,3.4533973644670395,-0.9905808932820701,GTM
Comb. RF/AR(1) suave,combinacion,2013,2014,1,4.44397825774911,4.116177414748907,-0.32780084300020285,GTM
Comb. RF/AR(1) dura,combinacion,2013,2014,1,4.44397825774911,4.116177414748907,-0.32780084300020285,GTM
Comb. RF/ingenuo suave,combinacion,2013,2014,1,4.44397825774911,4.116177414748907,-0.32780084300020285,GTM
Comb. LSTM/AR(1) suave,combinacion,2013,2014,1,4.44397825774911,3.351457974780149,-1.0925202829689606,GTM
Comb. RF/AR(1) umbral min,combinacion,2013,2014,1,4.44397825774911,3.7701965753254325,-0.6737816824236771,GTM
Ingenuo,referencia,2014,2015,1,4.09217170075418,4.44397825774911,0.35180655699493,GTM
Deriva,referencia,2014,2015,1,4.09217170075418,4.4467227843340575,0.35455108357987797,GTM
AR(1),Box-Jenkins,2014,2015,1,4.09217170075418,4.2129353564651995,0.12076365571101988,GTM
"ARMA(2,2)",Box-Jenkins,2014,2015,1,4.09217170075418,4.108689268368946,0.016517567614766193,GTM
"ARIMA(1,1,1)",Box-Jenkins,2014,2015,1,4.09217170075418,4.033764739594926,-0.05840696115925326,GTM
Ridge sobre rezagos,regularizado,2014,2015,1,4.09217170075418,4.867152529804172,0.7749808290499924,GTM
Random Forest,aprendizaje,2014,2015,1,4.09217170075418,4.200182486264243,0.10801078551006338,GTM
LSTM(16),red neuronal,2014,2015,1,4.09217170075418,3.5140004861460525,-0.578171214608127,GTM
Comb. RF/AR(1) suave,combinacion,2014,2015,1,4.09217170075418,4.193073323006001,0.10090162225182109,GTM
Comb. RF/AR(1) dura,combinacion,2014,2015,1,4.09217170075418,4.193073323006001,0.10090162225182109,GTM
Comb. RF/ingenuo suave,combinacion,2014,2015,1,4.09217170075418,4.193073323006001,0.10090162225182109,GTM
Comb. LSTM/AR(1) suave,combinacion,2014,2015,1,4.09217170075418,3.4583121083609787,-0.6338595923932009,GTM
Comb. RF/AR(1) umbral min,combinacion,2014,2015,1,4.09217170075418,4.2129353564651995,0.12076365571101988,GTM
Ingenuo,referencia,2015,2016,1,2.6778031930216,4.09217170075418,1.4143685077325796,GTM
Deriva,referencia,2015,2016,1,2.6778031930216,4.088350466532092,1.4105472735104922,GTM
AR(1),Box-Jenkins,2015,2016,1,2.6778031930216,4.0087737105389465,1.3309705175173465,GTM
"ARMA(2,2)",Box-Jenkins,2015,2016,1,2.6778031930216,3.9331606598299693,1.2553574668083693,GTM
"ARIMA(1,1,1)",Box-Jenkins,2015,2016,1,2.6778031930216,4.000441035581005,1.3226378425594052,GTM
Ridge sobre rezagos,regularizado,2015,2016,1,2.6778031930216,3.587986369432139,0.910183176410539,GTM
Random Forest,aprendizaje,2015,2016,1,2.6778031930216,3.790740378408036,1.112937185386436,GTM
LSTM(16),red neuronal,2015,2016,1,2.6778031930216,3.525839623813842,0.8480364307922419,GTM
Comb. RF/AR(1) suave,combinacion,2015,2016,1,2.6778031930216,2.310742499428392,-0.36706069359320814,GTM
Comb. RF/AR(1) dura,combinacion,2015,2016,1,2.6778031930216,2.310742499428392,-0.36706069359320814,GTM
Comb. RF/ingenuo suave,combinacion,2015,2016,1,2.6778031930216,2.310742499428392,-0.36706069359320814,GTM
Comb. LSTM/AR(1) suave,combinacion,2015,2016,1,2.6778031930216,3.4713518987992464,0.7935487057776465,GTM
Comb. RF/AR(1) umbral min,combinacion,2015,2016,1,2.6778031930216,4.0087737105389465,1.3309705175173465,GTM
Ingenuo,referencia,2016,2017,1,3.0798512212244,2.6778031930216,-0.40204802820279983,GTM
Deriva,referencia,2016,2017,1,3.0798512212244,2.6483356447356856,-0.4315155764887142,GTM
AR(1),Box-Jenkins,2016,2017,1,3.0798512212244,3.1741874117752262,0.09433619055082643,GTM
"ARMA(2,2)",Box-Jenkins,2016,2017,1,3.0798512212244,3.0798237165769926,-2.7504647407194938e-05,GTM
"ARIMA(1,1,1)",Box-Jenkins,2016,2017,1,3.0798512212244,3.1841592741655846,0.10430805294118484,GTM
Ridge sobre rezagos,regularizado,2016,2017,1,3.0798512212244,2.8707330843126506,-0.2091181369117492,GTM
Random Forest,aprendizaje,2016,2017,1,3.0798512212244,4.075657172886942,0.9958059516625419,GTM
LSTM(16),red neuronal,2016,2017,1,3.0798512212244,3.486640167414578,0.40678894619017836,GTM
Comb. RF/AR(1) suave,combinacion,2016,2017,1,3.0798512212244,3.390828306975104,0.31097708575070415,GTM
Comb. RF/AR(1) dura,combinacion,2016,2017,1,3.0798512212244,3.390828306975104,0.31097708575070415,GTM
Comb. RF/ingenuo suave,combinacion,2016,2017,1,3.0798512212244,3.390828306975104,0.31097708575070415,GTM
Comb. LSTM/AR(1) suave,combinacion,2016,2017,1,3.0798512212244,3.3696595094732293,0.28980828824882954,GTM
Comb. RF/AR(1) umbral min,combinacion,2016,2017,1,3.0798512212244,3.1741874117752262,0.09433619055082643,GTM
Ingenuo,referencia,2017,2018,1,3.40687328176345,3.0798512212244,-0.32702206053905014,GTM
Deriva,referencia,2017,2018,1,3.40687328176345,3.058089308232927,-0.34878397353052293,GTM
AR(1),Box-Jenkins,2017,2018,1,3.40687328176345,3.402528734521793,-0.004344547241657004,GTM
"ARMA(2,2)",Box-Jenkins,2017,2018,1,3.40687328176345,3.2975425603660744,-0.10933072139737554,GTM
"ARIMA(1,1,1)",Box-Jenkins,2017,2018,1,3.40687328176345,3.2151688915764174,-0.19170439018703256,GTM
Ridge sobre rezagos,regularizado,2017,2018,1,3.40687328176345,3.4215818851909243,0.014708603427474376,GTM
Random Forest,aprendizaje,2017,2018,1,3.40687328176345,4.045038345284103,0.6381650635206535,GTM
LSTM(16),red neuronal,2017,2018,1,3.40687328176345,3.4472947085624304,0.04042142679898042,GTM
Comb. RF/AR(1) suave,combinacion,2017,2018,1,3.40687328176345,3.4349369221329265,0.028063640369476506,GTM
Comb. RF/AR(1) dura,combinacion,2017,2018,1,3.40687328176345,3.4349369221329265,0.028063640369476506,GTM
Comb. RF/ingenuo suave,combinacion,2017,2018,1,3.40687328176345,3.4349369221329265,0.028063640369476506,GTM
Comb. LSTM/AR(1) suave,combinacion,2017,2018,1,3.40687328176345,3.3525827358255706,-0.0542905459378793,GTM
Comb. RF/AR(1) umbral min,combinacion,2017,2018,1,3.40687328176345,3.4148114388043407,0.007938157040890736,GTM
Ingenuo,referencia,2018,2019,1,4.01789830861587,3.40687328176345,-0.6110250268524204,GTM
Deriva,referencia,2018,2019,1,4.01789830861587,3.39123038585146,-0.6266679227644105,GTM
AR(1),Box-Jenkins,2018,2019,1,4.01789830861587,3.5900688657242386,-0.42782944289163183,GTM
"ARMA(2,2)",Box-Jenkins,2018,2019,1,4.01789830861587,3.458847388760287,-0.5590509198555833,GTM
"ARIMA(1,1,1)",Box-Jenkins,2018,2019,1,4.01789830861587,3.356143281873601,-0.6617550267422696,GTM
Ridge sobre rezagos,regularizado,2018,2019,1,4.01789830861587,3.197602264497271,-0.8202960441185994,GTM
Random Forest,aprendizaje,2018,2019,1,4.01789830861587,3.997966499067652,-0.019931809548218382,GTM
LSTM(16),red neuronal,2018,2019,1,4.01789830861587,3.4761442697568663,-0.5417540388590041,GTM
Comb. RF/AR(1) suave,combinacion,2018,2019,1,4.01789830861587,3.719432303014366,-0.2984660056015045,GTM
Comb. RF/AR(1) dura,combinacion,2018,2019,1,4.01789830861587,3.719432303014366,-0.2984660056015045,GTM
Comb. RF/ingenuo suave,combinacion,2018,2019,1,4.01789830861587,3.719432303014366,-0.2984660056015045,GTM
Comb. LSTM/AR(1) suave,combinacion,2018,2019,1,4.01789830861587,3.358363865524555,-0.6595344430913155,GTM
Comb. RF/AR(1) umbral min,combinacion,2018,2019,1,4.01789830861587,3.7115199196331194,-0.30637838898275094,GTM
Ingenuo,referencia,2019,2020,1,-1.78555117570465,4.01789830861587,5.80344948432052,GTM
Deriva,referencia,2019,2020,1,-1.78555117570465,4.013060032061888,5.7986112077665375,GTM
AR(1),Box-Jenkins,2019,2020,1,-1.78555117570465,3.9476008517746686,5.733152027479319,GTM
"ARMA(2,2)",Box-Jenkins,2019,2020,1,-1.78555117570465,3.8545573171925236,5.640108492897173,GTM
"ARIMA(1,1,1)",Box-Jenkins,2019,2020,1,-1.78555117570465,3.7441935076444754,5.529744683349126,GTM
Ridge sobre rezagos,regularizado,2019,2020,1,-1.78555117570465,3.3813449703335694,5.166896146038219,GTM
Random Forest,aprendizaje,2019,2020,1,-1.78555117570465,3.599051550297925,5.384602726002575,GTM
LSTM(16),red neuronal,2019,2020,1,-1.78555117570465,3.519847181209616,5.305398356914266,GTM
Comb. RF/AR(1) suave,combinacion,2019,2020,1,-1.78555117570465,4.093286122571288,5.878837298275938,GTM
Comb. RF/AR(1) dura,combinacion,2019,2020,1,-1.78555117570465,4.093286122571288,5.878837298275938,GTM
Comb. RF/ingenuo suave,combinacion,2019,2020,1,-1.78555117570465,4.093286122571288,5.878837298275938,GTM
Comb. LSTM/AR(1) suave,combinacion,2019,2020,1,-1.78555117570465,3.3725116443301086,5.1580628200347585,GTM
Comb. RF/AR(1) umbral min,combinacion,2019,2020,1,-1.78555117570465,4.093286122571288,5.878837298275938,GTM
Ingenuo,referencia,2020,2021,1,8.04170398855833,-1.78555117570465,-9.827255164262981,GTM
Deriva,referencia,2020,2021,1,8.04170398855833,-1.888670998152981,-9.93037498671131,GTM
AR(1),Box-Jenkins,2020,2021,1,8.04170398855833,0.5429234478534557,-7.498780540704875,GTM
"ARMA(2,2)",Box-Jenkins,2020,2021,1,8.04170398855833,0.42451583473186116,-7.617188153826469,GTM
"ARIMA(1,1,1)",Box-Jenkins,2020,2021,1,8.04170398855833,0.45939741531314704,-7.582306573245184,GTM
Ridge sobre rezagos,regularizado,2020,2021,1,8.04170398855833,0.34529457839274524,-7.696409410165585,GTM
Random Forest,aprendizaje,2020,2021,1,8.04170398855833,0.8895375138246613,-7.152166474733669,GTM
LSTM(16),red neuronal,2020,2021,1,8.04170398855833,3.291102463499841,-4.750601525058489,GTM
Comb. RF/AR(1) suave,combinacion,2020,2021,1,8.04170398855833,2.317346017146351,-5.72435797141198,GTM
Comb. RF/AR(1) dura,combinacion,2020,2021,1,8.04170398855833,2.317346017146351,-5.72435797141198,GTM
Comb. RF/ingenuo suave,combinacion,2020,2021,1,8.04170398855833,2.317346017146351,-5.72435797141198,GTM
Comb. LSTM/AR(1) suave,combinacion,2020,2021,1,8.04170398855833,3.221266035076225,-4.820437953482106,GTM
Comb. RF/AR(1) umbral min,combinacion,2020,2021,1,8.04170398855833,0.5429234478534557,-7.498780540704875,GTM
Ingenuo,referencia,2021,2022,1,4.15492196609047,8.04170398855833,3.8867820224678606,GTM
Deriva,referencia,2021,2022,1,4.15492196609047,8.104090415888521,3.9491684497980515,GTM
AR(1),Box-Jenkins,2021,2022,1,4.15492196609047,5.753316548436301,1.598394582345831,GTM
"ARMA(2,2)",Box-Jenkins,2021,2022,1,4.15492196609047,4.379902701123288,0.22498073503281812,GTM
"ARIMA(1,1,1)",Box-Jenkins,2021,2022,1,4.15492196609047,4.199270675138402,0.044348709047932644,GTM
Ridge sobre rezagos,regularizado,2021,2022,1,4.15492196609047,4.847672961434588,0.6927509953441184,GTM
Random Forest,aprendizaje,2021,2022,1,4.15492196609047,4.360958233774931,0.20603626768446137,GTM
LSTM(16),red neuronal,2021,2022,1,4.15492196609047,3.4690200117415806,-0.6859019543488891,GTM
Comb. RF/AR(1) suave,combinacion,2021,2022,1,4.15492196609047,5.568984397079058,1.4140624309885883,GTM
Comb. RF/AR(1) dura,combinacion,2021,2022,1,4.15492196609047,5.753316548436301,1.598394582345831,GTM
Comb. RF/ingenuo suave,combinacion,2021,2022,1,4.15492196609047,7.395566483176112,3.2406445170856424,GTM
Comb. LSTM/AR(1) suave,combinacion,2021,2022,1,4.15492196609047,5.281625245215359,1.1267032791248894,GTM
Comb. RF/AR(1) umbral min,combinacion,2021,2022,1,4.15492196609047,5.753316548436301,1.598394582345831,GTM
Ingenuo,referencia,2022,2023,1,3.52430434049013,4.15492196609047,0.6306176256003395,GTM
Deriva,referencia,2022,2023,1,3.52430434049013,4.152567927030528,0.628263586540398,GTM
AR(1),Box-Jenkins,2022,2023,1,3.52430434049013,3.9750887343234824,0.4507843938333522,GTM
"ARMA(2,2)",Box-Jenkins,2022,2023,1,3.52430434049013,4.483108902650861,0.9588045621607311,GTM
"ARIMA(1,1,1)",Box-Jenkins,2022,2023,1,3.52430434049013,4.1774898037179815,0.6531854632278513,GTM
Ridge sobre rezagos,regularizado,2022,2023,1,3.52430434049013,4.312060978799105,0.7877566383089745,GTM
Random Forest,aprendizaje,2022,2023,1,3.52430434049013,3.1759713204971085,-0.3483330199930217,GTM
LSTM(16),red neuronal,2022,2023,1,3.52430434049013,3.4662055106757985,-0.058098829814331676,GTM
Comb. RF/AR(1) suave,combinacion,2022,2023,1,3.52430434049013,3.7942152610904,0.26991092060026967,GTM
Comb. RF/AR(1) dura,combinacion,2022,2023,1,3.52430434049013,3.9750887343234824,0.4507843938333522,GTM
Comb. RF/ingenuo suave,combinacion,2022,2023,1,3.52430434049013,3.929888722462591,0.40558438197246094,GTM
Comb. LSTM/AR(1) suave,combinacion,2022,2023,1,3.52430434049013,3.8372797917640615,0.31297545127393134,GTM
Comb. RF/AR(1) umbral min,combinacion,2022,2023,1,3.52430434049013,3.9750887343234824,0.4507843938333522,GTM
Ingenuo,referencia,2023,2024,1,3.71558453779777,3.52430434049013,-0.1912801973076399,GTM
Deriva,referencia,2023,2024,1,3.71558453779777,3.5118170177763117,-0.20376752002145837,GTM
AR(1),Box-Jenkins,2023,2024,1,3.71558453779777,3.696252214418566,-0.019332323379204208,GTM
"ARMA(2,2)",Box-Jenkins,2023,2024,1,3.71558453779777,3.7281788314323094,0.012594293634539344,GTM
"ARIMA(1,1,1)",Box-Jenkins,2023,2024,1,3.71558453779777,3.8775751317127223,0.16199059391495219,GTM
Ridge sobre rezagos,regularizado,2023,2024,1,3.71558453779777,2.898956068194719,-0.8166284696030512,GTM
Random Forest,aprendizaje,2023,2024,1,3.71558453779777,2.657967556638487,-1.057616981159283,GTM
LSTM(16),red neuronal,2023,2024,1,3.71558453779777,3.472014277654422,-0.24357026014334826,GTM
Comb. RF/AR(1) suave,combinacion,2023,2024,1,3.71558453779777,3.520632175645397,-0.19495236215237322,GTM
Comb. RF/AR(1) dura,combinacion,2023,2024,1,3.71558453779777,3.696252214418566,-0.019332323379204208,GTM
Comb. RF/ingenuo suave,combinacion,2023,2024,1,3.71558453779777,3.396994939721941,-0.3185895980758291,GTM
Comb. LSTM/AR(1) suave,combinacion,2023,2024,1,3.71558453779777,3.618475792798634,-0.09710874499913613,GTM
Comb. RF/AR(1) umbral min,combinacion,2023,2024,1,3.71558453779777,3.696252214418566,-0.019332323379204208,GTM
Ingenuo,referencia,2024,2025,1,4.28003207921405,3.71558453779777,-0.5644475414162797,GTM
Deriva,referencia,2024,2025,1,4.28003207921405,3.7063316201636574,-0.5737004590503925,GTM
AR(1),Box-Jenkins,2024,2025,1,4.28003207921405,3.7788977136456228,-0.501134365568427,GTM
"ARMA(2,2)",Box-Jenkins,2024,2025,1,4.28003207921405,3.6998477248482335,-0.5801843543658163,GTM
"ARIMA(1,1,1)",Box-Jenkins,2024,2025,1,4.28003207921405,3.8126109541839663,-0.4674211250300835,GTM
Ridge sobre rezagos,regularizado,2024,2025,1,4.28003207921405,5.640193577371081,1.360161498157031,GTM
Random Forest,aprendizaje,2024,2025,1,4.28003207921405,4.20519711922381,-0.07483495999024026,GTM
LSTM(16),red neuronal,2024,2025,1,4.28003207921405,3.4762735143018078,-0.8037585649122421,GTM
Comb. RF/AR(1) suave,combinacion,2024,2025,1,4.28003207921405,3.75851578818256,-0.5215162910314897,GTM
Comb. RF/AR(1) dura,combinacion,2024,2025,1,4.28003207921405,3.7788977136456228,-0.501134365568427,GTM
Comb. RF/ingenuo suave,combinacion,2024,2025,1,4.28003207921405,3.710248683921985,-0.569783395292065,GTM
Comb. LSTM/AR(1) suave,combinacion,2024,2025,1,4.28003207921405,3.691302156510334,-0.5887299227037159,GTM
Comb. RF/AR(1) umbral min,combinacion,2024,2025,1,4.28003207921405,3.7788977136456228,-0.501134365568427,GTM
Ingenuo,referencia,1990,1991,1,26.0469005554795,21.1713674322465,-4.875533123232998,HND
Deriva,referencia,1990,1991,1,26.0469005554795,21.84405028796438,-4.202850267515121,HND
AR(1),Box-Jenkins,1990,1991,1,26.0469005554795,15.53415220178277,-10.512748353696729,HND
"ARMA(2,2)",Box-Jenkins,1990,1991,1,26.0469005554795,13.428727246854944,-12.618173308624556,HND
"ARIMA(1,1,1)",Box-Jenkins,1990,1991,1,26.0469005554795,12.934152620776414,-13.112747934703085,HND
Ridge sobre rezagos,regularizado,1990,1991,1,26.0469005554795,11.30319091031093,-14.74370964516857,HND
Random Forest,aprendizaje,1990,1991,1,26.0469005554795,7.702120690145745,-18.344779865333756,HND
LSTM(16),red neuronal,1990,1991,1,26.0469005554795,,,HND
Comb. RF/AR(1) suave,combinacion,1990,1991,1,26.0469005554795,9.777139529027751,-16.269761026451746,HND
Comb. RF/AR(1) dura,combinacion,1990,1991,1,26.0469005554795,15.53415220178277,-10.512748353696729,HND
Comb. RF/ingenuo suave,combinacion,1990,1991,1,26.0469005554795,11.177529626697027,-14.869370928782473,HND
Comb. LSTM/AR(1) suave,combinacion,1990,1991,1,26.0469005554795,,,HND
Comb. RF/AR(1) umbral min,combinacion,1990,1991,1,26.0469005554795,15.53415220178277,-10.512748353696729,HND
Ingenuo,referencia,1991,1992,1,9.03523510162955,26.0469005554795,17.01166545384995,HND
Deriva,referencia,1991,1992,1,9.03523510162955,26.859678420114548,17.824443318485,HND
AR(1),Box-Jenkins,1991,1992,1,9.03523510162955,23.1485630250121,14.113327923382549,HND
"ARMA(2,2)",Box-Jenkins,1991,1992,1,9.03523510162955,31.069542755682335,22.034307654052785,HND
"ARIMA(1,1,1)",Box-Jenkins,1991,1992,1,9.03523510162955,26.06260808535437,17.02737298372482,HND
Ridge sobre rezagos,regularizado,1991,1992,1,9.03523510162955,30.586990778128822,21.551755676499273,HND
Random Forest,aprendizaje,1991,1992,1,9.03523510162955,17.03297647979991,7.99774137817036,HND
LSTM(16),red neuronal,1991,1992,1,9.03523510162955,,,HND
Comb. RF/AR(1) suave,combinacion,1991,1992,1,9.03523510162955,17.173941279568616,8.138706177939067,HND
Comb. RF/AR(1) dura,combinacion,1991,1992,1,9.03523510162955,23.1485630250121,14.113327923382549,HND
Comb. RF/ingenuo suave,combinacion,1991,1992,1,9.03523510162955,17.804762964151646,8.769527862522096,HND
Comb. LSTM/AR(1) suave,combinacion,1991,1992,1,9.03523510162955,,,HND
Comb. RF/AR(1) umbral min,combinacion,1991,1992,1,9.03523510162955,23.1485630250121,14.113327923382549,HND
Ingenuo,referencia,1992,1993,1,13.6371743358989,9.03523510162955,-4.60193923426935,HND
Deriva,referencia,1992,1993,1,13.6371743358989,9.273030923732824,-4.364143412166076,HND
AR(1),Box-Jenkins,1992,1993,1,13.6371743358989,8.196321067455656,-5.440853268443243,HND
"ARMA(2,2)",Box-Jenkins,1992,1993,1,13.6371743358989,11.944115072810474,-1.6930592630884256,HND
"ARIMA(1,1,1)",Box-Jenkins,1992,1993,1,13.6371743358989,15.33555037781471,1.698376041915811,HND
Ridge sobre rezagos,regularizado,1992,1993,1,13.6371743358989,12.395013999882435,-1.2421603360164646,HND
Random Forest,aprendizaje,1992,1993,1,13.6371743358989,10.290053483800488,-3.3471208520984117,HND
LSTM(16),red neuronal,1992,1993,1,13.6371743358989,15.866043995159883,2.228869659260983,HND
Comb. RF/AR(1) suave,combinacion,1992,1993,1,13.6371743358989,8.559895826797097,-5.077278509101802,HND
Comb. RF/AR(1) dura,combinacion,1992,1993,1,13.6371743358989,8.196321067455656,-5.440853268443243,HND
Comb. RF/ingenuo suave,combinacion,1992,1993,1,13.6371743358989,9.151679738662812,-4.485494597236087,HND
Comb. LSTM/AR(1) suave,combinacion,1992,1993,1,13.6371743358989,,,HND
Comb. RF/AR(1) umbral min,combinacion,1992,1993,1,13.6371743358989,8.196321067455656,-5.440853268443243,HND
Ingenuo,referencia,1993,1994,1,29.0190203167888,13.6371743358989,-15.381845980889901,HND
Deriva,referencia,1993,1994,1,29.0190203167888,14.011349639632364,-15.007670677156437,HND
AR(1),Box-Jenkins,1993,1994,1,29.0190203167888,11.097530513001121,-17.92148980378768,HND
"ARMA(2,2)",Box-Jenkins,1993,1994,1,29.0190203167888,11.289148367396626,-17.729871949392177,HND
"ARIMA(1,1,1)",Box-Jenkins,1993,1994,1,29.0190203167888,14.017215710124283,-15.001804606664518,HND
Ridge sobre rezagos,regularizado,1993,1994,1,29.0190203167888,9.814619713793729,-19.204400602995072,HND
Random Forest,aprendizaje,1993,1994,1,29.0190203167888,11.416024376074395,-17.602995940714408,HND
LSTM(16),red neuronal,1993,1994,1,29.0190203167888,12.410967140990174,-16.608053175798627,HND
Comb. RF/AR(1) suave,combinacion,1993,1994,1,29.0190203167888,10.310283004551676,-18.708737312237126,HND
Comb. RF/AR(1) dura,combinacion,1993,1994,1,29.0190203167888,11.097530513001121,-17.92148980378768,HND
Comb. RF/ingenuo suave,combinacion,1993,1994,1,29.0190203167888,11.890779309365346,-17.128241007423455,HND
Comb. LSTM/AR(1) suave,combinacion,1993,1994,1,29.0190203167888,,,HND
Comb. RF/AR(1) umbral min,combinacion,1993,1994,1,29.0190203167888,11.097530513001121,-17.92148980378768,HND
Ingenuo,referencia,1994,1995,1,24.6744628782887,29.0190203167888,4.3445574385001,HND
Deriva,referencia,1994,1995,1,24.6744628782887,29.847973519830035,5.173510641541334,HND
AR(1),Box-Jenkins,1994,1995,1,24.6744628782887,22.944447269027634,-1.7300156092610663,HND
"ARMA(2,2)",Box-Jenkins,1994,1995,1,24.6744628782887,22.265823504548123,-2.408639373740577,HND
"ARIMA(1,1,1)",Box-Jenkins,1994,1995,1,24.6744628782887,21.798008064182806,-2.8764548141058945,HND
Ridge sobre rezagos,regularizado,1994,1995,1,24.6744628782887,21.99607771162546,-2.67838516666324,HND
Random Forest,aprendizaje,1994,1995,1,24.6744628782887,14.10570003683188,-10.56876284145682,HND
LSTM(16),red neuronal,1994,1995,1,24.6744628782887,13.333165319460157,-11.341297558828543,HND
Comb. RF/AR(1) suave,combinacion,1994,1995,1,24.6744628782887,20.441780375282505,-4.232682503006195,HND
Comb. RF/AR(1) dura,combinacion,1994,1995,1,24.6744628782887,22.944447269027634,-1.7300156092610663,HND
Comb. RF/ingenuo suave,combinacion,1994,1995,1,24.6744628782887,24.660271719303516,-0.014191158985184416,HND
Comb. LSTM/AR(1) suave,combinacion,1994,1995,1,24.6744628782887,,,HND
Comb. RF/AR(1) umbral min,combinacion,1994,1995,1,24.6744628782887,22.944447269027634,-1.7300156092610663,HND
Ingenuo,referencia,1995,1996,1,22.957391093437,24.6744628782887,1.7170717848517008,HND
Deriva,referencia,1995,1996,1,22.957391093437,25.351254003637543,2.393862910200543,HND
AR(1),Box-Jenkins,1995,1996,1,22.957391093437,20.382682394179366,-2.5747086992576342,HND
"ARMA(2,2)",Box-Jenkins,1995,1996,1,22.957391093437,22.275245834143945,-0.6821452592930548,HND
"ARIMA(1,1,1)",Box-Jenkins,1995,1996,1,22.957391093437,23.26615128262655,0.30876018918954884,HND
Ridge sobre rezagos,regularizado,1995,1996,1,22.957391093437,9.919020759475794,-13.038370333961206,HND
Random Forest,aprendizaje,1995,1996,1,22.957391093437,13.836588419422815,-9.120802674014184,HND
LSTM(16),red neuronal,1995,1996,1,22.957391093437,13.827001297419532,-9.130389796017468,HND
Comb. RF/AR(1) suave,combinacion,1995,1996,1,22.957391093437,17.082230681935744,-5.8751604115012555,HND
Comb. RF/AR(1) dura,combinacion,1995,1996,1,22.957391093437,20.382682394179366,-2.5747086992576342,HND
Comb. RF/ingenuo suave,combinacion,1995,1996,1,22.957391093437,19.17920280235591,-3.77818829108109,HND
Comb. LSTM/AR(1) suave,combinacion,1995,1996,1,22.957391093437,,,HND
Comb. RF/AR(1) umbral min,combinacion,1995,1996,1,22.957391093437,20.382682394179366,-2.5747086992576342,HND
Ingenuo,referencia,1996,1997,1,22.4277452884418,22.957391093437,0.5296458049952015,HND
Deriva,referencia,1996,1997,1,22.4277452884418,23.565786135637257,1.1380408471954588,HND
AR(1),Box-Jenkins,1996,1997,1,22.4277452884418,19.563029190499194,-2.8647160979426047,HND
"ARMA(2,2)",Box-Jenkins,1996,1997,1,22.4277452884418,23.640376005489042,1.2126307170472437,HND
"ARIMA(1,1,1)",Box-Jenkins,1996,1997,1,22.4277452884418,22.986464977677723,0.5587196892359252,HND
Ridge sobre rezagos,regularizado,1996,1997,1,22.4277452884418,13.693291698270446,-8.734453590171352,HND
Random Forest,aprendizaje,1996,1997,1,22.4277452884418,18.742465221546272,-3.685280066895526,HND
LSTM(16),red neuronal,1996,1997,1,22.4277452884418,16.096570582544288,-6.33117470589751,HND
Comb. RF/AR(1) suave,combinacion,1996,1997,1,22.4277452884418,18.868655460062854,-3.5590898283789443,HND
Comb. RF/AR(1) dura,combinacion,1996,1997,1,22.4277452884418,19.563029190499194,-2.8647160979426047,HND
Comb. RF/ingenuo suave,combinacion,1996,1997,1,22.4277452884418,20.661269662214966,-1.766475626226832,HND
Comb. LSTM/AR(1) suave,combinacion,1996,1997,1,22.4277452884418,16.271117622355764,-6.156627666086035,HND
Comb. RF/AR(1) umbral min,combinacion,1996,1997,1,22.4277452884418,19.563029190499194,-2.8647160979426047,HND
Ingenuo,referencia,1997,1998,1,11.5761659693973,22.4277452884418,10.851579319044498,HND
Deriva,referencia,1997,1998,1,11.5761659693973,23.004528084886626,11.428362115489326,HND
AR(1),Box-Jenkins,1997,1998,1,11.5761659693973,19.523112817745005,7.9469468483477055,HND
"ARMA(2,2)",Box-Jenkins,1997,1998,1,11.5761659693973,22.885544043665345,11.309378074268045,HND
"ARIMA(1,1,1)",Box-Jenkins,1997,1998,1,11.5761659693973,22.66481824521003,11.088652275812729,HND
Ridge sobre rezagos,regularizado,1997,1998,1,11.5761659693973,18.61576077923345,7.039594809836151,HND
Random Forest,aprendizaje,1997,1998,1,11.5761659693973,21.870749218308237,10.294583248910937,HND
LSTM(16),red neuronal,1997,1998,1,11.5761659693973,14.63775456116906,3.061588591771761,HND
Comb. RF/AR(1) suave,combinacion,1997,1998,1,11.5761659693973,20.755539283069268,9.179373313671968,HND
Comb. RF/AR(1) dura,combinacion,1997,1998,1,11.5761659693973,19.523112817745005,7.9469468483477055,HND
Comb. RF/ingenuo suave,combinacion,1997,1998,1,11.5761659693973,21.676699802007743,10.100533832610443,HND
Comb. LSTM/AR(1) suave,combinacion,1997,1998,1,11.5761659693973,15.194415501868137,3.6182495324708377,HND
Comb. RF/AR(1) umbral min,combinacion,1997,1998,1,11.5761659693973,19.523112817745005,7.9469468483477055,HND
Ingenuo,referencia,1998,1999,1,11.5758601448677,11.5761659693973,0.00030582452959926343,HND
Deriva,referencia,1998,1999,1,11.5758601448677,11.844074114072145,0.26821396920444407,HND
AR(1),Box-Jenkins,1998,1999,1,11.5758601448677,11.011289186395292,-0.5645709584724088,HND
"ARMA(2,2)",Box-Jenkins,1998,1999,1,11.5758601448677,14.855397473429235,3.279537328561535,HND
"ARIMA(1,1,1)",Box-Jenkins,1998,1999,1,11.5758601448677,16.329884266076498,4.754024121208797,HND
Ridge sobre rezagos,regularizado,1998,1999,1,11.5758601448677,14.89456327484859,3.3187031299808893,HND
Random Forest,aprendizaje,1998,1999,1,11.5758601448677,13.19461204666664,1.6187519017989391,HND
LSTM(16),red neuronal,1998,1999,1,11.5758601448677,12.111948125252463,0.536087980384762,HND
Comb. RF/AR(1) suave,combinacion,1998,1999,1,11.5758601448677,14.23034907378831,2.6544889289206086,HND
Comb. RF/AR(1) dura,combinacion,1998,1999,1,11.5758601448677,11.011289186395292,-0.5645709584724088,HND
Comb. RF/ingenuo suave,combinacion,1998,1999,1,11.5758601448677,14.250945910620885,2.6750857657531846,HND
Comb. LSTM/AR(1) suave,combinacion,1998,1999,1,11.5758601448677,13.075168931210305,1.4993087863426044,HND
Comb. RF/AR(1) umbral min,combinacion,1998,1999,1,11.5758601448677,11.011289186395292,-0.5645709584724088,HND
Ingenuo,referencia,1999,2000,1,9.61221879337278,11.5758601448677,1.9636413514949211,HND
Deriva,referencia,1999,2000,1,9.61221879337278,11.83671002719506,2.224491233822281,HND
AR(1),Box-Jenkins,1999,2000,1,9.61221879337278,11.027738871081173,1.4155200777083934,HND
"ARMA(2,2)",Box-Jenkins,1999,2000,1,9.61221879337278,13.968563043890354,4.356344250517575,HND
"ARIMA(1,1,1)",Box-Jenkins,1999,2000,1,9.61221879337278,14.150078994478033,4.537860201105254,HND
Ridge sobre rezagos,regularizado,1999,2000,1,9.61221879337278,17.700064267925843,8.087845474553063,HND
Random Forest,aprendizaje,1999,2000,1,9.61221879337278,12.300300712601462,2.688081919228683,HND
LSTM(16),red neuronal,1999,2000,1,9.61221879337278,17.149376636350674,7.537157842977894,HND
Comb. RF/AR(1) suave,combinacion,1999,2000,1,9.61221879337278,12.627357132043981,3.0151383386712016,HND
Comb. RF/AR(1) dura,combinacion,1999,2000,1,9.61221879337278,11.027738871081173,1.4155200777083934,HND
Comb. RF/ingenuo suave,combinacion,1999,2000,1,9.61221879337278,12.680922576550035,3.0687037831772557,HND
Comb. LSTM/AR(1) suave,combinacion,1999,2000,1,9.61221879337278,7.3134237000479985,-2.298795093324781,HND
Comb. RF/AR(1) umbral min,combinacion,1999,2000,1,9.61221879337278,11.027738871081173,1.4155200777083934,HND
Ingenuo,referencia,2000,2001,1,2.72319327321379,9.61221879337278,6.88902552015899,HND
Deriva,referencia,2000,2001,1,2.72319327321379,9.816030438935465,7.092837165721676,HND
AR(1),Box-Jenkins,2000,2001,1,2.72319327321379,9.600838461821782,6.877645188607993,HND
"ARMA(2,2)",Box-Jenkins,2000,2001,1,2.72319327321379,10.656345367151632,7.933152093937842,HND
"ARIMA(1,1,1)",Box-Jenkins,2000,2001,1,2.72319327321379,11.614432992863323,8.891239719649533,HND
Ridge sobre rezagos,regularizado,2000,2001,1,2.72319327321379,4.5438461818599185,1.8206529086461285,HND
Random Forest,aprendizaje,2000,2001,1,2.72319327321379,9.972126754075742,7.248933480861952,HND
LSTM(16),red neuronal,2000,2001,1,2.72319327321379,7.481223126976557,4.758029853762768,HND
Comb. RF/AR(1) suave,combinacion,2000,2001,1,2.72319327321379,11.459233375897844,8.736040102684054,HND
Comb. RF/AR(1) dura,combinacion,2000,2001,1,2.72319327321379,11.459233375897844,8.736040102684054,HND
Comb. RF/ingenuo suave,combinacion,2000,2001,1,2.72319327321379,11.459233375897844,8.736040102684054,HND
Comb. LSTM/AR(1) suave,combinacion,2000,2001,1,2.72319327321379,4.617571801357552,1.8943785281437617,HND
Comb. RF/AR(1) umbral min,combinacion,2000,2001,1,2.72319327321379,9.600838461821782,6.877645188607993,HND
Ingenuo,referencia,2001,2002,1,3.75433786119939,2.72319327321379,-1.0311445879856,HND
Deriva,referencia,2001,2002,1,3.75433786119939,2.749683989633434,-1.004653871565956,HND
AR(1),Box-Jenkins,2001,2002,1,3.75433786119939,4.577950014481306,0.8236121532819163,HND
"ARMA(2,2)",Box-Jenkins,2001,2002,1,3.75433786119939,5.996562795167193,2.2422249339678033,HND
"ARIMA(1,1,1)",Box-Jenkins,2001,2002,1,3.75433786119939,5.649925779517936,1.895587918318546,HND
Ridge sobre rezagos,regularizado,2001,2002,1,3.75433786119939,-2.3810453177784936,-6.135383178977884,HND
Random Forest,aprendizaje,2001,2002,1,3.75433786119939,6.092813777225818,2.3384759160264283,HND
LSTM(16),red neuronal,2001,2002,1,3.75433786119939,1.561195815478384,-2.193142045721006,HND
Comb. RF/AR(1) suave,combinacion,2001,2002,1,3.75433786119939,6.578161500846003,2.8238236396466125,HND
Comb. RF/AR(1) dura,combinacion,2001,2002,1,3.75433786119939,6.578161500846003,2.8238236396466125,HND
Comb. RF/ingenuo suave,combinacion,2001,2002,1,3.75433786119939,6.578161500846003,2.8238236396466125,HND
Comb. LSTM/AR(1) suave,combinacion,2001,2002,1,3.75433786119939,3.551451107970884,-0.20288675322850613,HND
Comb. RF/AR(1) umbral min,combinacion,2001,2002,1,3.75433786119939,4.577950014481306,0.8236121532819163,HND
Ingenuo,referencia,2002,2003,1,4.54703805165397,3.75433786119939,-0.7927001904545796,HND
Deriva,referencia,2002,2003,1,4.54703805165397,3.8053323305840574,-0.7417057210699123,HND
AR(1),Box-Jenkins,2002,2003,1,4.54703805165397,5.273550829322309,0.7265127776683391,HND
"ARMA(2,2)",Box-Jenkins,2002,2003,1,4.54703805165397,5.933908154114677,1.3868701024607075,HND
"ARIMA(1,1,1)",Box-Jenkins,2002,2003,1,4.54703805165397,4.5901732916406734,0.043135239986703766,HND
Ridge sobre rezagos,regularizado,2002,2003,1,4.54703805165397,0.18113769689853143,-4.365900354755438,HND
Random Forest,aprendizaje,2002,2003,1,4.54703805165397,4.1526216708339465,-0.39441638082002317,HND
LSTM(16),red neuronal,2002,2003,1,4.54703805165397,0.9614960168903757,-3.585542034763594,HND
Comb. RF/AR(1) suave,combinacion,2002,2003,1,4.54703805165397,5.377781104548669,0.8307430528946993,HND
Comb. RF/AR(1) dura,combinacion,2002,2003,1,4.54703805165397,5.377781104548669,0.8307430528946993,HND
Comb. RF/ingenuo suave,combinacion,2002,2003,1,4.54703805165397,5.377781104548669,0.8307430528946993,HND
Comb. LSTM/AR(1) suave,combinacion,2002,2003,1,4.54703805165397,8.014693131296067,3.467655079642097,HND
Comb. RF/AR(1) umbral min,combinacion,2002,2003,1,4.54703805165397,5.273550829322309,0.7265127776683391,HND
Ingenuo,referencia,2003,2004,1,6.23230296069102,4.54703805165397,-1.6852649090370502,HND
Deriva,referencia,2003,2004,1,6.23230296069102,4.615692181064111,-1.6166107796269085,HND
AR(1),Box-Jenkins,2003,2004,1,6.23230296069102,5.8100051108759425,-0.42229784981507734,HND
"ARMA(2,2)",Box-Jenkins,2003,2004,1,6.23230296069102,5.582863180046143,-0.6494397806448768,HND
"ARIMA(1,1,1)",Box-Jenkins,2003,2004,1,6.23230296069102,4.641792733078617,-1.5905102276124028,HND
Ridge sobre rezagos,regularizado,2003,2004,1,6.23230296069102,0.13550314839477728,-6.096799812296243,HND
Random Forest,aprendizaje,2003,2004,1,6.23230296069102,3.802630986488301,-2.429671974202719,HND
LSTM(16),red neuronal,2003,2004,1,6.23230296069102,7.385658031685361,1.1533550709943414,HND
Comb. RF/AR(1) suave,combinacion,2003,2004,1,6.23230296069102,6.1415041639771015,-0.09079879671391833,HND
Comb. RF/AR(1) dura,combinacion,2003,2004,1,6.23230296069102,6.1415041639771015,-0.09079879671391833,HND
Comb. RF/ingenuo suave,combinacion,2003,2004,1,6.23230296069102,6.1415041639771015,-0.09079879671391833,HND
Comb. LSTM/AR(1) suave,combinacion,2003,2004,1,6.23230296069102,2.558214762681472,-3.6740881980095477,HND
Comb. RF/AR(1) umbral min,combinacion,2003,2004,1,6.23230296069102,5.8100051108759425,-0.42229784981507734,HND
Ingenuo,referencia,2004,2005,1,6.05059922215973,6.23230296069102,0.18170373853129007,HND
Deriva,referencia,2004,2005,1,6.05059922215973,6.3385526896273685,0.2879534674676387,HND
AR(1),Box-Jenkins,2004,2005,1,6.05059922215973,7.013586275789175,0.9629870536294449,HND
"ARMA(2,2)",Box-Jenkins,2004,2005,1,6.05059922215973,6.868206850564238,0.8176076284045086,HND
"ARIMA(1,1,1)",Box-Jenkins,2004,2005,1,6.05059922215973,5.740786023974094,-0.309813198185636,HND
Ridge sobre rezagos,regularizado,2004,2005,1,6.05059922215973,4.886772695826027,-1.163826526333703,HND
Random Forest,aprendizaje,2004,2005,1,6.05059922215973,5.371771751273149,-0.6788274708865805,HND
LSTM(16),red neuronal,2004,2005,1,6.05059922215973,7.323260029523467,1.2726608073637369,HND
Comb. RF/AR(1) suave,combinacion,2004,2005,1,6.05059922215973,4.832554875689036,-1.2180443464706938,HND
Comb. RF/AR(1) dura,combinacion,2004,2005,1,6.05059922215973,4.832554875689036,-1.2180443464706938,HND
Comb. RF/ingenuo suave,combinacion,2004,2005,1,6.05059922215973,4.832554875689036,-1.2180443464706938,HND
Comb. LSTM/AR(1) suave,combinacion,2004,2005,1,6.05059922215973,4.4105874451229985,-1.6400117770367313,HND
Comb. RF/AR(1) umbral min,combinacion,2004,2005,1,6.05059922215973,7.013586275789175,0.9629870536294449,HND
Ingenuo,referencia,2005,2006,1,6.56724355177587,6.05059922215973,-0.51664432961614,HND
Deriva,referencia,2005,2006,1,6.56724355177587,6.150304554108177,-0.4169389976676925,HND
AR(1),Box-Jenkins,2005,2006,1,6.56724355177587,6.861158986606865,0.29391543483099536,HND
"ARMA(2,2)",Box-Jenkins,2005,2006,1,6.56724355177587,6.59885044489409,0.03160689311822029,HND
"ARIMA(1,1,1)",Box-Jenkins,2005,2006,1,6.56724355177587,5.896398130774324,-0.6708454210015455,HND
Ridge sobre rezagos,regularizado,2005,2006,1,6.56724355177587,5.771516751610385,-0.7957268001654851,HND
Random Forest,aprendizaje,2005,2006,1,6.56724355177587,6.391042961305324,-0.17620059047054593,HND
LSTM(16),red neuronal,2005,2006,1,6.56724355177587,6.710150258317334,0.14290670654146442,HND
Comb. RF/AR(1) suave,combinacion,2005,2006,1,6.56724355177587,5.937384214787742,-0.6298593369881278,HND
Comb. RF/AR(1) dura,combinacion,2005,2006,1,6.56724355177587,5.937384214787742,-0.6298593369881278,HND
Comb. RF/ingenuo suave,combinacion,2005,2006,1,6.56724355177587,5.937384214787742,-0.6298593369881278,HND
Comb. LSTM/AR(1) suave,combinacion,2005,2006,1,6.56724355177587,6.461863886371109,-0.10537966540476074,HND
Comb. RF/AR(1) umbral min,combinacion,2005,2006,1,6.56724355177587,6.861158986606865,0.29391543483099536,HND
Ingenuo,referencia,2006,2007,1,6.18832716678008,6.56724355177587,0.37891638499579017,HND
Deriva,referencia,2006,2007,1,6.18832716678008,6.6762141947836,0.48788702800352013,HND
AR(1),Box-Jenkins,2006,2007,1,6.18832716678008,7.21969016044109,1.03136299366101,HND
"ARMA(2,2)",Box-Jenkins,2006,2007,1,6.18832716678008,7.236058136731831,1.0477309699517514,HND
"ARIMA(1,1,1)",Box-Jenkins,2006,2007,1,6.18832716678008,6.332657767208298,0.14433060042821833,HND
Ridge sobre rezagos,regularizado,2006,2007,1,6.18832716678008,7.245838591503604,1.0575114247235247,HND
Random Forest,aprendizaje,2006,2007,1,6.18832716678008,6.9785757600277325,0.7902485932476528,HND
LSTM(16),red neuronal,2006,2007,1,6.18832716678008,7.904308198840665,1.7159810320605855,HND
Comb. RF/AR(1) suave,combinacion,2006,2007,1,6.18832716678008,6.642957887161637,0.45463072038155694,HND
Comb. RF/AR(1) dura,combinacion,2006,2007,1,6.18832716678008,6.642957887161637,0.45463072038155694,HND
Comb. RF/ingenuo suave,combinacion,2006,2007,1,6.18832716678008,6.642957887161637,0.45463072038155694,HND
Comb. LSTM/AR(1) suave,combinacion,2006,2007,1,6.18832716678008,8.016962648534996,1.8286354817549162,HND
Comb. RF/AR(1) umbral min,combinacion,2006,2007,1,6.18832716678008,6.886628121688713,0.6983009549086336,HND
Ingenuo,referencia,2007,2008,1,4.23160011009342,6.18832716678008,1.9567270566866597,HND
Deriva,referencia,2007,2008,1,4.23160011009342,6.286691570048602,2.0550914599551824,HND
AR(1),Box-Jenkins,2007,2008,1,4.23160011009342,6.92737728002869,2.69577716993527,HND
"ARMA(2,2)",Box-Jenkins,2007,2008,1,4.23160011009342,6.830276362903738,2.5986762528103178,HND
"ARIMA(1,1,1)",Box-Jenkins,2007,2008,1,4.23160011009342,6.208507515218412,1.976907405124992,HND
Ridge sobre rezagos,regularizado,2007,2008,1,4.23160011009342,8.516831279594443,4.2852311695010235,HND
Random Forest,aprendizaje,2007,2008,1,4.23160011009342,6.479598888233798,2.247998778140378,HND
LSTM(16),red neuronal,2007,2008,1,4.23160011009342,7.734856871251232,3.503256761157812,HND
Comb. RF/AR(1) suave,combinacion,2007,2008,1,4.23160011009342,7.051775228423173,2.820175118329753,HND
Comb. RF/AR(1) dura,combinacion,2007,2008,1,4.23160011009342,7.051775228423173,2.820175118329753,HND
Comb. RF/ingenuo suave,combinacion,2007,2008,1,4.23160011009342,7.051775228423173,2.820175118329753,HND
Comb. LSTM/AR(1) suave,combinacion,2007,2008,1,4.23160011009342,9.186112214587148,4.954512104493728,HND
Comb. RF/AR(1) umbral min,combinacion,2007,2008,1,4.23160011009342,7.002061327884709,2.770461217791289,HND
Ingenuo,referencia,2008,2009,1,-2.43162787988011,4.23160011009342,6.66322798997353,HND
Deriva,referencia,2008,2009,1,-2.43162787988011,4.28623916315013,6.71786704303024,HND
AR(1),Box-Jenkins,2008,2009,1,-2.43162787988011,5.473825302056029,7.905453181936139,HND
"ARMA(2,2)",Box-Jenkins,2008,2009,1,-2.43162787988011,5.696586557676093,8.128214437556203,HND
"ARIMA(1,1,1)",Box-Jenkins,2008,2009,1,-2.43162787988011,4.873786363956663,7.305414243836773,HND
Ridge sobre rezagos,regularizado,2008,2009,1,-2.43162787988011,7.841393796063127,10.273021675943237,HND
Random Forest,aprendizaje,2008,2009,1,-2.43162787988011,6.40949092923813,8.841118809118239,HND
LSTM(16),red neuronal,2008,2009,1,-2.43162787988011,7.1325119223287645,9.564139802208874,HND
Comb. RF/AR(1) suave,combinacion,2008,2009,1,-2.43162787988011,7.8744075410579475,10.306035420938057,HND
Comb. RF/AR(1) dura,combinacion,2008,2009,1,-2.43162787988011,7.8744075410579475,10.306035420938057,HND
Comb. RF/ingenuo suave,combinacion,2008,2009,1,-2.43162787988011,7.8744075410579475,10.306035420938057,HND
Comb. LSTM/AR(1) suave,combinacion,2008,2009,1,-2.43162787988011,7.132704825305602,9.564332705185713,HND
Comb. RF/AR(1) umbral min,combinacion,2008,2009,1,-2.43162787988011,6.915241874150542,9.346869754030653,HND
Ingenuo,referencia,2009,2010,1,3.73114034433009,-2.43162787988011,-6.1627682242102,HND
Deriva,referencia,2009,2010,1,3.73114034433009,-2.5169443902198627,-6.248084734549953,HND
AR(1),Box-Jenkins,2009,2010,1,3.73114034433009,0.436336881955419,-3.294803462374671,HND
"ARMA(2,2)",Box-Jenkins,2009,2010,1,3.73114034433009,0.9838858853667591,-2.747254458963331,HND
"ARIMA(1,1,1)",Box-Jenkins,2009,2010,1,3.73114034433009,-0.07480976133419137,-3.8059501056642815,HND
Ridge sobre rezagos,regularizado,2009,2010,1,3.73114034433009,3.259161965037043,-0.4719783792930472,HND
Random Forest,aprendizaje,2009,2010,1,3.73114034433009,4.156942605515029,0.425802261184939,HND
LSTM(16),red neuronal,2009,2010,1,3.73114034433009,6.768589036911042,3.0374486925809516,HND
Comb. RF/AR(1) suave,combinacion,2009,2010,1,3.73114034433009,5.522216891586291,1.7910765472562011,HND
Comb. RF/AR(1) dura,combinacion,2009,2010,1,3.73114034433009,5.522216891586291,1.7910765472562011,HND
Comb. RF/ingenuo suave,combinacion,2009,2010,1,3.73114034433009,5.522216891586291,1.7910765472562011,HND
Comb. LSTM/AR(1) suave,combinacion,2009,2010,1,3.73114034433009,6.780832202507543,3.0496918581774533,HND
Comb. RF/AR(1) umbral min,combinacion,2009,2010,1,3.73114034433009,3.73813908792068,0.006998743590589829,HND
Ingenuo,referencia,2010,2011,1,3.83569066207505,3.73114034433009,-0.10455031774495982,HND
Deriva,referencia,2010,2011,1,3.83569066207505,3.7733357673484993,-0.06235489472655065,HND
AR(1),Box-Jenkins,2010,2011,1,3.83569066207505,5.019872328624419,1.1841816665493687,HND
"ARMA(2,2)",Box-Jenkins,2010,2011,1,3.83569066207505,4.987802079902577,1.1521114178275274,HND
"ARIMA(1,1,1)",Box-Jenkins,2010,2011,1,3.83569066207505,2.802560615778301,-1.033130046296749,HND
Ridge sobre rezagos,regularizado,2010,2011,1,3.83569066207505,5.849292904673794,2.013602242598744,HND
Random Forest,aprendizaje,2010,2011,1,3.83569066207505,4.9104529465008655,1.0747622844258156,HND
LSTM(16),red neuronal,2010,2011,1,3.83569066207505,6.693104912039887,2.857414249964837,HND
Comb. RF/AR(1) suave,combinacion,2010,2011,1,3.83569066207505,5.796429263896547,1.9607386018214972,HND
Comb. RF/AR(1) dura,combinacion,2010,2011,1,3.83569066207505,5.796429263896547,1.9607386018214972,HND
Comb. RF/ingenuo suave,combinacion,2010,2011,1,3.83569066207505,5.796429263896547,1.9607386018214972,HND
Comb. LSTM/AR(1) suave,combinacion,2010,2011,1,3.83569066207505,6.703474093816879,2.8677834317418287,HND
Comb. RF/AR(1) umbral min,combinacion,2010,2011,1,3.83569066207505,5.2749561764735775,1.4392655143985276,HND
Ingenuo,referencia,2011,2012,1,4.12868774866939,3.83569066207505,-0.2929970865943399,HND
Deriva,referencia,2011,2012,1,4.12868774866939,3.8791331829879905,-0.24955456568139933,HND
AR(1),Box-Jenkins,2011,2012,1,4.12868774866939,5.062684168163592,0.9339964194942025,HND
"ARMA(2,2)",Box-Jenkins,2011,2012,1,4.12868774866939,4.066383966992071,-0.062303781677318426,HND
"ARIMA(1,1,1)",Box-Jenkins,2011,2012,1,4.12868774866939,3.391652373767127,-0.7370353749022627,HND
Ridge sobre rezagos,regularizado,2011,2012,1,4.12868774866939,3.882349660422677,-0.24633808824671277,HND
Random Forest,aprendizaje,2011,2012,1,4.12868774866939,4.519765003600961,0.3910772549315711,HND
LSTM(16),red neuronal,2011,2012,1,4.12868774866939,6.623800021696924,2.4951122730275346,HND
Comb. RF/AR(1) suave,combinacion,2011,2012,1,4.12868774866939,8.885649479130803,4.756961730461414,HND
Comb. RF/AR(1) dura,combinacion,2011,2012,1,4.12868774866939,8.885649479130803,4.756961730461414,HND
Comb. RF/ingenuo suave,combinacion,2011,2012,1,4.12868774866939,8.885649479130803,4.756961730461414,HND
Comb. LSTM/AR(1) suave,combinacion,2011,2012,1,4.12868774866939,6.633144460846021,2.504456712176631,HND
Comb. RF/AR(1) umbral min,combinacion,2011,2012,1,4.12868774866939,6.155853056788914,2.027165308119524,HND
Ingenuo,referencia,2012,2013,1,2.79155975746801,4.12868774866939,1.3371279912013798,HND
Deriva,referencia,2012,2013,1,2.79155975746801,4.1770234963603965,1.3854637388923865,HND
AR(1),Box-Jenkins,2012,2013,1,2.79155975746801,5.247792051911043,2.456232294443033,HND
"ARMA(2,2)",Box-Jenkins,2012,2013,1,2.79155975746801,5.265221846017875,2.473662088549865,HND
"ARIMA(1,1,1)",Box-Jenkins,2012,2013,1,2.79155975746801,3.828979849069876,1.037420091601866,HND
Ridge sobre rezagos,regularizado,2012,2013,1,2.79155975746801,5.7494123917732995,2.9578526343052896,HND
Random Forest,aprendizaje,2012,2013,1,2.79155975746801,4.611891443845769,1.820331686377759,HND
LSTM(16),red neuronal,2012,2013,1,2.79155975746801,6.574416260349884,3.782856502881874,HND
Comb. RF/AR(1) suave,combinacion,2012,2013,1,2.79155975746801,5.5566630717118,2.7651033142437904,HND
Comb. RF/AR(1) dura,combinacion,2012,2013,1,2.79155975746801,5.5566630717118,2.7651033142437904,HND
Comb. RF/ingenuo suave,combinacion,2012,2013,1,2.79155975746801,5.5566630717118,2.7651033142437904,HND
Comb. LSTM/AR(1) suave,combinacion,2012,2013,1,2.79155975746801,6.584492046912704,3.792932289444694,HND
Comb. RF/AR(1) umbral min,combinacion,2012,2013,1,2.79155975746801,5.319887443595865,2.5283276861278554,HND
Ingenuo,referencia,2013,2014,1,3.0580805621437,2.79155975746801,-0.26652080467568995,HND
Deriva,referencia,2013,2014,1,3.0580805621437,2.813251971718779,-0.244828590424921,HND
AR(1),Box-Jenkins,2013,2014,1,3.0580805621437,4.2292150275905716,1.1711344654468716,HND
"ARMA(2,2)",Box-Jenkins,2013,2014,1,3.0580805621437,3.9665612806874644,0.9084807185437644,HND
"ARIMA(1,1,1)",Box-Jenkins,2013,2014,1,3.0580805621437,3.0962174453840436,0.0381368832403437,HND
Ridge sobre rezagos,regularizado,2013,2014,1,3.0580805621437,4.783500224115836,1.7254196619721363,HND
Random Forest,aprendizaje,2013,2014,1,3.0580805621437,4.8257713400052324,1.7676907778615325,HND
LSTM(16),red neuronal,2013,2014,1,3.0580805621437,6.47804012544836,3.41995956330466,HND
Comb. RF/AR(1) suave,combinacion,2013,2014,1,3.0580805621437,5.186408391732987,2.1283278295892867,HND
Comb. RF/AR(1) dura,combinacion,2013,2014,1,3.0580805621437,5.186408391732987,2.1283278295892867,HND
Comb. RF/ingenuo suave,combinacion,2013,2014,1,3.0580805621437,5.186408391732987,2.1283278295892867,HND
Comb. LSTM/AR(1) suave,combinacion,2013,2014,1,3.0580805621437,6.489185573033115,3.431105010889415,HND
Comb. RF/AR(1) umbral min,combinacion,2013,2014,1,3.0580805621437,4.5022951282102674,1.4442145660665675,HND
Ingenuo,referencia,2014,2015,1,3.84007997093951,3.0580805621437,-0.78199940879581,HND
Deriva,referencia,2014,2015,1,3.84007997093951,3.084392183760977,-0.755687787178533,HND
AR(1),Box-Jenkins,2014,2015,1,3.84007997093951,4.388346693562051,0.5482667226225408,HND
"ARMA(2,2)",Box-Jenkins,2014,2015,1,3.84007997093951,4.408346912522317,0.5682669415828072,HND
"ARIMA(1,1,1)",Box-Jenkins,2014,2015,1,3.84007997093951,3.1098641930077164,-0.7302157779317935,HND
Ridge sobre rezagos,regularizado,2014,2015,1,3.84007997093951,5.568000731507594,1.7279207605680837,HND
Random Forest,aprendizaje,2014,2015,1,3.84007997093951,4.891905250690705,1.051825279751195,HND
LSTM(16),red neuronal,2014,2015,1,3.84007997093951,6.398503779811453,2.5584238088719427,HND
Comb. RF/AR(1) suave,combinacion,2014,2015,1,3.84007997093951,4.906769630871876,1.0666896599323663,HND
Comb. RF/AR(1) dura,combinacion,2014,2015,1,3.84007997093951,4.906769630871876,1.0666896599323663,HND
Comb. RF/ingenuo suave,combinacion,2014,2015,1,3.84007997093951,4.906769630871876,1.0666896599323663,HND
Comb. LSTM/AR(1) suave,combinacion,2014,2015,1,3.84007997093951,6.408250245313897,2.568170274374387,HND
Comb. RF/AR(1) umbral min,combinacion,2014,2015,1,3.84007997093951,4.528507630313958,0.6884276593744478,HND
Ingenuo,referencia,2015,2016,1,3.89297219726413,3.84007997093951,-0.05289222632461987,HND
Deriva,referencia,2015,2016,1,3.89297219726413,3.8803858108378706,-0.0125863864262592,HND
AR(1),Box-Jenkins,2015,2016,1,3.89297219726413,4.937219687080761,1.0442474898166312,HND
"ARMA(2,2)",Box-Jenkins,2015,2016,1,3.89297219726413,4.561361433572811,0.6683892363086814,HND
"ARIMA(1,1,1)",Box-Jenkins,2015,2016,1,3.89297219726413,3.6049788666256215,-0.2879933306385083,HND
Ridge sobre rezagos,regularizado,2015,2016,1,3.89297219726413,6.882869389062776,2.9898971917986463,HND
Random Forest,aprendizaje,2015,2016,1,3.89297219726413,4.067810120840357,0.17483792357622718,HND
LSTM(16),red neuronal,2015,2016,1,3.89297219726413,6.3499911497060975,2.4570189524419677,HND
Comb. RF/AR(1) suave,combinacion,2015,2016,1,3.89297219726413,4.398840390872468,0.5058681936083378,HND
Comb. RF/AR(1) dura,combinacion,2015,2016,1,3.89297219726413,4.398840390872468,0.5058681936083378,HND
Comb. RF/ingenuo suave,combinacion,2015,2016,1,3.89297219726413,4.398840390872468,0.5058681936083378,HND
Comb. LSTM/AR(1) suave,combinacion,2015,2016,1,3.89297219726413,6.359382002302701,2.4664098050385714,HND
Comb. RF/AR(1) umbral min,combinacion,2015,2016,1,3.89297219726413,4.779997950977448,0.8870257537133179,HND
Ingenuo,referencia,2016,2017,1,4.84291391050387,3.89297219726413,-0.9499417132397401,HND
Deriva,referencia,2016,2017,1,4.84291391050387,3.9335068805520588,-0.9094070299518111,HND
AR(1),Box-Jenkins,2016,2017,1,4.84291391050387,4.951142846143284,0.10822893563941438,HND
"ARMA(2,2)",Box-Jenkins,2016,2017,1,4.84291391050387,4.758816458079266,-0.08409745242460431,HND
"ARIMA(1,1,1)",Box-Jenkins,2016,2017,1,4.84291391050387,3.7671695970140022,-1.0757443134898677,HND
Ridge sobre rezagos,regularizado,2016,2017,1,4.84291391050387,5.985013831007717,1.1420999205038473,HND
Random Forest,aprendizaje,2016,2017,1,4.84291391050387,6.559069653838508,1.716155743334638,HND
LSTM(16),red neuronal,2016,2017,1,4.84291391050387,5.997936415858131,1.1550225053542613,HND
Comb. RF/AR(1) suave,combinacion,2016,2017,1,4.84291391050387,4.176354620653954,-0.666559289849916,HND
Comb. RF/AR(1) dura,combinacion,2016,2017,1,4.84291391050387,4.176354620653954,-0.666559289849916,HND
Comb. RF/ingenuo suave,combinacion,2016,2017,1,4.84291391050387,4.176354620653954,-0.666559289849916,HND
Comb. LSTM/AR(1) suave,combinacion,2016,2017,1,4.84291391050387,6.443424173803185,1.6005102632993156,HND
Comb. RF/AR(1) umbral min,combinacion,2016,2017,1,4.84291391050387,4.777624884799851,-0.06528902570401929,HND
Ingenuo,referencia,2017,2018,1,3.84499476966735,4.84291391050387,0.9979191408365198,HND
Deriva,referencia,2017,2018,1,3.84499476966735,4.899688005040939,1.0546932353735885,HND
AR(1),Box-Jenkins,2017,2018,1,3.84499476966735,5.634362664555345,1.7893678948879952,HND
"ARMA(2,2)",Box-Jenkins,2017,2018,1,3.84499476966735,5.356270142217835,1.511275372550485,HND
"ARIMA(1,1,1)",Box-Jenkins,2017,2018,1,3.84499476966735,4.470868137711071,0.6258733680437212,HND
Ridge sobre rezagos,regularizado,2017,2018,1,3.84499476966735,6.27982856532386,2.43483379565651,HND
Random Forest,aprendizaje,2017,2018,1,3.84499476966735,4.587501305424045,0.7425065357566947,HND
LSTM(16),red neuronal,2017,2018,1,3.84499476966735,5.8987831166924085,2.0537883470250584,HND
Comb. RF/AR(1) suave,combinacion,2017,2018,1,3.84499476966735,4.819300470390353,0.9743057007230025,HND
Comb. RF/AR(1) dura,combinacion,2017,2018,1,3.84499476966735,4.819300470390353,0.9743057007230025,HND
Comb. RF/ingenuo suave,combinacion,2017,2018,1,3.84499476966735,4.819300470390353,0.9743057007230025,HND
Comb. LSTM/AR(1) suave,combinacion,2017,2018,1,3.84499476966735,6.6553255510716385,2.8103307814042884,HND
Comb. RF/AR(1) umbral min,combinacion,2017,2018,1,3.84499476966735,5.063730013476923,1.218735243809573,HND
Ingenuo,referencia,2018,2019,1,2.55963434592314,3.84499476966735,1.2853604237442102,HND
Deriva,referencia,2018,2019,1,2.55963434592314,3.883265474110145,1.3236311281870052,HND
AR(1),Box-Jenkins,2018,2019,1,2.55963434592314,4.876616698668032,2.3169823527448923,HND
"ARMA(2,2)",Box-Jenkins,2018,2019,1,2.55963434592314,4.741570343866789,2.181935997943649,HND
"ARIMA(1,1,1)",Box-Jenkins,2018,2019,1,2.55963434592314,4.003589575126412,1.4439552292032722,HND
Ridge sobre rezagos,regularizado,2018,2019,1,2.55963434592314,5.635373869421033,3.0757395234978935,HND
Random Forest,aprendizaje,2018,2019,1,2.55963434592314,4.042610973571296,1.4829766276481564,HND
LSTM(16),red neuronal,2018,2019,1,2.55963434592314,5.7830537634867465,3.2234194175636066,HND
Comb. RF/AR(1) suave,combinacion,2018,2019,1,2.55963434592314,6.041561893614638,3.481927547691498,HND
Comb. RF/AR(1) dura,combinacion,2018,2019,1,2.55963434592314,6.041561893614638,3.481927547691498,HND
Comb. RF/ingenuo suave,combinacion,2018,2019,1,2.55963434592314,6.041561893614638,3.481927547691498,HND
Comb. LSTM/AR(1) suave,combinacion,2018,2019,1,2.55963434592314,6.364594668591333,3.804960322668193,HND
Comb. RF/AR(1) umbral min,combinacion,2018,2019,1,2.55963434592314,6.041561893614638,3.481927547691498,HND
Ingenuo,referencia,2019,2020,1,-8.96508223267296,2.55963434592314,11.5247165785961,HND
Deriva,referencia,2019,2020,1,-8.96508223267296,2.575083824017883,11.540166056690843,HND
AR(1),Box-Jenkins,2019,2020,1,-8.96508223267296,3.8924805040431476,12.857562736716108,HND
"ARMA(2,2)",Box-Jenkins,2019,2020,1,-8.96508223267296,3.973883230838442,12.938965463511403,HND
"ARIMA(1,1,1)",Box-Jenkins,2019,2020,1,-8.96508223267296,3.0574976510481067,12.022579883721068,HND
Ridge sobre rezagos,regularizado,2019,2020,1,-8.96508223267296,5.311568169183928,14.276650401856887,HND
Random Forest,aprendizaje,2019,2020,1,-8.96508223267296,4.022271955445263,12.987354188118225,HND
LSTM(16),red neuronal,2019,2020,1,-8.96508223267296,5.246056192631832,14.211138425304792,HND
Comb. RF/AR(1) suave,combinacion,2019,2020,1,-8.96508223267296,5.726974949312688,14.69205718198565,HND
Comb. RF/AR(1) dura,combinacion,2019,2020,1,-8.96508223267296,5.726974949312688,14.69205718198565,HND
Comb. RF/ingenuo suave,combinacion,2019,2020,1,-8.96508223267296,5.726974949312688,14.69205718198565,HND
Comb. LSTM/AR(1) suave,combinacion,2019,2020,1,-8.96508223267296,6.1275536343644745,15.092635867037435,HND
Comb. RF/AR(1) umbral min,combinacion,2019,2020,1,-8.96508223267296,5.69602525929361,14.661107491966572,HND
Ingenuo,referencia,2020,2021,1,12.5652843771279,-8.96508223267296,-21.53036660980086,HND
Deriva,referencia,2020,2021,1,12.5652843771279,-9.145228789437384,-21.710513166565285,HND
AR(1),Box-Jenkins,2020,2021,1,12.5652843771279,-5.052670274617123,-17.617954651745023,HND
"ARMA(2,2)",Box-Jenkins,2020,2021,1,12.5652843771279,-4.163633520914985,-16.728917898042887,HND
"ARIMA(1,1,1)",Box-Jenkins,2020,2021,1,12.5652843771279,-5.084267691843009,-17.64955206897091,HND
Ridge sobre rezagos,regularizado,2020,2021,1,12.5652843771279,-2.3311720313826196,-14.89645640851052,HND
Random Forest,aprendizaje,2020,2021,1,12.5652843771279,0.9541039959235483,-11.611180381204353,HND
LSTM(16),red neuronal,2020,2021,1,12.5652843771279,3.273830419334381,-9.29145395779352,HND
Comb. RF/AR(1) suave,combinacion,2020,2021,1,12.5652843771279,4.467265514454542,-8.098018862673358,HND
Comb. RF/AR(1) dura,combinacion,2020,2021,1,12.5652843771279,4.467265514454542,-8.098018862673358,HND
Comb. RF/ingenuo suave,combinacion,2020,2021,1,12.5652843771279,4.467265514454542,-8.098018862673358,HND
Comb. LSTM/AR(1) suave,combinacion,2020,2021,1,12.5652843771279,5.667806544417478,-6.897477832710423,HND
Comb. RF/AR(1) umbral min,combinacion,2020,2021,1,12.5652843771279,-5.052670274617123,-17.617954651745023,HND
Ingenuo,referencia,2021,2022,1,4.14356194013767,12.5652843771279,8.42172243699023,HND
Deriva,referencia,2021,2022,1,4.14356194013767,12.746979706472898,8.603417766335227,HND
AR(1),Box-Jenkins,2021,2022,1,4.14356194013767,10.8393538865401,6.695791946402429,HND
"ARMA(2,2)",Box-Jenkins,2021,2022,1,4.14356194013767,7.665654190692942,3.5220922505552723,HND
"ARIMA(1,1,1)",Box-Jenkins,2021,2022,1,4.14356194013767,5.2987094255290526,1.1551474853913826,HND
Ridge sobre rezagos,regularizado,2021,2022,1,4.14356194013767,8.453955515940976,4.310393575803306,HND
Random Forest,aprendizaje,2021,2022,1,4.14356194013767,7.361043598864706,3.217481658727036,HND
LSTM(16),red neuronal,2021,2022,1,4.14356194013767,5.934784969280481,1.7912230291428113,HND
Comb. RF/AR(1) suave,combinacion,2021,2022,1,4.14356194013767,8.86928168329414,4.72571974315647,HND
Comb. RF/AR(1) dura,combinacion,2021,2022,1,4.14356194013767,10.8393538865401,6.695791946402429,HND
Comb. RF/ingenuo suave,combinacion,2021,2022,1,4.14356194013767,9.836696377064351,5.693134436926681,HND
Comb. LSTM/AR(1) suave,combinacion,2021,2022,1,4.14356194013767,8.69419616025972,4.55063422012205,HND
Comb. RF/AR(1) umbral min,combinacion,2021,2022,1,4.14356194013767,10.8393538865401,6.695791946402429,HND
Ingenuo,referencia,2022,2023,1,3.57584760454412,4.14356194013767,0.5677143355935499,HND
Deriva,referencia,2022,2023,1,3.57584760454412,4.184217633968975,0.6083700294248553,HND
AR(1),Box-Jenkins,2022,2023,1,3.57584760454412,5.241710399707228,1.6658627951631075,HND
"ARMA(2,2)",Box-Jenkins,2022,2023,1,3.57584760454412,5.606075996160422,2.030228391616302,HND
"ARIMA(1,1,1)",Box-Jenkins,2022,2023,1,3.57584760454412,4.687087184436821,1.1112395798927013,HND
Ridge sobre rezagos,regularizado,2022,2023,1,3.57584760454412,3.535626820023725,-0.040220784520395014,HND
Random Forest,aprendizaje,2022,2023,1,3.57584760454412,12.030452807064881,8.45460520252076,HND
LSTM(16),red neuronal,2022,2023,1,3.57584760454412,5.887483671034087,2.3116360664899673,HND
Comb. RF/AR(1) suave,combinacion,2022,2023,1,3.57584760454412,8.894512583811771,5.318664979267651,HND
Comb. RF/AR(1) dura,combinacion,2022,2023,1,3.57584760454412,5.241710399707228,1.6658627951631075,HND
Comb. RF/ingenuo suave,combinacion,2022,2023,1,3.57584760454412,8.449703376374309,4.873855771830189,HND
Comb. LSTM/AR(1) suave,combinacion,2022,2023,1,3.57584760454412,5.62909903631345,2.05325143176933,HND
Comb. RF/AR(1) umbral min,combinacion,2022,2023,1,3.57584760454412,5.241710399707228,1.6658627951631075,HND
Ingenuo,referencia,2023,2024,1,3.63240745450875,3.57584760454412,-0.056559849964629816,HND
Deriva,referencia,2023,2024,1,3.63240745450875,3.6066908785459924,-0.02571657596275756,HND
AR(1),Box-Jenkins,2023,2024,1,3.63240745450875,4.8437538277500325,1.2113463732412826,HND
"ARMA(2,2)",Box-Jenkins,2023,2024,1,3.63240745450875,4.950651270208738,1.3182438156999878,HND
"ARIMA(1,1,1)",Box-Jenkins,2023,2024,1,3.63240745450875,4.074804938967316,0.44239748445856586,HND
Ridge sobre rezagos,regularizado,2023,2024,1,3.63240745450875,6.860471548652435,3.228064094143685,HND
Random Forest,aprendizaje,2023,2024,1,3.63240745450875,2.444682030218671,-1.187725424290079,HND
LSTM(16),red neuronal,2023,2024,1,3.63240745450875,5.847145597308807,2.214738142800057,HND
Comb. RF/AR(1) suave,combinacion,2023,2024,1,3.63240745450875,4.549690309560781,0.9172828550520307,HND
Comb. RF/AR(1) dura,combinacion,2023,2024,1,3.63240745450875,4.8437538277500325,1.2113463732412826,HND
Comb. RF/ingenuo suave,combinacion,2023,2024,1,3.63240745450875,4.07045610530285,0.43804865079410016,HND
Comb. LSTM/AR(1) suave,combinacion,2023,2024,1,3.63240745450875,5.472581368191639,1.840173913682889,HND
Comb. RF/AR(1) umbral min,combinacion,2023,2024,1,3.63240745450875,4.8437538277500325,1.2113463732412826,HND
Ingenuo,referencia,2024,2025,1,3.75143102801252,3.63240745450875,-0.11902357350377013,HND
Deriva,referencia,2024,2025,1,3.75143102801252,3.663658928129079,-0.08777209988344126,HND
AR(1),Box-Jenkins,2024,2025,1,3.75143102801252,4.856499489535828,1.1050684615233082,HND
"ARMA(2,2)",Box-Jenkins,2024,2025,1,3.75143102801252,4.702064463974346,0.950633435961826,HND
"ARIMA(1,1,1)",Box-Jenkins,2024,2025,1,3.75143102801252,3.83640524986238,0.08497422184986014,HND
Ridge sobre rezagos,regularizado,2024,2025,1,3.75143102801252,6.136250837058235,2.3848198090457147,HND
Random Forest,aprendizaje,2024,2025,1,3.75143102801252,3.573607010767617,-0.17782401724490304,HND
LSTM(16),red neuronal,2024,2025,1,3.75143102801252,5.804626611400914,2.0531955833883937,HND
Comb. RF/AR(1) suave,combinacion,2024,2025,1,3.75143102801252,4.720623637749209,0.9691926097366887,HND
Comb. RF/AR(1) dura,combinacion,2024,2025,1,3.75143102801252,4.856499489535828,1.1050684615233082,HND
Comb. RF/ingenuo suave,combinacion,2024,2025,1,3.75143102801252,4.368114826698806,0.6166837986862856,HND
Comb. LSTM/AR(1) suave,combinacion,2024,2025,1,3.75143102801252,5.536466710423902,1.7850356824113818,HND
Comb. RF/AR(1) umbral min,combinacion,2024,2025,1,3.75143102801252,4.856499489535828,1.1050684615233082,HND
Ingenuo,referencia,1990,1991,1,1.88054472396281,1.03812280198248,-0.84242192198033,HTI
Deriva,referencia,1990,1991,1,1.88054472396281,1.1750229086462833,-0.7055218153165266,HTI
AR(1),Box-Jenkins,1990,1991,1,1.88054472396281,1.80940105174174,-0.07114367222106988,HTI
"ARMA(2,2)",Box-Jenkins,1990,1991,1,1.88054472396281,0.7547615829546013,-1.1257831410082086,HTI
"ARIMA(1,1,1)",Box-Jenkins,1990,1991,1,1.88054472396281,-0.11292204667002914,-1.993466770632839,HTI
Ridge sobre rezagos,regularizado,1990,1991,1,1.88054472396281,1.2671567125085241,-0.6133880114542858,HTI
Random Forest,aprendizaje,1990,1991,1,1.88054472396281,2.5586699412858946,0.6781252173230847,HTI
LSTM(16),red neuronal,1990,1991,1,1.88054472396281,,,HTI
Comb. RF/AR(1) suave,combinacion,1990,1991,1,1.88054472396281,3.4104644021485995,1.5299196781857896,HTI
Comb. RF/AR(1) dura,combinacion,1990,1991,1,1.88054472396281,3.4104644021485995,1.5299196781857896,HTI
Comb. RF/ingenuo suave,combinacion,1990,1991,1,1.88054472396281,3.4104644021485995,1.5299196781857896,HTI
Comb. LSTM/AR(1) suave,combinacion,1990,1991,1,1.88054472396281,,,HTI
Comb. RF/AR(1) umbral min,combinacion,1990,1991,1,1.88054472396281,3.2052674514336292,1.3247227274708193,HTI
Ingenuo,referencia,1991,1992,1,-5.30993292251178,1.88054472396281,7.19047764647459,HTI
Deriva,referencia,1991,1992,1,-5.30993292251178,2.0409622244704977,7.350895146982277,HTI
AR(1),Box-Jenkins,1991,1992,1,-5.30993292251178,1.956746110356651,7.2666790328684305,HTI
"ARMA(2,2)",Box-Jenkins,1991,1992,1,-5.30993292251178,1.5951403598450151,6.905073282356795,HTI
"ARIMA(1,1,1)",Box-Jenkins,1991,1992,1,-5.30993292251178,0.7007819653926755,6.010714887904455,HTI
Ridge sobre rezagos,regularizado,1991,1992,1,-5.30993292251178,1.6517035207135473,6.961636443225327,HTI
Random Forest,aprendizaje,1991,1992,1,-5.30993292251178,2.7369881813543073,8.046921103866087,HTI
LSTM(16),red neuronal,1991,1992,1,-5.30993292251178,,,HTI
Comb. RF/AR(1) suave,combinacion,1991,1992,1,-5.30993292251178,3.017303968303914,8.327236890815694,HTI
Comb. RF/AR(1) dura,combinacion,1991,1992,1,-5.30993292251178,3.017303968303914,8.327236890815694,HTI
Comb. RF/ingenuo suave,combinacion,1991,1992,1,-5.30993292251178,3.017303968303914,8.327236890815694,HTI
Comb. LSTM/AR(1) suave,combinacion,1991,1992,1,-5.30993292251178,,,HTI
Comb. RF/AR(1) umbral min,combinacion,1991,1992,1,-5.30993292251178,3.017303968303914,8.327236890815694,HTI
Ingenuo,referencia,1992,1993,1,-5.42629599215383,-5.30993292251178,0.11636306964205012,HTI
Deriva,referencia,1992,1993,1,-5.42629599215383,-5.386641071906746,0.0396549202470835,HTI
AR(1),Box-Jenkins,1992,1993,1,-5.42629599215383,0.4989708568220358,5.925266848975865,HTI
"ARMA(2,2)",Box-Jenkins,1992,1993,1,-5.42629599215383,-0.04036803607899336,5.385927956074837,HTI
"ARIMA(1,1,1)",Box-Jenkins,1992,1993,1,-5.42629599215383,-1.704933435613143,3.721362556540687,HTI
Ridge sobre rezagos,regularizado,1992,1993,1,-5.42629599215383,0.2897756758230905,5.71607166797692,HTI
Random Forest,aprendizaje,1992,1993,1,-5.42629599215383,1.0017780539989354,6.428074046152766,HTI
LSTM(16),red neuronal,1992,1993,1,-5.42629599215383,0.906327778762506,6.332623770916336,HTI
Comb. RF/AR(1) suave,combinacion,1992,1993,1,-5.42629599215383,1.5121270309731318,6.938423023126962,HTI
Comb. RF/AR(1) dura,combinacion,1992,1993,1,-5.42629599215383,1.5121270309731318,6.938423023126962,HTI
Comb. RF/ingenuo suave,combinacion,1992,1993,1,-5.42629599215383,1.5121270309731318,6.938423023126962,HTI
Comb. LSTM/AR(1) suave,combinacion,1992,1993,1,-5.42629599215383,,,HTI
Comb. RF/AR(1) umbral min,combinacion,1992,1993,1,-5.42629599215383,0.7406626976216938,6.166958689775524,HTI
Ingenuo,referencia,1993,1994,1,-11.9506292939561,-5.42629599215383,6.52433330180227,HTI
Deriva,referencia,1993,1994,1,-11.9506292939561,-5.5042433578065175,6.446385936149582,HTI
AR(1),Box-Jenkins,1993,1994,1,-11.9506292939561,-0.36229460430076,11.58833468965534,HTI
"ARMA(2,2)",Box-Jenkins,1993,1994,1,-11.9506292939561,-2.153325860786737,9.797303433169363,HTI
"ARIMA(1,1,1)",Box-Jenkins,1993,1994,1,-11.9506292939561,-3.1052819957034794,8.84534729825262,HTI
Ridge sobre rezagos,regularizado,1993,1994,1,-11.9506292939561,-2.3406378056830377,9.609991488273062,HTI
Random Forest,aprendizaje,1993,1994,1,-11.9506292939561,0.2564198615870553,12.207049155543155,HTI
LSTM(16),red neuronal,1993,1994,1,-11.9506292939561,-2.601815660026024,9.348813633930076,HTI
Comb. RF/AR(1) suave,combinacion,1993,1994,1,-11.9506292939561,0.03783295365010583,11.988462247606206,HTI
Comb. RF/AR(1) dura,combinacion,1993,1994,1,-11.9506292939561,0.03783295365010583,11.988462247606206,HTI
Comb. RF/ingenuo suave,combinacion,1993,1994,1,-11.9506292939561,0.03783295365010583,11.988462247606206,HTI
Comb. LSTM/AR(1) suave,combinacion,1993,1994,1,-11.9506292939561,,,HTI
Comb. RF/AR(1) umbral min,combinacion,1993,1994,1,-11.9506292939561,-0.2733032627673732,11.677326031188727,HTI
Ingenuo,referencia,1994,1995,1,9.89770748815705,-11.9506292939561,-21.84833678211315,HTI
Deriva,referencia,1994,1995,1,9.89770748815705,-12.223921687976956,-22.121629176134007,HTI
AR(1),Box-Jenkins,1994,1995,1,9.89770748815705,-4.608305938858754,-14.506013427015803,HTI
"ARMA(2,2)",Box-Jenkins,1994,1995,1,9.89770748815705,-8.141458494322016,-18.039165982479066,HTI
"ARIMA(1,1,1)",Box-Jenkins,1994,1995,1,9.89770748815705,-8.068661862736302,-17.966369350893352,HTI
Ridge sobre rezagos,regularizado,1994,1995,1,9.89770748815705,-8.490912253105112,-18.38861974126216,HTI
Random Forest,aprendizaje,1994,1995,1,9.89770748815705,-5.430158166718282,-15.327865654875332,HTI
LSTM(16),red neuronal,1994,1995,1,9.89770748815705,-2.487413175820004,-12.385120663977053,HTI
Comb. RF/AR(1) suave,combinacion,1994,1995,1,9.89770748815705,-3.283242529397548,-13.180950017554597,HTI
Comb. RF/AR(1) dura,combinacion,1994,1995,1,9.89770748815705,-3.283242529397548,-13.180950017554597,HTI
Comb. RF/ingenuo suave,combinacion,1994,1995,1,9.89770748815705,-3.283242529397548,-13.180950017554597,HTI
Comb. LSTM/AR(1) suave,combinacion,1994,1995,1,9.89770748815705,,,HTI
Comb. RF/AR(1) umbral min,combinacion,1994,1995,1,9.89770748815705,-4.608305938858754,-14.506013427015803,HTI
Ingenuo,referencia,1995,1996,1,4.14077332856783,9.89770748815705,5.756934159589219,HTI
Deriva,referencia,1995,1996,1,4.14077332856783,10.275051246375428,6.134277917807598,HTI
AR(1),Box-Jenkins,1995,1996,1,4.14077332856783,2.589704451864761,-1.5510688767030691,HTI
"ARMA(2,2)",Box-Jenkins,1995,1996,1,4.14077332856783,-0.15296886959363815,-4.2937421981614685,HTI
"ARIMA(1,1,1)",Box-Jenkins,1995,1996,1,4.14077332856783,-1.7122486548159106,-5.853021983383741,HTI
Ridge sobre rezagos,regularizado,1995,1996,1,4.14077332856783,1.448029978831141,-2.692743349736689,HTI
Random Forest,aprendizaje,1995,1996,1,4.14077332856783,1.7244185105726402,-2.41635481799519,HTI
LSTM(16),red neuronal,1995,1996,1,4.14077332856783,0.5053539475068619,-3.6354193810609683,HTI
Comb. RF/AR(1) suave,combinacion,1995,1996,1,4.14077332856783,2.589704451864761,-1.5510688767030691,HTI
Comb. RF/AR(1) dura,combinacion,1995,1996,1,4.14077332856783,2.589704451864761,-1.5510688767030691,HTI
Comb. RF/ingenuo suave,combinacion,1995,1996,1,4.14077332856783,9.89770748815705,5.756934159589219,HTI
Comb. LSTM/AR(1) suave,combinacion,1995,1996,1,4.14077332856783,2.589704451864761,-1.5510688767030691,HTI
Comb. RF/AR(1) umbral min,combinacion,1995,1996,1,4.14077332856783,2.589704451864761,-1.5510688767030691,HTI
Ingenuo,referencia,1996,1997,1,2.70471393077787,4.14077332856783,1.4360593977899603,HTI
Deriva,referencia,1996,1997,1,2.70471393077787,4.342852003420277,1.6381380726424073,HTI
AR(1),Box-Jenkins,1996,1997,1,2.70471393077787,1.880054199125809,-0.8246597316520607,HTI
"ARMA(2,2)",Box-Jenkins,1996,1997,1,2.70471393077787,2.3682458764788494,-0.3364680542990204,HTI
"ARIMA(1,1,1)",Box-Jenkins,1996,1997,1,2.70471393077787,0.8856428263197347,-1.8190711044581351,HTI
Ridge sobre rezagos,regularizado,1996,1997,1,2.70471393077787,1.251449322267155,-1.4532646085107148,HTI
Random Forest,aprendizaje,1996,1997,1,2.70471393077787,-1.0944603774604078,-3.7991743082382774,HTI
LSTM(16),red neuronal,1996,1997,1,2.70471393077787,0.653212327735169,-2.0515016030427007,HTI
Comb. RF/AR(1) suave,combinacion,1996,1997,1,2.70471393077787,1.8056091162686063,-0.8991048145092635,HTI
Comb. RF/AR(1) dura,combinacion,1996,1997,1,2.70471393077787,1.880054199125809,-0.8246597316520607,HTI
Comb. RF/ingenuo suave,combinacion,1996,1997,1,2.70471393077787,3.982778632667358,1.2780647018894884,HTI
Comb. LSTM/AR(1) suave,combinacion,1996,1997,1,2.70471393077787,1.8340435661789096,-0.8706703645989602,HTI
Comb. RF/AR(1) umbral min,combinacion,1996,1997,1,2.70471393077787,1.880054199125809,-0.8246597316520607,HTI
Ingenuo,referencia,1997,1998,1,2.18184032957123,2.70471393077787,0.5228736012066397,HTI
Deriva,referencia,1997,1998,1,2.18184032957123,2.861288770279139,0.6794484407079091,HTI
AR(1),Box-Jenkins,1997,1998,1,2.18184032957123,1.6793947702585075,-0.5024455593127226,HTI
"ARMA(2,2)",Box-Jenkins,1997,1998,1,2.18184032957123,3.868069807755115,1.686229478183885,HTI
"ARIMA(1,1,1)",Box-Jenkins,1997,1998,1,2.18184032957123,1.0148266046139394,-1.1670137249572907,HTI
Ridge sobre rezagos,regularizado,1997,1998,1,2.18184032957123,-0.623593106781511,-2.8054334363527413,HTI
Random Forest,aprendizaje,1997,1998,1,2.18184032957123,1.9543388750999702,-0.2275014544712599,HTI
LSTM(16),red neuronal,1997,1998,1,2.18184032957123,1.9582763650123551,-0.22356396455887495,HTI
Comb. RF/AR(1) suave,combinacion,1997,1998,1,2.18184032957123,1.6821194877710686,-0.4997208418001615,HTI
Comb. RF/AR(1) dura,combinacion,1997,1998,1,2.18184032957123,1.6793947702585075,-0.5024455593127226,HTI
Comb. RF/ingenuo suave,combinacion,1997,1998,1,2.18184032957123,2.702219646807437,0.5203793172362068,HTI
Comb. LSTM/AR(1) suave,combinacion,1997,1998,1,2.18184032957123,1.6744748996414744,-0.5073654299297556,HTI
Comb. RF/AR(1) umbral min,combinacion,1997,1998,1,2.18184032957123,1.6793947702585075,-0.5024455593127226,HTI
Ingenuo,referencia,1998,1999,1,2.71024801048499,2.18184032957123,-0.5284076809137601,HTI
Deriva,referencia,1998,1999,1,2.71024801048499,2.320051697702015,-0.39019631278297506,HTI
AR(1),Box-Jenkins,1998,1999,1,2.71024801048499,1.6090693519091492,-1.101178658575841,HTI
"ARMA(2,2)",Box-Jenkins,1998,1999,1,2.71024801048499,1.7898353266031712,-0.920412683881819,HTI
"ARIMA(1,1,1)",Box-Jenkins,1998,1999,1,2.71024801048499,1.0986796097512155,-1.6115684007337747,HTI
Ridge sobre rezagos,regularizado,1998,1999,1,2.71024801048499,-3.686142492975164,-6.396390503460154,HTI
Random Forest,aprendizaje,1998,1999,1,2.71024801048499,1.05036479185447,-1.6598832186305201,HTI
LSTM(16),red neuronal,1998,1999,1,2.71024801048499,1.051386999564259,-1.6588610109207311,HTI
Comb. RF/AR(1) suave,combinacion,1998,1999,1,2.71024801048499,1.6090693519091492,-1.101178658575841,HTI
Comb. RF/AR(1) dura,combinacion,1998,1999,1,2.71024801048499,1.6090693519091492,-1.101178658575841,HTI
Comb. RF/ingenuo suave,combinacion,1998,1999,1,2.71024801048499,2.18184032957123,-0.5284076809137601,HTI
Comb. LSTM/AR(1) suave,combinacion,1998,1999,1,2.71024801048499,1.6090693519091492,-1.101178658575841,HTI
Comb. RF/AR(1) umbral min,combinacion,1998,1999,1,2.71024801048499,1.6090693519091492,-1.101178658575841,HTI
Ingenuo,referencia,1999,2000,1,0.870059259424892,2.71024801048499,1.840188751060098,HTI
Deriva,referencia,1999,2000,1,0.870059259424892,2.8587277026363798,1.9886684432114876,HTI
AR(1),Box-Jenkins,1999,2000,1,0.870059259424892,1.725798149165397,0.855738889740505,HTI
"ARMA(2,2)",Box-Jenkins,1999,2000,1,0.870059259424892,1.9258201462652955,1.0557608868404036,HTI
"ARIMA(1,1,1)",Box-Jenkins,1999,2000,1,0.870059259424892,1.4374060108855786,0.5673467514606866,HTI
Ridge sobre rezagos,regularizado,1999,2000,1,0.870059259424892,8.335977084215926,7.465917824791035,HTI
Random Forest,aprendizaje,1999,2000,1,0.870059259424892,3.1963666092222787,2.3263073497973865,HTI
LSTM(16),red neuronal,1999,2000,1,0.870059259424892,0.960820801106154,0.09076154168126194,HTI
Comb. RF/AR(1) suave,combinacion,1999,2000,1,0.870059259424892,1.725798149165397,0.855738889740505,HTI
Comb. RF/AR(1) dura,combinacion,1999,2000,1,0.870059259424892,1.725798149165397,0.855738889740505,HTI
Comb. RF/ingenuo suave,combinacion,1999,2000,1,0.870059259424892,2.71024801048499,1.840188751060098,HTI
Comb. LSTM/AR(1) suave,combinacion,1999,2000,1,0.870059259424892,1.725798149165397,0.855738889740505,HTI
Comb. RF/AR(1) umbral min,combinacion,1999,2000,1,0.870059259424892,1.725798149165397,0.855738889740505,HTI
Ingenuo,referencia,2000,2001,1,-0.342747883252144,0.870059259424892,1.2128071426770362,HTI
Deriva,referencia,2000,2001,1,-0.342747883252144,0.9675474530323975,1.3102953362845415,HTI
AR(1),Box-Jenkins,2000,2001,1,-0.342747883252144,1.4025938435432703,1.7453417267954143,HTI
"ARMA(2,2)",Box-Jenkins,2000,2001,1,-0.342747883252144,1.4821587759807375,1.8249066592328815,HTI
"ARIMA(1,1,1)",Box-Jenkins,2000,2001,1,-0.342747883252144,0.9796914877319892,1.3224393709841333,HTI
Ridge sobre rezagos,regularizado,2000,2001,1,-0.342747883252144,1.2771668227412358,1.6199147059933798,HTI
Random Forest,aprendizaje,2000,2001,1,-0.342747883252144,2.5578191923047715,2.9005670755569155,HTI
LSTM(16),red neuronal,2000,2001,1,-0.342747883252144,1.7919200775229687,2.1346679607751127,HTI
Comb. RF/AR(1) suave,combinacion,2000,2001,1,-0.342747883252144,1.3678595772899513,1.7106074605420953,HTI
Comb. RF/AR(1) dura,combinacion,2000,2001,1,-0.342747883252144,1.4025938435432703,1.7453417267954143,HTI
Comb. RF/ingenuo suave,combinacion,2000,2001,1,-0.342747883252144,0.910803864516696,1.25355174776884,HTI
Comb. LSTM/AR(1) suave,combinacion,2000,2001,1,-0.342747883252144,1.3863727111536743,1.7291205944058183,HTI
Comb. RF/AR(1) umbral min,combinacion,2000,2001,1,-0.342747883252144,1.4025938435432703,1.7453417267954143,HTI
Ingenuo,referencia,2001,2002,1,1.05182013450109,-0.342747883252144,-1.394568017753234,HTI
Deriva,referencia,2001,2002,1,1.05182013450109,-0.2780170730517521,-1.3298372075528422,HTI
AR(1),Box-Jenkins,2001,2002,1,1.05182013450109,1.1596869388519295,0.1078668043508395,HTI
"ARMA(2,2)",Box-Jenkins,2001,2002,1,1.05182013450109,0.15386700491701832,-0.8979531295840717,HTI
"ARIMA(1,1,1)",Box-Jenkins,2001,2002,1,1.05182013450109,0.5980073127846512,-0.4538128217164388,HTI
Ridge sobre rezagos,regularizado,2001,2002,1,1.05182013450109,3.1261441489786077,2.0743240144775177,HTI
Random Forest,aprendizaje,2001,2002,1,1.05182013450109,1.0255774657425465,-0.02624266875854353,HTI
LSTM(16),red neuronal,2001,2002,1,1.05182013450109,1.5385994585582303,0.4867793240571403,HTI
Comb. RF/AR(1) suave,combinacion,2001,2002,1,1.05182013450109,2.2364081981898436,1.1845880636887536,HTI
Comb. RF/AR(1) dura,combinacion,2001,2002,1,1.05182013450109,1.1596869388519295,0.1078668043508395,HTI
Comb. RF/ingenuo suave,combinacion,2001,2002,1,1.05182013450109,1.8417380095757092,0.7899178750746192,HTI
Comb. LSTM/AR(1) suave,combinacion,2001,2002,1,1.05182013450109,1.3828650105622868,0.3310448760611968,HTI
Comb. RF/AR(1) umbral min,combinacion,2001,2002,1,1.05182013450109,1.1596869388519295,0.1078668043508395,HTI
Ingenuo,referencia,2002,2003,1,3.48077973188326,1.05182013450109,-2.42895959738217,HTI
Deriva,referencia,2002,2003,1,3.48077973188326,1.148985998544234,-2.3317937333390257,HTI
AR(1),Box-Jenkins,2002,2003,1,3.48077973188326,1.3854324529447521,-2.0953472789385077,HTI
"ARMA(2,2)",Box-Jenkins,2002,2003,1,3.48077973188326,1.7709598286425337,-1.7098199032407262,HTI
"ARIMA(1,1,1)",Box-Jenkins,2002,2003,1,3.48077973188326,0.9604386465375876,-2.520341085345672,HTI
Ridge sobre rezagos,regularizado,2002,2003,1,3.48077973188326,1.01889696130425,-2.4618827705790096,HTI
Random Forest,aprendizaje,2002,2003,1,3.48077973188326,1.8183224296967164,-1.6624573021865434,HTI
LSTM(16),red neuronal,2002,2003,1,3.48077973188326,1.1574567590935074,-2.3233229727897524,HTI
Comb. RF/AR(1) suave,combinacion,2002,2003,1,3.48077973188326,1.2165878147365428,-2.264191917146717,HTI
Comb. RF/AR(1) dura,combinacion,2002,2003,1,3.48077973188326,1.3854324529447521,-2.0953472789385077,HTI
Comb. RF/ingenuo suave,combinacion,2002,2003,1,3.48077973188326,1.1973724251703382,-2.2834073067129217,HTI
Comb. LSTM/AR(1) suave,combinacion,2002,2003,1,3.48077973188326,0.6821290174005387,-2.7986507144827213,HTI
Comb. RF/AR(1) umbral min,combinacion,2002,2003,1,3.48077973188326,1.3854324529447521,-2.0953472789385077,HTI
Ingenuo,referencia,2003,2004,1,-1.3178567596495,3.48077973188326,4.7986364915327595,HTI
Deriva,referencia,2003,2004,1,-1.3178567596495,3.633464494339238,4.951321253988738,HTI
AR(1),Box-Jenkins,2003,2004,1,-1.3178567596495,1.8321305790358133,3.1499873386853134,HTI
"ARMA(2,2)",Box-Jenkins,2003,2004,1,-1.3178567596495,1.909907032683515,3.227763792333015,HTI
"ARIMA(1,1,1)",Box-Jenkins,2003,2004,1,-1.3178567596495,1.7763576363914888,3.094214396040989,HTI
Ridge sobre rezagos,regularizado,2003,2004,1,-1.3178567596495,2.15605487545445,3.47391163510395,HTI
Random Forest,aprendizaje,2003,2004,1,-1.3178567596495,2.7721700388020527,4.090026798451553,HTI
LSTM(16),red neuronal,2003,2004,1,-1.3178567596495,1.6784418781382247,2.9962986377877248,HTI
Comb. RF/AR(1) suave,combinacion,2003,2004,1,-1.3178567596495,-2.08852834131559,-0.7706715816660901,HTI
Comb. RF/AR(1) dura,combinacion,2003,2004,1,-1.3178567596495,-2.08852834131559,-0.7706715816660901,HTI
Comb. RF/ingenuo suave,combinacion,2003,2004,1,-1.3178567596495,-2.08852834131559,-0.7706715816660901,HTI
Comb. LSTM/AR(1) suave,combinacion,2003,2004,1,-1.3178567596495,1.5632699999697102,2.8811267596192103,HTI
Comb. RF/AR(1) umbral min,combinacion,2003,2004,1,-1.3178567596495,-1.1727354282731837,0.14512133137631644,HTI
Ingenuo,referencia,2004,2005,1,3.07217337664731,-1.3178567596495,-4.39003013629681,HTI
Deriva,referencia,2004,2005,1,3.07217337664731,-1.280319003100237,-4.352492379747547,HTI
AR(1),Box-Jenkins,2004,2005,1,3.07217337664731,0.9991568620927035,-2.0730165145546064,HTI
"ARMA(2,2)",Box-Jenkins,2004,2005,1,3.07217337664731,0.9597946436396487,-2.1123787330076613,HTI
"ARIMA(1,1,1)",Box-Jenkins,2004,2005,1,3.07217337664731,0.436857443704616,-2.635315932942694,HTI
Ridge sobre rezagos,regularizado,2004,2005,1,3.07217337664731,0.759418015611143,-2.3127553610361673,HTI
Random Forest,aprendizaje,2004,2005,1,3.07217337664731,1.1486021075121446,-1.9235712691351654,HTI
LSTM(16),red neuronal,2004,2005,1,3.07217337664731,0.9739977223026303,-2.0981756543446797,HTI
Comb. RF/AR(1) suave,combinacion,2004,2005,1,3.07217337664731,-2.38922527220076,-5.4613986488480695,HTI
Comb. RF/AR(1) dura,combinacion,2004,2005,1,3.07217337664731,-2.38922527220076,-5.4613986488480695,HTI
Comb. RF/ingenuo suave,combinacion,2004,2005,1,3.07217337664731,-2.38922527220076,-5.4613986488480695,HTI
Comb. LSTM/AR(1) suave,combinacion,2004,2005,1,3.07217337664731,0.7317763086781657,-2.3403970679691444,HTI
Comb. RF/AR(1) umbral min,combinacion,2004,2005,1,3.07217337664731,-2.3623596796346504,-5.4345330562819605,HTI
Ingenuo,referencia,2005,2006,1,1.76875060288195,3.07217337664731,1.30342277376536,HTI
Deriva,referencia,2005,2006,1,1.76875060288195,3.208631414554472,1.4398808116725221,HTI
AR(1),Box-Jenkins,2005,2006,1,1.76875060288195,1.7116668362835148,-0.05708376659843517,HTI
"ARMA(2,2)",Box-Jenkins,2005,2006,1,1.76875060288195,1.6361656225489005,-0.13258498033304944,HTI
"ARIMA(1,1,1)",Box-Jenkins,2005,2006,1,1.76875060288195,1.5996402302379504,-0.16911037264399953,HTI
Ridge sobre rezagos,regularizado,2005,2006,1,1.76875060288195,1.4268388536397292,-0.3419117492422208,HTI
Random Forest,aprendizaje,2005,2006,1,1.76875060288195,2.160092214845848,0.39134161196389794,HTI
LSTM(16),red neuronal,2005,2006,1,1.76875060288195,1.0806034790897336,-0.6881471237922163,HTI
Comb. RF/AR(1) suave,combinacion,2005,2006,1,1.76875060288195,-0.14173360771886848,-1.9104842106008184,HTI
Comb. RF/AR(1) dura,combinacion,2005,2006,1,1.76875060288195,-0.14173360771886848,-1.9104842106008184,HTI
Comb. RF/ingenuo suave,combinacion,2005,2006,1,1.76875060288195,-0.14173360771886848,-1.9104842106008184,HTI
Comb. LSTM/AR(1) suave,combinacion,2005,2006,1,1.76875060288195,1.0775370817728536,-0.6912135211090964,HTI
Comb. RF/AR(1) umbral min,combinacion,2005,2006,1,1.76875060288195,0.23605466241833553,-1.5326959404636145,HTI
Ingenuo,referencia,2006,2007,1,4.70652994008303,1.76875060288195,-2.93777933720108,HTI
Deriva,referencia,2006,2007,1,4.70652994008303,1.8732112894186115,-2.8333186506644186,HTI
AR(1),Box-Jenkins,2006,2007,1,4.70652994008303,1.521067800646938,-3.185462139436092,HTI
"ARMA(2,2)",Box-Jenkins,2006,2007,1,4.70652994008303,1.6232649619824446,-3.083264978100585,HTI
"ARIMA(1,1,1)",Box-Jenkins,2006,2007,1,4.70652994008303,1.3483818878248273,-3.3581480522582026,HTI
Ridge sobre rezagos,regularizado,2006,2007,1,4.70652994008303,1.9161487494032607,-2.790381190679769,HTI
Random Forest,aprendizaje,2006,2007,1,4.70652994008303,1.5952689764241557,-3.111260963658874,HTI
LSTM(16),red neuronal,2006,2007,1,4.70652994008303,1.3555141536387338,-3.3510157864442958,HTI
Comb. RF/AR(1) suave,combinacion,2006,2007,1,4.70652994008303,1.5434624235405952,-3.1630675165424345,HTI
Comb. RF/AR(1) dura,combinacion,2006,2007,1,4.70652994008303,1.5434624235405952,-3.1630675165424345,HTI
Comb. RF/ingenuo suave,combinacion,2006,2007,1,4.70652994008303,1.5434624235405952,-3.1630675165424345,HTI
Comb. LSTM/AR(1) suave,combinacion,2006,2007,1,4.70652994008303,1.330842938925054,-3.375687001157976,HTI
Comb. RF/AR(1) umbral min,combinacion,2006,2007,1,4.70652994008303,1.54035436076872,-3.16617557931431,HTI
Ingenuo,referencia,2007,2008,1,2.6580323082747,4.70652994008303,2.04849763180833,HTI
Deriva,referencia,2007,2008,1,2.6580323082747,4.872584510329787,2.214552202055087,HTI
AR(1),Box-Jenkins,2007,2008,1,2.6580323082747,2.028917946729919,-0.6291143615447807,HTI
"ARMA(2,2)",Box-Jenkins,2007,2008,1,2.6580323082747,2.2736980828704603,-0.38433422540423967,HTI
"ARIMA(1,1,1)",Box-Jenkins,2007,2008,1,2.6580323082747,2.3183004892878745,-0.3397318189868255,HTI
Ridge sobre rezagos,regularizado,2007,2008,1,2.6580323082747,2.2252228088830246,-0.43280949939167535,HTI
Random Forest,aprendizaje,2007,2008,1,2.6580323082747,2.96264100828723,0.30460870001253015,HTI
LSTM(16),red neuronal,2007,2008,1,2.6580323082747,2.1477861286390247,-0.5102461796356752,HTI
Comb. RF/AR(1) suave,combinacion,2007,2008,1,2.6580323082747,3.2299416171042106,0.5719093088295106,HTI
Comb. RF/AR(1) dura,combinacion,2007,2008,1,2.6580323082747,3.2299416171042106,0.5719093088295106,HTI
Comb. RF/ingenuo suave,combinacion,2007,2008,1,2.6580323082747,3.2299416171042106,0.5719093088295106,HTI
Comb. LSTM/AR(1) suave,combinacion,2007,2008,1,2.6580323082747,1.7853142225750893,-0.8727180856996106,HTI
Comb. RF/AR(1) umbral min,combinacion,2007,2008,1,2.6580323082747,3.197141601301751,0.5391092930270509,HTI
Ingenuo,referencia,2008,2009,1,5.89037894844316,2.6580323082747,-3.2323466401684597,HTI
Deriva,referencia,2008,2009,1,5.89037894844316,2.7769687465628388,-3.113410201880321,HTI
AR(1),Box-Jenkins,2008,2009,1,5.89037894844316,1.7402045341424346,-4.150174414300725,HTI
"ARMA(2,2)",Box-Jenkins,2008,2009,1,5.89037894844316,2.0887709996721044,-3.8016079487710552,HTI
"ARIMA(1,1,1)",Box-Jenkins,2008,2009,1,5.89037894844316,1.8460812153743262,-4.0442977330688334,HTI
Ridge sobre rezagos,regularizado,2008,2009,1,5.89037894844316,1.775969496981424,-4.114409451461736,HTI
Random Forest,aprendizaje,2008,2009,1,5.89037894844316,2.8628894496497224,-3.0274894987934373,HTI
LSTM(16),red neuronal,2008,2009,1,5.89037894844316,2.1178224219983885,-3.772556526444771,HTI
Comb. RF/AR(1) suave,combinacion,2008,2009,1,5.89037894844316,0.8791698506292456,-5.011209097813914,HTI
Comb. RF/AR(1) dura,combinacion,2008,2009,1,5.89037894844316,0.8791698506292456,-5.011209097813914,HTI
Comb. RF/ingenuo suave,combinacion,2008,2009,1,5.89037894844316,0.8791698506292456,-5.011209097813914,HTI
Comb. LSTM/AR(1) suave,combinacion,2008,2009,1,5.89037894844316,1.8249062265399034,-4.065472721903256,HTI
Comb. RF/AR(1) umbral min,combinacion,2008,2009,1,5.89037894844316,0.8945350896800651,-4.995843858763094,HTI
Ingenuo,referencia,2009,2010,1,-5.65151153448299,5.89037894844316,11.54189048292615,HTI
Deriva,referencia,2009,2010,1,-5.65151153448299,6.074178099270472,11.725689633753461,HTI
AR(1),Box-Jenkins,2009,2010,1,-5.65151153448299,2.345561745840312,7.997073280323302,HTI
"ARMA(2,2)",Box-Jenkins,2009,2010,1,-5.65151153448299,2.7919054275983273,8.443416962081317,HTI
"ARIMA(1,1,1)",Box-Jenkins,2009,2010,1,-5.65151153448299,2.730805173764028,8.382316708247018,HTI
Ridge sobre rezagos,regularizado,2009,2010,1,-5.65151153448299,3.1548572938950112,8.806368828378002,HTI
Random Forest,aprendizaje,2009,2010,1,-5.65151153448299,3.1515349760196076,8.803046510502597,HTI
LSTM(16),red neuronal,2009,2010,1,-5.65151153448299,4.44207742923869,10.093588963721679,HTI
Comb. RF/AR(1) suave,combinacion,2009,2010,1,-5.65151153448299,4.313659381073938,9.965170915556929,HTI
Comb. RF/AR(1) dura,combinacion,2009,2010,1,-5.65151153448299,4.313659381073938,9.965170915556929,HTI
Comb. RF/ingenuo suave,combinacion,2009,2010,1,-5.65151153448299,4.313659381073938,9.965170915556929,HTI
Comb. LSTM/AR(1) suave,combinacion,2009,2010,1,-5.65151153448299,4.646377438566432,10.297888973049421,HTI
Comb. RF/AR(1) umbral min,combinacion,2009,2010,1,-5.65151153448299,4.313659381073938,9.965170915556929,HTI
Ingenuo,referencia,2010,2011,1,5.09821354410036,-5.65151153448299,-10.74972507858335,HTI
Deriva,referencia,2010,2011,1,5.09821354410036,-5.707012172099626,-10.805225716199985,HTI
AR(1),Box-Jenkins,2010,2011,1,5.09821354410036,0.6723577431581945,-4.425855800942165,HTI
"ARMA(2,2)",Box-Jenkins,2010,2011,1,5.09821354410036,0.8657348973201788,-4.232478646780181,HTI
"ARIMA(1,1,1)",Box-Jenkins,2010,2011,1,5.09821354410036,0.04512334295095233,-5.053090201149407,HTI
Ridge sobre rezagos,regularizado,2010,2011,1,5.09821354410036,0.7676693582883453,-4.330544185812014,HTI
Random Forest,aprendizaje,2010,2011,1,5.09821354410036,-1.3589576262533356,-6.457171170353695,HTI
LSTM(16),red neuronal,2010,2011,1,5.09821354410036,1.2698651255727704,-3.8283484185275896,HTI
Comb. RF/AR(1) suave,combinacion,2010,2011,1,5.09821354410036,-0.9897957835411776,-6.0880093276415375,HTI
Comb. RF/AR(1) dura,combinacion,2010,2011,1,5.09821354410036,-0.9897957835411776,-6.0880093276415375,HTI
Comb. RF/ingenuo suave,combinacion,2010,2011,1,5.09821354410036,-0.9897957835411776,-6.0880093276415375,HTI
Comb. LSTM/AR(1) suave,combinacion,2010,2011,1,5.09821354410036,1.3561813329259709,-3.742032211174389,HTI
Comb. RF/AR(1) umbral min,combinacion,2010,2011,1,5.09821354410036,0.6723577431581945,-4.425855800942165,HTI
Ingenuo,referencia,2011,2012,1,0.502424403581585,5.09821354410036,4.595789140518775,HTI
Deriva,referencia,2011,2012,1,0.502424403581585,5.258817420807723,4.756393017226138,HTI
AR(1),Box-Jenkins,2011,2012,1,0.502424403581585,1.8535684722928978,1.3511440687113128,HTI
"ARMA(2,2)",Box-Jenkins,2011,2012,1,0.502424403581585,1.3561584980879624,0.8537340945063774,HTI
"ARIMA(1,1,1)",Box-Jenkins,2011,2012,1,0.502424403581585,2.1236529312942776,1.6212285277126925,HTI
Ridge sobre rezagos,regularizado,2011,2012,1,0.502424403581585,0.9798426177849818,0.4774182142033968,HTI
Random Forest,aprendizaje,2011,2012,1,0.502424403581585,1.946174721677711,1.443750318096126,HTI
LSTM(16),red neuronal,2011,2012,1,0.502424403581585,1.9145589851976483,1.4121345816160633,HTI
Comb. RF/AR(1) suave,combinacion,2011,2012,1,0.502424403581585,2.102781868353067,1.600357464771482,HTI
Comb. RF/AR(1) dura,combinacion,2011,2012,1,0.502424403581585,2.102781868353067,1.600357464771482,HTI
Comb. RF/ingenuo suave,combinacion,2011,2012,1,0.502424403581585,2.102781868353067,1.600357464771482,HTI
Comb. LSTM/AR(1) suave,combinacion,2011,2012,1,0.502424403581585,1.6559186692714722,1.1534942656898872,HTI
Comb. RF/AR(1) umbral min,combinacion,2011,2012,1,0.502424403581585,1.8535684722928978,1.3511440687113128,HTI
Ingenuo,referencia,2012,2013,1,4.32478411472874,0.502424403581585,-3.8223597111471546,HTI
Deriva,referencia,2012,2013,1,4.32478411472874,0.569765672108044,-3.7550184426206954,HTI
AR(1),Box-Jenkins,2012,2013,1,4.32478411472874,1.4773118716097955,-2.8474722431189443,HTI
"ARMA(2,2)",Box-Jenkins,2012,2013,1,4.32478411472874,2.7524077789093306,-1.572376335819409,HTI
"ARIMA(1,1,1)",Box-Jenkins,2012,2013,1,4.32478411472874,1.4073739948880806,-2.917410119840659,HTI
Ridge sobre rezagos,regularizado,2012,2013,1,4.32478411472874,2.9792029781247322,-1.3455811366040074,HTI
Random Forest,aprendizaje,2012,2013,1,4.32478411472874,3.435520480130333,-0.8892636345984064,HTI
LSTM(16),red neuronal,2012,2013,1,4.32478411472874,1.6637980555255267,-2.660986059203213,HTI
Comb. RF/AR(1) suave,combinacion,2012,2013,1,4.32478411472874,3.417586667132279,-0.9071974475964604,HTI
Comb. RF/AR(1) dura,combinacion,2012,2013,1,4.32478411472874,3.417586667132279,-0.9071974475964604,HTI
Comb. RF/ingenuo suave,combinacion,2012,2013,1,4.32478411472874,3.417586667132279,-0.9071974475964604,HTI
Comb. LSTM/AR(1) suave,combinacion,2012,2013,1,4.32478411472874,1.5681018141658125,-2.756682300562927,HTI
Comb. RF/AR(1) umbral min,combinacion,2012,2013,1,4.32478411472874,1.4773118716097955,-2.8474722431189443,HTI
Ingenuo,referencia,2013,2014,1,2.88877250863379,4.32478411472874,1.4360116060949495,HTI
Deriva,referencia,2013,2014,1,2.88877250863379,4.46433727638252,1.5755647677487299,HTI
AR(1),Box-Jenkins,2013,2014,1,2.88877250863379,1.796682268823914,-1.0920902398098762,HTI
"ARMA(2,2)",Box-Jenkins,2013,2014,1,2.88877250863379,0.1342649708066932,-2.754507537827097,HTI
"ARIMA(1,1,1)",Box-Jenkins,2013,2014,1,2.88877250863379,2.000628085873152,-0.8881444227606381,HTI
Ridge sobre rezagos,regularizado,2013,2014,1,2.88877250863379,1.202685094330965,-1.686087414302825,HTI
Random Forest,aprendizaje,2013,2014,1,2.88877250863379,1.6345958464415589,-1.2541766621922312,HTI
LSTM(16),red neuronal,2013,2014,1,2.88877250863379,2.0191916257879297,-0.8695808828458604,HTI
Comb. RF/AR(1) suave,combinacion,2013,2014,1,2.88877250863379,3.017438264291995,0.1286657556582047,HTI
Comb. RF/AR(1) dura,combinacion,2013,2014,1,2.88877250863379,3.017438264291995,0.1286657556582047,HTI
Comb. RF/ingenuo suave,combinacion,2013,2014,1,2.88877250863379,3.017438264291995,0.1286657556582047,HTI
Comb. LSTM/AR(1) suave,combinacion,2013,2014,1,2.88877250863379,1.7113098263710809,-1.1774626822627092,HTI
Comb. RF/AR(1) umbral min,combinacion,2013,2014,1,2.88877250863379,1.796682268823914,-1.0920902398098762,HTI
Ingenuo,referencia,2014,2015,1,1.40000000859727,2.88877250863379,1.4887725000365202,HTI
Deriva,referencia,2014,2015,1,1.40000000859727,2.9985980331602358,1.5985980245629658,HTI
AR(1),Box-Jenkins,2014,2015,1,1.40000000859727,1.7238921471719173,0.3238921385746474,HTI
"ARMA(2,2)",Box-Jenkins,2014,2015,1,1.40000000859727,1.4787295332967194,0.0787295246994495,HTI
"ARIMA(1,1,1)",Box-Jenkins,2014,2015,1,1.40000000859727,1.8211029900993108,0.42110298150204084,HTI
Ridge sobre rezagos,regularizado,2014,2015,1,1.40000000859727,2.057857889325171,0.6578578807279012,HTI
Random Forest,aprendizaje,2014,2015,1,1.40000000859727,1.9884744241008767,0.5884744155036068,HTI
LSTM(16),red neuronal,2014,2015,1,1.40000000859727,1.8802701895347051,0.48027018093743523,HTI
Comb. RF/AR(1) suave,combinacion,2014,2015,1,1.40000000859727,1.9365444552260416,0.5365444466287717,HTI
Comb. RF/AR(1) dura,combinacion,2014,2015,1,1.40000000859727,1.9365444552260416,0.5365444466287717,HTI
Comb. RF/ingenuo suave,combinacion,2014,2015,1,1.40000000859727,1.9365444552260416,0.5365444466287717,HTI
Comb. LSTM/AR(1) suave,combinacion,2014,2015,1,1.40000000859727,1.8104974638609677,0.41049745526369774,HTI
Comb. RF/AR(1) umbral min,combinacion,2014,2015,1,1.40000000859727,1.7238921471719173,0.3238921385746474,HTI
Ingenuo,referencia,2015,2016,1,1.81246807847532,1.40000000859727,-0.41246806987805007,HTI
Deriva,referencia,2015,2016,1,1.81246807847532,1.480221866002179,-0.3322462124731409,HTI
AR(1),Box-Jenkins,2015,2016,1,1.81246807847532,1.6108129352143403,-0.20165514326097966,HTI
"ARMA(2,2)",Box-Jenkins,2015,2016,1,1.81246807847532,1.8361606659485634,0.02369258747324343,HTI
"ARIMA(1,1,1)",Box-Jenkins,2015,2016,1,1.81246807847532,1.6008865970937358,-0.21158148138158417,HTI
Ridge sobre rezagos,regularizado,2015,2016,1,1.81246807847532,2.0376239572045436,0.2251558787292236,HTI
Random Forest,aprendizaje,2015,2016,1,1.81246807847532,1.1702210429784452,-0.6422470354968748,HTI
LSTM(16),red neuronal,2015,2016,1,1.81246807847532,1.8192242864134103,0.006756207938090286,HTI
Comb. RF/AR(1) suave,combinacion,2015,2016,1,1.81246807847532,1.6303264448578687,-0.18214163361745128,HTI
Comb. RF/AR(1) dura,combinacion,2015,2016,1,1.81246807847532,1.6108129352143403,-0.20165514326097966,HTI
Comb. RF/ingenuo suave,combinacion,2015,2016,1,1.81246807847532,1.6286952831585202,-0.1837727953167998,HTI
Comb. LSTM/AR(1) suave,combinacion,2015,2016,1,1.81246807847532,1.7727131167568617,-0.03975496171845827,HTI
Comb. RF/AR(1) umbral min,combinacion,2015,2016,1,1.81246807847532,1.6108129352143403,-0.20165514326097966,HTI
Ingenuo,referencia,2016,2017,1,2.51027134544685,1.81246807847532,-0.6978032669715302,HTI
Deriva,referencia,2016,2017,1,2.51027134544685,1.8987307761070134,-0.6115405693398368,HTI
AR(1),Box-Jenkins,2016,2017,1,2.51027134544685,1.6439496894177883,-0.8663216560290619,HTI
"ARMA(2,2)",Box-Jenkins,2016,2017,1,2.51027134544685,-0.1309002249986415,-2.6411715704454917,HTI
"ARIMA(1,1,1)",Box-Jenkins,2016,2017,1,2.51027134544685,1.6633112641754537,-0.8469600812713964,HTI
Ridge sobre rezagos,regularizado,2016,2017,1,2.51027134544685,1.4178729179020666,-1.0923984275447836,HTI
Random Forest,aprendizaje,2016,2017,1,2.51027134544685,1.8887921761777156,-0.6214791692691346,HTI
LSTM(16),red neuronal,2016,2017,1,2.51027134544685,1.818039183829403,-0.6922321616174472,HTI
Comb. RF/AR(1) suave,combinacion,2016,2017,1,2.51027134544685,1.2584479359856182,-1.251823409461232,HTI
Comb. RF/AR(1) dura,combinacion,2016,2017,1,2.51027134544685,1.6439496894177883,-0.8663216560290619,HTI
Comb. RF/ingenuo suave,combinacion,2016,2017,1,2.51027134544685,1.2669042429601347,-1.2433671024867154,HTI
Comb. LSTM/AR(1) suave,combinacion,2016,2017,1,2.51027134544685,1.32269373406058,-1.1875776113862702,HTI
Comb. RF/AR(1) umbral min,combinacion,2016,2017,1,2.51027134544685,1.6439496894177883,-0.8663216560290619,HTI
Ingenuo,referencia,2017,2018,1,1.66781095484656,2.51027134544685,0.8424603906002901,HTI
Deriva,referencia,2017,2018,1,1.66781095484656,2.6074544103881836,0.9396434555416235,HTI
AR(1),Box-Jenkins,2017,2018,1,1.66781095484656,1.7095296343998507,0.04171867955329067,HTI
"ARMA(2,2)",Box-Jenkins,2017,2018,1,1.66781095484656,2.1849075761077135,0.5170966212611534,HTI
"ARIMA(1,1,1)",Box-Jenkins,2017,2018,1,1.66781095484656,1.7778080315609284,0.10999707671436831,HTI
Ridge sobre rezagos,regularizado,2017,2018,1,1.66781095484656,2.24053130001856,0.572720345172,HTI
Random Forest,aprendizaje,2017,2018,1,1.66781095484656,1.1458060833526693,-0.5220048714938907,HTI
LSTM(16),red neuronal,2017,2018,1,1.66781095484656,1.3257625394972927,-0.34204841534926733,HTI
Comb. RF/AR(1) suave,combinacion,2017,2018,1,1.66781095484656,1.131698921222757,-0.536112033623803,HTI
Comb. RF/AR(1) dura,combinacion,2017,2018,1,1.66781095484656,1.7095296343998507,0.04171867955329067,HTI
Comb. RF/ingenuo suave,combinacion,2017,2018,1,1.66781095484656,1.19609957534422,-0.47171137950234,HTI
Comb. LSTM/AR(1) suave,combinacion,2017,2018,1,1.66781095484656,1.8109491738317998,0.1431382189852397,HTI
Comb. RF/AR(1) umbral min,combinacion,2017,2018,1,1.66781095484656,1.7095296343998507,0.04171867955329067,HTI
Ingenuo,referencia,2018,2019,1,-1.72309699839232,1.66781095484656,3.39090795323888,HTI
Deriva,referencia,2018,2019,1,-1.72309699839232,1.7485090468836544,3.4716060452759745,HTI
AR(1),Box-Jenkins,2018,2019,1,-1.72309699839232,1.6483824738303843,3.3714794722227044,HTI
"ARMA(2,2)",Box-Jenkins,2018,2019,1,-1.72309699839232,2.714084475301034,4.437181473693354,HTI
"ARIMA(1,1,1)",Box-Jenkins,2018,2019,1,-1.72309699839232,1.6559854933099858,3.379082491702306,HTI
Ridge sobre rezagos,regularizado,2018,2019,1,-1.72309699839232,1.9097844157770782,3.632881414169398,HTI
Random Forest,aprendizaje,2018,2019,1,-1.72309699839232,0.9291871216051122,2.6522841199974323,HTI
LSTM(16),red neuronal,2018,2019,1,-1.72309699839232,2.0258834178855962,3.748980416277916,HTI
Comb. RF/AR(1) suave,combinacion,2018,2019,1,-1.72309699839232,1.8110785396463178,3.534175538038638,HTI
Comb. RF/AR(1) dura,combinacion,2018,2019,1,-1.72309699839232,1.8110785396463178,3.534175538038638,HTI
Comb. RF/ingenuo suave,combinacion,2018,2019,1,-1.72309699839232,1.8110785396463178,3.534175538038638,HTI
Comb. LSTM/AR(1) suave,combinacion,2018,2019,1,-1.72309699839232,1.9430717838954745,3.6661687822877944,HTI
Comb. RF/AR(1) umbral min,combinacion,2018,2019,1,-1.72309699839232,1.6483824738303843,3.3714794722227044,HTI
Ingenuo,referencia,2019,2020,1,-3.30550546965893,-1.72309699839232,1.5824084712666102,HTI
Deriva,referencia,2019,2020,1,-3.30550546965893,-1.7022541829979148,1.6032512866610154,HTI
AR(1),Box-Jenkins,2019,2020,1,-3.30550546965893,1.3486080499685607,4.654113519627491,HTI
"ARMA(2,2)",Box-Jenkins,2019,2020,1,-3.30550546965893,0.9796663654228279,4.2851718350817585,HTI
"ARIMA(1,1,1)",Box-Jenkins,2019,2020,1,-3.30550546965893,1.117105381806939,4.422610851465869,HTI
Ridge sobre rezagos,regularizado,2019,2020,1,-3.30550546965893,1.196828713232927,4.5023341828918575,HTI
Random Forest,aprendizaje,2019,2020,1,-3.30550546965893,0.6213493356738754,3.9268548053328054,HTI
LSTM(16),red neuronal,2019,2020,1,-3.30550546965893,1.4161200282166257,4.721625497875555,HTI
Comb. RF/AR(1) suave,combinacion,2019,2020,1,-3.30550546965893,1.5146490104176962,4.820154480076626,HTI
Comb. RF/AR(1) dura,combinacion,2019,2020,1,-3.30550546965893,1.5146490104176962,4.820154480076626,HTI
Comb. RF/ingenuo suave,combinacion,2019,2020,1,-3.30550546965893,1.5146490104176962,4.820154480076626,HTI
Comb. LSTM/AR(1) suave,combinacion,2019,2020,1,-3.30550546965893,1.396319639025026,4.701825108683956,HTI
Comb. RF/AR(1) umbral min,combinacion,2019,2020,1,-3.30550546965893,1.4738433953578116,4.7793488650167415,HTI
Ingenuo,referencia,2020,2021,1,-1.79823988931486,-3.30550546965893,-1.5072655803440702,HTI
Deriva,referencia,2020,2021,1,-1.79823988931486,-3.311836404885898,-1.5135965155710382,HTI
AR(1),Box-Jenkins,2020,2021,1,-1.79823988931486,1.0747174013532736,2.8729572906681335,HTI
"ARMA(2,2)",Box-Jenkins,2020,2021,1,-1.79823988931486,0.307456587928419,2.1056964772432787,HTI
"ARIMA(1,1,1)",Box-Jenkins,2020,2021,1,-1.79823988931486,0.7341363264082057,2.5323762157230654,HTI
Ridge sobre rezagos,regularizado,2020,2021,1,-1.79823988931486,0.3869147605727141,2.185154649887574,HTI
Random Forest,aprendizaje,2020,2021,1,-1.79823988931486,0.22727943702743236,2.0255193263422924,HTI
LSTM(16),red neuronal,2020,2021,1,-1.79823988931486,0.4144359955825534,2.212675884897413,HTI
Comb. RF/AR(1) suave,combinacion,2020,2021,1,-1.79823988931486,0.6032532711308294,2.401493160445689,HTI
Comb. RF/AR(1) dura,combinacion,2020,2021,1,-1.79823988931486,0.6032532711308294,2.401493160445689,HTI
Comb. RF/ingenuo suave,combinacion,2020,2021,1,-1.79823988931486,0.6032532711308294,2.401493160445689,HTI
Comb. LSTM/AR(1) suave,combinacion,2020,2021,1,-1.79823988931486,0.16808490915167185,1.9663247984665317,HTI
Comb. RF/AR(1) umbral min,combinacion,2020,2021,1,-1.79823988931486,0.6032532711308294,2.401493160445689,HTI
Ingenuo,referencia,2021,2022,1,-1.68198396897978,-1.79823988931486,-0.11625592033507992,HTI
Deriva,referencia,2021,2022,1,-1.68198396897978,-1.7793442159489772,-0.0973602469691972,HTI
AR(1),Box-Jenkins,2021,2022,1,-1.68198396897978,1.1113995821634783,2.7933835511432585,HTI
"ARMA(2,2)",Box-Jenkins,2021,2022,1,-1.68198396897978,2.0390237459539553,3.7210077149337355,HTI
"ARIMA(1,1,1)",Box-Jenkins,2021,2022,1,-1.68198396897978,0.8859908695123537,2.567974838492134,HTI
Ridge sobre rezagos,regularizado,2021,2022,1,-1.68198396897978,0.5365856834443621,2.218569652424142,HTI
Random Forest,aprendizaje,2021,2022,1,-1.68198396897978,-0.4371961649764575,1.2447878040033225,HTI
LSTM(16),red neuronal,2021,2022,1,-1.68198396897978,0.2737798735446617,1.9557638425244417,HTI
Comb. RF/AR(1) suave,combinacion,2021,2022,1,-1.68198396897978,-0.6491619435046213,1.0328220254751588,HTI
Comb. RF/AR(1) dura,combinacion,2021,2022,1,-1.68198396897978,-0.6491619435046213,1.0328220254751588,HTI
Comb. RF/ingenuo suave,combinacion,2021,2022,1,-1.68198396897978,-0.6491619435046213,1.0328220254751588,HTI
Comb. LSTM/AR(1) suave,combinacion,2021,2022,1,-1.68198396897978,0.08242157411358542,1.7644055430933654,HTI
Comb. RF/AR(1) umbral min,combinacion,2021,2022,1,-1.68198396897978,-0.6491619435046213,1.0328220254751588,HTI
Ingenuo,referencia,2022,2023,1,-1.86388420254838,-1.68198396897978,0.18190023356859997,HTI
Deriva,referencia,2022,2023,1,-1.86388420254838,-1.6614922259914515,0.20239197655692842,HTI
AR(1),Box-Jenkins,2022,2023,1,-1.86388420254838,1.0479567397227438,2.911840942271124,HTI
"ARMA(2,2)",Box-Jenkins,2022,2023,1,-1.86388420254838,1.132119057459359,2.996003260007739,HTI
"ARIMA(1,1,1)",Box-Jenkins,2022,2023,1,-1.86388420254838,0.7782347847913549,2.642118987339735,HTI
Ridge sobre rezagos,regularizado,2022,2023,1,-1.86388420254838,0.5373455485111078,2.4012297510594878,HTI
Random Forest,aprendizaje,2022,2023,1,-1.86388420254838,-0.5204969116027642,1.3433872909456157,HTI
LSTM(16),red neuronal,2022,2023,1,-1.86388420254838,0.21589218522545361,2.0797763877738333,HTI
Comb. RF/AR(1) suave,combinacion,2022,2023,1,-1.86388420254838,0.22432420148404153,2.0882084040324216,HTI
Comb. RF/AR(1) dura,combinacion,2022,2023,1,-1.86388420254838,0.22432420148404153,2.0882084040324216,HTI
Comb. RF/ingenuo suave,combinacion,2022,2023,1,-1.86388420254838,0.22432420148404153,2.0882084040324216,HTI
Comb. LSTM/AR(1) suave,combinacion,2022,2023,1,-1.86388420254838,-0.0005622763255608287,1.8633219262228191,HTI
Comb. RF/AR(1) umbral min,combinacion,2022,2023,1,-1.86388420254838,0.32361877251539556,2.1875029750637753,HTI
Ingenuo,referencia,2023,2024,1,-4.18495104762965,-1.86388420254838,2.3210668450812704,HTI
Deriva,referencia,2023,2024,1,-4.18495104762965,-1.8466568462787116,2.338294201350939,HTI
AR(1),Box-Jenkins,2023,2024,1,-4.18495104762965,0.9501286970668184,5.135079744696469,HTI
"ARMA(2,2)",Box-Jenkins,2023,2024,1,-4.18495104762965,0.5288876293522469,4.713838676981897,HTI
"ARIMA(1,1,1)",Box-Jenkins,2023,2024,1,-4.18495104762965,0.509087023214374,4.694038070844025,HTI
Ridge sobre rezagos,regularizado,2023,2024,1,-4.18495104762965,-0.0882046164900454,4.096746431139605,HTI
Random Forest,aprendizaje,2023,2024,1,-4.18495104762965,-1.8600972180864157,2.3248538295432346,HTI
LSTM(16),red neuronal,2023,2024,1,-4.18495104762965,0.16884565263802576,4.353796700267676,HTI
Comb. RF/AR(1) suave,combinacion,2023,2024,1,-4.18495104762965,-0.9577976593928785,3.227153388236772,HTI
Comb. RF/AR(1) dura,combinacion,2023,2024,1,-4.18495104762965,-0.9577976593928785,3.227153388236772,HTI
Comb. RF/ingenuo suave,combinacion,2023,2024,1,-4.18495104762965,-0.9577976593928785,3.227153388236772,HTI
Comb. LSTM/AR(1) suave,combinacion,2023,2024,1,-4.18495104762965,-0.8092831495423414,3.375667898087309,HTI
Comb. RF/AR(1) umbral min,combinacion,2023,2024,1,-4.18495104762965,-0.6017693916483029,3.583181655981347,HTI
Ingenuo,referencia,2024,2025,1,-2.71291075761471,-4.18495104762965,-1.4720402900149403,HTI
Deriva,referencia,2024,2025,1,-2.71291075761471,-4.2048394723338065,-1.4919287147190965,HTI
AR(1),Box-Jenkins,2024,2025,1,-2.71291075761471,0.4895674271573808,3.2024781847720907,HTI
"ARMA(2,2)",Box-Jenkins,2024,2025,1,-2.71291075761471,-0.3276714289937911,2.385239328620919,HTI
"ARIMA(1,1,1)",Box-Jenkins,2024,2025,1,-2.71291075761471,-1.5038103259171889,1.2091004316975211,HTI
Ridge sobre rezagos,regularizado,2024,2025,1,-2.71291075761471,-0.7320511013883224,1.9808596562263876,HTI
Random Forest,aprendizaje,2024,2025,1,-2.71291075761471,-3.1290767452117763,-0.41616598759706624,HTI
LSTM(16),red neuronal,2024,2025,1,-2.71291075761471,-0.6731882088636483,2.0397225487510617,HTI
Comb. RF/AR(1) suave,combinacion,2024,2025,1,-2.71291075761471,-2.9561316725241507,-0.24322091490944064,HTI
Comb. RF/AR(1) dura,combinacion,2024,2025,1,-2.71291075761471,-2.9561316725241507,-0.24322091490944064,HTI
Comb. RF/ingenuo suave,combinacion,2024,2025,1,-2.71291075761471,-2.9561316725241507,-0.24322091490944064,HTI
Comb. LSTM/AR(1) suave,combinacion,2024,2025,1,-2.71291075761471,-0.9585019846530276,1.7544087729616824,HTI
Comb. RF/AR(1) umbral min,combinacion,2024,2025,1,-2.71291075761471,-2.166503530455649,0.5464072271590612,HTI
Ingenuo,referencia,1990,1991,1,3.97590497138043,5.25004329944582,1.2741383280653897,MEX
Deriva,referencia,1990,1991,1,3.97590497138043,5.258665482160397,1.2827605107799664,MEX
AR(1),Box-Jenkins,1990,1991,1,3.97590497138043,5.181785852468711,1.205880881088281,MEX
"ARMA(2,2)",Box-Jenkins,1990,1991,1,3.97590497138043,4.344957815003615,0.3690528436231846,MEX
"ARIMA(1,1,1)",Box-Jenkins,1990,1991,1,3.97590497138043,3.9019334309365292,-0.07397154044390097,MEX
Ridge sobre rezagos,regularizado,1990,1991,1,3.97590497138043,1.62501415922463,-2.3508908121558,MEX
Random Forest,aprendizaje,1990,1991,1,3.97590497138043,4.867122571221239,0.8912175998408092,MEX
LSTM(16),red neuronal,1990,1991,1,3.97590497138043,,,MEX
Comb. RF/AR(1) suave,combinacion,1990,1991,1,3.97590497138043,5.058091458199295,1.0821864868188644,MEX
Comb. RF/AR(1) dura,combinacion,1990,1991,1,3.97590497138043,5.058091458199295,1.0821864868188644,MEX
Comb. RF/ingenuo suave,combinacion,1990,1991,1,3.97590497138043,5.058091458199295,1.0821864868188644,MEX
Comb. LSTM/AR(1) suave,combinacion,1990,1991,1,3.97590497138043,,,MEX
Comb. RF/AR(1) umbral min,combinacion,1990,1991,1,3.97590497138043,5.152449499203141,1.1765445278227107,MEX
Ingenuo,referencia,1991,1992,1,3.56861354412243,3.97590497138043,0.4072914272580004,MEX
Deriva,referencia,1991,1992,1,3.56861354412243,3.9417684704023417,0.37315492627991187,MEX
AR(1),Box-Jenkins,1991,1992,1,3.56861354412243,4.534177564596943,0.9655640204745133,MEX
"ARMA(2,2)",Box-Jenkins,1991,1992,1,3.56861354412243,5.28344982254055,1.7148362784181206,MEX
"ARIMA(1,1,1)",Box-Jenkins,1991,1992,1,3.56861354412243,3.503728637845001,-0.06488490627742882,MEX
Ridge sobre rezagos,regularizado,1991,1992,1,3.56861354412243,2.4848274634318894,-1.0837860806905404,MEX
Random Forest,aprendizaje,1991,1992,1,3.56861354412243,4.813419427754253,1.2448058836318232,MEX
LSTM(16),red neuronal,1991,1992,1,3.56861354412243,,,MEX
Comb. RF/AR(1) suave,combinacion,1991,1992,1,3.56861354412243,4.793482548857752,1.2248690047353223,MEX
Comb. RF/AR(1) dura,combinacion,1991,1992,1,3.56861354412243,4.793482548857752,1.2248690047353223,MEX
Comb. RF/ingenuo suave,combinacion,1991,1992,1,3.56861354412243,4.793482548857752,1.2248690047353223,MEX
Comb. LSTM/AR(1) suave,combinacion,1991,1992,1,3.56861354412243,,,MEX
Comb. RF/AR(1) umbral min,combinacion,1991,1992,1,3.56861354412243,4.573050597408841,1.004437053286411,MEX
Ingenuo,referencia,1992,1993,1,2.86699945461075,3.56861354412243,0.70161408951168,MEX
Deriva,referencia,1992,1993,1,2.86699945461075,3.5224397874578925,0.6554403328471428,MEX
AR(1),Box-Jenkins,1992,1993,1,2.86699945461075,4.305103488088729,1.4381040334779795,MEX
"ARMA(2,2)",Box-Jenkins,1992,1993,1,2.86699945461075,3.755854494268105,0.8888550396573551,MEX
"ARIMA(1,1,1)",Box-Jenkins,1992,1993,1,2.86699945461075,3.3843209078262237,0.517321453215474,MEX
Ridge sobre rezagos,regularizado,1992,1993,1,2.86699945461075,5.722274449192114,2.8552749945813645,MEX
Random Forest,aprendizaje,1992,1993,1,2.86699945461075,4.319530381746632,1.4525309271358822,MEX
LSTM(16),red neuronal,1992,1993,1,2.86699945461075,4.182359717487846,1.3153602628770962,MEX
Comb. RF/AR(1) suave,combinacion,1992,1993,1,2.86699945461075,3.2521582336314765,0.3851587790207267,MEX
Comb. RF/AR(1) dura,combinacion,1992,1993,1,2.86699945461075,3.2521582336314765,0.3851587790207267,MEX
Comb. RF/ingenuo suave,combinacion,1992,1993,1,2.86699945461075,3.2521582336314765,0.3851587790207267,MEX
Comb. LSTM/AR(1) suave,combinacion,1992,1993,1,2.86699945461075,,,MEX
Comb. RF/AR(1) umbral min,combinacion,1992,1993,1,2.86699945461075,3.74271203425549,0.8757125796447403,MEX
Ingenuo,referencia,1993,1994,1,4.39412788764169,2.86699945461075,-1.5271284330309403,MEX
Deriva,referencia,1993,1994,1,4.39412788764169,2.800343187544739,-1.593784700096951,MEX
AR(1),Box-Jenkins,1993,1994,1,4.39412788764169,3.9132690246327844,-0.4808588630089057,MEX
"ARMA(2,2)",Box-Jenkins,1993,1994,1,4.39412788764169,4.632021754783978,0.23789386714228833,MEX
"ARIMA(1,1,1)",Box-Jenkins,1993,1994,1,4.39412788764169,3.0692523540486514,-1.3248755335930387,MEX
Ridge sobre rezagos,regularizado,1993,1994,1,4.39412788764169,1.4610553811013487,-2.9330725065403414,MEX
Random Forest,aprendizaje,1993,1994,1,4.39412788764169,4.048131908595793,-0.3459959790458971,MEX
LSTM(16),red neuronal,1993,1994,1,4.39412788764169,4.193364839565204,-0.20076304807648615,MEX
Comb. RF/AR(1) suave,combinacion,1993,1994,1,4.39412788764169,3.1305348316608956,-1.2635930559807944,MEX
Comb. RF/AR(1) dura,combinacion,1993,1994,1,4.39412788764169,3.1305348316608956,-1.2635930559807944,MEX
Comb. RF/ingenuo suave,combinacion,1993,1994,1,4.39412788764169,3.1305348316608956,-1.2635930559807944,MEX
Comb. LSTM/AR(1) suave,combinacion,1993,1994,1,4.39412788764169,,,MEX
Comb. RF/AR(1) umbral min,combinacion,1993,1994,1,4.39412788764169,3.5339952806636594,-0.8601326069780306,MEX
Ingenuo,referencia,1994,1995,1,-5.91029962358286,4.39412788764169,10.30442751122455,MEX
Deriva,referencia,1994,1995,1,-5.91029962358286,4.375768126639223,10.286067750222085,MEX
AR(1),Box-Jenkins,1994,1995,1,-5.91029962358286,4.668523895266844,10.578823518849704,MEX
"ARMA(2,2)",Box-Jenkins,1994,1995,1,-5.91029962358286,4.630286215834012,10.540585839416872,MEX
"ARIMA(1,1,1)",Box-Jenkins,1994,1995,1,-5.91029962358286,3.792694723050145,9.702994346633005,MEX
Ridge sobre rezagos,regularizado,1994,1995,1,-5.91029962358286,4.356674592105776,10.266974215688636,MEX
Random Forest,aprendizaje,1994,1995,1,-5.91029962358286,4.886803675722317,10.797103299305178,MEX
LSTM(16),red neuronal,1994,1995,1,-5.91029962358286,3.9709660209791946,9.881265644562054,MEX
Comb. RF/AR(1) suave,combinacion,1994,1995,1,-5.91029962358286,4.4586595806725065,10.368959204255367,MEX
Comb. RF/AR(1) dura,combinacion,1994,1995,1,-5.91029962358286,4.4586595806725065,10.368959204255367,MEX
Comb. RF/ingenuo suave,combinacion,1994,1995,1,-5.91029962358286,4.4586595806725065,10.368959204255367,MEX
Comb. LSTM/AR(1) suave,combinacion,1994,1995,1,-5.91029962358286,,,MEX
Comb. RF/AR(1) umbral min,combinacion,1994,1995,1,-5.91029962358286,4.4996991456034605,10.40999876918632,MEX
Ingenuo,referencia,1995,1996,1,6.21829715869302,-5.91029962358286,-12.128596782275881,MEX
Deriva,referencia,1995,1996,1,6.21829715869302,-6.231190789003623,-12.449487947696642,MEX
AR(1),Box-Jenkins,1995,1996,1,6.21829715869302,-0.7544387279153031,-6.972735886608323,MEX
"ARMA(2,2)",Box-Jenkins,1995,1996,1,6.21829715869302,-0.6532866190917368,-6.871583777784757,MEX
"ARIMA(1,1,1)",Box-Jenkins,1995,1996,1,6.21829715869302,-0.8642547304045163,-7.0825518890975365,MEX
Ridge sobre rezagos,regularizado,1995,1996,1,6.21829715869302,-1.044268326042371,-7.262565484735392,MEX
Random Forest,aprendizaje,1995,1996,1,6.21829715869302,2.905623797865679,-3.312673360827341,MEX
LSTM(16),red neuronal,1995,1996,1,6.21829715869302,2.311496622713057,-3.906800535979963,MEX
Comb. RF/AR(1) suave,combinacion,1995,1996,1,6.21829715869302,1.4259230234414462,-4.792374135251574,MEX
Comb. RF/AR(1) dura,combinacion,1995,1996,1,6.21829715869302,1.4259230234414462,-4.792374135251574,MEX
Comb. RF/ingenuo suave,combinacion,1995,1996,1,6.21829715869302,1.4259230234414462,-4.792374135251574,MEX
Comb. LSTM/AR(1) suave,combinacion,1995,1996,1,6.21829715869302,,,MEX
Comb. RF/AR(1) umbral min,combinacion,1995,1996,1,6.21829715869302,-0.7544387279153031,-6.972735886608323,MEX
Ingenuo,referencia,1996,1997,1,7.19887615284711,6.21829715869302,-0.9805789941540901,MEX
Deriva,referencia,1996,1997,1,7.19887615284711,6.253105648920733,-0.9457705039263775,MEX
AR(1),Box-Jenkins,1996,1997,1,7.19887615284711,5.2376759881136685,-1.9612001647334418,MEX
"ARMA(2,2)",Box-Jenkins,1996,1997,1,7.19887615284711,3.5684371510585753,-3.630439001788535,MEX
"ARIMA(1,1,1)",Box-Jenkins,1996,1997,1,7.19887615284711,3.1740322303350865,-4.024843922512024,MEX
Ridge sobre rezagos,regularizado,1996,1997,1,7.19887615284711,3.5816688688446963,-3.617207284002414,MEX
Random Forest,aprendizaje,1996,1997,1,7.19887615284711,2.6760479765778906,-4.52282817626922,MEX
LSTM(16),red neuronal,1996,1997,1,7.19887615284711,3.992069247906898,-3.2068069049402124,MEX
Comb. RF/AR(1) suave,combinacion,1996,1997,1,7.19887615284711,4.070806396304131,-3.1280697565429794,MEX
Comb. RF/AR(1) dura,combinacion,1996,1997,1,7.19887615284711,5.2376759881136685,-1.9612001647334418,MEX
Comb. RF/ingenuo suave,combinacion,1996,1997,1,7.19887615284711,4.453424420541948,-2.7454517323051624,MEX
Comb. LSTM/AR(1) suave,combinacion,1996,1997,1,7.19887615284711,4.3894350616860365,-2.809441091161074,MEX
Comb. RF/AR(1) umbral min,combinacion,1996,1997,1,7.19887615284711,5.2376759881136685,-1.9612001647334418,MEX
Ingenuo,referencia,1997,1998,1,6.18507893082885,7.19887615284711,1.01379722201826,MEX
Deriva,referencia,1997,1998,1,6.18507893082885,7.259956045961666,1.074877115132816,MEX
AR(1),Box-Jenkins,1997,1998,1,6.18507893082885,5.658902253152701,-0.5261766776761494,MEX
"ARMA(2,2)",Box-Jenkins,1997,1998,1,6.18507893082885,3.1881879778671154,-2.996890952961735,MEX
"ARIMA(1,1,1)",Box-Jenkins,1997,1998,1,6.18507893082885,4.241296862770797,-1.943782068058053,MEX
Ridge sobre rezagos,regularizado,1997,1998,1,6.18507893082885,3.287396138460105,-2.8976827923687454,MEX
Random Forest,aprendizaje,1997,1998,1,6.18507893082885,2.7196559272300798,-3.4654230035987705,MEX
LSTM(16),red neuronal,1997,1998,1,6.18507893082885,4.111649945288912,-2.0734289855399384,MEX
Comb. RF/AR(1) suave,combinacion,1997,1998,1,6.18507893082885,3.1601076538328954,-3.024971276995955,MEX
Comb. RF/AR(1) dura,combinacion,1997,1998,1,6.18507893082885,5.658902253152701,-0.5261766776761494,MEX
Comb. RF/ingenuo suave,combinacion,1997,1998,1,6.18507893082885,3.797249619931767,-2.387829310897083,MEX
Comb. LSTM/AR(1) suave,combinacion,1997,1998,1,6.18507893082885,4.682665204702289,-1.5024137261265613,MEX
Comb. RF/AR(1) umbral min,combinacion,1997,1998,1,6.18507893082885,5.658902253152701,-0.5261766776761494,MEX
Ingenuo,referencia,1998,1999,1,2.75503039300564,6.18507893082885,3.43004853782321,MEX
Deriva,referencia,1998,1999,1,2.75503039300564,6.217108091101979,3.462077698096339,MEX
AR(1),Box-Jenkins,1998,1999,1,2.75503039300564,5.306183275242083,2.551152882236443,MEX
"ARMA(2,2)",Box-Jenkins,1998,1999,1,2.75503039300564,3.896927568106657,1.141897175101017,MEX
"ARIMA(1,1,1)",Box-Jenkins,1998,1999,1,2.75503039300564,4.369889975072981,1.614859582067341,MEX
Ridge sobre rezagos,regularizado,1998,1999,1,2.75503039300564,5.43605246872936,2.68102207572372,MEX
Random Forest,aprendizaje,1998,1999,1,2.75503039300564,5.325657838535355,2.5706274455297144,MEX
LSTM(16),red neuronal,1998,1999,1,2.75503039300564,4.14094563311546,1.3859152401098198,MEX
Comb. RF/AR(1) suave,combinacion,1998,1999,1,2.75503039300564,5.834259557192242,3.079229164186602,MEX
Comb. RF/AR(1) dura,combinacion,1998,1999,1,2.75503039300564,5.306183275242083,2.551152882236443,MEX
Comb. RF/ingenuo suave,combinacion,1998,1999,1,2.75503039300564,6.193355702694124,3.4383253096884836,MEX
Comb. LSTM/AR(1) suave,combinacion,1998,1999,1,2.75503039300564,4.525325899034447,1.7702955060288073,MEX
Comb. RF/AR(1) umbral min,combinacion,1998,1999,1,2.75503039300564,5.306183275242083,2.551152882236443,MEX
Ingenuo,referencia,1999,2000,1,5.02928399378261,2.75503039300564,-2.2742536007769703,MEX
Deriva,referencia,1999,2000,1,5.02928399378261,2.6959522454341283,-2.333331748348482,MEX
AR(1),Box-Jenkins,1999,2000,1,5.02928399378261,3.991207453121101,-1.0380765406615096,MEX
"ARMA(2,2)",Box-Jenkins,1999,2000,1,5.02928399378261,2.942657763783176,-2.0866262299994345,MEX
"ARIMA(1,1,1)",Box-Jenkins,1999,2000,1,5.02928399378261,3.3756089539125496,-1.6536750398700608,MEX
Ridge sobre rezagos,regularizado,1999,2000,1,5.02928399378261,5.560386458181119,0.5311024643985087,MEX
Random Forest,aprendizaje,1999,2000,1,5.02928399378261,3.8085864357447896,-1.2206975580378208,MEX
LSTM(16),red neuronal,1999,2000,1,5.02928399378261,4.1165067027391125,-0.9127772910434979,MEX
Comb. RF/AR(1) suave,combinacion,1999,2000,1,5.02928399378261,3.9597285055220315,-1.069555488260579,MEX
Comb. RF/AR(1) dura,combinacion,1999,2000,1,5.02928399378261,3.991207453121101,-1.0380765406615096,MEX
Comb. RF/ingenuo suave,combinacion,1999,2000,1,5.02928399378261,3.5567869918409416,-1.4724970019416688,MEX
Comb. LSTM/AR(1) suave,combinacion,1999,2000,1,5.02928399378261,3.9990294865100395,-1.0302545072725708,MEX
Comb. RF/AR(1) umbral min,combinacion,1999,2000,1,5.02928399378261,3.991207453121101,-1.0380765406615096,MEX
Ingenuo,referencia,2000,2001,1,-0.450845253215945,5.02928399378261,5.480129246998556,MEX
Deriva,referencia,2000,2001,1,-0.450845253215945,5.0300348653995215,5.480880118615467,MEX
AR(1),Box-Jenkins,2000,2001,1,-0.450845253215945,4.838068837599752,5.288914090815697,MEX
"ARMA(2,2)",Box-Jenkins,2000,2001,1,-0.450845253215945,3.6790930281790724,4.129938281395018,MEX
"ARIMA(1,1,1)",Box-Jenkins,2000,2001,1,-0.450845253215945,4.096192499070396,4.547037752286341,MEX
Ridge sobre rezagos,regularizado,2000,2001,1,-0.450845253215945,1.396186511515547,1.847031764731492,MEX
Random Forest,aprendizaje,2000,2001,1,-0.450845253215945,1.832437101583592,2.283282354799537,MEX
LSTM(16),red neuronal,2000,2001,1,-0.450845253215945,3.898153118924911,4.348998372140856,MEX
Comb. RF/AR(1) suave,combinacion,2000,2001,1,-0.450845253215945,4.053661522351282,4.5045067755672275,MEX
Comb. RF/AR(1) dura,combinacion,2000,2001,1,-0.450845253215945,4.838068837599752,5.288914090815697,MEX
Comb. RF/ingenuo suave,combinacion,2000,2001,1,-0.450845253215945,4.106832325699608,4.557677578915554,MEX
Comb. LSTM/AR(1) suave,combinacion,2000,2001,1,-0.450845253215945,4.102217322876572,4.553062576092517,MEX
Comb. RF/AR(1) umbral min,combinacion,2000,2001,1,-0.450845253215945,4.838068837599752,5.288914090815697,MEX
Ingenuo,referencia,2001,2002,1,-0.236588001922641,-0.450845253215945,-0.21425725129330397,MEX
Deriva,referencia,2001,2002,1,-0.236588001922641,-0.5871163845644208,-0.3505283826417798,MEX
AR(1),Box-Jenkins,2001,2002,1,-0.236588001922641,2.7612501580120634,2.9978381599347044,MEX
"ARMA(2,2)",Box-Jenkins,2001,2002,1,-0.236588001922641,2.1249864875276785,2.3615744894503194,MEX
"ARIMA(1,1,1)",Box-Jenkins,2001,2002,1,-0.236588001922641,2.341945895523354,2.578533897445995,MEX
Ridge sobre rezagos,regularizado,2001,2002,1,-0.236588001922641,3.5263880547845865,3.7629760567072275,MEX
Random Forest,aprendizaje,2001,2002,1,-0.236588001922641,4.248744506948576,4.485332508871217,MEX
LSTM(16),red neuronal,2001,2002,1,-0.236588001922641,3.8182879025377154,4.054875904460356,MEX
Comb. RF/AR(1) suave,combinacion,2001,2002,1,-0.236588001922641,3.8319261318014686,4.0685141337241095,MEX
Comb. RF/AR(1) dura,combinacion,2001,2002,1,-0.236588001922641,2.7612501580120634,2.9978381599347044,MEX
Comb. RF/ingenuo suave,combinacion,2001,2002,1,-0.236588001922641,3.1443062551080905,3.3808942570307314,MEX
Comb. LSTM/AR(1) suave,combinacion,2001,2002,1,-0.236588001922641,3.453975402542109,3.69056340446475,MEX
Comb. RF/AR(1) umbral min,combinacion,2001,2002,1,-0.236588001922641,2.7612501580120634,2.9978381599347044,MEX
Ingenuo,referencia,2002,2003,1,1.18554486709559,-0.236588001922641,-1.4221328690182309,MEX
Deriva,referencia,2002,2003,1,1.18554486709559,-0.3643096605237564,-1.5498545276193463,MEX
AR(1),Box-Jenkins,2002,2003,1,1.18554486709559,2.63793119066296,1.4523863235673702,MEX
"ARMA(2,2)",Box-Jenkins,2002,2003,1,1.18554486709559,2.3017517480693197,1.1162068809737298,MEX
"ARIMA(1,1,1)",Box-Jenkins,2002,2003,1,1.18554486709559,1.9650353705341765,0.7794905034385866,MEX
Ridge sobre rezagos,regularizado,2002,2003,1,1.18554486709559,2.4013925584709814,1.2158476913753915,MEX
Random Forest,aprendizaje,2002,2003,1,1.18554486709559,3.4177880546980473,2.2322431876024575,MEX
LSTM(16),red neuronal,2002,2003,1,1.18554486709559,3.7201946572266156,2.5346497901310254,MEX
Comb. RF/AR(1) suave,combinacion,2002,2003,1,1.18554486709559,2.759435391159063,1.5738905240634729,MEX
Comb. RF/AR(1) dura,combinacion,2002,2003,1,1.18554486709559,2.63793119066296,1.4523863235673702,MEX
Comb. RF/ingenuo suave,combinacion,2002,2003,1,1.18554486709559,2.312051304474042,1.126506437378452,MEX
Comb. LSTM/AR(1) suave,combinacion,2002,2003,1,1.18554486709559,2.2730310397820563,1.0874861726864664,MEX
Comb. RF/AR(1) umbral min,combinacion,2002,2003,1,1.18554486709559,2.63793119066296,1.4523863235673702,MEX
Ingenuo,referencia,2003,2004,1,3.56544102622887,1.18554486709559,-2.3798961591332803,MEX
Deriva,referencia,2003,2004,1,3.56544102622887,1.0947245067711258,-2.4707165194577443,MEX
AR(1),Box-Jenkins,2003,2004,1,3.56544102622887,3.1072446885599425,-0.45819633766892753,MEX
"ARMA(2,2)",Box-Jenkins,2003,2004,1,3.56544102622887,2.5332393153751838,-1.0322017108536863,MEX
"ARIMA(1,1,1)",Box-Jenkins,2003,2004,1,3.56544102622887,2.1697037764646185,-1.3957372497642515,MEX
Ridge sobre rezagos,regularizado,2003,2004,1,3.56544102622887,3.3569211249300523,-0.2085199012988177,MEX
Random Forest,aprendizaje,2003,2004,1,3.56544102622887,2.8842037145528745,-0.6812373116759955,MEX
LSTM(16),red neuronal,2003,2004,1,3.56544102622887,2.6847045777405416,-0.8807364484883284,MEX
Comb. RF/AR(1) suave,combinacion,2003,2004,1,3.56544102622887,2.0240222523820104,-1.5414187738468597,MEX
Comb. RF/AR(1) dura,combinacion,2003,2004,1,3.56544102622887,2.0240222523820104,-1.5414187738468597,MEX
Comb. RF/ingenuo suave,combinacion,2003,2004,1,3.56544102622887,2.0240222523820104,-1.5414187738468597,MEX
Comb. LSTM/AR(1) suave,combinacion,2003,2004,1,3.56544102622887,-2.6773848058075274,-6.242825832036397,MEX
Comb. RF/AR(1) umbral min,combinacion,2003,2004,1,3.56544102622887,3.1072446885599425,-0.45819633766892753,MEX
Ingenuo,referencia,2004,2005,1,2.11324711473297,3.56544102622887,1.4521939114959,MEX
Deriva,referencia,2004,2005,1,2.11324711473297,3.5320791896127255,1.4188320748797554,MEX
AR(1),Box-Jenkins,2004,2005,1,2.11324711473297,4.053042061875158,1.9397949471421878,MEX
"ARMA(2,2)",Box-Jenkins,2004,2005,1,2.11324711473297,3.058787781799303,0.9455406670663331,MEX
"ARIMA(1,1,1)",Box-Jenkins,2004,2005,1,2.11324711473297,2.9189725879123674,0.8057254731793972,MEX
Ridge sobre rezagos,regularizado,2004,2005,1,2.11324711473297,3.1619020160718874,1.0486549013389173,MEX
Random Forest,aprendizaje,2004,2005,1,2.11324711473297,3.038842738234615,0.9255956235016449,MEX
LSTM(16),red neuronal,2004,2005,1,2.11324711473297,3.4112646757730354,1.2980175610400653,MEX
Comb. RF/AR(1) suave,combinacion,2004,2005,1,2.11324711473297,2.888044251539497,0.774797136806527,MEX
Comb. RF/AR(1) dura,combinacion,2004,2005,1,2.11324711473297,2.888044251539497,0.774797136806527,MEX
Comb. RF/ingenuo suave,combinacion,2004,2005,1,2.11324711473297,2.888044251539497,0.774797136806527,MEX
Comb. LSTM/AR(1) suave,combinacion,2004,2005,1,2.11324711473297,2.871987605378433,0.7587404906454629,MEX
Comb. RF/AR(1) umbral min,combinacion,2004,2005,1,2.11324711473297,3.031038382106163,0.9177912673731927,MEX
Ingenuo,referencia,2005,2006,1,4.80501351664901,2.11324711473297,-2.6917664019160403,MEX
Deriva,referencia,2005,2006,1,4.80501351664901,2.047639094596831,-2.7573744220521794,MEX
AR(1),Box-Jenkins,2005,2006,1,4.80501351664901,3.4370875059952137,-1.3679260106537967,MEX
"ARMA(2,2)",Box-Jenkins,2005,2006,1,4.80501351664901,2.5399875612480183,-2.265025955400992,MEX
"ARIMA(1,1,1)",Box-Jenkins,2005,2006,1,4.80501351664901,2.4750509519605255,-2.329962564688485,MEX
Ridge sobre rezagos,regularizado,2005,2006,1,4.80501351664901,4.3555160562666835,-0.44949746038232696,MEX
Random Forest,aprendizaje,2005,2006,1,4.80501351664901,3.1844827329126923,-1.620530783736318,MEX
LSTM(16),red neuronal,2005,2006,1,4.80501351664901,3.404805244627529,-1.4002082720214815,MEX
Comb. RF/AR(1) suave,combinacion,2005,2006,1,4.80501351664901,3.5257670638774568,-1.2792464527715537,MEX
Comb. RF/AR(1) dura,combinacion,2005,2006,1,4.80501351664901,3.5257670638774568,-1.2792464527715537,MEX
Comb. RF/ingenuo suave,combinacion,2005,2006,1,4.80501351664901,3.5257670638774568,-1.2792464527715537,MEX
Comb. LSTM/AR(1) suave,combinacion,2005,2006,1,4.80501351664901,2.590435271368637,-2.2145782452803733,MEX
Comb. RF/AR(1) umbral min,combinacion,2005,2006,1,4.80501351664901,3.517199724759221,-1.2878137918897896,MEX
Ingenuo,referencia,2006,2007,1,2.0778639395329,4.80501351664901,2.7271495771161103,MEX
Deriva,referencia,2006,2007,1,2.0778639395329,4.800680483669587,2.7228165441366867,MEX
AR(1),Box-Jenkins,2006,2007,1,2.0778639395329,4.52119906984058,2.4433351303076796,MEX
"ARMA(2,2)",Box-Jenkins,2006,2007,1,2.0778639395329,3.4020133343609373,1.3241493948280372,MEX
"ARIMA(1,1,1)",Box-Jenkins,2006,2007,1,2.0778639395329,3.406399965545442,1.328536026012542,MEX
Ridge sobre rezagos,regularizado,2006,2007,1,2.0778639395329,3.550484184194756,1.4726202446618557,MEX
Random Forest,aprendizaje,2006,2007,1,2.0778639395329,2.1269670435888073,0.04910310405590712,MEX
LSTM(16),red neuronal,2006,2007,1,2.0778639395329,3.424679015830826,1.3468150762979256,MEX
Comb. RF/AR(1) suave,combinacion,2006,2007,1,2.0778639395329,-0.19389074944975007,-2.27175468898265,MEX
Comb. RF/AR(1) dura,combinacion,2006,2007,1,2.0778639395329,-0.19389074944975007,-2.27175468898265,MEX
Comb. RF/ingenuo suave,combinacion,2006,2007,1,2.0778639395329,-0.19389074944975007,-2.27175468898265,MEX
Comb. LSTM/AR(1) suave,combinacion,2006,2007,1,2.0778639395329,3.273577001840014,1.1957130623071137,MEX
Comb. RF/AR(1) umbral min,combinacion,2006,2007,1,2.0778639395329,0.04487673942281106,-2.0329872001100893,MEX
Ingenuo,referencia,2007,2008,1,0.943331872912935,2.0778639395329,1.1345320666199652,MEX
Deriva,referencia,2007,2008,1,0.943331872912935,2.0143392425505047,1.0710073696375697,MEX
AR(1),Box-Jenkins,2007,2008,1,0.943331872912935,3.4156403765053005,2.4723085035923655,MEX
"ARMA(2,2)",Box-Jenkins,2007,2008,1,0.943331872912935,2.4909119634233696,1.5475800905104347,MEX
"ARIMA(1,1,1)",Box-Jenkins,2007,2008,1,0.943331872912935,2.6127446996840575,1.6694128267711226,MEX
Ridge sobre rezagos,regularizado,2007,2008,1,0.943331872912935,2.552723825723349,1.6093919528104141,MEX
Random Forest,aprendizaje,2007,2008,1,0.943331872912935,3.070350790648323,2.127018917735388,MEX
LSTM(16),red neuronal,2007,2008,1,0.943331872912935,3.5774180665847326,2.6340861936717976,MEX
Comb. RF/AR(1) suave,combinacion,2007,2008,1,0.943331872912935,3.554242313081618,2.610910440168683,MEX
Comb. RF/AR(1) dura,combinacion,2007,2008,1,0.943331872912935,3.554242313081618,2.610910440168683,MEX
Comb. RF/ingenuo suave,combinacion,2007,2008,1,0.943331872912935,3.554242313081618,2.610910440168683,MEX
Comb. LSTM/AR(1) suave,combinacion,2007,2008,1,0.943331872912935,1.9745065150670702,1.0311746421541352,MEX
Comb. RF/AR(1) umbral min,combinacion,2007,2008,1,0.943331872912935,3.5514581902507802,2.6081263173378453,MEX
Ingenuo,referencia,2008,2009,1,-6.29525056697287,0.943331872912935,7.238582439885805,MEX
Deriva,referencia,2008,2009,1,-6.29525056697287,0.857019785087187,7.152270352060057,MEX
AR(1),Box-Jenkins,2008,2009,1,-6.29525056697287,2.8959325684918418,9.191183135464712,MEX
"ARMA(2,2)",Box-Jenkins,2008,2009,1,-6.29525056697287,2.3319661820242836,8.627216748997153,MEX
"ARIMA(1,1,1)",Box-Jenkins,2008,2009,1,-6.29525056697287,2.1365352063981278,8.431785773370997,MEX
Ridge sobre rezagos,regularizado,2008,2009,1,-6.29525056697287,1.7507023805590063,8.045952947531877,MEX
Random Forest,aprendizaje,2008,2009,1,-6.29525056697287,2.424454087775411,8.71970465474828,MEX
LSTM(16),red neuronal,2008,2009,1,-6.29525056697287,2.182907744675044,8.478158311647913,MEX
Comb. RF/AR(1) suave,combinacion,2008,2009,1,-6.29525056697287,2.8264616136802574,9.121712180653127,MEX
Comb. RF/AR(1) dura,combinacion,2008,2009,1,-6.29525056697287,2.8264616136802574,9.121712180653127,MEX
Comb. RF/ingenuo suave,combinacion,2008,2009,1,-6.29525056697287,2.8264616136802574,9.121712180653127,MEX
Comb. LSTM/AR(1) suave,combinacion,2008,2009,1,-6.29525056697287,0.7469460756705373,7.0421966426434075,MEX
Comb. RF/AR(1) umbral min,combinacion,2008,2009,1,-6.29525056697287,2.8305557018276506,9.12580626880052,MEX
Ingenuo,referencia,2009,2010,1,4.9713345832195,-6.29525056697287,-11.26658515019237,MEX
Deriva,referencia,2009,2010,1,4.9713345832195,-6.530568287133202,-11.501902870352701,MEX
AR(1),Box-Jenkins,2009,2010,1,4.9713345832195,-0.650257540218234,-5.621592123437734,MEX
"ARMA(2,2)",Box-Jenkins,2009,2010,1,4.9713345832195,0.07853097470586233,-4.8928036085136375,MEX
"ARIMA(1,1,1)",Box-Jenkins,2009,2010,1,4.9713345832195,-0.8612230938995458,-5.832557677119046,MEX
Ridge sobre rezagos,regularizado,2009,2010,1,4.9713345832195,-0.6393185152304608,-5.61065309844996,MEX
Random Forest,aprendizaje,2009,2010,1,4.9713345832195,1.4500666734282626,-3.5212679097912374,MEX
LSTM(16),red neuronal,2009,2010,1,4.9713345832195,1.6582988475552907,-3.3130357356642093,MEX
Comb. RF/AR(1) suave,combinacion,2009,2010,1,4.9713345832195,1.9160023153521062,-3.055332267867394,MEX
Comb. RF/AR(1) dura,combinacion,2009,2010,1,4.9713345832195,1.9160023153521062,-3.055332267867394,MEX
Comb. RF/ingenuo suave,combinacion,2009,2010,1,4.9713345832195,1.9160023153521062,-3.055332267867394,MEX
Comb. LSTM/AR(1) suave,combinacion,2009,2010,1,4.9713345832195,4.094271574194762,-0.877063009024738,MEX
Comb. RF/AR(1) umbral min,combinacion,2009,2010,1,4.9713345832195,0.8224031532433991,-4.148931429976101,MEX
Ingenuo,referencia,2010,2011,1,3.44404505297089,4.9713345832195,1.52728953024861,MEX
Deriva,referencia,2010,2011,1,3.44404505297089,4.970749574699019,1.5267045217281288,MEX
AR(1),Box-Jenkins,2010,2011,1,3.44404505297089,4.369140723864198,0.9250956708933078,MEX
"ARMA(2,2)",Box-Jenkins,2010,2011,1,3.44404505297089,3.3053405621700076,-0.13870449080088232,MEX
"ARIMA(1,1,1)",Box-Jenkins,2010,2011,1,3.44404505297089,2.449017491690962,-0.9950275612799278,MEX
Ridge sobre rezagos,regularizado,2010,2011,1,3.44404505297089,2.284161190340482,-1.1598838626304078,MEX
Random Forest,aprendizaje,2010,2011,1,3.44404505297089,2.5852759199370086,-0.8587691330338814,MEX
LSTM(16),red neuronal,2010,2011,1,3.44404505297089,2.8239438046928584,-0.6201012482780315,MEX
Comb. RF/AR(1) suave,combinacion,2010,2011,1,3.44404505297089,2.34977457531574,-1.09427047765515,MEX
Comb. RF/AR(1) dura,combinacion,2010,2011,1,3.44404505297089,2.34977457531574,-1.09427047765515,MEX
Comb. RF/ingenuo suave,combinacion,2010,2011,1,3.44404505297089,2.34977457531574,-1.09427047765515,MEX
Comb. LSTM/AR(1) suave,combinacion,2010,2011,1,3.44404505297089,7.403990894519762,3.9599458415488717,MEX
Comb. RF/AR(1) umbral min,combinacion,2010,2011,1,3.44404505297089,4.369140723864198,0.9250956708933078,MEX
Ingenuo,referencia,2011,2012,1,3.55321076010608,3.44404505297089,-0.10916570713518992,MEX
Deriva,referencia,2011,2012,1,3.55321076010608,3.412925954015846,-0.14028480609023397,MEX
AR(1),Box-Jenkins,2011,2012,1,3.55321076010608,3.795022493228261,0.24181173312218096,MEX
"ARMA(2,2)",Box-Jenkins,2011,2012,1,3.55321076010608,2.415255233874028,-1.137955526232052,MEX
"ARIMA(1,1,1)",Box-Jenkins,2011,2012,1,3.55321076010608,2.354927086634385,-1.1982836734716948,MEX
Ridge sobre rezagos,regularizado,2011,2012,1,3.55321076010608,3.786558168666533,0.23334740856045322,MEX
Random Forest,aprendizaje,2011,2012,1,3.55321076010608,3.5207504329302037,-0.0324603271758761,MEX
LSTM(16),red neuronal,2011,2012,1,3.55321076010608,2.7298414064588488,-0.8233693536472311,MEX
Comb. RF/AR(1) suave,combinacion,2011,2012,1,3.55321076010608,3.89658665046113,0.3433758903550501,MEX
Comb. RF/AR(1) dura,combinacion,2011,2012,1,3.55321076010608,3.89658665046113,0.3433758903550501,MEX
Comb. RF/ingenuo suave,combinacion,2011,2012,1,3.55321076010608,3.89658665046113,0.3433758903550501,MEX
Comb. LSTM/AR(1) suave,combinacion,2011,2012,1,3.55321076010608,3.6710828237231965,0.11787206361711666,MEX
Comb. RF/AR(1) umbral min,combinacion,2011,2012,1,3.55321076010608,3.795022493228261,0.24181173312218096,MEX
Ingenuo,referencia,2012,2013,1,0.852101550164704,3.55321076010608,2.701109209941376,MEX
Deriva,referencia,2012,2013,1,0.852101550164704,3.5248423436233933,2.672740793458689,MEX
AR(1),Box-Jenkins,2012,2013,1,0.852101550164704,3.82982776513861,2.977726214973906,MEX
"ARMA(2,2)",Box-Jenkins,2012,2013,1,0.852101550164704,2.762011943538522,1.9099103933738182,MEX
"ARIMA(1,1,1)",Box-Jenkins,2012,2013,1,0.852101550164704,2.544614842275867,1.692513292111163,MEX
Ridge sobre rezagos,regularizado,2012,2013,1,0.852101550164704,3.113391508976123,2.2612899588114193,MEX
Random Forest,aprendizaje,2012,2013,1,0.852101550164704,2.2810812081722633,1.4289796580075593,MEX
LSTM(16),red neuronal,2012,2013,1,0.852101550164704,2.573535546079545,1.7214339959148408,MEX
Comb. RF/AR(1) suave,combinacion,2012,2013,1,0.852101550164704,2.652399840730421,1.8002982905657168,MEX
Comb. RF/AR(1) dura,combinacion,2012,2013,1,0.852101550164704,3.82982776513861,2.977726214973906,MEX
Comb. RF/ingenuo suave,combinacion,2012,2013,1,0.852101550164704,2.64346420227338,1.791362652108676,MEX
Comb. LSTM/AR(1) suave,combinacion,2012,2013,1,0.852101550164704,5.057151517028911,4.205049966864207,MEX
Comb. RF/AR(1) umbral min,combinacion,2012,2013,1,0.852101550164704,3.82982776513861,2.977726214973906,MEX
Ingenuo,referencia,2013,2014,1,2.50376350783593,0.852101550164704,-1.651661957671226,MEX
Deriva,referencia,2013,2014,1,2.50376350783593,0.7723342722693505,-1.7314292355665795,MEX
AR(1),Box-Jenkins,2013,2014,1,2.50376350783593,2.7853657426014413,0.2816022347655114,MEX
"ARMA(2,2)",Box-Jenkins,2013,2014,1,2.50376350783593,2.1261327710703295,-0.37763073676560044,MEX
"ARIMA(1,1,1)",Box-Jenkins,2013,2014,1,2.50376350783593,1.8340963897010005,-0.6696671181349294,MEX
Ridge sobre rezagos,regularizado,2013,2014,1,2.50376350783593,4.010333904680671,1.506570396844741,MEX
Random Forest,aprendizaje,2013,2014,1,2.50376350783593,0.6215721613598572,-1.882191346476073,MEX
LSTM(16),red neuronal,2013,2014,1,2.50376350783593,2.1581755351635046,-0.34558797267242536,MEX
Comb. RF/AR(1) suave,combinacion,2013,2014,1,2.50376350783593,1.7036152989511661,-0.8001482088847638,MEX
Comb. RF/AR(1) dura,combinacion,2013,2014,1,2.50376350783593,1.7036152989511661,-0.8001482088847638,MEX
Comb. RF/ingenuo suave,combinacion,2013,2014,1,2.50376350783593,1.7036152989511661,-0.8001482088847638,MEX
Comb. LSTM/AR(1) suave,combinacion,2013,2014,1,2.50376350783593,2.292020531538985,-0.21174297629694472,MEX
Comb. RF/AR(1) umbral min,combinacion,2013,2014,1,2.50376350783593,2.7853657426014413,0.2816022347655114,MEX
Ingenuo,referencia,2014,2015,1,2.70232343024026,2.50376350783593,-0.19855992240433018,MEX
Deriva,referencia,2014,2015,1,2.70232343024026,2.456664706083342,-0.24565872415691814,MEX
AR(1),Box-Jenkins,2014,2015,1,2.70232343024026,3.3814786676995237,0.6791552374592635,MEX
"ARMA(2,2)",Box-Jenkins,2014,2015,1,2.70232343024026,2.518033850494914,-0.1842895797453461,MEX
"ARIMA(1,1,1)",Box-Jenkins,2014,2015,1,2.70232343024026,2.216284198318959,-0.48603923192130116,MEX
Ridge sobre rezagos,regularizado,2014,2015,1,2.70232343024026,-0.6301602192380997,-3.33248364947836,MEX
Random Forest,aprendizaje,2014,2015,1,2.70232343024026,0.615165043266073,-2.087158386974187,MEX
LSTM(16),red neuronal,2014,2015,1,2.70232343024026,2.2901236968156007,-0.41219973342465943,MEX
Comb. RF/AR(1) suave,combinacion,2014,2015,1,2.70232343024026,1.1908214766070018,-1.5115019536332583,MEX
Comb. RF/AR(1) dura,combinacion,2014,2015,1,2.70232343024026,1.1908214766070018,-1.5115019536332583,MEX
Comb. RF/ingenuo suave,combinacion,2014,2015,1,2.70232343024026,1.1908214766070018,-1.5115019536332583,MEX
Comb. LSTM/AR(1) suave,combinacion,2014,2015,1,2.70232343024026,3.4415491170202017,0.7392256867799416,MEX
Comb. RF/AR(1) umbral min,combinacion,2014,2015,1,2.70232343024026,3.3814786676995237,0.6791552374592635,MEX
Ingenuo,referencia,2015,2016,1,1.7724932254128,2.70232343024026,0.92983020482746,MEX
Deriva,referencia,2015,2016,1,1.7724932254128,2.6597738641202078,0.8872806387074077,MEX
AR(1),Box-Jenkins,2015,2016,1,1.7724932254128,3.4400586333555676,1.6675654079427675,MEX
"ARMA(2,2)",Box-Jenkins,2015,2016,1,1.7724932254128,2.4783400995216707,0.7058468741088706,MEX
"ARIMA(1,1,1)",Box-Jenkins,2015,2016,1,1.7724932254128,2.315855125431904,0.5433619000191039,MEX
Ridge sobre rezagos,regularizado,2015,2016,1,1.7724932254128,3.084261056589955,1.311767831177155,MEX
Random Forest,aprendizaje,2015,2016,1,1.7724932254128,2.2851722779602825,0.5126790525474825,MEX
LSTM(16),red neuronal,2015,2016,1,1.7724932254128,2.4099822408440263,0.6374890154312263,MEX
Comb. RF/AR(1) suave,combinacion,2015,2016,1,1.7724932254128,2.9885935839461024,1.2161003585333023,MEX
Comb. RF/AR(1) dura,combinacion,2015,2016,1,1.7724932254128,3.4400586333555676,1.6675654079427675,MEX
Comb. RF/ingenuo suave,combinacion,2015,2016,1,1.7724932254128,2.955992780071531,1.183499554658731,MEX
Comb. LSTM/AR(1) suave,combinacion,2015,2016,1,1.7724932254128,3.2905678549065205,1.5180746294937204,MEX
Comb. RF/AR(1) umbral min,combinacion,2015,2016,1,1.7724932254128,3.4400586333555676,1.6675654079427675,MEX
Ingenuo,referencia,2016,2017,1,1.87172854648381,1.7724932254128,-0.09923532107100996,MEX
Deriva,referencia,2016,2017,1,1.87172854648381,1.713811284043522,-0.15791726244028803,MEX
AR(1),Box-Jenkins,2016,2017,1,1.87172854648381,3.0622733889481943,1.1905448424643843,MEX
"ARMA(2,2)",Box-Jenkins,2016,2017,1,1.87172854648381,2.262198666596506,0.3904701201126961,MEX
"ARIMA(1,1,1)",Box-Jenkins,2016,2017,1,1.87172854648381,2.080619050495489,0.20889050401167908,MEX
Ridge sobre rezagos,regularizado,2016,2017,1,1.87172854648381,1.7887139652922786,-0.08301458119153149,MEX
Random Forest,aprendizaje,2016,2017,1,1.87172854648381,0.7956015222304598,-1.0761270242533503,MEX
LSTM(16),red neuronal,2016,2017,1,1.87172854648381,2.2468156776387507,0.37508713115494063,MEX
Comb. RF/AR(1) suave,combinacion,2016,2017,1,1.87172854648381,1.7411117836090415,-0.13061676287476853,MEX
Comb. RF/AR(1) dura,combinacion,2016,2017,1,1.87172854648381,3.0622733889481943,1.1905448424643843,MEX
Comb. RF/ingenuo suave,combinacion,2016,2017,1,1.87172854648381,1.705592314686776,-0.16613623179703407,MEX
Comb. LSTM/AR(1) suave,combinacion,2016,2017,1,1.87172854648381,3.051602141935003,1.1798735954511927,MEX
Comb. RF/AR(1) umbral min,combinacion,2016,2017,1,1.87172854648381,3.0622733889481943,1.1905448424643843,MEX
Ingenuo,referencia,2017,2018,1,1.97208211101069,1.87172854648381,-0.10035356452688005,MEX
Deriva,referencia,2017,2018,1,1.97208211101069,1.8158665562295373,-0.1562155547811528,MEX
AR(1),Box-Jenkins,2017,2018,1,1.97208211101069,3.0712133759222127,1.0991312649115226,MEX
"ARMA(2,2)",Box-Jenkins,2017,2018,1,1.97208211101069,2.271563744397016,0.29948163338632594,MEX
"ARIMA(1,1,1)",Box-Jenkins,2017,2018,1,1.97208211101069,2.07187755328501,0.09979544227431991,MEX
Ridge sobre rezagos,regularizado,2017,2018,1,1.97208211101069,3.270122709314382,1.298040598303692,MEX
Random Forest,aprendizaje,2017,2018,1,1.97208211101069,2.91062144000591,0.9385393289952197,MEX
LSTM(16),red neuronal,2017,2018,1,1.97208211101069,3.1523806771117346,1.1802985661010446,MEX
Comb. RF/AR(1) suave,combinacion,2017,2018,1,1.97208211101069,2.6036158639093667,0.6315337528986766,MEX
Comb. RF/AR(1) dura,combinacion,2017,2018,1,1.97208211101069,2.6036158639093667,0.6315337528986766,MEX
Comb. RF/ingenuo suave,combinacion,2017,2018,1,1.97208211101069,2.6036158639093667,0.6315337528986766,MEX
Comb. LSTM/AR(1) suave,combinacion,2017,2018,1,1.97208211101069,2.3501624776046963,0.37808036659400623,MEX
Comb. RF/AR(1) umbral min,combinacion,2017,2018,1,1.97208211101069,3.0712133759222127,1.0991312649115226,MEX
Ingenuo,referencia,2018,2019,1,-0.392690513290532,1.97208211101069,2.364772624301222,MEX
Deriva,referencia,2018,2019,1,-0.392690513290532,1.9189607445245076,2.3116512578150394,MEX
AR(1),Box-Jenkins,2018,2019,1,-0.392690513290532,3.0841690429421584,3.4768595562326903,MEX
"ARMA(2,2)",Box-Jenkins,2018,2019,1,-0.392690513290532,1.6298355761834915,2.0225260894740233,MEX
"ARIMA(1,1,1)",Box-Jenkins,2018,2019,1,-0.392690513290532,2.0774065537032906,2.4700970669938225,MEX
Ridge sobre rezagos,regularizado,2018,2019,1,-0.392690513290532,2.2010965018679762,2.593787015158508,MEX
Random Forest,aprendizaje,2018,2019,1,-0.392690513290532,2.3802604776367478,2.7729509909272796,MEX
LSTM(16),red neuronal,2018,2019,1,-0.392690513290532,2.3170683211909875,2.7097588344815193,MEX
Comb. RF/AR(1) suave,combinacion,2018,2019,1,-0.392690513290532,2.43073742766762,2.823427940958152,MEX
Comb. RF/AR(1) dura,combinacion,2018,2019,1,-0.392690513290532,2.43073742766762,2.823427940958152,MEX
Comb. RF/ingenuo suave,combinacion,2018,2019,1,-0.392690513290532,2.43073742766762,2.823427940958152,MEX
Comb. LSTM/AR(1) suave,combinacion,2018,2019,1,-0.392690513290532,2.188876708884714,2.581567222175246,MEX
Comb. RF/AR(1) umbral min,combinacion,2018,2019,1,-0.392690513290532,2.43073742766762,2.823427940958152,MEX
Ingenuo,referencia,2019,2020,1,-8.35403459379062,-0.392690513290532,7.961344080500089,MEX
Deriva,referencia,2019,2020,1,-8.35403459379062,-0.48566793594593927,7.868366657844682,MEX
AR(1),Box-Jenkins,2019,2020,1,-8.35403459379062,2.0997135562890445,10.453748150079665,MEX
"ARMA(2,2)",Box-Jenkins,2019,2020,1,-8.35403459379062,2.2940881721584843,10.648122765949104,MEX
"ARIMA(1,1,1)",Box-Jenkins,2019,2020,1,-8.35403459379062,1.3378021891761722,9.691836782966792,MEX
Ridge sobre rezagos,regularizado,2019,2020,1,-8.35403459379062,1.729298336235648,10.083332930026268,MEX
Random Forest,aprendizaje,2019,2020,1,-8.35403459379062,1.7619761206774964,10.116010714468118,MEX
LSTM(16),red neuronal,2019,2020,1,-8.35403459379062,1.6199085315800255,9.973943125370646,MEX
Comb. RF/AR(1) suave,combinacion,2019,2020,1,-8.35403459379062,1.9209231809251108,10.274957774715732,MEX
Comb. RF/AR(1) dura,combinacion,2019,2020,1,-8.35403459379062,1.9209231809251108,10.274957774715732,MEX
Comb. RF/ingenuo suave,combinacion,2019,2020,1,-8.35403459379062,1.9209231809251108,10.274957774715732,MEX
Comb. LSTM/AR(1) suave,combinacion,2019,2020,1,-8.35403459379062,1.679937345600099,10.03397193939072,MEX
Comb. RF/AR(1) umbral min,combinacion,2019,2020,1,-8.35403459379062,1.9419043321112746,10.295938925901895,MEX
Ingenuo,referencia,2020,2021,1,6.04848347173572,-8.35403459379062,-14.40251806552634,MEX
Deriva,referencia,2020,2021,1,6.04848347173572,-8.580374163189157,-14.628857634924877,MEX
AR(1),Box-Jenkins,2020,2021,1,6.04848347173572,-1.798282125151317,-7.846765596887037,MEX
"ARMA(2,2)",Box-Jenkins,2020,2021,1,6.04848347173572,-0.7188843538571963,-6.767367825592916,MEX
"ARIMA(1,1,1)",Box-Jenkins,2020,2021,1,6.04848347173572,-1.7104654986645738,-7.758948970400294,MEX
Ridge sobre rezagos,regularizado,2020,2021,1,6.04848347173572,-1.2166343560085036,-7.265117827744223,MEX
Random Forest,aprendizaje,2020,2021,1,6.04848347173572,0.356981478630321,-5.6915019931053985,MEX
LSTM(16),red neuronal,2020,2021,1,6.04848347173572,1.25036786052421,-4.79811561121151,MEX
Comb. RF/AR(1) suave,combinacion,2020,2021,1,6.04848347173572,-0.08736594775320078,-6.13584941948892,MEX
Comb. RF/AR(1) dura,combinacion,2020,2021,1,6.04848347173572,-0.08736594775320078,-6.13584941948892,MEX
Comb. RF/ingenuo suave,combinacion,2020,2021,1,6.04848347173572,-0.08736594775320078,-6.13584941948892,MEX
Comb. LSTM/AR(1) suave,combinacion,2020,2021,1,6.04848347173572,1.0515929945602642,-4.996890477175455,MEX
Comb. RF/AR(1) umbral min,combinacion,2020,2021,1,6.04848347173572,-1.798282125151317,-7.846765596887037,MEX
Ingenuo,referencia,2021,2022,1,3.70975708309098,6.04848347173572,2.33872638864474,MEX
Deriva,referencia,2021,2022,1,3.70975708309098,6.0659581962525975,2.3562011131616174,MEX
AR(1),Box-Jenkins,2021,2022,1,3.70975708309098,4.405682523378289,0.6959254402873087,MEX
"ARMA(2,2)",Box-Jenkins,2021,2022,1,3.70975708309098,2.899142936866411,-0.8106141462245691,MEX
"ARIMA(1,1,1)",Box-Jenkins,2021,2022,1,3.70975708309098,1.8232928189380475,-1.8864642641529326,MEX
Ridge sobre rezagos,regularizado,2021,2022,1,3.70975708309098,2.885522454207214,-0.8242346288837661,MEX
Random Forest,aprendizaje,2021,2022,1,3.70975708309098,3.7058683270219763,-0.0038887560690037404,MEX
LSTM(16),red neuronal,2021,2022,1,3.70975708309098,1.869818095584249,-1.8399389875067311,MEX
Comb. RF/AR(1) suave,combinacion,2021,2022,1,3.70975708309098,4.093340999870142,0.3835839167791617,MEX
Comb. RF/AR(1) dura,combinacion,2021,2022,1,3.70975708309098,4.405682523378289,0.6959254402873087,MEX
Comb. RF/ingenuo suave,combinacion,2021,2022,1,3.70975708309098,4.628954898674946,0.9191978155839662,MEX
Comb. LSTM/AR(1) suave,combinacion,2021,2022,1,3.70975708309098,3.8251533622565725,0.11539627916559247,MEX
Comb. RF/AR(1) umbral min,combinacion,2021,2022,1,3.70975708309098,4.405682523378289,0.6959254402873087,MEX
Ingenuo,referencia,2022,2023,1,3.1067964131456,3.70975708309098,0.60296066994538,MEX
Deriva,referencia,2022,2023,1,3.1067964131456,3.6886055598511094,0.5818091467055093,MEX
AR(1),Box-Jenkins,2022,2023,1,3.1067964131456,3.60038732975197,0.4935909166063701,MEX
"ARMA(2,2)",Box-Jenkins,2022,2023,1,3.1067964131456,1.7579430220527734,-1.3488533910928266,MEX
"ARIMA(1,1,1)",Box-Jenkins,2022,2023,1,3.1067964131456,1.8650360779533535,-1.2417603351922466,MEX
Ridge sobre rezagos,regularizado,2022,2023,1,3.1067964131456,2.34462666753175,-0.7621697456138499,MEX
Random Forest,aprendizaje,2022,2023,1,3.1067964131456,3.215144855258642,0.10834844211304206,MEX
LSTM(16),red neuronal,2022,2023,1,3.1067964131456,6.2197520931031285,3.1129556799575284,MEX
Comb. RF/AR(1) suave,combinacion,2022,2023,1,3.1067964131456,3.223203080730146,0.11640666758454588,MEX
Comb. RF/AR(1) dura,combinacion,2022,2023,1,3.1067964131456,3.60038732975197,0.4935909166063701,MEX
Comb. RF/ingenuo suave,combinacion,2022,2023,1,3.1067964131456,3.2556294491818316,0.14883303603623155,MEX
Comb. LSTM/AR(1) suave,combinacion,2022,2023,1,3.1067964131456,2.9348048195135834,-0.17199159363201666,MEX
Comb. RF/AR(1) umbral min,combinacion,2022,2023,1,3.1067964131456,3.60038732975197,0.4935909166063701,MEX
Ingenuo,referencia,2023,2024,1,1.35057631384696,3.1067964131456,1.75622009929864,MEX
Deriva,referencia,2023,2024,1,1.35057631384696,3.0762608714104793,1.7256845575635194,MEX
AR(1),Box-Jenkins,2023,2024,1,1.35057631384696,3.3889461954986624,2.038369881651702,MEX
"ARMA(2,2)",Box-Jenkins,2023,2024,1,1.35057631384696,2.1222954829626257,0.7717191691156657,MEX
"ARIMA(1,1,1)",Box-Jenkins,2023,2024,1,1.35057631384696,1.949045062807993,0.598468748961033,MEX
Ridge sobre rezagos,regularizado,2023,2024,1,1.35057631384696,2.3225303230796728,0.9719540092327128,MEX
Random Forest,aprendizaje,2023,2024,1,1.35057631384696,2.9885012404779743,1.6379249266310143,MEX
LSTM(16),red neuronal,2023,2024,1,1.35057631384696,2.298791178925261,0.9482148650783009,MEX
Comb. RF/AR(1) suave,combinacion,2023,2024,1,1.35057631384696,2.894774045968984,1.5441977321220242,MEX
Comb. RF/AR(1) dura,combinacion,2023,2024,1,1.35057631384696,3.3889461954986624,2.038369881651702,MEX
Comb. RF/ingenuo suave,combinacion,2023,2024,1,1.35057631384696,2.8162629478132977,1.4656866339663377,MEX
Comb. LSTM/AR(1) suave,combinacion,2023,2024,1,1.35057631384696,2.580411075276817,1.229834761429857,MEX
Comb. RF/AR(1) umbral min,combinacion,2023,2024,1,1.35057631384696,3.3889461954986624,2.038369881651702,MEX
Ingenuo,referencia,2024,2025,1,0.561683456144578,1.35057631384696,0.7888928577023819,MEX
Deriva,referencia,2024,2025,1,0.561683456144578,1.292648953737815,0.7309654975932369,MEX
AR(1),Box-Jenkins,2024,2025,1,0.561683456144578,2.761717306856985,2.200033850712407,MEX
"ARMA(2,2)",Box-Jenkins,2024,2025,1,0.561683456144578,1.8538130478744521,1.292129591729874,MEX
"ARIMA(1,1,1)",Box-Jenkins,2024,2025,1,0.561683456144578,1.6362501344180533,1.0745666782734753,MEX
Ridge sobre rezagos,regularizado,2024,2025,1,0.561683456144578,3.5995160417066265,3.0378325855620485,MEX
Random Forest,aprendizaje,2024,2025,1,0.561683456144578,1.6698942538181958,1.1082107976736177,MEX
LSTM(16),red neuronal,2024,2025,1,0.561683456144578,2.183430090125816,1.621746633981238,MEX
Comb. RF/AR(1) suave,combinacion,2024,2025,1,0.561683456144578,2.304537152443823,1.7428536962992451,MEX
Comb. RF/AR(1) dura,combinacion,2024,2025,1,0.561683456144578,2.761717306856985,2.200033850712407,MEX
Comb. RF/ingenuo suave,combinacion,2024,2025,1,0.561683456144578,1.9369369847907194,1.3752535286461414,MEX
Comb. LSTM/AR(1) suave,combinacion,2024,2025,1,0.561683456144578,2.1895748790665874,1.6278914229220094,MEX
Comb. RF/AR(1) umbral min,combinacion,2024,2025,1,0.561683456144578,2.761717306856985,2.200033850712407,MEX
Ingenuo,referencia,1990,1991,1,-0.189281493926757,-0.0524997212688305,0.13678177265792651,NIC
Deriva,referencia,1990,1991,1,-0.189281493926757,-0.31285293229502914,-0.12357143836827214,NIC
AR(1),Box-Jenkins,1990,1991,1,-0.189281493926757,1.26810479770664,1.457386291633397,NIC
"ARMA(2,2)",Box-Jenkins,1990,1991,1,-0.189281493926757,-2.064626637565729,-1.875345143638972,NIC
"ARIMA(1,1,1)",Box-Jenkins,1990,1991,1,-0.189281493926757,-1.6878241908314144,-1.4985426969046574,NIC
Ridge sobre rezagos,regularizado,1990,1991,1,-0.189281493926757,-2.9487090528028284,-2.7594275588760713,NIC
Random Forest,aprendizaje,1990,1991,1,-0.189281493926757,-3.742214276747311,-3.552932782820554,NIC
LSTM(16),red neuronal,1990,1991,1,-0.189281493926757,,,NIC
Comb. RF/AR(1) suave,combinacion,1990,1991,1,-0.189281493926757,-1.6974992661137858,-1.5082177721870287,NIC
Comb. RF/AR(1) dura,combinacion,1990,1991,1,-0.189281493926757,-1.6974992661137858,-1.5082177721870287,NIC
Comb. RF/ingenuo suave,combinacion,1990,1991,1,-0.189281493926757,-1.6974992661137858,-1.5082177721870287,NIC
Comb. LSTM/AR(1) suave,combinacion,1990,1991,1,-0.189281493926757,,,NIC
Comb. RF/AR(1) umbral min,combinacion,1990,1991,1,-0.189281493926757,1.26810479770664,1.457386291633397,NIC
Ingenuo,referencia,1991,1992,1,0.386346578416166,-0.189281493926757,-0.575628072342923,NIC
Deriva,referencia,1991,1992,1,0.386346578416166,-0.4455156570073465,-0.8318622354235126,NIC
AR(1),Box-Jenkins,1991,1992,1,0.386346578416166,1.1696867783826912,0.7833401999665253,NIC
"ARMA(2,2)",Box-Jenkins,1991,1992,1,0.386346578416166,-0.16186642462593517,-0.5482130030421012,NIC
"ARIMA(1,1,1)",Box-Jenkins,1991,1992,1,0.386346578416166,-1.4056463225379408,-1.7919929009541067,NIC
Ridge sobre rezagos,regularizado,1991,1992,1,0.386346578416166,-1.2035238277117764,-1.5898704061279423,NIC
Random Forest,aprendizaje,1991,1992,1,0.386346578416166,-2.880718568843366,-3.2670651472595322,NIC
LSTM(16),red neuronal,1991,1992,1,0.386346578416166,,,NIC
Comb. RF/AR(1) suave,combinacion,1991,1992,1,0.386346578416166,-3.596594542981083,-3.982941121397249,NIC
Comb. RF/AR(1) dura,combinacion,1991,1992,1,0.386346578416166,-3.596594542981083,-3.982941121397249,NIC
Comb. RF/ingenuo suave,combinacion,1991,1992,1,0.386346578416166,-3.596594542981083,-3.982941121397249,NIC
Comb. LSTM/AR(1) suave,combinacion,1991,1992,1,0.386346578416166,,,NIC
Comb. RF/AR(1) umbral min,combinacion,1991,1992,1,0.386346578416166,1.1696867783826912,0.7833401999665253,NIC
Ingenuo,referencia,1992,1993,1,-0.392936046663081,0.386346578416166,0.7792826250792471,NIC
Deriva,referencia,1992,1993,1,-0.392936046663081,0.15694668099439943,0.5498827276574805,NIC
AR(1),Box-Jenkins,1992,1993,1,-0.392936046663081,1.3349462360070297,1.7278822826701106,NIC
"ARMA(2,2)",Box-Jenkins,1992,1993,1,-0.392936046663081,-1.557472695933069,-1.164536649269988,NIC
"ARIMA(1,1,1)",Box-Jenkins,1992,1993,1,-0.392936046663081,-0.9959512318071548,-0.6030151851440738,NIC
Ridge sobre rezagos,regularizado,1992,1993,1,-0.392936046663081,1.3601916220033468,1.7531276686664277,NIC
Random Forest,aprendizaje,1992,1993,1,-0.392936046663081,-1.7929760779611206,-1.4000400312980394,NIC
LSTM(16),red neuronal,1992,1993,1,-0.392936046663081,-0.14026163706875394,0.2526744095943271,NIC
Comb. RF/AR(1) suave,combinacion,1992,1993,1,-0.392936046663081,-0.8804933218495384,-0.4875572751864574,NIC
Comb. RF/AR(1) dura,combinacion,1992,1993,1,-0.392936046663081,-0.8804933218495384,-0.4875572751864574,NIC
Comb. RF/ingenuo suave,combinacion,1992,1993,1,-0.392936046663081,-0.8804933218495384,-0.4875572751864574,NIC
Comb. LSTM/AR(1) suave,combinacion,1992,1993,1,-0.392936046663081,,,NIC
Comb. RF/AR(1) umbral min,combinacion,1992,1993,1,-0.392936046663081,1.3349462360070297,1.7278822826701106,NIC
Ingenuo,referencia,1993,1994,1,3.33772611282539,-0.392936046663081,-3.730662159488471,NIC
Deriva,referencia,1993,1994,1,3.33772611282539,-0.6395197793241438,-3.9772458921495337,NIC
AR(1),Box-Jenkins,1993,1994,1,3.33772611282539,1.015850244213664,-2.321875868611726,NIC
"ARMA(2,2)",Box-Jenkins,1993,1994,1,3.33772611282539,-0.7007458336561834,-4.0384719464815735,NIC
"ARIMA(1,1,1)",Box-Jenkins,1993,1994,1,3.33772611282539,-1.001182178088712,-4.338908290914102,NIC
Ridge sobre rezagos,regularizado,1993,1994,1,3.33772611282539,-3.2997927482762446,-6.6375188611016345,NIC
Random Forest,aprendizaje,1993,1994,1,3.33772611282539,-0.8422645442025339,-4.179990657027924,NIC
LSTM(16),red neuronal,1993,1994,1,3.33772611282539,-0.025397898943798403,-3.3631240117691883,NIC
Comb. RF/AR(1) suave,combinacion,1993,1994,1,3.33772611282539,-1.5989567918003218,-4.9366829046257115,NIC
Comb. RF/AR(1) dura,combinacion,1993,1994,1,3.33772611282539,-1.5989567918003218,-4.9366829046257115,NIC
Comb. RF/ingenuo suave,combinacion,1993,1994,1,3.33772611282539,-1.5989567918003218,-4.9366829046257115,NIC
Comb. LSTM/AR(1) suave,combinacion,1993,1994,1,3.33772611282539,,,NIC
Comb. RF/AR(1) umbral min,combinacion,1993,1994,1,3.33772611282539,1.015850244213664,-2.321875868611726,NIC
Ingenuo,referencia,1994,1995,1,5.91190793658714,3.33772611282539,-2.5741818237617498,NIC
Deriva,referencia,1994,1995,1,5.91190793658714,3.211664982956737,-2.7002429536304025,NIC
AR(1),Box-Jenkins,1994,1995,1,5.91190793658714,2.338185732935204,-3.573722203651936,NIC
"ARMA(2,2)",Box-Jenkins,1994,1995,1,5.91190793658714,-0.45217449479730654,-6.364082431384446,NIC
"ARIMA(1,1,1)",Box-Jenkins,1994,1995,1,5.91190793658714,0.2759728719078911,-5.6359350646792485,NIC
Ridge sobre rezagos,regularizado,1994,1995,1,5.91190793658714,-0.12981655407628884,-6.041724490663428,NIC
Random Forest,aprendizaje,1994,1995,1,5.91190793658714,0.1382217735998113,-5.773686162987328,NIC
LSTM(16),red neuronal,1994,1995,1,5.91190793658714,0.11623917289720342,-5.795668763689936,NIC
Comb. RF/AR(1) suave,combinacion,1994,1995,1,5.91190793658714,0.05837072010678085,-5.853537216480359,NIC
Comb. RF/AR(1) dura,combinacion,1994,1995,1,5.91190793658714,0.05837072010678085,-5.853537216480359,NIC
Comb. RF/ingenuo suave,combinacion,1994,1995,1,5.91190793658714,0.05837072010678085,-5.853537216480359,NIC
Comb. LSTM/AR(1) suave,combinacion,1994,1995,1,5.91190793658714,,,NIC
Comb. RF/AR(1) umbral min,combinacion,1994,1995,1,5.91190793658714,2.338185732935204,-3.573722203651936,NIC
Ingenuo,referencia,1995,1996,1,6.3442683605154,5.91190793658714,-0.4323604239282606,NIC
Deriva,referencia,1995,1996,1,6.3442683605154,5.865265717119381,-0.4790026433960195,NIC
AR(1),Box-Jenkins,1995,1996,1,6.3442683605154,3.3115258924597026,-3.0327424680556976,NIC
"ARMA(2,2)",Box-Jenkins,1995,1996,1,6.3442683605154,-0.08789733690442858,-6.432165697419829,NIC
"ARIMA(1,1,1)",Box-Jenkins,1995,1996,1,6.3442683605154,1.6587417428145113,-4.685526617700889,NIC
Ridge sobre rezagos,regularizado,1995,1996,1,6.3442683605154,-0.5636975336416554,-6.907965894157056,NIC
Random Forest,aprendizaje,1995,1996,1,6.3442683605154,1.437890513591767,-4.906377846923633,NIC
LSTM(16),red neuronal,1995,1996,1,6.3442683605154,0.30067679655134416,-6.043591563964056,NIC
Comb. RF/AR(1) suave,combinacion,1995,1996,1,6.3442683605154,1.680326945825667,-4.663941414689733,NIC
Comb. RF/AR(1) dura,combinacion,1995,1996,1,6.3442683605154,1.680326945825667,-4.663941414689733,NIC
Comb. RF/ingenuo suave,combinacion,1995,1996,1,6.3442683605154,1.680326945825667,-4.663941414689733,NIC
Comb. LSTM/AR(1) suave,combinacion,1995,1996,1,6.3442683605154,,,NIC
Comb. RF/AR(1) umbral min,combinacion,1995,1996,1,6.3442683605154,3.3115258924597026,-3.0327424680556976,NIC
Ingenuo,referencia,1996,1997,1,3.96665092760821,6.3442683605154,2.3776174329071904,NIC
Deriva,referencia,1996,1997,1,3.96665092760821,6.311311930858957,2.344661003250747,NIC
AR(1),Box-Jenkins,1996,1997,1,3.96665092760821,3.5687147447327177,-0.39793618287549215,NIC
"ARMA(2,2)",Box-Jenkins,1996,1997,1,3.96665092760821,-0.4859290638913447,-4.4525799914995545,NIC
"ARIMA(1,1,1)",Box-Jenkins,1996,1997,1,3.96665092760821,2.5589473019960103,-1.4077036256121995,NIC
Ridge sobre rezagos,regularizado,1996,1997,1,3.96665092760821,1.4315587686112377,-2.535092158996972,NIC
Random Forest,aprendizaje,1996,1997,1,3.96665092760821,7.140505003361127,3.173854075752917,NIC
LSTM(16),red neuronal,1996,1997,1,3.96665092760821,1.0967278983712492,-2.8699230292369604,NIC
Comb. RF/AR(1) suave,combinacion,1996,1997,1,3.96665092760821,4.1913561638658425,0.22470523625763272,NIC
Comb. RF/AR(1) dura,combinacion,1996,1997,1,3.96665092760821,4.1913561638658425,0.22470523625763272,NIC
Comb. RF/ingenuo suave,combinacion,1996,1997,1,3.96665092760821,4.1913561638658425,0.22470523625763272,NIC
Comb. LSTM/AR(1) suave,combinacion,1996,1997,1,3.96665092760821,0.4627848956031455,-3.5038660320050643,NIC
Comb. RF/AR(1) umbral min,combinacion,1996,1997,1,3.96665092760821,3.582000895313084,-0.38465003229512584,NIC
Ingenuo,referencia,1997,1998,1,3.71168146396694,3.96665092760821,0.2549694636412698,NIC
Deriva,referencia,1997,1998,1,3.71168146396694,3.868565025639245,0.15688356167230522,NIC
AR(1),Box-Jenkins,1997,1998,1,3.71168146396694,2.7677508692109742,-0.9439305947559657,NIC
"ARMA(2,2)",Box-Jenkins,1997,1998,1,3.71168146396694,-1.0895052664141827,-4.801186730381122,NIC
"ARIMA(1,1,1)",Box-Jenkins,1997,1998,1,3.71168146396694,2.348254493138814,-1.363426970828126,NIC
Ridge sobre rezagos,regularizado,1997,1998,1,3.71168146396694,1.4758570513403138,-2.2358244126266262,NIC
Random Forest,aprendizaje,1997,1998,1,3.71168146396694,4.7058020680932895,0.9941206041263495,NIC
LSTM(16),red neuronal,1997,1998,1,3.71168146396694,1.1012050940871667,-2.6104763698797733,NIC
Comb. RF/AR(1) suave,combinacion,1997,1998,1,3.71168146396694,3.1237475516214697,-0.5879339123454703,NIC
Comb. RF/AR(1) dura,combinacion,1997,1998,1,3.71168146396694,3.1237475516214697,-0.5879339123454703,NIC
Comb. RF/ingenuo suave,combinacion,1997,1998,1,3.71168146396694,3.1237475516214697,-0.5879339123454703,NIC
Comb. LSTM/AR(1) suave,combinacion,1997,1998,1,3.71168146396694,0.5133741356020762,-3.198307328364864,NIC
Comb. RF/AR(1) umbral min,combinacion,1997,1998,1,3.71168146396694,3.1237475516214697,-0.5879339123454703,NIC
Ingenuo,referencia,1998,1999,1,7.03597046350201,3.71168146396694,-3.32428899953507,NIC
Deriva,referencia,1998,1999,1,7.03597046350201,3.609355465736562,-3.426614997765448,NIC
AR(1),Box-Jenkins,1998,1999,1,7.03597046350201,2.7069313671009527,-4.329039096401058,NIC
"ARMA(2,2)",Box-Jenkins,1998,1999,1,7.03597046350201,-0.7481344175975799,-7.78410488109959,NIC
"ARIMA(1,1,1)",Box-Jenkins,1998,1999,1,7.03597046350201,2.5375869506136284,-4.498383512888381,NIC
Ridge sobre rezagos,regularizado,1998,1999,1,7.03597046350201,1.323797567791653,-5.712172895710357,NIC
Random Forest,aprendizaje,1998,1999,1,7.03597046350201,4.928916172666122,-2.1070542908358876,NIC
LSTM(16),red neuronal,1998,1999,1,7.03597046350201,1.0854142944468863,-5.950556169055123,NIC
Comb. RF/AR(1) suave,combinacion,1998,1999,1,7.03597046350201,4.716747479382244,-2.319222984119766,NIC
Comb. RF/AR(1) dura,combinacion,1998,1999,1,7.03597046350201,4.716747479382244,-2.319222984119766,NIC
Comb. RF/ingenuo suave,combinacion,1998,1999,1,7.03597046350201,4.716747479382244,-2.319222984119766,NIC
Comb. LSTM/AR(1) suave,combinacion,1998,1999,1,7.03597046350201,0.5844900783237665,-6.451480385178243,NIC
Comb. RF/AR(1) umbral min,combinacion,1998,1999,1,7.03597046350201,4.598838380134826,-2.4371320833671843,NIC
Ingenuo,referencia,1999,2000,1,4.10159025073438,7.03597046350201,2.93438021276763,NIC
Deriva,referencia,1999,2000,1,4.10159025073438,7.023818544160196,2.9222282934258166,NIC
AR(1),Box-Jenkins,1999,2000,1,4.10159025073438,3.978001329261353,-0.12358892147302658,NIC
"ARMA(2,2)",Box-Jenkins,1999,2000,1,4.10159025073438,-0.30945843700169684,-4.411048687736077,NIC
"ARIMA(1,1,1)",Box-Jenkins,1999,2000,1,4.10159025073438,4.023084630507293,-0.0785056202270864,NIC
Ridge sobre rezagos,regularizado,1999,2000,1,4.10159025073438,2.5210571868208547,-1.580533063913525,NIC
Random Forest,aprendizaje,1999,2000,1,4.10159025073438,8.31415294563857,4.21256269490419,NIC
LSTM(16),red neuronal,1999,2000,1,4.10159025073438,1.6109047725712355,-2.4906854781631442,NIC
Comb. RF/AR(1) suave,combinacion,1999,2000,1,4.10159025073438,4.966861596023472,0.8652713452890923,NIC
Comb. RF/AR(1) dura,combinacion,1999,2000,1,4.10159025073438,4.966861596023472,0.8652713452890923,NIC
Comb. RF/ingenuo suave,combinacion,1999,2000,1,4.10159025073438,4.966861596023472,0.8652713452890923,NIC
Comb. LSTM/AR(1) suave,combinacion,1999,2000,1,4.10159025073438,0.7712196099826558,-3.330370640751724,NIC
Comb. RF/AR(1) umbral min,combinacion,1999,2000,1,4.10159025073438,4.864042313168154,0.7624520624337743,NIC
Ingenuo,referencia,2000,2001,1,2.96084349057273,4.10159025073438,1.1407467601616497,NIC
Deriva,referencia,2000,2001,1,2.96084349057273,4.014509400791904,1.0536659102191739,NIC
AR(1),Box-Jenkins,2000,2001,1,2.96084349057273,2.963835464766206,0.002991974193475855,NIC
"ARMA(2,2)",Box-Jenkins,2000,2001,1,2.96084349057273,-1.7572584113653722,-4.718101901938102,NIC
"ARIMA(1,1,1)",Box-Jenkins,2000,2001,1,2.96084349057273,3.494294642117737,0.5334511515450071,NIC
Ridge sobre rezagos,regularizado,2000,2001,1,2.96084349057273,1.276827277712289,-1.684016212860441,NIC
Random Forest,aprendizaje,2000,2001,1,2.96084349057273,4.76944326915472,1.8085997785819896,NIC
LSTM(16),red neuronal,2000,2001,1,2.96084349057273,1.3665138080431654,-1.5943296825295648,NIC
Comb. RF/AR(1) suave,combinacion,2000,2001,1,2.96084349057273,3.40617566498156,0.4453321744088301,NIC
Comb. RF/AR(1) dura,combinacion,2000,2001,1,2.96084349057273,3.40617566498156,0.4453321744088301,NIC
Comb. RF/ingenuo suave,combinacion,2000,2001,1,2.96084349057273,3.40617566498156,0.4453321744088301,NIC
Comb. LSTM/AR(1) suave,combinacion,2000,2001,1,2.96084349057273,-0.552412839992551,-3.513256330565281,NIC
Comb. RF/AR(1) umbral min,combinacion,2000,2001,1,2.96084349057273,3.3727726955891355,0.4119292050164054,NIC
Ingenuo,referencia,2001,2002,1,0.753938876079573,2.96084349057273,2.206904614493157,NIC
Deriva,referencia,2001,2002,1,0.753938876079573,2.847420992874775,2.093482116795202,NIC
AR(1),Box-Jenkins,2001,2002,1,0.753938876079573,2.5677504444284858,1.8138115683489127,NIC
"ARMA(2,2)",Box-Jenkins,2001,2002,1,0.753938876079573,1.4666037712988182,0.7126648952192453,NIC
"ARIMA(1,1,1)",Box-Jenkins,2001,2002,1,0.753938876079573,3.167300526284342,2.413361650204769,NIC
Ridge sobre rezagos,regularizado,2001,2002,1,0.753938876079573,2.7686500258214473,2.014711149741874,NIC
Random Forest,aprendizaje,2001,2002,1,0.753938876079573,4.288313672392013,3.5343747963124397,NIC
LSTM(16),red neuronal,2001,2002,1,0.753938876079573,4.931364166591512,4.177425290511939,NIC
Comb. RF/AR(1) suave,combinacion,2001,2002,1,0.753938876079573,4.378787164298845,3.6248482882192716,NIC
Comb. RF/AR(1) dura,combinacion,2001,2002,1,0.753938876079573,4.378787164298845,3.6248482882192716,NIC
Comb. RF/ingenuo suave,combinacion,2001,2002,1,0.753938876079573,4.378787164298845,3.6248482882192716,NIC
Comb. LSTM/AR(1) suave,combinacion,2001,2002,1,0.753938876079573,3.5202433901349566,2.7663045140553835,NIC
Comb. RF/AR(1) umbral min,combinacion,2001,2002,1,0.753938876079573,4.30298379141961,3.549044915340037,NIC
Ingenuo,referencia,2002,2003,1,2.52073289551447,0.753938876079573,-1.7667940194348968,NIC
Deriva,referencia,2002,2003,1,2.52073289551447,0.5894558389475887,-1.931277056566881,NIC
AR(1),Box-Jenkins,2002,2003,1,2.52073289551447,1.7580988993854496,-0.7626339961290203,NIC
"ARMA(2,2)",Box-Jenkins,2002,2003,1,2.52073289551447,-0.3447543258445218,-2.8654872213589915,NIC
"ARIMA(1,1,1)",Box-Jenkins,2002,2003,1,2.52073289551447,2.2815278036659086,-0.2392050918485613,NIC
Ridge sobre rezagos,regularizado,2002,2003,1,2.52073289551447,1.2768578205480536,-1.2438750749664162,NIC
Random Forest,aprendizaje,2002,2003,1,2.52073289551447,4.7729019259736845,2.2521690304592146,NIC
LSTM(16),red neuronal,2002,2003,1,2.52073289551447,1.1992509416217059,-1.321481953892764,NIC
Comb. RF/AR(1) suave,combinacion,2002,2003,1,2.52073289551447,3.938307675042668,1.417574779528198,NIC
Comb. RF/AR(1) dura,combinacion,2002,2003,1,2.52073289551447,3.938307675042668,1.417574779528198,NIC
Comb. RF/ingenuo suave,combinacion,2002,2003,1,2.52073289551447,3.938307675042668,1.417574779528198,NIC
Comb. LSTM/AR(1) suave,combinacion,2002,2003,1,2.52073289551447,-0.5373756580643421,-3.058108553578812,NIC
Comb. RF/AR(1) umbral min,combinacion,2002,2003,1,2.52073289551447,3.938307675042668,1.417574779528198,NIC
Ingenuo,referencia,2003,2004,1,5.31217056950739,2.52073289551447,-2.79143767399292,NIC
Deriva,referencia,2003,2004,1,5.31217056950739,2.402232645443602,-2.909937924063788,NIC
AR(1),Box-Jenkins,2003,2004,1,5.31217056950739,2.388880794942269,-2.923289774565121,NIC
"ARMA(2,2)",Box-Jenkins,2003,2004,1,5.31217056950739,2.2220444855494237,-3.090126083957966,NIC
"ARIMA(1,1,1)",Box-Jenkins,2003,2004,1,5.31217056950739,2.663989732949105,-2.648180836558285,NIC
Ridge sobre rezagos,regularizado,2003,2004,1,5.31217056950739,1.641624235975864,-3.670546333531526,NIC
Random Forest,aprendizaje,2003,2004,1,5.31217056950739,2.999484103418372,-2.312686466089018,NIC
LSTM(16),red neuronal,2003,2004,1,5.31217056950739,3.3742724131110338,-1.937898156396356,NIC
Comb. RF/AR(1) suave,combinacion,2003,2004,1,5.31217056950739,1.705174699257745,-3.6069958702496447,NIC
Comb. RF/AR(1) dura,combinacion,2003,2004,1,5.31217056950739,1.705174699257745,-3.6069958702496447,NIC
Comb. RF/ingenuo suave,combinacion,2003,2004,1,5.31217056950739,1.705174699257745,-3.6069958702496447,NIC
Comb. LSTM/AR(1) suave,combinacion,2003,2004,1,5.31217056950739,3.617188307243062,-1.6949822622643276,NIC
Comb. RF/AR(1) umbral min,combinacion,2003,2004,1,5.31217056950739,1.705174699257745,-3.6069958702496447,NIC
Ingenuo,referencia,2004,2005,1,4.28239833770654,5.31217056950739,1.02977223180085,NIC
Deriva,referencia,2004,2005,1,4.28239833770654,5.26134329441475,0.9789449567082098,NIC
AR(1),Box-Jenkins,2004,2005,1,4.28239833770654,3.4229485363430383,-0.8594498013635015,NIC
"ARMA(2,2)",Box-Jenkins,2004,2005,1,4.28239833770654,1.3124585981525494,-2.9699397395539906,NIC
"ARIMA(1,1,1)",Box-Jenkins,2004,2005,1,4.28239833770654,3.6458562981774296,-0.6365420395291101,NIC
Ridge sobre rezagos,regularizado,2004,2005,1,4.28239833770654,2.7687025815021196,-1.5136957562044202,NIC
Random Forest,aprendizaje,2004,2005,1,4.28239833770654,3.025775735015681,-1.2566226026908587,NIC
LSTM(16),red neuronal,2004,2005,1,4.28239833770654,4.138366102014649,-0.14403223569189105,NIC
Comb. RF/AR(1) suave,combinacion,2004,2005,1,4.28239833770654,3.019148186033364,-1.2632501516731756,NIC
Comb. RF/AR(1) dura,combinacion,2004,2005,1,4.28239833770654,3.019148186033364,-1.2632501516731756,NIC
Comb. RF/ingenuo suave,combinacion,2004,2005,1,4.28239833770654,3.019148186033364,-1.2632501516731756,NIC
Comb. LSTM/AR(1) suave,combinacion,2004,2005,1,4.28239833770654,2.9880759343662704,-1.2943224033402694,NIC
Comb. RF/AR(1) umbral min,combinacion,2004,2005,1,4.28239833770654,3.019148186033364,-1.2632501516731756,NIC
Ingenuo,referencia,2005,2006,1,4.15294559846254,4.28239833770654,0.12945273924399991,NIC
Deriva,referencia,2005,2006,1,4.15294559846254,4.209322313597804,0.0563767151352641,NIC
AR(1),Box-Jenkins,2005,2006,1,4.15294559846254,3.088192835168992,-1.0647527632935478,NIC
"ARMA(2,2)",Box-Jenkins,2005,2006,1,4.15294559846254,2.3635599832643934,-1.7893856151981464,NIC
"ARIMA(1,1,1)",Box-Jenkins,2005,2006,1,4.15294559846254,3.5536281990257645,-0.5993173994367753,NIC
Ridge sobre rezagos,regularizado,2005,2006,1,4.15294559846254,1.977094085079851,-2.175851513382689,NIC
Random Forest,aprendizaje,2005,2006,1,4.15294559846254,3.9367661059625814,-0.2161794924999585,NIC
LSTM(16),red neuronal,2005,2006,1,4.15294559846254,2.432668174937163,-1.7202774235253768,NIC
Comb. RF/AR(1) suave,combinacion,2005,2006,1,4.15294559846254,3.555227786031896,-0.5977178124306439,NIC
Comb. RF/AR(1) dura,combinacion,2005,2006,1,4.15294559846254,3.555227786031896,-0.5977178124306439,NIC
Comb. RF/ingenuo suave,combinacion,2005,2006,1,4.15294559846254,3.555227786031896,-0.5977178124306439,NIC
Comb. LSTM/AR(1) suave,combinacion,2005,2006,1,4.15294559846254,1.806184745682533,-2.346760852780007,NIC
Comb. RF/AR(1) umbral min,combinacion,2005,2006,1,4.15294559846254,3.5287165049750504,-0.6242290934874895,NIC
Ingenuo,referencia,2006,2007,1,5.0763520180987,4.15294559846254,-0.9234064196361604,NIC
Deriva,referencia,2006,2007,1,5.0763520180987,4.078616758461909,-0.9977352596367917,NIC
AR(1),Box-Jenkins,2006,2007,1,5.0763520180987,3.0683287697349537,-2.0080232483637466,NIC
"ARMA(2,2)",Box-Jenkins,2006,2007,1,5.0763520180987,1.6404791739527818,-3.4358728441459183,NIC
"ARIMA(1,1,1)",Box-Jenkins,2006,2007,1,5.0763520180987,3.6279112683736026,-1.4484407497250977,NIC
Ridge sobre rezagos,regularizado,2006,2007,1,5.0763520180987,3.0870771868358053,-1.989274831262895,NIC
Random Forest,aprendizaje,2006,2007,1,5.0763520180987,3.7106108000597526,-1.3657412180389477,NIC
LSTM(16),red neuronal,2006,2007,1,5.0763520180987,6.165266393579414,1.088914375480714,NIC
Comb. RF/AR(1) suave,combinacion,2006,2007,1,5.0763520180987,3.769113647540342,-1.3072383705583581,NIC
Comb. RF/AR(1) dura,combinacion,2006,2007,1,5.0763520180987,3.769113647540342,-1.3072383705583581,NIC
Comb. RF/ingenuo suave,combinacion,2006,2007,1,5.0763520180987,3.769113647540342,-1.3072383705583581,NIC
Comb. LSTM/AR(1) suave,combinacion,2006,2007,1,5.0763520180987,-0.9964279105499729,-6.072779928648673,NIC
Comb. RF/AR(1) umbral min,combinacion,2006,2007,1,5.0763520180987,3.709576315773386,-1.3667757023253144,NIC
Ingenuo,referencia,2007,2008,1,3.43571693608081,5.0763520180987,1.6406350820178903,NIC
Deriva,referencia,2007,2008,1,3.43571693608081,5.023713075046695,1.587996138965885,NIC
AR(1),Box-Jenkins,2007,2008,1,3.43571693608081,3.4373893749079825,0.0016724388271724955,NIC
"ARMA(2,2)",Box-Jenkins,2007,2008,1,3.43571693608081,3.0006565308964275,-0.4350604051843825,NIC
"ARIMA(1,1,1)",Box-Jenkins,2007,2008,1,3.43571693608081,4.050830104253802,0.6151131681729924,NIC
Ridge sobre rezagos,regularizado,2007,2008,1,3.43571693608081,2.589659543136679,-0.8460573929441311,NIC
Random Forest,aprendizaje,2007,2008,1,3.43571693608081,5.186108523014948,1.7503915869341378,NIC
LSTM(16),red neuronal,2007,2008,1,3.43571693608081,4.079283448627356,0.643566512546546,NIC
Comb. RF/AR(1) suave,combinacion,2007,2008,1,3.43571693608081,5.003328813395938,1.567611877315128,NIC
Comb. RF/AR(1) dura,combinacion,2007,2008,1,3.43571693608081,5.003328813395938,1.567611877315128,NIC
Comb. RF/ingenuo suave,combinacion,2007,2008,1,3.43571693608081,5.003328813395938,1.567611877315128,NIC
Comb. LSTM/AR(1) suave,combinacion,2007,2008,1,3.43571693608081,2.9861511925709334,-0.44956574350987655,NIC
Comb. RF/AR(1) umbral min,combinacion,2007,2008,1,3.43571693608081,5.003328813395938,1.567611877315128,NIC
Ingenuo,referencia,2008,2009,1,-3.2926651586197,3.43571693608081,6.72838209470051,NIC
Deriva,referencia,2008,2009,1,-3.2926651586197,3.3492908411359137,6.641955999755614,NIC
AR(1),Box-Jenkins,2008,2009,1,-3.2926651586197,2.863436032597222,6.156101191216922,NIC
"ARMA(2,2)",Box-Jenkins,2008,2009,1,-3.2926651586197,1.3529344921818995,4.6455996508016,NIC
"ARIMA(1,1,1)",Box-Jenkins,2008,2009,1,-3.2926651586197,3.6274285295627235,6.9200936881824235,NIC
Ridge sobre rezagos,regularizado,2008,2009,1,-3.2926651586197,1.7431375742459074,5.035802732865608,NIC
Random Forest,aprendizaje,2008,2009,1,-3.2926651586197,3.8001805661242134,7.092845724743913,NIC
LSTM(16),red neuronal,2008,2009,1,-3.2926651586197,3.3457988700632417,6.638464028682941,NIC
Comb. RF/AR(1) suave,combinacion,2008,2009,1,-3.2926651586197,4.091289929983395,7.383955088603095,NIC
Comb. RF/AR(1) dura,combinacion,2008,2009,1,-3.2926651586197,4.091289929983395,7.383955088603095,NIC
Comb. RF/ingenuo suave,combinacion,2008,2009,1,-3.2926651586197,4.091289929983395,7.383955088603095,NIC
Comb. LSTM/AR(1) suave,combinacion,2008,2009,1,-3.2926651586197,1.3240202876675717,4.6166854462872715,NIC
Comb. RF/AR(1) umbral min,combinacion,2008,2009,1,-3.2926651586197,4.091289929983395,7.383955088603095,NIC
Ingenuo,referencia,2009,2010,1,4.41009911716546,-3.2926651586197,-7.70276427578516,NIC
Deriva,referencia,2009,2010,1,4.41009911716546,-3.517465336892838,-7.927564454058299,NIC
AR(1),Box-Jenkins,2009,2010,1,4.41009911716546,0.3954425998541946,-4.014656517311265,NIC
"ARMA(2,2)",Box-Jenkins,2009,2010,1,4.41009911716546,0.2758451433288707,-4.134253973836589,NIC
"ARIMA(1,1,1)",Box-Jenkins,2009,2010,1,4.41009911716546,1.1343496443652659,-3.2757494728001944,NIC
Ridge sobre rezagos,regularizado,2009,2010,1,4.41009911716546,0.337651610249454,-4.072447506916006,NIC
Random Forest,aprendizaje,2009,2010,1,4.41009911716546,2.370669862456874,-2.0394292547085864,NIC
LSTM(16),red neuronal,2009,2010,1,4.41009911716546,-4.613718290521135,-9.023817407686595,NIC
Comb. RF/AR(1) suave,combinacion,2009,2010,1,4.41009911716546,2.0201265782046876,-2.3899725389607727,NIC
Comb. RF/AR(1) dura,combinacion,2009,2010,1,4.41009911716546,2.0201265782046876,-2.3899725389607727,NIC
Comb. RF/ingenuo suave,combinacion,2009,2010,1,4.41009911716546,2.0201265782046876,-2.3899725389607727,NIC
Comb. LSTM/AR(1) suave,combinacion,2009,2010,1,4.41009911716546,-3.958238747364217,-8.368337864529677,NIC
Comb. RF/AR(1) umbral min,combinacion,2009,2010,1,4.41009911716546,0.3954425998541946,-4.014656517311265,NIC
Ingenuo,referencia,2010,2011,1,6.31668553491842,4.41009911716546,-1.9065864177529601,NIC
Deriva,referencia,2010,2011,1,6.31668553491842,4.347085968566981,-1.9695995663514392,NIC
AR(1),Box-Jenkins,2010,2011,1,6.31668553491842,3.132173336641514,-3.1845121982769062,NIC
"ARMA(2,2)",Box-Jenkins,2010,2011,1,6.31668553491842,3.620526030038293,-2.6961595048801272,NIC
"ARIMA(1,1,1)",Box-Jenkins,2010,2011,1,6.31668553491842,3.1975630561792503,-3.11912247873917,NIC
Ridge sobre rezagos,regularizado,2010,2011,1,6.31668553491842,3.842310640790413,-2.4743748941280073,NIC
Random Forest,aprendizaje,2010,2011,1,6.31668553491842,3.189228490405462,-3.1274570445129584,NIC
LSTM(16),red neuronal,2010,2011,1,6.31668553491842,1.5845378116768505,-4.73214772324157,NIC
Comb. RF/AR(1) suave,combinacion,2010,2011,1,6.31668553491842,3.7293792174587725,-2.587306317459648,NIC
Comb. RF/AR(1) dura,combinacion,2010,2011,1,6.31668553491842,3.7293792174587725,-2.587306317459648,NIC
Comb. RF/ingenuo suave,combinacion,2010,2011,1,6.31668553491842,3.7293792174587725,-2.587306317459648,NIC
Comb. LSTM/AR(1) suave,combinacion,2010,2011,1,6.31668553491842,-3.173475078729593,-9.490160613648014,NIC
Comb. RF/AR(1) umbral min,combinacion,2010,2011,1,6.31668553491842,3.132173336641514,-3.1845121982769062,NIC
Ingenuo,referencia,2011,2012,1,6.4961364710876,6.31668553491842,-0.17945093616917962,NIC
Deriva,referencia,2011,2012,1,6.4961364710876,6.29306437764697,-0.20307209344063004,NIC
AR(1),Box-Jenkins,2011,2012,1,6.4961364710876,3.8462853381290563,-2.6498511329585437,NIC
"ARMA(2,2)",Box-Jenkins,2011,2012,1,6.4961364710876,1.3637287567343837,-5.132407714353216,NIC
"ARIMA(1,1,1)",Box-Jenkins,2011,2012,1,6.4961364710876,4.055096184638984,-2.441040286448616,NIC
Ridge sobre rezagos,regularizado,2011,2012,1,6.4961364710876,1.5299056563526574,-4.966230814734942,NIC
Random Forest,aprendizaje,2011,2012,1,6.4961364710876,-0.7929751262034114,-7.289111597291011,NIC
LSTM(16),red neuronal,2011,2012,1,6.4961364710876,2.6294424776918826,-3.8666939933957174,NIC
Comb. RF/AR(1) suave,combinacion,2011,2012,1,6.4961364710876,1.9953030829190808,-4.50083338816852,NIC
Comb. RF/AR(1) dura,combinacion,2011,2012,1,6.4961364710876,1.9953030829190808,-4.50083338816852,NIC
Comb. RF/ingenuo suave,combinacion,2011,2012,1,6.4961364710876,1.9953030829190808,-4.50083338816852,NIC
Comb. LSTM/AR(1) suave,combinacion,2011,2012,1,6.4961364710876,-0.4190395945539298,-6.91517606564153,NIC
Comb. RF/AR(1) umbral min,combinacion,2011,2012,1,6.4961364710876,3.8462853381290563,-2.6498511329585437,NIC
Ingenuo,referencia,2012,2013,1,4.92709413447304,6.4961364710876,1.5690423366145598,NIC
Deriva,referencia,2012,2013,1,4.92709413447304,6.4764971195698875,1.5494029850968474,NIC
AR(1),Box-Jenkins,2012,2013,1,4.92709413447304,3.977331463962554,-0.949762670510486,NIC
"ARMA(2,2)",Box-Jenkins,2012,2013,1,4.92709413447304,4.157691798721152,-0.769402335751888,NIC
"ARIMA(1,1,1)",Box-Jenkins,2012,2013,1,4.92709413447304,4.4794646884358365,-0.44762944603720367,NIC
Ridge sobre rezagos,regularizado,2012,2013,1,4.92709413447304,3.396041594434747,-1.531052540038293,NIC
Random Forest,aprendizaje,2012,2013,1,4.92709413447304,3.9410058839114783,-0.9860882505615618,NIC
LSTM(16),red neuronal,2012,2013,1,4.92709413447304,3.4281596619117196,-1.4989344725613205,NIC
Comb. RF/AR(1) suave,combinacion,2012,2013,1,4.92709413447304,3.4520799043424075,-1.4750142301306326,NIC
Comb. RF/AR(1) dura,combinacion,2012,2013,1,4.92709413447304,3.4520799043424075,-1.4750142301306326,NIC
Comb. RF/ingenuo suave,combinacion,2012,2013,1,4.92709413447304,3.4520799043424075,-1.4750142301306326,NIC
Comb. LSTM/AR(1) suave,combinacion,2012,2013,1,4.92709413447304,9.644872483874323,4.717778349401283,NIC
Comb. RF/AR(1) umbral min,combinacion,2012,2013,1,4.92709413447304,3.977331463962554,-0.949762670510486,NIC
Ingenuo,referencia,2013,2014,1,4.78546013589983,4.92709413447304,0.14163399857321046,NIC
Deriva,referencia,2013,2014,1,4.78546013589983,4.877658571703465,0.09219843580363563,NIC
AR(1),Box-Jenkins,2013,2014,1,4.78546013589983,3.460832582634694,-1.3246275532651355,NIC
"ARMA(2,2)",Box-Jenkins,2013,2014,1,4.78546013589983,1.268268396970805,-3.5171917389290246,NIC
"ARIMA(1,1,1)",Box-Jenkins,2013,2014,1,4.78546013589983,4.235303206159621,-0.5501569297402087,NIC
Ridge sobre rezagos,regularizado,2013,2014,1,4.78546013589983,3.9487860244270503,-0.8366741114727794,NIC
Random Forest,aprendizaje,2013,2014,1,4.78546013589983,3.297371895508393,-1.4880882403914368,NIC
LSTM(16),red neuronal,2013,2014,1,4.78546013589983,2.911343178055964,-1.8741169578438654,NIC
Comb. RF/AR(1) suave,combinacion,2013,2014,1,4.78546013589983,3.5526587515461348,-1.232801384353695,NIC
Comb. RF/AR(1) dura,combinacion,2013,2014,1,4.78546013589983,3.5526587515461348,-1.232801384353695,NIC
Comb. RF/ingenuo suave,combinacion,2013,2014,1,4.78546013589983,3.5526587515461348,-1.232801384353695,NIC
Comb. LSTM/AR(1) suave,combinacion,2013,2014,1,4.78546013589983,0.6294227172782252,-4.1560374186216045,NIC
Comb. RF/AR(1) umbral min,combinacion,2013,2014,1,4.78546013589983,3.460832582634694,-1.3246275532651355,NIC
Ingenuo,referencia,2014,2015,1,4.79226768332697,4.78546013589983,-0.0068075474271402925,NIC
Deriva,referencia,2014,2015,1,4.79226768332697,4.734284980001885,-0.05798270332508526,NIC
AR(1),Box-Jenkins,2014,2015,1,4.79226768332697,3.439727781146249,-1.352539902180721,NIC
"ARMA(2,2)",Box-Jenkins,2014,2015,1,4.79226768332697,4.252188720692933,-0.5400789626340368,NIC
"ARIMA(1,1,1)",Box-Jenkins,2014,2015,1,4.79226768332697,4.292475064979794,-0.49979261834717637,NIC
Ridge sobre rezagos,regularizado,2014,2015,1,4.79226768332697,2.0545891978171467,-2.7376784855098233,NIC
Random Forest,aprendizaje,2014,2015,1,4.79226768332697,3.1541094918839425,-1.6381581914430274,NIC
LSTM(16),red neuronal,2014,2015,1,4.79226768332697,3.0185082447672515,-1.7737594385597184,NIC
Comb. RF/AR(1) suave,combinacion,2014,2015,1,4.79226768332697,3.689709370414203,-1.102558312912767,NIC
Comb. RF/AR(1) dura,combinacion,2014,2015,1,4.79226768332697,3.689709370414203,-1.102558312912767,NIC
Comb. RF/ingenuo suave,combinacion,2014,2015,1,4.79226768332697,3.689709370414203,-1.102558312912767,NIC
Comb. LSTM/AR(1) suave,combinacion,2014,2015,1,4.79226768332697,3.3163828203154266,-1.4758848630115433,NIC
Comb. RF/AR(1) umbral min,combinacion,2014,2015,1,4.79226768332697,3.439727781146249,-1.352539902180721,NIC
Ingenuo,referencia,2015,2016,1,4.56314739524967,4.79226768332697,0.22912028807729978,NIC
Deriva,referencia,2015,2016,1,4.56314739524967,4.742166281194304,0.17901888594463422,NIC
AR(1),Box-Jenkins,2015,2016,1,4.56314739524967,3.469679385983537,-1.0934680092661333,NIC
"ARMA(2,2)",Box-Jenkins,2015,2016,1,4.56314739524967,1.5363497677556617,-3.0267976274940085,NIC
"ARIMA(1,1,1)",Box-Jenkins,2015,2016,1,4.56314739524967,4.371357576541091,-0.19178981870857914,NIC
Ridge sobre rezagos,regularizado,2015,2016,1,4.56314739524967,2.8535522433597036,-1.7095951518899666,NIC
Random Forest,aprendizaje,2015,2016,1,4.56314739524967,2.876330018224161,-1.686817377025509,NIC
LSTM(16),red neuronal,2015,2016,1,4.56314739524967,3.189009149073421,-1.374138246176249,NIC
Comb. RF/AR(1) suave,combinacion,2015,2016,1,4.56314739524967,2.7824940499876196,-1.7806533452620505,NIC
Comb. RF/AR(1) dura,combinacion,2015,2016,1,4.56314739524967,2.7824940499876196,-1.7806533452620505,NIC
Comb. RF/ingenuo suave,combinacion,2015,2016,1,4.56314739524967,2.7824940499876196,-1.7806533452620505,NIC
Comb. LSTM/AR(1) suave,combinacion,2015,2016,1,4.56314739524967,3.1216157615201414,-1.4415316337295287,NIC
Comb. RF/AR(1) umbral min,combinacion,2015,2016,1,4.56314739524967,3.469679385983537,-1.0934680092661333,NIC
Ingenuo,referencia,2016,2017,1,4.63120757580209,4.56314739524967,-0.06806018055242014,NIC
Deriva,referencia,2016,2017,1,4.63120757580209,4.509791104281647,-0.1214164715204431,NIC
AR(1),Box-Jenkins,2016,2017,1,4.63120757580209,3.4116389444733604,-1.21956863132873,NIC
"ARMA(2,2)",Box-Jenkins,2016,2017,1,4.63120757580209,4.243075641271726,-0.38813193453036465,NIC
"ARIMA(1,1,1)",Box-Jenkins,2016,2017,1,4.63120757580209,4.353827532246635,-0.2773800435554552,NIC
Ridge sobre rezagos,regularizado,2016,2017,1,4.63120757580209,2.823528233870162,-1.8076793419319284,NIC
Random Forest,aprendizaje,2016,2017,1,4.63120757580209,3.960965884444686,-0.6702416913574045,NIC
LSTM(16),red neuronal,2016,2017,1,4.63120757580209,3.205468458428795,-1.4257391173732952,NIC
Comb. RF/AR(1) suave,combinacion,2016,2017,1,4.63120757580209,3.628204076095064,-1.0030034997070265,NIC
Comb. RF/AR(1) dura,combinacion,2016,2017,1,4.63120757580209,3.628204076095064,-1.0030034997070265,NIC
Comb. RF/ingenuo suave,combinacion,2016,2017,1,4.63120757580209,3.628204076095064,-1.0030034997070265,NIC
Comb. LSTM/AR(1) suave,combinacion,2016,2017,1,4.63120757580209,2.8118188577692815,-1.8193887180328088,NIC
Comb. RF/AR(1) umbral min,combinacion,2016,2017,1,4.63120757580209,3.4116389444733604,-1.21956863132873,NIC
Ingenuo,referencia,2017,2018,1,-3.3633566598573,4.63120757580209,7.99456423565939,NIC
Deriva,referencia,2017,2018,1,-3.3633566598573,4.580019436111218,7.943376095968518,NIC
AR(1),Box-Jenkins,2017,2018,1,-3.3633566598573,3.458877141137978,6.822233800995278,NIC
"ARMA(2,2)",Box-Jenkins,2017,2018,1,-3.3633566598573,1.7393252749160526,5.1026819347733525,NIC
"ARIMA(1,1,1)",Box-Jenkins,2017,2018,1,-3.3633566598573,4.409535678352037,7.772892338209337,NIC
Ridge sobre rezagos,regularizado,2017,2018,1,-3.3633566598573,3.4967017337194752,6.860058393576775,NIC
Random Forest,aprendizaje,2017,2018,1,-3.3633566598573,3.8356028653937697,7.19895952525107,NIC
LSTM(16),red neuronal,2017,2018,1,-3.3633566598573,3.5225458080882794,6.885902467945579,NIC
Comb. RF/AR(1) suave,combinacion,2017,2018,1,-3.3633566598573,4.208330761903648,7.571687421760948,NIC
Comb. RF/AR(1) dura,combinacion,2017,2018,1,-3.3633566598573,4.208330761903648,7.571687421760948,NIC
Comb. RF/ingenuo suave,combinacion,2017,2018,1,-3.3633566598573,4.208330761903648,7.571687421760948,NIC
Comb. LSTM/AR(1) suave,combinacion,2017,2018,1,-3.3633566598573,3.203450212928485,6.566806872785785,NIC
Comb. RF/AR(1) umbral min,combinacion,2017,2018,1,-3.3633566598573,3.458877141137978,6.822233800995278,NIC
Ingenuo,referencia,2018,2019,1,-2.89686986728901,-3.3633566598573,-0.46648679256828984,NIC
Deriva,referencia,2018,2019,1,-2.89686986728901,-3.553902274916041,-0.6570324076270309,NIC
AR(1),Box-Jenkins,2018,2019,1,-2.89686986728901,0.5789441590274307,3.4758140263164408,NIC
"ARMA(2,2)",Box-Jenkins,2018,2019,1,-2.89686986728901,0.9865955627565994,3.8834654300456095,NIC
"ARIMA(1,1,1)",Box-Jenkins,2018,2019,1,-2.89686986728901,1.5817876414734053,4.478657508762415,NIC
Ridge sobre rezagos,regularizado,2018,2019,1,-2.89686986728901,0.29603390455087286,3.192903771839883,NIC
Random Forest,aprendizaje,2018,2019,1,-2.89686986728901,0.7331369231038244,3.6300067903928346,NIC
LSTM(16),red neuronal,2018,2019,1,-2.89686986728901,-2.2747064030255246,0.6221634642634855,NIC
Comb. RF/AR(1) suave,combinacion,2018,2019,1,-2.89686986728901,1.833844649600666,4.730714516889676,NIC
Comb. RF/AR(1) dura,combinacion,2018,2019,1,-2.89686986728901,1.833844649600666,4.730714516889676,NIC
Comb. RF/ingenuo suave,combinacion,2018,2019,1,-2.89686986728901,1.833844649600666,4.730714516889676,NIC
Comb. LSTM/AR(1) suave,combinacion,2018,2019,1,-2.89686986728901,0.11882319989649925,3.0156930671855093,NIC
Comb. RF/AR(1) umbral min,combinacion,2018,2019,1,-2.89686986728901,0.5789441590274307,3.4758140263164408,NIC
Ingenuo,referencia,2019,2020,1,-2.23654176262323,-2.89686986728901,-0.6603281046657803,NIC
Deriva,referencia,2019,2020,1,-2.23654176262323,-3.0760873373886644,-0.8395455747654346,NIC
AR(1),Box-Jenkins,2019,2020,1,-2.23654176262323,0.6197827688617268,2.8563245314849564,NIC
"ARMA(2,2)",Box-Jenkins,2019,2020,1,-2.23654176262323,0.925717201630297,3.162258964253527,NIC
"ARIMA(1,1,1)",Box-Jenkins,2019,2020,1,-2.23654176262323,0.940380827520042,3.176922590143272,NIC
Ridge sobre rezagos,regularizado,2019,2020,1,-2.23654176262323,1.9018834641292286,4.138425226752458,NIC
Random Forest,aprendizaje,2019,2020,1,-2.23654176262323,0.3530232634359182,2.589565026059148,NIC
LSTM(16),red neuronal,2019,2020,1,-2.23654176262323,0.699202432021305,2.935744194644535,NIC
Comb. RF/AR(1) suave,combinacion,2019,2020,1,-2.23654176262323,1.3849328519288375,3.621474614552067,NIC
Comb. RF/AR(1) dura,combinacion,2019,2020,1,-2.23654176262323,1.3849328519288375,3.621474614552067,NIC
Comb. RF/ingenuo suave,combinacion,2019,2020,1,-2.23654176262323,1.3849328519288375,3.621474614552067,NIC
Comb. LSTM/AR(1) suave,combinacion,2019,2020,1,-2.23654176262323,1.7652134802869877,4.0017552429102174,NIC
Comb. RF/AR(1) umbral min,combinacion,2019,2020,1,-2.23654176262323,0.6197827688617268,2.8563245314849564,NIC
Ingenuo,referencia,2020,2021,1,10.4543887816515,-2.23654176262323,-12.69093054427473,NIC
Deriva,referencia,2020,2021,1,10.4543887816515,-2.4015296467099105,-12.855918428361411,NIC
AR(1),Box-Jenkins,2020,2021,1,10.4543887816515,0.7673284049166601,-9.687060376734841,NIC
"ARMA(2,2)",Box-Jenkins,2020,2021,1,10.4543887816515,0.6112424336828671,-9.843146347968634,NIC
"ARIMA(1,1,1)",Box-Jenkins,2020,2021,1,10.4543887816515,0.6202176805896245,-9.834171101061877,NIC
Ridge sobre rezagos,regularizado,2020,2021,1,10.4543887816515,0.20404455004033495,-10.250344231611166,NIC
Random Forest,aprendizaje,2020,2021,1,10.4543887816515,-3.1643803505074577,-13.618769132158958,NIC
LSTM(16),red neuronal,2020,2021,1,10.4543887816515,-0.24582143848495486,-10.700210220136455,NIC
Comb. RF/AR(1) suave,combinacion,2020,2021,1,10.4543887816515,-0.5578861200611978,-11.012274901712699,NIC
Comb. RF/AR(1) dura,combinacion,2020,2021,1,10.4543887816515,-0.5578861200611978,-11.012274901712699,NIC
Comb. RF/ingenuo suave,combinacion,2020,2021,1,10.4543887816515,-0.5578861200611978,-11.012274901712699,NIC
Comb. LSTM/AR(1) suave,combinacion,2020,2021,1,10.4543887816515,0.5487325656358943,-9.905656216015606,NIC
Comb. RF/AR(1) umbral min,combinacion,2020,2021,1,10.4543887816515,0.7673284049166601,-9.687060376734841,NIC
Ingenuo,referencia,2021,2022,1,3.55027477135765,10.4543887816515,6.904114010293851,NIC
Deriva,referencia,2021,2022,1,3.55027477135765,10.503666204704176,6.9533914333465265,NIC
AR(1),Box-Jenkins,2021,2022,1,3.55027477135765,5.35065208619293,1.8003773148352802,NIC
"ARMA(2,2)",Box-Jenkins,2021,2022,1,3.55027477135765,5.652742552004307,2.102467780646657,NIC
"ARIMA(1,1,1)",Box-Jenkins,2021,2022,1,3.55027477135765,5.358012465553366,1.807737694195716,NIC
Ridge sobre rezagos,regularizado,2021,2022,1,3.55027477135765,4.89362313284915,1.3433483614915,NIC
Random Forest,aprendizaje,2021,2022,1,3.55027477135765,2.748979904015699,-0.8012948673419511,NIC
LSTM(16),red neuronal,2021,2022,1,3.55027477135765,2.1815947951582566,-1.3686799761993935,NIC
Comb. RF/AR(1) suave,combinacion,2021,2022,1,3.55027477135765,2.316788461567122,-1.233486309790528,NIC
Comb. RF/AR(1) dura,combinacion,2021,2022,1,3.55027477135765,5.35065208619293,1.8003773148352802,NIC
Comb. RF/ingenuo suave,combinacion,2021,2022,1,3.55027477135765,2.335799976171846,-1.214474795185804,NIC
Comb. LSTM/AR(1) suave,combinacion,2021,2022,1,3.55027477135765,15.716951440374514,12.166676669016864,NIC
Comb. RF/AR(1) umbral min,combinacion,2021,2022,1,3.55027477135765,5.35065208619293,1.8003773148352802,NIC
Ingenuo,referencia,2022,2023,1,4.42779393186883,3.55027477135765,-0.8775191605111803,NIC
Deriva,referencia,2022,2023,1,4.42779393186883,3.4855621709128424,-0.942231760955988,NIC
AR(1),Box-Jenkins,2022,2023,1,4.42779393186883,2.969988051614398,-1.4578058802544325,NIC
"ARMA(2,2)",Box-Jenkins,2022,2023,1,4.42779393186883,-0.884710504178702,-5.312504436047533,NIC
"ARIMA(1,1,1)",Box-Jenkins,2022,2023,1,4.42779393186883,2.9706843036191537,-1.4571096282496767,NIC
Ridge sobre rezagos,regularizado,2022,2023,1,4.42779393186883,1.3432085433549652,-3.084585388513865,NIC
Random Forest,aprendizaje,2022,2023,1,4.42779393186883,-0.6724290788640678,-5.100223010732898,NIC
LSTM(16),red neuronal,2022,2023,1,4.42779393186883,2.3233607994514776,-2.104433132417353,NIC
Comb. RF/AR(1) suave,combinacion,2022,2023,1,4.42779393186883,-1.6344077132436228,-6.062201645112453,NIC
Comb. RF/AR(1) dura,combinacion,2022,2023,1,4.42779393186883,2.969988051614398,-1.4578058802544325,NIC
Comb. RF/ingenuo suave,combinacion,2022,2023,1,4.42779393186883,-1.6298895633999888,-6.057683495268819,NIC
Comb. LSTM/AR(1) suave,combinacion,2022,2023,1,4.42779393186883,2.1088312137143026,-2.318962718154528,NIC
Comb. RF/AR(1) umbral min,combinacion,2022,2023,1,4.42779393186883,2.969988051614398,-1.4578058802544325,NIC
Ingenuo,referencia,2023,2024,1,3.58094495324541,4.42779393186883,0.8468489786234206,NIC
Deriva,referencia,2023,2024,1,3.58094495324541,4.378278617891055,0.7973336646456448,NIC
AR(1),Box-Jenkins,2023,2024,1,3.58094495324541,3.286979137698129,-0.29396581554728085,NIC
"ARMA(2,2)",Box-Jenkins,2023,2024,1,3.58094495324541,5.691618271556665,2.1106733183112554,NIC
"ARIMA(1,1,1)",Box-Jenkins,2023,2024,1,3.58094495324541,3.5192891559202857,-0.06165579732512416,NIC
Ridge sobre rezagos,regularizado,2023,2024,1,3.58094495324541,3.602789993383695,0.021845040138285032,NIC
Random Forest,aprendizaje,2023,2024,1,3.58094495324541,3.248060537926054,-0.33288441531935575,NIC
LSTM(16),red neuronal,2023,2024,1,3.58094495324541,2.2491509041204507,-1.3317940491249591,NIC
Comb. RF/AR(1) suave,combinacion,2023,2024,1,3.58094495324541,3.8665777604711367,0.2856328072257268,NIC
Comb. RF/AR(1) dura,combinacion,2023,2024,1,3.58094495324541,3.8665777604711367,0.2856328072257268,NIC
Comb. RF/ingenuo suave,combinacion,2023,2024,1,3.58094495324541,3.8665777604711367,0.2856328072257268,NIC
Comb. LSTM/AR(1) suave,combinacion,2023,2024,1,3.58094495324541,2.208898550148856,-1.372046403096554,NIC
Comb. RF/AR(1) umbral min,combinacion,2023,2024,1,3.58094495324541,3.286979137698129,-0.29396581554728085,NIC
Ingenuo,referencia,2024,2025,1,4.92352556770889,3.58094495324541,-1.3425806144634804,NIC
Deriva,referencia,2024,2025,1,4.92352556770889,3.5187735493526238,-1.4047520183562665,NIC
AR(1),Box-Jenkins,2024,2025,1,4.92352556770889,3.0089646317335097,-1.9145609359753806,NIC
"ARMA(2,2)",Box-Jenkins,2024,2025,1,4.92352556770889,-0.6295875311706671,-5.553113098879558,NIC
"ARIMA(1,1,1)",Box-Jenkins,2024,2025,1,4.92352556770889,3.0096528655965216,-1.9138727021123687,NIC
Ridge sobre rezagos,regularizado,2024,2025,1,4.92352556770889,2.5179333433244717,-2.4055922243844186,NIC
Random Forest,aprendizaje,2024,2025,1,4.92352556770889,3.429151251653741,-1.4943743160551493,NIC
LSTM(16),red neuronal,2024,2025,1,4.92352556770889,2.290784835945539,-2.6327407317633513,NIC
Comb. RF/AR(1) suave,combinacion,2024,2025,1,4.92352556770889,2.902160292713757,-2.021365274995133,NIC
Comb. RF/AR(1) dura,combinacion,2024,2025,1,4.92352556770889,2.902160292713757,-2.021365274995133,NIC
Comb. RF/ingenuo suave,combinacion,2024,2025,1,4.92352556770889,2.902160292713757,-2.021365274995133,NIC
Comb. LSTM/AR(1) suave,combinacion,2024,2025,1,4.92352556770889,2.017114518462734,-2.9064110492461563,NIC
Comb. RF/AR(1) umbral min,combinacion,2024,2025,1,4.92352556770889,3.0089646317335097,-1.9145609359753806,NIC
Ingenuo,referencia,1990,1991,1,9.41900604873607,8.09899300573224,-1.320013043003831,PAN
Deriva,referencia,1990,1991,1,9.41900604873607,8.0014894941498,-1.4175165545862711,PAN
AR(1),Box-Jenkins,1990,1991,1,9.41900604873607,6.105170435414341,-3.3138356133217295,PAN
"ARMA(2,2)",Box-Jenkins,1990,1991,1,9.41900604873607,10.052491644839431,0.6334855961033607,PAN
"ARIMA(1,1,1)",Box-Jenkins,1990,1991,1,9.41900604873607,4.846404806119146,-4.5726012426169245,PAN
Ridge sobre rezagos,regularizado,1990,1991,1,9.41900604873607,15.31999845759818,5.900992408862109,PAN
Random Forest,aprendizaje,1990,1991,1,9.41900604873607,6.635988503519326,-2.7830175452167447,PAN
LSTM(16),red neuronal,1990,1991,1,9.41900604873607,,,PAN
Comb. RF/AR(1) suave,combinacion,1990,1991,1,9.41900604873607,6.8354692033515425,-2.583536845384528,PAN
Comb. RF/AR(1) dura,combinacion,1990,1991,1,9.41900604873607,6.105170435414341,-3.3138356133217295,PAN
Comb. RF/ingenuo suave,combinacion,1990,1991,1,9.41900604873607,7.4022430708186935,-2.0167629779173772,PAN
Comb. LSTM/AR(1) suave,combinacion,1990,1991,1,9.41900604873607,,,PAN
Comb. RF/AR(1) umbral min,combinacion,1990,1991,1,9.41900604873607,6.105170435414341,-3.3138356133217295,PAN
Ingenuo,referencia,1991,1992,1,8.20167952936097,9.41900604873607,1.217326519375101,PAN
Deriva,referencia,1991,1992,1,8.20167952936097,9.368753088973174,1.167073559612204,PAN
AR(1),Box-Jenkins,1991,1992,1,8.20167952936097,6.817293282670327,-1.3843862466906423,PAN
"ARMA(2,2)",Box-Jenkins,1991,1992,1,8.20167952936097,2.6866403855401053,-5.515039143820864,PAN
"ARIMA(1,1,1)",Box-Jenkins,1991,1992,1,8.20167952936097,6.824342229725844,-1.3773372996351254,PAN
Ridge sobre rezagos,regularizado,1991,1992,1,8.20167952936097,-0.6583029466038601,-8.85998247596483,PAN
Random Forest,aprendizaje,1991,1992,1,8.20167952936097,3.6685271401601063,-4.533152389200863,PAN
LSTM(16),red neuronal,1991,1992,1,8.20167952936097,,,PAN
Comb. RF/AR(1) suave,combinacion,1991,1992,1,8.20167952936097,5.593786322885171,-2.607893206475799,PAN
Comb. RF/AR(1) dura,combinacion,1991,1992,1,8.20167952936097,6.817293282670327,-1.3843862466906423,PAN
Comb. RF/ingenuo suave,combinacion,1991,1992,1,8.20167952936097,6.534598848329338,-1.6670806810316314,PAN
Comb. LSTM/AR(1) suave,combinacion,1991,1992,1,8.20167952936097,,,PAN
Comb. RF/AR(1) umbral min,combinacion,1991,1992,1,8.20167952936097,6.817293282670327,-1.3843862466906423,PAN
Ingenuo,referencia,1992,1993,1,5.45574476975436,8.20167952936097,2.7459347596066097,PAN
Deriva,referencia,1992,1993,1,5.45574476975436,8.113779035417034,2.658034265662674,PAN
AR(1),Box-Jenkins,1992,1993,1,5.45574476975436,6.367328590106116,0.9115838203517557,PAN
"ARMA(2,2)",Box-Jenkins,1992,1993,1,5.45574476975436,3.5114272126694877,-1.9443175570848723,PAN
"ARIMA(1,1,1)",Box-Jenkins,1992,1993,1,5.45574476975436,6.374764622302684,0.919019852548324,PAN
Ridge sobre rezagos,regularizado,1992,1993,1,5.45574476975436,1.8882551177887343,-3.5674896519656256,PAN
Random Forest,aprendizaje,1992,1993,1,5.45574476975436,2.3800967076069925,-3.0756480621473674,PAN
LSTM(16),red neuronal,1992,1993,1,5.45574476975436,4.0141475636209885,-1.4415972061333715,PAN
Comb. RF/AR(1) suave,combinacion,1992,1993,1,5.45574476975436,4.418110042209079,-1.0376347275452806,PAN
Comb. RF/AR(1) dura,combinacion,1992,1993,1,5.45574476975436,6.367328590106116,0.9115838203517557,PAN
Comb. RF/ingenuo suave,combinacion,1992,1993,1,5.45574476975436,5.20229097228852,-0.2534537974658395,PAN
Comb. LSTM/AR(1) suave,combinacion,1992,1993,1,5.45574476975436,,,PAN
Comb. RF/AR(1) umbral min,combinacion,1992,1993,1,5.45574476975436,6.367328590106116,0.9115838203517557,PAN
Ingenuo,referencia,1993,1994,1,2.85014717061981,5.45574476975436,2.60559759913455,PAN
Deriva,referencia,1993,1994,1,2.85014717061981,5.2847807050084645,2.4346335343886545,PAN
AR(1),Box-Jenkins,1993,1994,1,2.85014717061981,5.151116607407742,2.300969436787932,PAN
"ARMA(2,2)",Box-Jenkins,1993,1994,1,2.85014717061981,7.086665037995019,4.236517867375209,PAN
"ARIMA(1,1,1)",Box-Jenkins,1993,1994,1,2.85014717061981,5.151676808977365,2.301529638357555,PAN
Ridge sobre rezagos,regularizado,1993,1994,1,2.85014717061981,11.1317804071249,8.28163323650509,PAN
Random Forest,aprendizaje,1993,1994,1,2.85014717061981,4.709399736763174,1.8592525661433643,PAN
LSTM(16),red neuronal,1993,1994,1,2.85014717061981,3.592835340859067,0.7426881702392572,PAN
Comb. RF/AR(1) suave,combinacion,1993,1994,1,2.85014717061981,2.1820344749658527,-0.6681126956539574,PAN
Comb. RF/AR(1) dura,combinacion,1993,1994,1,2.85014717061981,5.151116607407742,2.300969436787932,PAN
Comb. RF/ingenuo suave,combinacion,1993,1994,1,2.85014717061981,2.282888857624115,-0.567258312995695,PAN
Comb. LSTM/AR(1) suave,combinacion,1993,1994,1,2.85014717061981,,,PAN
Comb. RF/AR(1) umbral min,combinacion,1993,1994,1,2.85014717061981,5.151116607407742,2.300969436787932,PAN
Ingenuo,referencia,1994,1995,1,1.75167890389389,2.85014717061981,1.09846826672592,PAN
Deriva,referencia,1994,1995,1,1.75167890389389,2.605406332104562,0.8537274282106719,PAN
AR(1),Box-Jenkins,1994,1995,1,1.75167890389389,3.9652838670775727,2.2136049631836827,PAN
"ARMA(2,2)",Box-Jenkins,1994,1995,1,1.75167890389389,4.214969924462347,2.4632910205684566,PAN
"ARIMA(1,1,1)",Box-Jenkins,1994,1995,1,1.75167890389389,3.9596415804049983,2.2079626765111082,PAN
Ridge sobre rezagos,regularizado,1994,1995,1,1.75167890389389,7.390913470038667,5.639234566144777,PAN
Random Forest,aprendizaje,1994,1995,1,1.75167890389389,3.7182427151061583,1.9665638112122683,PAN
LSTM(16),red neuronal,1994,1995,1,1.75167890389389,1.8411863542732538,0.0895074503793638,PAN
Comb. RF/AR(1) suave,combinacion,1994,1995,1,1.75167890389389,2.0034754952832463,0.2517965913893563,PAN
Comb. RF/AR(1) dura,combinacion,1994,1995,1,1.75167890389389,3.9652838670775727,2.2136049631836827,PAN
Comb. RF/ingenuo suave,combinacion,1994,1995,1,1.75167890389389,1.8954428906982044,0.14376398680431435,PAN
Comb. LSTM/AR(1) suave,combinacion,1994,1995,1,1.75167890389389,,,PAN
Comb. RF/AR(1) umbral min,combinacion,1994,1995,1,1.75167890389389,3.9652838670775727,2.2136049631836827,PAN
Ingenuo,referencia,1995,1996,1,4.0797027065703,1.75167890389389,-2.32802380267641,PAN
Deriva,referencia,1995,1996,1,4.0797027065703,1.4818284351371513,-2.597874271433149,PAN
AR(1),Box-Jenkins,1995,1996,1,4.0797027065703,3.4085521129648404,-0.6711505936054598,PAN
"ARMA(2,2)",Box-Jenkins,1995,1996,1,4.0797027065703,1.2249084756636393,-2.854794230906661,PAN
"ARIMA(1,1,1)",Box-Jenkins,1995,1996,1,4.0797027065703,3.3011994356252456,-0.7785032709450546,PAN
Ridge sobre rezagos,regularizado,1995,1996,1,4.0797027065703,4.7821259831075045,0.7024232765372043,PAN
Random Forest,aprendizaje,1995,1996,1,4.0797027065703,2.350188354340427,-1.7295143522298733,PAN
LSTM(16),red neuronal,1995,1996,1,4.0797027065703,2.539767945728701,-1.5399347608415992,PAN
Comb. RF/AR(1) suave,combinacion,1995,1996,1,4.0797027065703,2.5268601050986907,-1.5528426014716095,PAN
Comb. RF/AR(1) dura,combinacion,1995,1996,1,4.0797027065703,3.4085521129648404,-0.6711505936054598,PAN
Comb. RF/ingenuo suave,combinacion,1995,1996,1,4.0797027065703,2.3226742779921157,-1.7570284285781845,PAN
Comb. LSTM/AR(1) suave,combinacion,1995,1996,1,4.0797027065703,,,PAN
Comb. RF/AR(1) umbral min,combinacion,1995,1996,1,4.0797027065703,3.4085521129648404,-0.6711505936054598,PAN
Ingenuo,referencia,1996,1997,1,7.70904000189154,4.0797027065703,-3.62933729532124,PAN
Deriva,referencia,1996,1997,1,7.70904000189154,3.884077216997366,-3.8249627848941743,PAN
AR(1),Box-Jenkins,1996,1997,1,7.70904000189154,4.441877567274431,-3.2671624346171093,PAN
"ARMA(2,2)",Box-Jenkins,1996,1997,1,7.70904000189154,5.7088852144729945,-2.0001547874185457,PAN
"ARIMA(1,1,1)",Box-Jenkins,1996,1997,1,7.70904000189154,4.416209885548017,-3.2928301163435227,PAN
Ridge sobre rezagos,regularizado,1996,1997,1,7.70904000189154,4.683301450130386,-3.0257385517611546,PAN
Random Forest,aprendizaje,1996,1997,1,7.70904000189154,2.3624721823552024,-5.346567819536338,PAN
LSTM(16),red neuronal,1996,1997,1,7.70904000189154,5.088817819962657,-2.6202221819288836,PAN
Comb. RF/AR(1) suave,combinacion,1996,1997,1,7.70904000189154,3.202140363291696,-4.506899638599844,PAN
Comb. RF/AR(1) dura,combinacion,1996,1997,1,7.70904000189154,3.202140363291696,-4.506899638599844,PAN
Comb. RF/ingenuo suave,combinacion,1996,1997,1,7.70904000189154,3.202140363291696,-4.506899638599844,PAN
Comb. LSTM/AR(1) suave,combinacion,1996,1997,1,7.70904000189154,4.314029949396332,-3.3950100524952083,PAN
Comb. RF/AR(1) umbral min,combinacion,1996,1997,1,7.70904000189154,4.441877567274431,-3.2671624346171093,PAN
Ingenuo,referencia,1997,1998,1,8.38747212468969,7.70904000189154,-0.6784321227981502,PAN
Deriva,referencia,1997,1998,1,8.38747212468969,7.619663478565666,-0.7678086461240241,PAN
AR(1),Box-Jenkins,1997,1998,1,8.38747212468969,6.089940959697632,-2.2975311649920585,PAN
"ARMA(2,2)",Box-Jenkins,1997,1998,1,8.38747212468969,8.911364957963869,0.5238928332741786,PAN
"ARIMA(1,1,1)",Box-Jenkins,1997,1998,1,8.38747212468969,6.096152198761732,-2.291319925927958,PAN
Ridge sobre rezagos,regularizado,1997,1998,1,8.38747212468969,5.992210184189477,-2.3952619405002133,PAN
Random Forest,aprendizaje,1997,1998,1,8.38747212468969,7.377065566132243,-1.010406558557447,PAN
LSTM(16),red neuronal,1997,1998,1,8.38747212468969,7.275849652887105,-1.111622471802585,PAN
Comb. RF/AR(1) suave,combinacion,1997,1998,1,8.38747212468969,3.855356651508807,-4.532115473180884,PAN
Comb. RF/AR(1) dura,combinacion,1997,1998,1,8.38747212468969,3.855356651508807,-4.532115473180884,PAN
Comb. RF/ingenuo suave,combinacion,1997,1998,1,8.38747212468969,3.855356651508807,-4.532115473180884,PAN
Comb. LSTM/AR(1) suave,combinacion,1997,1998,1,8.38747212468969,6.967654849704013,-1.419817274985677,PAN
Comb. RF/AR(1) umbral min,combinacion,1997,1998,1,8.38747212468969,4.546995770846966,-3.8404763538427247,PAN
Ingenuo,referencia,1998,1999,1,5.21164584606353,8.38747212468969,3.17582627862616,PAN
Deriva,referencia,1998,1999,1,5.21164584606353,8.318847186394196,3.1072013403306658,PAN
AR(1),Box-Jenkins,1998,1999,1,5.21164584606353,6.465774581344971,1.2541287352814408,PAN
"ARMA(2,2)",Box-Jenkins,1998,1999,1,5.21164584606353,5.008622283580037,-0.2030235624834935,PAN
"ARIMA(1,1,1)",Box-Jenkins,1998,1999,1,5.21164584606353,6.473429175718876,1.261783329655346,PAN
Ridge sobre rezagos,regularizado,1998,1999,1,5.21164584606353,5.429683063318415,0.218037217254885,PAN
Random Forest,aprendizaje,1998,1999,1,5.21164584606353,6.418141695487568,1.206495849424038,PAN
LSTM(16),red neuronal,1998,1999,1,5.21164584606353,6.293968386628977,1.082322540565447,PAN
Comb. RF/AR(1) suave,combinacion,1998,1999,1,5.21164584606353,2.5125792517121943,-2.699066594351336,PAN
Comb. RF/AR(1) dura,combinacion,1998,1999,1,5.21164584606353,2.5125792517121943,-2.699066594351336,PAN
Comb. RF/ingenuo suave,combinacion,1998,1999,1,5.21164584606353,2.5125792517121943,-2.699066594351336,PAN
Comb. LSTM/AR(1) suave,combinacion,1998,1999,1,5.21164584606353,5.596515941662896,0.384870095599366,PAN
Comb. RF/AR(1) umbral min,combinacion,1998,1999,1,5.21164584606353,2.5125792517121943,-2.699066594351336,PAN
Ingenuo,referencia,1999,2000,1,4.20900547865375,5.21164584606353,1.0026403674097804,PAN
Deriva,referencia,1999,2000,1,4.20900547865375,5.061252451443544,0.8522469727897946,PAN
AR(1),Box-Jenkins,1999,2000,1,4.20900547865375,5.050539277509967,0.8415337988562168,PAN
"ARMA(2,2)",Box-Jenkins,1999,2000,1,4.20900547865375,2.73029863801138,-1.4787068406423698,PAN
"ARIMA(1,1,1)",Box-Jenkins,1999,2000,1,4.20900547865375,5.05058473685302,0.8415792581992703,PAN
Ridge sobre rezagos,regularizado,1999,2000,1,4.20900547865375,3.240304061953408,-0.968701416700342,PAN
Random Forest,aprendizaje,1999,2000,1,4.20900547865375,3.723160541968046,-0.48584493668570383,PAN
LSTM(16),red neuronal,1999,2000,1,4.20900547865375,2.0414103423749026,-2.1675951362788473,PAN
Comb. RF/AR(1) suave,combinacion,1999,2000,1,4.20900547865375,2.3510495295665277,-1.8579559490872222,PAN
Comb. RF/AR(1) dura,combinacion,1999,2000,1,4.20900547865375,2.3510495295665277,-1.8579559490872222,PAN
Comb. RF/ingenuo suave,combinacion,1999,2000,1,4.20900547865375,2.3510495295665277,-1.8579559490872222,PAN
Comb. LSTM/AR(1) suave,combinacion,1999,2000,1,4.20900547865375,1.2015666019683002,-3.0074388766854496,PAN
Comb. RF/AR(1) umbral min,combinacion,1999,2000,1,4.20900547865375,2.471210313059605,-1.7377951655941448,PAN
Ingenuo,referencia,2000,2001,1,0.949908149985234,4.20900547865375,3.259097328668516,PAN
Deriva,referencia,2000,2001,1,0.949908149985234,4.036759597551974,3.0868514475667403,PAN
AR(1),Box-Jenkins,2000,2001,1,0.949908149985234,4.5973342687615535,3.6474261187763197,PAN
"ARMA(2,2)",Box-Jenkins,2000,2001,1,0.949908149985234,5.737729787235871,4.787821637250637,PAN
"ARIMA(1,1,1)",Box-Jenkins,2000,2001,1,0.949908149985234,4.595088981673204,3.64518083168797,PAN
Ridge sobre rezagos,regularizado,2000,2001,1,0.949908149985234,3.686604010970265,2.736695860985031,PAN
Random Forest,aprendizaje,2000,2001,1,0.949908149985234,4.21915747972084,3.2692493297356062,PAN
LSTM(16),red neuronal,2000,2001,1,0.949908149985234,2.396792902162957,1.4468847521777228,PAN
Comb. RF/AR(1) suave,combinacion,2000,2001,1,0.949908149985234,3.4004605686510234,2.450552418665789,PAN
Comb. RF/AR(1) dura,combinacion,2000,2001,1,0.949908149985234,3.4004605686510234,2.450552418665789,PAN
Comb. RF/ingenuo suave,combinacion,2000,2001,1,0.949908149985234,3.4004605686510234,2.450552418665789,PAN
Comb. LSTM/AR(1) suave,combinacion,2000,2001,1,0.949908149985234,2.0283706333410336,1.0784624833557996,PAN
Comb. RF/AR(1) umbral min,combinacion,2000,2001,1,0.949908149985234,3.4889993786297766,2.5390912286445424,PAN
Ingenuo,referencia,2001,2002,1,2.50884372716125,0.949908149985234,-1.558935577176016,PAN
Deriva,referencia,2001,2002,1,2.50884372716125,0.7004909826942898,-1.8083527444669603,PAN
AR(1),Box-Jenkins,2001,2002,1,2.50884372716125,3.0858371668769733,0.5769934397157233,PAN
"ARMA(2,2)",Box-Jenkins,2001,2002,1,2.50884372716125,3.8457764699316037,1.3369327427703537,PAN
"ARIMA(1,1,1)",Box-Jenkins,2001,2002,1,2.50884372716125,3.076127543857543,0.567283816696293,PAN
Ridge sobre rezagos,regularizado,2001,2002,1,2.50884372716125,3.4601978354270146,0.9513541082657646,PAN
Random Forest,aprendizaje,2001,2002,1,2.50884372716125,2.725980558200982,0.21713683103973214,PAN
LSTM(16),red neuronal,2001,2002,1,2.50884372716125,2.2216028162655572,-0.2872409108956928,PAN
Comb. RF/AR(1) suave,combinacion,2001,2002,1,2.50884372716125,3.050049326230154,0.541205599068904,PAN
Comb. RF/AR(1) dura,combinacion,2001,2002,1,2.50884372716125,3.050049326230154,0.541205599068904,PAN
Comb. RF/ingenuo suave,combinacion,2001,2002,1,2.50884372716125,3.050049326230154,0.541205599068904,PAN
Comb. LSTM/AR(1) suave,combinacion,2001,2002,1,2.50884372716125,2.0461466159298003,-0.46269711123144974,PAN
Comb. RF/AR(1) umbral min,combinacion,2001,2002,1,2.50884372716125,3.0545543633975116,0.5457106362362616,PAN
Ingenuo,referencia,2002,2003,1,5.09686030493801,2.50884372716125,-2.5880165777767603,PAN
Deriva,referencia,2002,2003,1,5.09686030493801,2.3035327243695,-2.7933275805685103,PAN
AR(1),Box-Jenkins,2002,2003,1,5.09686030493801,3.7422915845826563,-1.354568720355354,PAN
"ARMA(2,2)",Box-Jenkins,2002,2003,1,5.09686030493801,3.3279877394222988,-1.7688725655157116,PAN
"ARIMA(1,1,1)",Box-Jenkins,2002,2003,1,5.09686030493801,3.7364916584422923,-1.360368646495718,PAN
Ridge sobre rezagos,regularizado,2002,2003,1,5.09686030493801,3.875938825346238,-1.2209214795917722,PAN
Random Forest,aprendizaje,2002,2003,1,5.09686030493801,3.3787229630800493,-1.718137341857961,PAN
LSTM(16),red neuronal,2002,2003,1,5.09686030493801,4.630118313849038,-0.4667419910889725,PAN
Comb. RF/AR(1) suave,combinacion,2002,2003,1,5.09686030493801,3.0873453578148906,-2.0095149471231197,PAN
Comb. RF/AR(1) dura,combinacion,2002,2003,1,5.09686030493801,3.0873453578148906,-2.0095149471231197,PAN
Comb. RF/ingenuo suave,combinacion,2002,2003,1,5.09686030493801,3.0873453578148906,-2.0095149471231197,PAN
Comb. LSTM/AR(1) suave,combinacion,2002,2003,1,5.09686030493801,4.525260792586216,-0.5715995123517947,PAN
Comb. RF/AR(1) umbral min,combinacion,2002,2003,1,5.09686030493801,3.1759768090138785,-1.9208834959241319,PAN
Ingenuo,referencia,2003,2004,1,8.17565333965649,5.09686030493801,-3.0787930347184798,PAN
Deriva,referencia,2003,2004,1,8.17565333965649,4.958057101683606,-3.2175962379728844,PAN
AR(1),Box-Jenkins,2003,2004,1,8.17565333965649,4.905975760579096,-3.2696775790773938,PAN
"ARMA(2,2)",Box-Jenkins,2003,2004,1,8.17565333965649,5.665010760281593,-2.510642579374897,PAN
"ARIMA(1,1,1)",Box-Jenkins,2003,2004,1,8.17565333965649,4.906182476803563,-3.269470862852927,PAN
Ridge sobre rezagos,regularizado,2003,2004,1,8.17565333965649,5.764735187171506,-2.4109181524849843,PAN
Random Forest,aprendizaje,2003,2004,1,8.17565333965649,5.88040557774721,-2.2952477619092804,PAN
LSTM(16),red neuronal,2003,2004,1,8.17565333965649,8.130030465172444,-0.045622874484045894,PAN
Comb. RF/AR(1) suave,combinacion,2003,2004,1,8.17565333965649,5.874015294845235,-2.301638044811255,PAN
Comb. RF/AR(1) dura,combinacion,2003,2004,1,8.17565333965649,5.874015294845235,-2.301638044811255,PAN
Comb. RF/ingenuo suave,combinacion,2003,2004,1,8.17565333965649,5.874015294845235,-2.301638044811255,PAN
Comb. LSTM/AR(1) suave,combinacion,2003,2004,1,8.17565333965649,6.754331969856836,-1.4213213697996538,PAN
Comb. RF/AR(1) umbral min,combinacion,2003,2004,1,8.17565333965649,5.804055382179784,-2.3715979574767063,PAN
Ingenuo,referencia,2004,2005,1,8.27618334503531,8.17565333965649,-0.10053000537882006,PAN
Deriva,referencia,2004,2005,1,8.27618334503531,8.111677955889826,-0.16450538914548396,PAN
AR(1),Box-Jenkins,2004,2005,1,8.27618334503531,6.31762168552337,-1.9585616595119406,PAN
"ARMA(2,2)",Box-Jenkins,2004,2005,1,8.27618334503531,7.248158815200592,-1.0280245298347186,PAN
"ARIMA(1,1,1)",Box-Jenkins,2004,2005,1,8.27618334503531,6.3247001604439745,-1.9514831845913356,PAN
Ridge sobre rezagos,regularizado,2004,2005,1,8.27618334503531,6.229972182076098,-2.046211162959212,PAN
Random Forest,aprendizaje,2004,2005,1,8.27618334503531,6.70113040682053,-1.57505293821478,PAN
LSTM(16),red neuronal,2004,2005,1,8.27618334503531,8.516884636424379,0.24070129138906893,PAN
Comb. RF/AR(1) suave,combinacion,2004,2005,1,8.27618334503531,6.279639356577601,-1.9965439884577094,PAN
Comb. RF/AR(1) dura,combinacion,2004,2005,1,8.27618334503531,6.279639356577601,-1.9965439884577094,PAN
Comb. RF/ingenuo suave,combinacion,2004,2005,1,8.27618334503531,6.279639356577601,-1.9965439884577094,PAN
Comb. LSTM/AR(1) suave,combinacion,2004,2005,1,8.27618334503531,7.497579227834857,-0.7786041172004534,PAN
Comb. RF/AR(1) umbral min,combinacion,2004,2005,1,8.27618334503531,6.283741831921762,-1.9924415131135484,PAN
Ingenuo,referencia,2005,2006,1,9.85723870564752,8.27618334503531,-1.5810553606122095,PAN
Deriva,referencia,2005,2006,1,9.85723870564752,8.215946720112862,-1.6412919855346573,PAN
AR(1),Box-Jenkins,2005,2006,1,9.85723870564752,6.427601639522631,-3.4296370661248883,PAN
"ARMA(2,2)",Box-Jenkins,2005,2006,1,9.85723870564752,5.952816959231337,-3.9044217464161823,PAN
"ARIMA(1,1,1)",Box-Jenkins,2005,2006,1,9.85723870564752,6.434747733304479,-3.4224909723430406,PAN
Ridge sobre rezagos,regularizado,2005,2006,1,9.85723870564752,5.203574801530583,-4.653663904116937,PAN
Random Forest,aprendizaje,2005,2006,1,9.85723870564752,6.5673819166226535,-3.2898567890248662,PAN
LSTM(16),red neuronal,2005,2006,1,9.85723870564752,8.206802289077471,-1.6504364165700487,PAN
Comb. RF/AR(1) suave,combinacion,2005,2006,1,9.85723870564752,5.467813020640753,-4.389425685006767,PAN
Comb. RF/AR(1) dura,combinacion,2005,2006,1,9.85723870564752,5.467813020640753,-4.389425685006767,PAN
Comb. RF/ingenuo suave,combinacion,2005,2006,1,9.85723870564752,5.467813020640753,-4.389425685006767,PAN
Comb. LSTM/AR(1) suave,combinacion,2005,2006,1,9.85723870564752,6.409509760629446,-3.4477289450180733,PAN
Comb. RF/AR(1) umbral min,combinacion,2005,2006,1,9.85723870564752,5.685093902940354,-4.172144802707166,PAN
Ingenuo,referencia,2006,2007,1,13.1530653782933,9.85723870564752,-3.2958266726457808,PAN
Deriva,referencia,2006,2007,1,13.1530653782933,9.833475235959176,-3.3195901423341247,PAN
AR(1),Box-Jenkins,2006,2007,1,13.1530653782933,7.256739481673979,-5.896325896619321,PAN
"ARMA(2,2)",Box-Jenkins,2006,2007,1,13.1530653782933,6.521919107314703,-6.631146270978597,PAN
"ARIMA(1,1,1)",Box-Jenkins,2006,2007,1,13.1530653782933,7.2673721402165175,-5.885693238076783,PAN
Ridge sobre rezagos,regularizado,2006,2007,1,13.1530653782933,6.166952236182963,-6.986113142110337,PAN
Random Forest,aprendizaje,2006,2007,1,13.1530653782933,5.298378963093464,-7.854686415199836,PAN
LSTM(16),red neuronal,2006,2007,1,13.1530653782933,7.61644567593595,-5.536619702357351,PAN
Comb. RF/AR(1) suave,combinacion,2006,2007,1,13.1530653782933,3.2529154855228612,-9.90014989277044,PAN
Comb. RF/AR(1) dura,combinacion,2006,2007,1,13.1530653782933,3.2529154855228612,-9.90014989277044,PAN
Comb. RF/ingenuo suave,combinacion,2006,2007,1,13.1530653782933,3.2529154855228612,-9.90014989277044,PAN
Comb. LSTM/AR(1) suave,combinacion,2006,2007,1,13.1530653782933,5.645289243980499,-7.5077761343128016,PAN
Comb. RF/AR(1) umbral min,combinacion,2006,2007,1,13.1530653782933,3.800361304015193,-9.352704074278108,PAN
Ingenuo,referencia,2007,2008,1,10.1974325907958,13.1530653782933,2.9556327874974997,PAN
Deriva,referencia,2007,2008,1,10.1974325907958,13.201466911699177,3.0040343209033757,PAN
AR(1),Box-Jenkins,2007,2008,1,10.1974325907958,9.110042781636624,-1.087389809159177,PAN
"ARMA(2,2)",Box-Jenkins,2007,2008,1,10.1974325907958,9.635291953955928,-0.5621406368398727,PAN
"ARIMA(1,1,1)",Box-Jenkins,2007,2008,1,10.1974325907958,9.128435587511245,-1.0689970032845562,PAN
Ridge sobre rezagos,regularizado,2007,2008,1,10.1974325907958,8.75369385786258,-1.4437387329332214,PAN
Random Forest,aprendizaje,2007,2008,1,10.1974325907958,8.130365623985568,-2.0670669668102324,PAN
LSTM(16),red neuronal,2007,2008,1,10.1974325907958,8.056281288012604,-2.1411513027831965,PAN
Comb. RF/AR(1) suave,combinacion,2007,2008,1,10.1974325907958,7.033901218289316,-3.163531372506485,PAN
Comb. RF/AR(1) dura,combinacion,2007,2008,1,10.1974325907958,7.033901218289316,-3.163531372506485,PAN
Comb. RF/ingenuo suave,combinacion,2007,2008,1,10.1974325907958,7.033901218289316,-3.163531372506485,PAN
Comb. LSTM/AR(1) suave,combinacion,2007,2008,1,10.1974325907958,7.4891480218373125,-2.7082845689584882,PAN
Comb. RF/AR(1) umbral min,combinacion,2007,2008,1,10.1974325907958,7.353083737752739,-2.844348853043062,PAN
Ingenuo,referencia,2008,2009,1,1.61186405976055,10.1974325907958,8.58556853103525,PAN
Deriva,referencia,2008,2009,1,1.61186405976055,10.181918500352669,8.57005444059212,PAN
AR(1),Box-Jenkins,2008,2009,1,1.61186405976055,7.749145940631779,6.137281880871229,PAN
"ARMA(2,2)",Box-Jenkins,2008,2009,1,1.61186405976055,7.33540362350983,5.72353956374928,PAN
"ARIMA(1,1,1)",Box-Jenkins,2008,2009,1,1.61186405976055,7.7596853150860134,6.147821255325463,PAN
Ridge sobre rezagos,regularizado,2008,2009,1,1.61186405976055,6.7913924148071585,5.1795283550466085,PAN
Random Forest,aprendizaje,2008,2009,1,1.61186405976055,8.399966554119118,6.788102494358568,PAN
LSTM(16),red neuronal,2008,2009,1,1.61186405976055,6.066338944764804,4.454474885004254,PAN
Comb. RF/AR(1) suave,combinacion,2008,2009,1,1.61186405976055,7.3684695340336,5.75660547427305,PAN
Comb. RF/AR(1) dura,combinacion,2008,2009,1,1.61186405976055,7.3684695340336,5.75660547427305,PAN
Comb. RF/ingenuo suave,combinacion,2008,2009,1,1.61186405976055,7.3684695340336,5.75660547427305,PAN
Comb. LSTM/AR(1) suave,combinacion,2008,2009,1,1.61186405976055,5.598922042428793,3.987057982668243,PAN
Comb. RF/AR(1) umbral min,combinacion,2008,2009,1,1.61186405976055,7.408879307005759,5.797015247245209,PAN
Ingenuo,referencia,2009,2010,1,6.07339353106087,1.61186405976055,-4.46152947130032,PAN
Deriva,referencia,2009,2010,1,6.07339353106087,1.417807168471749,-4.655586362589121,PAN
AR(1),Box-Jenkins,2009,2010,1,6.07339353106087,3.5201263659527102,-2.55326716510816,PAN
"ARMA(2,2)",Box-Jenkins,2009,2010,1,6.07339353106087,0.8943254194048729,-5.179068111655997,PAN
"ARIMA(1,1,1)",Box-Jenkins,2009,2010,1,6.07339353106087,3.5120992858369418,-2.5612942452239285,PAN
Ridge sobre rezagos,regularizado,2009,2010,1,6.07339353106087,0.20729693119246928,-5.866096599868401,PAN
Random Forest,aprendizaje,2009,2010,1,6.07339353106087,1.9031467055922393,-4.170246825468631,PAN
LSTM(16),red neuronal,2009,2010,1,6.07339353106087,-3.1849063002575306,-9.2582998313184,PAN
Comb. RF/AR(1) suave,combinacion,2009,2010,1,6.07339353106087,1.4724916807529462,-4.600901850307924,PAN
Comb. RF/AR(1) dura,combinacion,2009,2010,1,6.07339353106087,1.4724916807529462,-4.600901850307924,PAN
Comb. RF/ingenuo suave,combinacion,2009,2010,1,6.07339353106087,1.4724916807529462,-4.600901850307924,PAN
Comb. LSTM/AR(1) suave,combinacion,2009,2010,1,6.07339353106087,-3.1257896457620795,-9.199183176822949,PAN
Comb. RF/AR(1) umbral min,combinacion,2009,2010,1,6.07339353106087,3.5201263659527102,-2.55326716510816,PAN
Ingenuo,referencia,2010,2011,1,11.9088772249531,6.07339353106087,-5.83548369389223,PAN
Deriva,referencia,2010,2011,1,11.9088772249531,5.9743486063555205,-5.93452861859758,PAN
AR(1),Box-Jenkins,2010,2011,1,11.9088772249531,5.627716224975234,-6.281160999977866,PAN
"ARMA(2,2)",Box-Jenkins,2010,2011,1,11.9088772249531,5.620264913366991,-6.2886123115861094,PAN
"ARIMA(1,1,1)",Box-Jenkins,2010,2011,1,11.9088772249531,5.628977997191123,-6.279899227761977,PAN
Ridge sobre rezagos,regularizado,2010,2011,1,11.9088772249531,5.261140859912954,-6.647736365040146,PAN
Random Forest,aprendizaje,2010,2011,1,11.9088772249531,2.8370551986038683,-9.071822026349231,PAN
LSTM(16),red neuronal,2010,2011,1,11.9088772249531,5.0579027848939075,-6.8509744400591925,PAN
Comb. RF/AR(1) suave,combinacion,2010,2011,1,11.9088772249531,3.0599299449807784,-8.848947279972322,PAN
Comb. RF/AR(1) dura,combinacion,2010,2011,1,11.9088772249531,3.0599299449807784,-8.848947279972322,PAN
Comb. RF/ingenuo suave,combinacion,2010,2011,1,11.9088772249531,3.0599299449807784,-8.848947279972322,PAN
Comb. LSTM/AR(1) suave,combinacion,2010,2011,1,11.9088772249531,4.2048307152954205,-7.70404650965768,PAN
Comb. RF/AR(1) umbral min,combinacion,2010,2011,1,11.9088772249531,5.627716224975234,-6.281160999977866,PAN
Ingenuo,referencia,2011,2012,1,9.62729346439019,11.9088772249531,2.28158376056291,PAN
Deriva,referencia,2011,2012,1,9.62729346439019,11.928522872619702,2.3012294082295117,PAN
AR(1),Box-Jenkins,2011,2012,1,9.62729346439019,8.418421872938183,-1.2088715914520076,PAN
"ARMA(2,2)",Box-Jenkins,2011,2012,1,9.62729346439019,10.996507838055924,1.3692143736657343,PAN
"ARIMA(1,1,1)",Box-Jenkins,2011,2012,1,9.62729346439019,8.43134411542036,-1.1959493489698296,PAN
Ridge sobre rezagos,regularizado,2011,2012,1,9.62729346439019,10.555156759709082,0.9278632953188914,PAN
Random Forest,aprendizaje,2011,2012,1,9.62729346439019,7.175640629053123,-2.4516528353370672,PAN
LSTM(16),red neuronal,2011,2012,1,9.62729346439019,7.559536655388881,-2.0677568090013088,PAN
Comb. RF/AR(1) suave,combinacion,2011,2012,1,9.62729346439019,6.766477333613255,-2.860816130776935,PAN
Comb. RF/AR(1) dura,combinacion,2011,2012,1,9.62729346439019,6.766477333613255,-2.860816130776935,PAN
Comb. RF/ingenuo suave,combinacion,2011,2012,1,9.62729346439019,6.766477333613255,-2.860816130776935,PAN
Comb. LSTM/AR(1) suave,combinacion,2011,2012,1,9.62729346439019,5.482358457057794,-4.144935007332396,PAN
Comb. RF/AR(1) umbral min,combinacion,2011,2012,1,9.62729346439019,8.418421872938183,-1.2088715914520076,PAN
Ingenuo,referencia,2012,2013,1,6.32435388662846,9.62729346439019,3.3029395777617303,PAN
Deriva,referencia,2012,2013,1,6.32435388662846,9.60181696679739,3.27746308016893,PAN
AR(1),Box-Jenkins,2012,2013,1,6.32435388662846,7.430309164329962,1.1059552777015025,PAN
"ARMA(2,2)",Box-Jenkins,2012,2013,1,6.32435388662846,5.915401050617728,-0.40895283601073196,PAN
"ARIMA(1,1,1)",Box-Jenkins,2012,2013,1,6.32435388662846,7.438189152314084,1.1138352656856245,PAN
Ridge sobre rezagos,regularizado,2012,2013,1,6.32435388662846,5.196946191649095,-1.1274076949793645,PAN
Random Forest,aprendizaje,2012,2013,1,6.32435388662846,6.232287343151259,-0.092066543477201,PAN
LSTM(16),red neuronal,2012,2013,1,6.32435388662846,5.995287421585915,-0.329066465042545,PAN
Comb. RF/AR(1) suave,combinacion,2012,2013,1,6.32435388662846,6.410289257540361,0.08593537091190129,PAN
Comb. RF/AR(1) dura,combinacion,2012,2013,1,6.32435388662846,6.410289257540361,0.08593537091190129,PAN
Comb. RF/ingenuo suave,combinacion,2012,2013,1,6.32435388662846,6.410289257540361,0.08593537091190129,PAN
Comb. LSTM/AR(1) suave,combinacion,2012,2013,1,6.32435388662846,5.276366101401747,-1.047987785226713,PAN
Comb. RF/AR(1) umbral min,combinacion,2012,2013,1,6.32435388662846,7.430309164329962,1.1059552777015025,PAN
Ingenuo,referencia,2013,2014,1,4.62581375565551,6.32435388662846,1.6985401309729502,PAN
Deriva,referencia,2013,2014,1,4.62581375565551,6.235849252878565,1.6100354972230555,PAN
AR(1),Box-Jenkins,2013,2014,1,4.62581375565551,5.875321371677509,1.2495076160219991,PAN
"ARMA(2,2)",Box-Jenkins,2013,2014,1,4.62581375565551,3.7943901576483885,-0.8314235980071212,PAN
"ARIMA(1,1,1)",Box-Jenkins,2013,2014,1,4.62581375565551,5.876592452617384,1.2507786969618744,PAN
Ridge sobre rezagos,regularizado,2013,2014,1,4.62581375565551,3.576154314832192,-1.0496594408233175,PAN
Random Forest,aprendizaje,2013,2014,1,4.62581375565551,6.029736304355691,1.403922548700181,PAN
LSTM(16),red neuronal,2013,2014,1,4.62581375565551,4.446757445322011,-0.17905631033349856,PAN
Comb. RF/AR(1) suave,combinacion,2013,2014,1,4.62581375565551,5.849620807999076,1.2238070523435667,PAN
Comb. RF/AR(1) dura,combinacion,2013,2014,1,4.62581375565551,5.849620807999076,1.2238070523435667,PAN
Comb. RF/ingenuo suave,combinacion,2013,2014,1,4.62581375565551,5.849620807999076,1.2238070523435667,PAN
Comb. LSTM/AR(1) suave,combinacion,2013,2014,1,4.62581375565551,3.4187005017557017,-1.207113253899808,PAN
Comb. RF/AR(1) umbral min,combinacion,2013,2014,1,4.62581375565551,5.875321371677509,1.2495076160219991,PAN
Ingenuo,referencia,2014,2015,1,5.26691719595516,4.62581375565551,-0.6411034402996503,PAN
Deriva,referencia,2014,2015,1,5.26691719595516,4.506931093656123,-0.7599861022990373,PAN
AR(1),Box-Jenkins,2014,2015,1,5.26691719595516,5.072165079064902,-0.19475211689025773,PAN
"ARMA(2,2)",Box-Jenkins,2014,2015,1,5.26691719595516,5.730956435500296,0.46403923954513626,PAN
"ARIMA(1,1,1)",Box-Jenkins,2014,2015,1,5.26691719595516,5.070179848155698,-0.19673734779946184,PAN
Ridge sobre rezagos,regularizado,2014,2015,1,5.26691719595516,5.1530718375132984,-0.1138453584418615,PAN
Random Forest,aprendizaje,2014,2015,1,5.26691719595516,-4.931894987338364,-10.198812183293523,PAN
LSTM(16),red neuronal,2014,2015,1,5.26691719595516,4.211308439314633,-1.0556087566405266,PAN
Comb. RF/AR(1) suave,combinacion,2014,2015,1,5.26691719595516,-3.2765437498730123,-8.543460945828173,PAN
Comb. RF/AR(1) dura,combinacion,2014,2015,1,5.26691719595516,-3.2765437498730123,-8.543460945828173,PAN
Comb. RF/ingenuo suave,combinacion,2014,2015,1,5.26691719595516,-3.2765437498730123,-8.543460945828173,PAN
Comb. LSTM/AR(1) suave,combinacion,2014,2015,1,5.26691719595516,3.77706914678525,-1.4898480491699098,PAN
Comb. RF/AR(1) umbral min,combinacion,2014,2015,1,5.26691719595516,5.072165079064902,-0.19475211689025773,PAN
Ingenuo,referencia,2015,2016,1,4.57196707937275,5.26691719595516,0.6949501165824099,PAN
Deriva,referencia,2015,2016,1,4.57196707937275,5.162108350665015,0.5901412712922651,PAN
AR(1),Box-Jenkins,2015,2016,1,4.57196707937275,5.369902782558731,0.7979357031859813,PAN
"ARMA(2,2)",Box-Jenkins,2015,2016,1,4.57196707937275,5.792742758439495,1.2207756790667448,PAN
"ARIMA(1,1,1)",Box-Jenkins,2015,2016,1,4.57196707937275,5.3691752542223545,0.7972081748496045,PAN
Ridge sobre rezagos,regularizado,2015,2016,1,4.57196707937275,5.028284154591287,0.4563170752185366,PAN
Random Forest,aprendizaje,2015,2016,1,4.57196707937275,3.019146579607815,-1.5528204997649349,PAN
LSTM(16),red neuronal,2015,2016,1,4.57196707937275,4.862533338699436,0.29056625932668556,PAN
Comb. RF/AR(1) suave,combinacion,2015,2016,1,4.57196707937275,0.45594370579060944,-4.1160233735821405,PAN
Comb. RF/AR(1) dura,combinacion,2015,2016,1,4.57196707937275,0.45594370579060944,-4.1160233735821405,PAN
Comb. RF/ingenuo suave,combinacion,2015,2016,1,4.57196707937275,0.45594370579060944,-4.1160233735821405,PAN
Comb. LSTM/AR(1) suave,combinacion,2015,2016,1,4.57196707937275,4.772518470549535,0.2005513911767851,PAN
Comb. RF/AR(1) umbral min,combinacion,2015,2016,1,4.57196707937275,5.369902782558731,0.7979357031859813,PAN
Ingenuo,referencia,2016,2017,1,5.7440594635578,4.57196707937275,-1.1720923841850501,PAN
Deriva,referencia,2016,2017,1,5.7440594635578,4.456428392786382,-1.2876310707714183,PAN
AR(1),Box-Jenkins,2016,2017,1,5.7440594635578,5.036466087985238,-0.7075933755725625,PAN
"ARMA(2,2)",Box-Jenkins,2016,2017,1,5.7440594635578,4.652938120814853,-1.0911213427429471,PAN
"ARIMA(1,1,1)",Box-Jenkins,2016,2017,1,5.7440594635578,5.034430597266644,-0.7096288662911565,PAN
Ridge sobre rezagos,regularizado,2016,2017,1,5.7440594635578,5.09892251850188,-0.6451369450559206,PAN
Random Forest,aprendizaje,2016,2017,1,5.7440594635578,4.352019576664715,-1.3920398868930848,PAN
LSTM(16),red neuronal,2016,2017,1,5.7440594635578,5.085488990565882,-0.6585704729919177,PAN
Comb. RF/AR(1) suave,combinacion,2016,2017,1,5.7440594635578,2.969695448574856,-2.774364014982944,PAN
Comb. RF/AR(1) dura,combinacion,2016,2017,1,5.7440594635578,2.969695448574856,-2.774364014982944,PAN
Comb. RF/ingenuo suave,combinacion,2016,2017,1,5.7440594635578,2.969695448574856,-2.774364014982944,PAN
Comb. LSTM/AR(1) suave,combinacion,2016,2017,1,5.7440594635578,4.315073241431173,-1.4289862221266274,PAN
Comb. RF/AR(1) umbral min,combinacion,2016,2017,1,5.7440594635578,5.036466087985238,-0.7075933755725625,PAN
Ingenuo,referencia,2017,2018,1,3.91824253321265,5.7440594635578,1.8258169303451504,PAN
Deriva,referencia,2017,2018,1,3.91824253321265,5.651514188949493,1.7332716557368433,PAN
AR(1),Box-Jenkins,2017,2018,1,3.91824253321265,5.58674200279909,1.6684994695864401,PAN
"ARMA(2,2)",Box-Jenkins,2017,2018,1,3.91824253321265,5.771303931601469,1.8530613983888196,PAN
"ARIMA(1,1,1)",Box-Jenkins,2017,2018,1,3.91824253321265,5.586970122565174,1.6687275893525242,PAN
Ridge sobre rezagos,regularizado,2017,2018,1,3.91824253321265,5.754248537949421,1.8360060047367708,PAN
Random Forest,aprendizaje,2017,2018,1,3.91824253321265,4.3211639181466985,0.4029213849340487,PAN
LSTM(16),red neuronal,2017,2018,1,3.91824253321265,5.129116444115867,1.2108739109032176,PAN
Comb. RF/AR(1) suave,combinacion,2017,2018,1,3.91824253321265,3.9818111983946753,0.06356866518202553,PAN
Comb. RF/AR(1) dura,combinacion,2017,2018,1,3.91824253321265,3.9818111983946753,0.06356866518202553,PAN
Comb. RF/ingenuo suave,combinacion,2017,2018,1,3.91824253321265,3.9818111983946753,0.06356866518202553,PAN
Comb. LSTM/AR(1) suave,combinacion,2017,2018,1,3.91824253321265,5.02339406508638,1.1051515318737306,PAN
Comb. RF/AR(1) umbral min,combinacion,2017,2018,1,3.91824253321265,5.333664065289724,1.4154215320770738,PAN
Ingenuo,referencia,2018,2019,1,3.10295395631086,3.91824253321265,0.8152885769017897,PAN
Deriva,referencia,2018,2019,1,3.10295395631086,3.7952889839422927,0.6923350276314326,PAN
AR(1),Box-Jenkins,2018,2019,1,3.10295395631086,4.721409736145581,1.6184557798347212,PAN
"ARMA(2,2)",Box-Jenkins,2018,2019,1,3.10295395631086,4.837663997119606,1.7347100408087455,PAN
"ARIMA(1,1,1)",Box-Jenkins,2018,2019,1,3.10295395631086,4.718178249968451,1.6152242936575911,PAN
Ridge sobre rezagos,regularizado,2018,2019,1,3.10295395631086,4.30370069177603,1.2007467354651702,PAN
Random Forest,aprendizaje,2018,2019,1,3.10295395631086,2.126725704546184,-0.9762282517646761,PAN
LSTM(16),red neuronal,2018,2019,1,3.10295395631086,4.086619971318145,0.9836660150072847,PAN
Comb. RF/AR(1) suave,combinacion,2018,2019,1,3.10295395631086,0.29117448901919124,-2.811779467291669,PAN
Comb. RF/AR(1) dura,combinacion,2018,2019,1,3.10295395631086,0.29117448901919124,-2.811779467291669,PAN
Comb. RF/ingenuo suave,combinacion,2018,2019,1,3.10295395631086,0.29117448901919124,-2.811779467291669,PAN
Comb. LSTM/AR(1) suave,combinacion,2018,2019,1,3.10295395631086,4.0495689463399716,0.9466149900291114,PAN
Comb. RF/AR(1) umbral min,combinacion,2018,2019,1,3.10295395631086,3.298559605927604,0.19560564961674398,PAN
Ingenuo,referencia,2019,2020,1,-17.8211174074602,3.10295395631086,20.92407136377106,PAN
Deriva,referencia,2019,2020,1,-17.8211174074602,2.9680635962192716,20.78918100367947,PAN
AR(1),Box-Jenkins,2019,2020,1,-17.8211174074602,4.313911257224575,22.135028664684775,PAN
"ARMA(2,2)",Box-Jenkins,2019,2020,1,-17.8211174074602,3.90629650560705,21.72741391306725,PAN
"ARIMA(1,1,1)",Box-Jenkins,2019,2020,1,-17.8211174074602,4.3091825380575,22.1302999455177,PAN
Ridge sobre rezagos,regularizado,2019,2020,1,-17.8211174074602,3.597088086611279,21.41820549407148,PAN
Random Forest,aprendizaje,2019,2020,1,-17.8211174074602,2.5460569765802283,20.36717438404043,PAN
LSTM(16),red neuronal,2019,2020,1,-17.8211174074602,4.06001559390138,21.88113300136158,PAN
Comb. RF/AR(1) suave,combinacion,2019,2020,1,-17.8211174074602,3.1186627616770823,20.939780169137283,PAN
Comb. RF/AR(1) dura,combinacion,2019,2020,1,-17.8211174074602,3.1186627616770823,20.939780169137283,PAN
Comb. RF/ingenuo suave,combinacion,2019,2020,1,-17.8211174074602,3.1186627616770823,20.939780169137283,PAN
Comb. LSTM/AR(1) suave,combinacion,2019,2020,1,-17.8211174074602,4.022225668633144,21.843343076093344,PAN
Comb. RF/AR(1) umbral min,combinacion,2019,2020,1,-17.8211174074602,3.1186627616770823,20.939780169137283,PAN
Ingenuo,referencia,2020,2021,1,16.4669992022652,-17.8211174074602,-34.2881166097254,PAN
Deriva,referencia,2020,2021,1,16.4669992022652,-18.308366767614153,-34.77536596987935,PAN
AR(1),Box-Jenkins,2020,2021,1,16.4669992022652,-6.862945981560577,-23.329945183825778,PAN
"ARMA(2,2)",Box-Jenkins,2020,2021,1,16.4669992022652,-8.377274896938722,-24.844274099203922,PAN
"ARIMA(1,1,1)",Box-Jenkins,2020,2021,1,16.4669992022652,-6.910914440042035,-23.377913642307234,PAN
Ridge sobre rezagos,regularizado,2020,2021,1,16.4669992022652,-8.43551535347046,-24.90251455573566,PAN
Random Forest,aprendizaje,2020,2021,1,16.4669992022652,1.4062342385051803,-15.06076496376002,PAN
LSTM(16),red neuronal,2020,2021,1,16.4669992022652,-3.0613213477478896,-19.52832055001309,PAN
Comb. RF/AR(1) suave,combinacion,2020,2021,1,16.4669992022652,-6.198504268746767,-22.665503471011966,PAN
Comb. RF/AR(1) dura,combinacion,2020,2021,1,16.4669992022652,-6.862945981560577,-23.329945183825778,PAN
Comb. RF/ingenuo suave,combinacion,2020,2021,1,16.4669992022652,-16.259720661209435,-32.726719863474635,PAN
Comb. LSTM/AR(1) suave,combinacion,2020,2021,1,16.4669992022652,-6.637717767824042,-23.104716970089243,PAN
Comb. RF/AR(1) umbral min,combinacion,2020,2021,1,16.4669992022652,-6.862945981560577,-23.329945183825778,PAN
Ingenuo,referencia,2021,2022,1,11.0386022908773,16.4669992022652,5.4283969113879,PAN
Deriva,referencia,2021,2022,1,11.0386022908773,16.55933927494257,5.52073698406527,PAN
AR(1),Box-Jenkins,2021,2022,1,11.0386022908773,7.292857135444738,-3.7457451554325623,PAN
"ARMA(2,2)",Box-Jenkins,2021,2022,1,11.0386022908773,8.422646608794807,-2.615955682082493,PAN
"ARIMA(1,1,1)",Box-Jenkins,2021,2022,1,11.0386022908773,7.300065303636423,-3.7385369872408774,PAN
Ridge sobre rezagos,regularizado,2021,2022,1,11.0386022908773,4.674256046712552,-6.364346244164748,PAN
Random Forest,aprendizaje,2021,2022,1,11.0386022908773,8.547293400693777,-2.4913088901835234,PAN
LSTM(16),red neuronal,2021,2022,1,11.0386022908773,4.589159993083757,-6.449442297793543,PAN
Comb. RF/AR(1) suave,combinacion,2021,2022,1,11.0386022908773,7.292857135444738,-3.7457451554325623,PAN
Comb. RF/AR(1) dura,combinacion,2021,2022,1,11.0386022908773,7.292857135444738,-3.7457451554325623,PAN
Comb. RF/ingenuo suave,combinacion,2021,2022,1,11.0386022908773,16.4669992022652,5.4283969113879,PAN
Comb. LSTM/AR(1) suave,combinacion,2021,2022,1,11.0386022908773,7.292857135444738,-3.7457451554325623,PAN
Comb. RF/AR(1) umbral min,combinacion,2021,2022,1,11.0386022908773,7.292857135444738,-3.7457451554325623,PAN
Ingenuo,referencia,2022,2023,1,7.16634016390665,11.0386022908773,3.87226212697065,PAN
Deriva,referencia,2022,2023,1,7.16634016390665,11.040438478569994,3.8740983146633443,PAN
AR(1),Box-Jenkins,2022,2023,1,7.16634016390665,6.512113585318131,-0.6542265785885188,PAN
"ARMA(2,2)",Box-Jenkins,2022,2023,1,7.16634016390665,8.540047826165257,1.3737076622586066,PAN
"ARIMA(1,1,1)",Box-Jenkins,2022,2023,1,7.16634016390665,6.515763030143003,-0.6505771337636466,PAN
Ridge sobre rezagos,regularizado,2022,2023,1,7.16634016390665,12.80972319766185,5.6433830337552,PAN
Random Forest,aprendizaje,2022,2023,1,7.16634016390665,8.24895291910142,1.08261275519477,PAN
LSTM(16),red neuronal,2022,2023,1,7.16634016390665,4.748709804839619,-2.417630359067031,PAN
Comb. RF/AR(1) suave,combinacion,2022,2023,1,7.16634016390665,6.512113585318131,-0.6542265785885188,PAN
Comb. RF/AR(1) dura,combinacion,2022,2023,1,7.16634016390665,6.512113585318131,-0.6542265785885188,PAN
Comb. RF/ingenuo suave,combinacion,2022,2023,1,7.16634016390665,11.0386022908773,3.87226212697065,PAN
Comb. LSTM/AR(1) suave,combinacion,2022,2023,1,7.16634016390665,6.512113585318131,-0.6542265785885188,PAN
Comb. RF/AR(1) umbral min,combinacion,2022,2023,1,7.16634016390665,6.512113585318131,-0.6542265785885188,PAN
Ingenuo,referencia,2023,2024,1,2.74784148771307,7.16634016390665,4.41849867619358,PAN
Deriva,referencia,2023,2024,1,2.74784148771307,7.105690894911225,4.357849407198155,PAN
AR(1),Box-Jenkins,2023,2024,1,2.74784148771307,5.73671488803344,2.9888734003203696,PAN
"ARMA(2,2)",Box-Jenkins,2023,2024,1,2.74784148771307,4.031084552471316,1.2832430647582456,PAN
"ARIMA(1,1,1)",Box-Jenkins,2023,2024,1,2.74784148771307,5.7378104400907315,2.9899689523776614,PAN
Ridge sobre rezagos,regularizado,2023,2024,1,2.74784148771307,-0.06304347811597566,-2.810884965829046,PAN
Random Forest,aprendizaje,2023,2024,1,2.74784148771307,6.299342327504319,3.551500839791249,PAN
LSTM(16),red neuronal,2023,2024,1,2.74784148771307,4.786991719308405,2.039150231595335,PAN
Comb. RF/AR(1) suave,combinacion,2023,2024,1,2.74784148771307,5.73671488803344,2.9888734003203696,PAN
Comb. RF/AR(1) dura,combinacion,2023,2024,1,2.74784148771307,5.73671488803344,2.9888734003203696,PAN
Comb. RF/ingenuo suave,combinacion,2023,2024,1,2.74784148771307,7.16634016390665,4.41849867619358,PAN
Comb. LSTM/AR(1) suave,combinacion,2023,2024,1,2.74784148771307,5.73671488803344,2.9888734003203696,PAN
Comb. RF/AR(1) umbral min,combinacion,2023,2024,1,2.74784148771307,5.73671488803344,2.9888734003203696,PAN
Ingenuo,referencia,2024,2025,1,4.35030460627731,2.74784148771307,-1.6024631185642395,PAN
Deriva,referencia,2024,2025,1,4.35030460627731,2.618020005904976,-1.7322846003723336,PAN
AR(1),Box-Jenkins,2024,2025,1,4.35030460627731,4.7870623694709185,0.4367577631936088,PAN
"ARMA(2,2)",Box-Jenkins,2024,2025,1,4.35030460627731,3.11038107475012,-1.2399235315271895,PAN
"ARIMA(1,1,1)",Box-Jenkins,2024,2025,1,4.35030460627731,4.785360172273278,0.4350555659959685,PAN
Ridge sobre rezagos,regularizado,2024,2025,1,4.35030460627731,4.491987261012412,0.141682654735102,PAN
Random Forest,aprendizaje,2024,2025,1,4.35030460627731,1.0223739390398836,-3.327930667237426,PAN
LSTM(16),red neuronal,2024,2025,1,4.35030460627731,4.6980239015467635,0.3477192952694539,PAN
Comb. RF/AR(1) suave,combinacion,2024,2025,1,4.35030460627731,4.7870623694709185,0.4367577631936088,PAN
Comb. RF/AR(1) dura,combinacion,2024,2025,1,4.35030460627731,4.7870623694709185,0.4367577631936088,PAN
Comb. RF/ingenuo suave,combinacion,2024,2025,1,4.35030460627731,2.74784148771307,-1.6024631185642395,PAN
Comb. LSTM/AR(1) suave,combinacion,2024,2025,1,4.35030460627731,4.7870623694709185,0.4367577631936088,PAN
Comb. RF/AR(1) umbral min,combinacion,2024,2025,1,4.35030460627731,4.7870623694709185,0.4367577631936088,PAN
Ingenuo,referencia,1990,1991,1,2.2192591027909,-4.98256353646605,-7.2018226392569495,PER
Deriva,referencia,1990,1991,1,2.2192591027909,-5.4077242215667995,-7.626983324357699,PER
AR(1),Box-Jenkins,1990,1991,1,2.2192591027909,-1.0561061053014347,-3.2753652080923343,PER
"ARMA(2,2)",Box-Jenkins,1990,1991,1,2.2192591027909,5.895908803967885,3.6766497011769848,PER
"ARIMA(1,1,1)",Box-Jenkins,1990,1991,1,2.2192591027909,-2.244145001518732,-4.463404104309632,PER
Ridge sobre rezagos,regularizado,1990,1991,1,2.2192591027909,9.019855585121523,6.800596482330622,PER
Random Forest,aprendizaje,1990,1991,1,2.2192591027909,-0.26088620583957584,-2.4801453086304757,PER
LSTM(16),red neuronal,1990,1991,1,2.2192591027909,,,PER
Comb. RF/AR(1) suave,combinacion,1990,1991,1,2.2192591027909,0.8364153267905008,-1.382843776000399,PER
Comb. RF/AR(1) dura,combinacion,1990,1991,1,2.2192591027909,-1.0561061053014347,-3.2753652080923343,PER
Comb. RF/ingenuo suave,combinacion,1990,1991,1,2.2192591027909,-0.5509287938029197,-2.7701878965938196,PER
Comb. LSTM/AR(1) suave,combinacion,1990,1991,1,2.2192591027909,,,PER
Comb. RF/AR(1) umbral min,combinacion,1990,1991,1,2.2192591027909,-1.0561061053014347,-3.2753652080923343,PER
Ingenuo,referencia,1991,1992,1,-0.540509124723926,2.2192591027909,2.759768227514826,PER
Deriva,referencia,1991,1992,1,-0.540509124723926,2.0483311951687404,2.5888403198926664,PER
AR(1),Box-Jenkins,1991,1992,1,-0.540509124723926,2.3639273953815603,2.9044365201054863,PER
"ARMA(2,2)",Box-Jenkins,1991,1992,1,-0.540509124723926,6.808699933532757,7.349209058256683,PER
"ARIMA(1,1,1)",Box-Jenkins,1991,1992,1,-0.540509124723926,1.3975827741355524,1.9380918988594784,PER
Ridge sobre rezagos,regularizado,1991,1992,1,-0.540509124723926,16.23001378693747,16.770522911661395,PER
Random Forest,aprendizaje,1991,1992,1,-0.540509124723926,6.271269906987116,6.811779031711042,PER
LSTM(16),red neuronal,1991,1992,1,-0.540509124723926,,,PER
Comb. RF/AR(1) suave,combinacion,1991,1992,1,-0.540509124723926,4.212730362658266,4.753239487382192,PER
Comb. RF/AR(1) dura,combinacion,1991,1992,1,-0.540509124723926,2.3639273953815603,2.9044365201054863,PER
Comb. RF/ingenuo suave,combinacion,1991,1992,1,-0.540509124723926,4.170310392122897,4.710819516846822,PER
Comb. LSTM/AR(1) suave,combinacion,1991,1992,1,-0.540509124723926,,,PER
Comb. RF/AR(1) umbral min,combinacion,1991,1992,1,-0.540509124723926,2.3639273953815603,2.9044365201054863,PER
Ingenuo,referencia,1992,1993,1,5.24357700773291,-0.540509124723926,-5.784086132456835,PER
Deriva,referencia,1992,1993,1,5.24357700773291,-0.7949480104071394,-6.038525018140049,PER
AR(1),Box-Jenkins,1992,1993,1,5.24357700773291,1.074110115131152,-4.169466892601758,PER
"ARMA(2,2)",Box-Jenkins,1992,1993,1,5.24357700773291,0.33597388605131046,-4.907603121681599,PER
"ARIMA(1,1,1)",Box-Jenkins,1992,1993,1,5.24357700773291,0.028474698158955203,-5.215102309573954,PER
Ridge sobre rezagos,regularizado,1992,1993,1,5.24357700773291,-0.2570245636389574,-5.500601571371867,PER
Random Forest,aprendizaje,1992,1993,1,5.24357700773291,-0.26231311181323813,-5.505890119546148,PER
LSTM(16),red neuronal,1992,1993,1,5.24357700773291,12.745309893017339,7.501732885284429,PER
Comb. RF/AR(1) suave,combinacion,1992,1993,1,5.24357700773291,0.7045343037286044,-4.539042704004305,PER
Comb. RF/AR(1) dura,combinacion,1992,1993,1,5.24357700773291,1.074110115131152,-4.169466892601758,PER
Comb. RF/ingenuo suave,combinacion,1992,1993,1,5.24357700773291,0.5390811293644299,-4.70449587836848,PER
Comb. LSTM/AR(1) suave,combinacion,1992,1993,1,5.24357700773291,,,PER
Comb. RF/AR(1) umbral min,combinacion,1992,1993,1,5.24357700773291,1.074110115131152,-4.169466892601758,PER
Ingenuo,referencia,1993,1994,1,12.3083661848445,5.24357700773291,-7.0647891771115905,PER
Deriva,referencia,1993,1994,1,12.3083661848445,5.177842028866572,-7.130524155977928,PER
AR(1),Box-Jenkins,1993,1994,1,12.3083661848445,3.674313462403315,-8.634052722441185,PER
"ARMA(2,2)",Box-Jenkins,1993,1994,1,12.3083661848445,4.524640734150527,-7.783725450693973,PER
"ARIMA(1,1,1)",Box-Jenkins,1993,1994,1,12.3083661848445,3.070925225257245,-9.237440959587255,PER
Ridge sobre rezagos,regularizado,1993,1994,1,12.3083661848445,-4.107175212934058,-16.415541397778558,PER
Random Forest,aprendizaje,1993,1994,1,12.3083661848445,0.11903333124269755,-12.189332853601803,PER
LSTM(16),red neuronal,1993,1994,1,12.3083661848445,2.7793039639229273,-9.529062220921572,PER
Comb. RF/AR(1) suave,combinacion,1993,1994,1,12.3083661848445,-0.9382875595852641,-13.246653744429764,PER
Comb. RF/AR(1) dura,combinacion,1993,1994,1,12.3083661848445,-0.9382875595852641,-13.246653744429764,PER
Comb. RF/ingenuo suave,combinacion,1993,1994,1,12.3083661848445,-0.9382875595852641,-13.246653744429764,PER
Comb. LSTM/AR(1) suave,combinacion,1993,1994,1,12.3083661848445,,,PER
Comb. RF/AR(1) umbral min,combinacion,1993,1994,1,12.3083661848445,3.674313462403315,-8.634052722441185,PER
Ingenuo,referencia,1994,1995,1,7.41139504735119,12.3083661848445,4.89697113749331,PER
Deriva,referencia,1994,1995,1,7.41139504735119,12.458707695553253,5.0473126482020625,PER
AR(1),Box-Jenkins,1994,1995,1,7.41139504735119,7.110218854606463,-0.3011761927447276,PER
"ARMA(2,2)",Box-Jenkins,1994,1995,1,7.41139504735119,5.4647859900249545,-1.9466090573262358,PER
"ARIMA(1,1,1)",Box-Jenkins,1994,1995,1,7.41139504735119,7.200445534523778,-0.21094951282741192,PER
Ridge sobre rezagos,regularizado,1994,1995,1,7.41139504735119,-7.730377816615224,-15.141772863966414,PER
Random Forest,aprendizaje,1994,1995,1,7.41139504735119,-0.8748696164226154,-8.286264663773805,PER
LSTM(16),red neuronal,1994,1995,1,7.41139504735119,-1.8622809019942919,-9.273675949345481,PER
Comb. RF/AR(1) suave,combinacion,1994,1995,1,7.41139504735119,-1.0526234955637686,-8.464018542914959,PER
Comb. RF/AR(1) dura,combinacion,1994,1995,1,7.41139504735119,-1.0526234955637686,-8.464018542914959,PER
Comb. RF/ingenuo suave,combinacion,1994,1995,1,7.41139504735119,-1.0526234955637686,-8.464018542914959,PER
Comb. LSTM/AR(1) suave,combinacion,1994,1995,1,7.41139504735119,,,PER
Comb. RF/AR(1) umbral min,combinacion,1994,1995,1,7.41139504735119,7.110218854606463,-0.3011761927447276,PER
Ingenuo,referencia,1995,1996,1,2.79897307912609,7.41139504735119,4.6124219682251,PER
Deriva,referencia,1995,1996,1,2.79897307912609,7.413286186053999,4.614313106927909,PER
AR(1),Box-Jenkins,1995,1996,1,2.79897307912609,4.968537601916048,2.1695645227899583,PER
"ARMA(2,2)",Box-Jenkins,1995,1996,1,2.79897307912609,1.7355845992691448,-1.063388479856945,PER
"ARIMA(1,1,1)",Box-Jenkins,1995,1996,1,2.79897307912609,5.00661110007151,2.20763802094542,PER
Ridge sobre rezagos,regularizado,1995,1996,1,2.79897307912609,-4.24938855510751,-7.0483616342336,PER
Random Forest,aprendizaje,1995,1996,1,2.79897307912609,-3.2438576442160714,-6.042830723342162,PER
LSTM(16),red neuronal,1995,1996,1,2.79897307912609,1.758813827308838,-1.0401592518172518,PER
Comb. RF/AR(1) suave,combinacion,1995,1996,1,2.79897307912609,-2.3378926950320533,-5.136865774158143,PER
Comb. RF/AR(1) dura,combinacion,1995,1996,1,2.79897307912609,-2.3378926950320533,-5.136865774158143,PER
Comb. RF/ingenuo suave,combinacion,1995,1996,1,2.79897307912609,-2.3378926950320533,-5.136865774158143,PER
Comb. LSTM/AR(1) suave,combinacion,1995,1996,1,2.79897307912609,,,PER
Comb. RF/AR(1) umbral min,combinacion,1995,1996,1,2.79897307912609,4.968537601916048,2.1695645227899583,PER
Ingenuo,referencia,1996,1997,1,6.47682442079709,2.79897307912609,-3.6778513416710004,PER
Deriva,referencia,1996,1997,1,6.47682442079709,2.6690267004881014,-3.8077977203089888,PER
AR(1),Box-Jenkins,1996,1997,1,6.47682442079709,2.861070384720492,-3.615754036076598,PER
"ARMA(2,2)",Box-Jenkins,1996,1997,1,6.47682442079709,1.9984883240729292,-4.478336096724161,PER
"ARIMA(1,1,1)",Box-Jenkins,1996,1997,1,6.47682442079709,2.8581891944052447,-3.6186352263918455,PER
Ridge sobre rezagos,regularizado,1996,1997,1,6.47682442079709,-0.7985524781195958,-7.2753768989166865,PER
Random Forest,aprendizaje,1996,1997,1,6.47682442079709,-2.306799291808347,-8.783623712605436,PER
LSTM(16),red neuronal,1996,1997,1,6.47682442079709,0.676157107452291,-5.8006673133448,PER
Comb. RF/AR(1) suave,combinacion,1996,1997,1,6.47682442079709,-2.3375658067588314,-8.814390227555922,PER
Comb. RF/AR(1) dura,combinacion,1996,1997,1,6.47682442079709,-2.3375658067588314,-8.814390227555922,PER
Comb. RF/ingenuo suave,combinacion,1996,1997,1,6.47682442079709,-2.3375658067588314,-8.814390227555922,PER
Comb. LSTM/AR(1) suave,combinacion,1996,1997,1,6.47682442079709,-0.8065502991372044,-7.283374719934295,PER
Comb. RF/AR(1) umbral min,combinacion,1996,1997,1,6.47682442079709,-0.46805543567523955,-6.94487985647233,PER
Ingenuo,referencia,1997,1998,1,-0.391537555833821,6.47682442079709,6.868361976630911,PER
Deriva,referencia,1997,1998,1,-0.391537555833821,6.452650201056573,6.844187756890395,PER
AR(1),Box-Jenkins,1997,1998,1,-0.391537555833821,4.560024600755709,4.95156215658953,PER
"ARMA(2,2)",Box-Jenkins,1997,1998,1,-0.391537555833821,3.6761158166460213,4.0676533724798425,PER
"ARIMA(1,1,1)",Box-Jenkins,1997,1998,1,-0.391537555833821,4.588347777278143,4.979885333111964,PER
Ridge sobre rezagos,regularizado,1997,1998,1,-0.391537555833821,5.791929551232933,6.183467107066754,PER
Random Forest,aprendizaje,1997,1998,1,-0.391537555833821,2.3929898975926553,2.7845274534264766,PER
LSTM(16),red neuronal,1997,1998,1,-0.391537555833821,3.0283391455392006,3.4198767013730214,PER
Comb. RF/AR(1) suave,combinacion,1997,1998,1,-0.391537555833821,1.2770004398890513,1.6685379957228723,PER
Comb. RF/AR(1) dura,combinacion,1997,1998,1,-0.391537555833821,1.2770004398890513,1.6685379957228723,PER
Comb. RF/ingenuo suave,combinacion,1997,1998,1,-0.391537555833821,1.2770004398890513,1.6685379957228723,PER
Comb. LSTM/AR(1) suave,combinacion,1997,1998,1,-0.391537555833821,2.209803938583514,2.601341494417335,PER
Comb. RF/AR(1) umbral min,combinacion,1997,1998,1,-0.391537555833821,2.132856018244919,2.52439357407874,PER
Ingenuo,referencia,1998,1999,1,1.49491064308833,-0.391537555833821,-1.886448198922151,PER
Deriva,referencia,1998,1999,1,1.49491064308833,-0.6006898230578619,-2.095600466146192,PER
AR(1),Box-Jenkins,1998,1999,1,1.49491064308833,1.4943398000898958,-0.000570842998434351,PER
"ARMA(2,2)",Box-Jenkins,1998,1999,1,1.49491064308833,-2.193809732625982,-3.688720375714312,PER
"ARIMA(1,1,1)",Box-Jenkins,1998,1999,1,1.49491064308833,1.4642367096077558,-0.030673933480574345,PER
Ridge sobre rezagos,regularizado,1998,1999,1,1.49491064308833,-1.5300158118177607,-3.024926454906091,PER
Random Forest,aprendizaje,1998,1999,1,1.49491064308833,0.8329044011967156,-0.6620062418916145,PER
LSTM(16),red neuronal,1998,1999,1,1.49491064308833,0.21190690385247368,-1.2830037392358564,PER
Comb. RF/AR(1) suave,combinacion,1998,1999,1,1.49491064308833,0.10758932668463733,-1.3873213164036928,PER
Comb. RF/AR(1) dura,combinacion,1998,1999,1,1.49491064308833,0.10758932668463733,-1.3873213164036928,PER
Comb. RF/ingenuo suave,combinacion,1998,1999,1,1.49491064308833,0.10758932668463733,-1.3873213164036928,PER
Comb. LSTM/AR(1) suave,combinacion,1998,1999,1,1.49491064308833,0.738765418335162,-0.7561452247531681,PER
Comb. RF/AR(1) umbral min,combinacion,1998,1999,1,1.49491064308833,0.4011020403725776,-1.0938086027157525,PER
Ingenuo,referencia,1999,2000,1,2.69437139806912,1.49491064308833,-1.19946075498079,PER
Deriva,referencia,1999,2000,1,2.69437139806912,1.340905756552347,-1.3534656415167732,PER
AR(1),Box-Jenkins,1999,2000,1,2.69437139806912,2.2865681447144026,-0.40780325335471757,PER
"ARMA(2,2)",Box-Jenkins,1999,2000,1,2.69437139806912,5.699313777055902,3.004942378986782,PER
"ARIMA(1,1,1)",Box-Jenkins,1999,2000,1,2.69437139806912,2.2731362898380114,-0.42123510823110877,PER
Ridge sobre rezagos,regularizado,1999,2000,1,2.69437139806912,4.139370316085369,1.4449989180162488,PER
Random Forest,aprendizaje,1999,2000,1,2.69437139806912,2.946208856882636,0.2518374588135157,PER
LSTM(16),red neuronal,1999,2000,1,2.69437139806912,2.0097241359434124,-0.6846472621257078,PER
Comb. RF/AR(1) suave,combinacion,1999,2000,1,2.69437139806912,2.0392644012130914,-0.6551069968560288,PER
Comb. RF/AR(1) dura,combinacion,1999,2000,1,2.69437139806912,2.0392644012130914,-0.6551069968560288,PER
Comb. RF/ingenuo suave,combinacion,1999,2000,1,2.69437139806912,2.0392644012130914,-0.6551069968560288,PER
Comb. LSTM/AR(1) suave,combinacion,1999,2000,1,2.69437139806912,1.6568925616580572,-1.037478836411063,PER
Comb. RF/AR(1) umbral min,combinacion,1999,2000,1,2.69437139806912,2.1293763570199955,-0.5649950410491247,PER
Ingenuo,referencia,2000,2001,1,0.617892325624297,2.69437139806912,2.0764790724448234,PER
Deriva,referencia,2000,2001,1,0.617892325624297,2.575070758751516,1.957178433127219,PER
AR(1),Box-Jenkins,2000,2001,1,0.617892325624297,2.8009586528109693,2.1830663271866726,PER
"ARMA(2,2)",Box-Jenkins,2000,2001,1,0.617892325624297,-0.15481154948317988,-0.7727038751074768,PER
"ARIMA(1,1,1)",Box-Jenkins,2000,2001,1,0.617892325624297,2.797762207574005,2.179869881949708,PER
Ridge sobre rezagos,regularizado,2000,2001,1,0.617892325624297,2.578288321288535,1.960395995664238,PER
Random Forest,aprendizaje,2000,2001,1,0.617892325624297,4.193695571920276,3.5758032462959797,PER
LSTM(16),red neuronal,2000,2001,1,0.617892325624297,2.4655396872185973,1.8476473615943003,PER
Comb. RF/AR(1) suave,combinacion,2000,2001,1,0.617892325624297,3.8383208924553838,3.220428566831087,PER
Comb. RF/AR(1) dura,combinacion,2000,2001,1,0.617892325624297,3.8383208924553838,3.220428566831087,PER
Comb. RF/ingenuo suave,combinacion,2000,2001,1,0.617892325624297,3.8383208924553838,3.220428566831087,PER
Comb. LSTM/AR(1) suave,combinacion,2000,2001,1,0.617892325624297,2.235699852141421,1.617807526517124,PER
Comb. RF/AR(1) umbral min,combinacion,2000,2001,1,0.617892325624297,3.2392140365850484,2.6213217109607516,PER
Ingenuo,referencia,2001,2002,1,5.45352893818767,0.617892325624297,-4.835636612563373,PER
Deriva,referencia,2001,2002,1,5.45352893818767,0.44966222547851215,-5.003866712709158,PER
AR(1),Box-Jenkins,2001,2002,1,5.45352893818767,1.8737582047819314,-3.5797707334057387,PER
"ARMA(2,2)",Box-Jenkins,2001,2002,1,5.45352893818767,3.941880488118927,-1.5116484500687433,PER
"ARIMA(1,1,1)",Box-Jenkins,2001,2002,1,5.45352893818767,1.853571486799535,-3.599957451388135,PER
Ridge sobre rezagos,regularizado,2001,2002,1,5.45352893818767,2.3899865692047646,-3.0635423689829056,PER
Random Forest,aprendizaje,2001,2002,1,5.45352893818767,4.568514285242622,-0.8850146529450482,PER
LSTM(16),red neuronal,2001,2002,1,5.45352893818767,2.119099420372425,-3.334429517815245,PER
Comb. RF/AR(1) suave,combinacion,2001,2002,1,5.45352893818767,3.6270121205879393,-1.8265168175997308,PER
Comb. RF/AR(1) dura,combinacion,2001,2002,1,5.45352893818767,3.6270121205879393,-1.8265168175997308,PER
Comb. RF/ingenuo suave,combinacion,2001,2002,1,5.45352893818767,3.6270121205879393,-1.8265168175997308,PER
Comb. LSTM/AR(1) suave,combinacion,2001,2002,1,5.45352893818767,2.096029281187275,-3.357499657000395,PER
Comb. RF/AR(1) umbral min,combinacion,2001,2002,1,5.45352893818767,2.509862560821033,-2.943666377366637,PER
Ingenuo,referencia,2002,2003,1,4.16502313666112,5.45352893818767,1.2885058015265498,PER
Deriva,referencia,2002,2003,1,4.16502313666112,5.407344367620158,1.2423212309590372,PER
AR(1),Box-Jenkins,2002,2003,1,4.16502313666112,3.973984156382989,-0.19103898027813138,PER
"ARMA(2,2)",Box-Jenkins,2002,2003,1,4.16502313666112,3.233217098893456,-0.9318060377676645,PER
"ARIMA(1,1,1)",Box-Jenkins,2002,2003,1,4.16502313666112,3.9938738058707655,-0.17114933079035488,PER
Ridge sobre rezagos,regularizado,2002,2003,1,4.16502313666112,2.879443936608367,-1.2855792000527533,PER
Random Forest,aprendizaje,2002,2003,1,4.16502313666112,6.7756138814437445,2.610590744782624,PER
LSTM(16),red neuronal,2002,2003,1,4.16502313666112,2.5841159183152955,-1.5809072183458248,PER
Comb. RF/AR(1) suave,combinacion,2002,2003,1,4.16502313666112,5.095770523100845,0.9307473864397249,PER
Comb. RF/AR(1) dura,combinacion,2002,2003,1,4.16502313666112,5.095770523100845,0.9307473864397249,PER
Comb. RF/ingenuo suave,combinacion,2002,2003,1,4.16502313666112,5.095770523100845,0.9307473864397249,PER
Comb. LSTM/AR(1) suave,combinacion,2002,2003,1,4.16502313666112,2.2521550938641774,-1.912868042796943,PER
Comb. RF/AR(1) umbral min,combinacion,2002,2003,1,4.16502313666112,4.640222754950624,0.47519961828950397,PER
Ingenuo,referencia,2003,2004,1,4.95820320611745,4.16502313666112,-0.79318006945633,PER
Deriva,referencia,2003,2004,1,4.95820320611745,4.089259489166012,-0.8689437169514385,PER
AR(1),Box-Jenkins,2003,2004,1,4.95820320611745,3.4474692275177654,-1.510733978599685,PER
"ARMA(2,2)",Box-Jenkins,2003,2004,1,4.95820320611745,3.5653073782554774,-1.392895827861973,PER
"ARIMA(1,1,1)",Box-Jenkins,2003,2004,1,4.95820320611745,3.4563643598461473,-1.501838846271303,PER
Ridge sobre rezagos,regularizado,2003,2004,1,4.95820320611745,3.160812760395818,-1.7973904457216325,PER
Random Forest,aprendizaje,2003,2004,1,4.95820320611745,4.253821040133317,-0.704382165984133,PER
LSTM(16),red neuronal,2003,2004,1,4.95820320611745,2.3166044141749205,-2.64159879194253,PER
Comb. RF/AR(1) suave,combinacion,2003,2004,1,4.95820320611745,3.7972443954476693,-1.160958810669781,PER
Comb. RF/AR(1) dura,combinacion,2003,2004,1,4.95820320611745,3.7972443954476693,-1.160958810669781,PER
Comb. RF/ingenuo suave,combinacion,2003,2004,1,4.95820320611745,3.7972443954476693,-1.160958810669781,PER
Comb. LSTM/AR(1) suave,combinacion,2003,2004,1,4.95820320611745,2.425602781794768,-2.5326004243226823,PER
Comb. RF/AR(1) umbral min,combinacion,2003,2004,1,4.95820320611745,3.6258570165184674,-1.332346189598983,PER
Ingenuo,referencia,2004,2005,1,6.28506032509601,4.95820320611745,-1.3268571189785598,PER
Deriva,referencia,2004,2005,1,6.28506032509601,4.9026475520398165,-1.3824127730561937,PER
AR(1),Box-Jenkins,2004,2005,1,6.28506032509601,3.812751892470548,-2.472308432625462,PER
"ARMA(2,2)",Box-Jenkins,2004,2005,1,6.28506032509601,3.7353201131872398,-2.5497402119087704,PER
"ARIMA(1,1,1)",Box-Jenkins,2004,2005,1,6.28506032509601,3.827842991020953,-2.4572173340750574,PER
Ridge sobre rezagos,regularizado,2004,2005,1,6.28506032509601,3.079450850872478,-3.2056094742235324,PER
Random Forest,aprendizaje,2004,2005,1,6.28506032509601,3.7351207347007365,-2.5499395903952737,PER
LSTM(16),red neuronal,2004,2005,1,6.28506032509601,2.7699078179007106,-3.5151525071952996,PER
Comb. RF/AR(1) suave,combinacion,2004,2005,1,6.28506032509601,3.7476136529266064,-2.537446672169404,PER
Comb. RF/AR(1) dura,combinacion,2004,2005,1,6.28506032509601,3.7476136529266064,-2.537446672169404,PER
Comb. RF/ingenuo suave,combinacion,2004,2005,1,6.28506032509601,3.7476136529266064,-2.537446672169404,PER
Comb. LSTM/AR(1) suave,combinacion,2004,2005,1,6.28506032509601,2.4059733348412533,-3.879086990254757,PER
Comb. RF/AR(1) umbral min,combinacion,2004,2005,1,6.28506032509601,3.784092710435826,-2.5009676146601842,PER
Ingenuo,referencia,2005,2006,1,7.5288990440594,6.28506032509601,-1.2438387189633895,PER
Deriva,referencia,2005,2006,1,7.5288990440594,6.26092314313329,-1.2679759009261096,PER
AR(1),Box-Jenkins,2005,2006,1,7.5288990440594,4.431120879215962,-3.0977781648434375,PER
"ARMA(2,2)",Box-Jenkins,2005,2006,1,7.5288990440594,4.598855212507958,-2.9300438315514414,PER
"ARIMA(1,1,1)",Box-Jenkins,2005,2006,1,7.5288990440594,4.456577749019665,-3.0723212950397345,PER
Ridge sobre rezagos,regularizado,2005,2006,1,7.5288990440594,2.5558379963196343,-4.973061047739765,PER
Random Forest,aprendizaje,2005,2006,1,7.5288990440594,3.0216584059311957,-4.507240638128204,PER
LSTM(16),red neuronal,2005,2006,1,7.5288990440594,4.7674935050622285,-2.7614055389971712,PER
Comb. RF/AR(1) suave,combinacion,2005,2006,1,7.5288990440594,3.1964791239387194,-4.33241992012068,PER
Comb. RF/AR(1) dura,combinacion,2005,2006,1,7.5288990440594,3.1964791239387194,-4.33241992012068,PER
Comb. RF/ingenuo suave,combinacion,2005,2006,1,7.5288990440594,3.1964791239387194,-4.33241992012068,PER
Comb. LSTM/AR(1) suave,combinacion,2005,2006,1,7.5288990440594,4.235672942222502,-3.293226101836898,PER
Comb. RF/AR(1) umbral min,combinacion,2005,2006,1,7.5288990440594,3.9133111049854237,-3.615587939073976,PER
Ingenuo,referencia,2006,2007,1,8.5183877690955,7.5288990440594,-0.9894887250361011,PER
Deriva,referencia,2006,2007,1,8.5183877690955,7.532939104339482,-0.985448664756019,PER
AR(1),Box-Jenkins,2006,2007,1,8.5183877690955,5.056110039238046,-3.4622777298574547,PER
"ARMA(2,2)",Box-Jenkins,2006,2007,1,8.5183877690955,2.7137731121742963,-5.8046146569212045,PER
"ARIMA(1,1,1)",Box-Jenkins,2006,2007,1,8.5183877690955,5.090891216236008,-3.427496552859493,PER
Ridge sobre rezagos,regularizado,2006,2007,1,8.5183877690955,5.029785998569041,-3.4886017705264596,PER
Random Forest,aprendizaje,2006,2007,1,8.5183877690955,2.9200451542419534,-5.598342614853547,PER
LSTM(16),red neuronal,2006,2007,1,8.5183877690955,5.079133784804448,-3.439253984291053,PER
Comb. RF/AR(1) suave,combinacion,2006,2007,1,8.5183877690955,2.797766002045873,-5.720621767049628,PER
Comb. RF/AR(1) dura,combinacion,2006,2007,1,8.5183877690955,2.797766002045873,-5.720621767049628,PER
Comb. RF/ingenuo suave,combinacion,2006,2007,1,8.5183877690955,2.797766002045873,-5.720621767049628,PER
Comb. LSTM/AR(1) suave,combinacion,2006,2007,1,8.5183877690955,5.021388284046795,-3.496999485048706,PER
Comb. RF/AR(1) umbral min,combinacion,2006,2007,1,8.5183877690955,2.797766002045873,-5.720621767049628,PER
Ingenuo,referencia,2007,2008,1,9.1265683014642,8.5183877690955,-0.6081805323686993,PER
Deriva,referencia,2007,2008,1,9.1265683014642,8.543850626435496,-0.5827176750287038,PER
AR(1),Box-Jenkins,2007,2008,1,9.1265683014642,5.618960014128598,-3.507608287335602,PER
"ARMA(2,2)",Box-Jenkins,2007,2008,1,9.1265683014642,3.247746539928622,-5.878821761535578,PER
"ARIMA(1,1,1)",Box-Jenkins,2007,2008,1,9.1265683014642,5.660496826964801,-3.4660714744993992,PER
Ridge sobre rezagos,regularizado,2007,2008,1,9.1265683014642,3.5018263432379992,-5.624741958226201,PER
Random Forest,aprendizaje,2007,2008,1,9.1265683014642,3.2763152196650114,-5.850253081799188,PER
LSTM(16),red neuronal,2007,2008,1,9.1265683014642,6.244397974028695,-2.882170327435505,PER
Comb. RF/AR(1) suave,combinacion,2007,2008,1,9.1265683014642,3.239611758787014,-5.886956542677186,PER
Comb. RF/AR(1) dura,combinacion,2007,2008,1,9.1265683014642,3.239611758787014,-5.886956542677186,PER
Comb. RF/ingenuo suave,combinacion,2007,2008,1,9.1265683014642,3.239611758787014,-5.886956542677186,PER
Comb. LSTM/AR(1) suave,combinacion,2007,2008,1,9.1265683014642,4.675209157163811,-4.4513591443003895,PER
Comb. RF/AR(1) umbral min,combinacion,2007,2008,1,9.1265683014642,3.3016120308898795,-5.8249562705743205,PER
Ingenuo,referencia,2008,2009,1,1.0958236592427,9.1265683014642,8.0307446422215,PER
Deriva,referencia,2008,2009,1,1.0958236592427,9.164429407209061,8.06860574796636,PER
AR(1),Box-Jenkins,2008,2009,1,1.0958236592427,6.046481851492526,4.9506581922498265,PER
"ARMA(2,2)",Box-Jenkins,2008,2009,1,1.0958236592427,5.830476239118896,4.7346525798761965,PER
"ARIMA(1,1,1)",Box-Jenkins,2008,2009,1,1.0958236592427,6.091211419430181,4.995387760187481,PER
Ridge sobre rezagos,regularizado,2008,2009,1,1.0958236592427,5.620557634435189,4.524733975192489,PER
Random Forest,aprendizaje,2008,2009,1,1.0958236592427,1.6633829900226043,0.5675593307799043,PER
LSTM(16),red neuronal,2008,2009,1,1.0958236592427,3.7240086283211453,2.628184969078445,PER
Comb. RF/AR(1) suave,combinacion,2008,2009,1,1.0958236592427,1.0968454487476864,0.0010217895049864367,PER
Comb. RF/AR(1) dura,combinacion,2008,2009,1,1.0958236592427,1.0968454487476864,0.0010217895049864367,PER
Comb. RF/ingenuo suave,combinacion,2008,2009,1,1.0958236592427,1.0968454487476864,0.0010217895049864367,PER
Comb. LSTM/AR(1) suave,combinacion,2008,2009,1,1.0958236592427,4.917798719920176,3.8219750606774765,PER
Comb. RF/AR(1) umbral min,combinacion,2008,2009,1,1.0958236592427,1.4159942185362502,0.3201705592935502,PER
Ingenuo,referencia,2009,2010,1,8.33245910749577,1.0958236592427,-7.236635448253071,PER
Deriva,referencia,2009,2010,1,8.33245910749577,0.9655888119049294,-7.366870295590841,PER
AR(1),Box-Jenkins,2009,2010,1,8.33245910749577,2.3512446620304215,-5.9812144454653495,PER
"ARMA(2,2)",Box-Jenkins,2009,2010,1,8.33245910749577,-0.9760243723370878,-9.308483479832859,PER
"ARIMA(1,1,1)",Box-Jenkins,2009,2010,1,8.33245910749577,2.332818973177323,-5.999640134318447,PER
Ridge sobre rezagos,regularizado,2009,2010,1,8.33245910749577,-0.6019713805628895,-8.93443048805866,PER
Random Forest,aprendizaje,2009,2010,1,8.33245910749577,-0.6342448376787173,-8.966703945174487,PER
LSTM(16),red neuronal,2009,2010,1,8.33245910749577,-1.6447067901318597,-9.97716589762763,PER
Comb. RF/AR(1) suave,combinacion,2009,2010,1,8.33245910749577,-0.9092578768265462,-9.241716984322316,PER
Comb. RF/AR(1) dura,combinacion,2009,2010,1,8.33245910749577,-0.9092578768265462,-9.241716984322316,PER
Comb. RF/ingenuo suave,combinacion,2009,2010,1,8.33245910749577,-0.9092578768265462,-9.241716984322316,PER
Comb. LSTM/AR(1) suave,combinacion,2009,2010,1,8.33245910749577,-0.5340077194386437,-8.866466826934413,PER
Comb. RF/AR(1) umbral min,combinacion,2009,2010,1,8.33245910749577,2.3512446620304215,-5.9812144454653495,PER
Ingenuo,referencia,2010,2011,1,6.32719240161117,8.33245910749577,2.0052667058846003,PER
Deriva,referencia,2010,2011,1,6.32719240161117,8.352568551904751,2.0253761502935808,PER
AR(1),Box-Jenkins,2010,2011,1,6.32719240161117,5.53982710880384,-0.7873652928073298,PER
"ARMA(2,2)",Box-Jenkins,2010,2011,1,6.32719240161117,9.31259911567202,2.98540671406085,PER
"ARIMA(1,1,1)",Box-Jenkins,2010,2011,1,6.32719240161117,5.576145313399529,-0.7510470882116413,PER
Ridge sobre rezagos,regularizado,2010,2011,1,6.32719240161117,6.407488853152264,0.080296451541094,PER
Random Forest,aprendizaje,2010,2011,1,6.32719240161117,1.8728027896669963,-4.454389611944174,PER
LSTM(16),red neuronal,2010,2011,1,6.32719240161117,3.0660789962902895,-3.261113405320881,PER
Comb. RF/AR(1) suave,combinacion,2010,2011,1,6.32719240161117,2.076933089104329,-4.2502593125068415,PER
Comb. RF/AR(1) dura,combinacion,2010,2011,1,6.32719240161117,2.076933089104329,-4.2502593125068415,PER
Comb. RF/ingenuo suave,combinacion,2010,2011,1,6.32719240161117,2.076933089104329,-4.2502593125068415,PER
Comb. LSTM/AR(1) suave,combinacion,2010,2011,1,6.32719240161117,3.026507559257606,-3.300684842353564,PER
Comb. RF/AR(1) umbral min,combinacion,2010,2011,1,6.32719240161117,5.53982710880384,-0.7873652928073298,PER
Ingenuo,referencia,2011,2012,1,6.13972470560435,6.32719240161117,0.18746769600682,PER
Deriva,referencia,2011,2012,1,6.13972470560435,6.30679432301428,0.16706961740992998,PER
AR(1),Box-Jenkins,2011,2012,1,6.13972470560435,4.721735454164918,-1.4179892514394323,PER
"ARMA(2,2)",Box-Jenkins,2011,2012,1,6.13972470560435,0.42048945460385756,-5.719235251000493,PER
"ARIMA(1,1,1)",Box-Jenkins,2011,2012,1,6.13972470560435,4.74196834877057,-1.3977563568337805,PER
Ridge sobre rezagos,regularizado,2011,2012,1,6.13972470560435,2.7201203269262084,-3.419604378678142,PER
Random Forest,aprendizaje,2011,2012,1,6.13972470560435,2.7252344867878904,-3.41449021881646,PER
LSTM(16),red neuronal,2011,2012,1,6.13972470560435,4.194208044770843,-1.9455166608335075,PER
Comb. RF/AR(1) suave,combinacion,2011,2012,1,6.13972470560435,3.067208494312475,-3.0725162112918754,PER
Comb. RF/AR(1) dura,combinacion,2011,2012,1,6.13972470560435,3.067208494312475,-3.0725162112918754,PER
Comb. RF/ingenuo suave,combinacion,2011,2012,1,6.13972470560435,3.067208494312475,-3.0725162112918754,PER
Comb. LSTM/AR(1) suave,combinacion,2011,2012,1,6.13972470560435,4.839248861157563,-1.3004758444467877,PER
Comb. RF/AR(1) umbral min,combinacion,2011,2012,1,6.13972470560435,4.721735454164918,-1.4179892514394323,PER
Ingenuo,referencia,2012,2013,1,5.85251821084928,6.13972470560435,0.2872064947550701,PER
Deriva,referencia,2012,2013,1,5.85251821084928,6.116050752156284,0.2635325413070042,PER
AR(1),Box-Jenkins,2012,2013,1,5.85251821084928,4.67785113667861,-1.17466707417067,PER
"ARMA(2,2)",Box-Jenkins,2012,2013,1,5.85251821084928,8.064854919223935,2.2123367083746546,PER
"ARIMA(1,1,1)",Box-Jenkins,2012,2013,1,5.85251821084928,4.6962036816703385,-1.1563145291789416,PER
Ridge sobre rezagos,regularizado,2012,2013,1,5.85251821084928,6.54517350656257,0.6926552957132897,PER
Random Forest,aprendizaje,2012,2013,1,5.85251821084928,5.448610401528845,-0.4039078093204349,PER
LSTM(16),red neuronal,2012,2013,1,5.85251821084928,4.842421169521316,-1.0100970413279642,PER
Comb. RF/AR(1) suave,combinacion,2012,2013,1,5.85251821084928,5.295547547772984,-0.5569706630762958,PER
Comb. RF/AR(1) dura,combinacion,2012,2013,1,5.85251821084928,5.295547547772984,-0.5569706630762958,PER
Comb. RF/ingenuo suave,combinacion,2012,2013,1,5.85251821084928,5.295547547772984,-0.5569706630762958,PER
Comb. LSTM/AR(1) suave,combinacion,2012,2013,1,5.85251821084928,5.4958652805349235,-0.35665293031435663,PER
Comb. RF/AR(1) umbral min,combinacion,2012,2013,1,5.85251821084928,4.67785113667861,-1.17466707417067,PER
Ingenuo,referencia,2013,2014,1,2.38215737180541,5.85251821084928,3.4703608390438703,PER
Deriva,referencia,2013,2014,1,2.38215737180541,5.823776323914542,3.441618952109132,PER
AR(1),Box-Jenkins,2013,2014,1,2.38215737180541,4.583056762544432,2.200899390739022,PER
"ARMA(2,2)",Box-Jenkins,2013,2014,1,2.38215737180541,1.2481641547498756,-1.1339932170555342,PER
"ARIMA(1,1,1)",Box-Jenkins,2013,2014,1,2.38215737180541,4.598891670207441,2.216734298402031,PER
Ridge sobre rezagos,regularizado,2013,2014,1,2.38215737180541,2.4089076958206896,0.02675032401527977,PER
Random Forest,aprendizaje,2013,2014,1,2.38215737180541,4.647626053899372,2.265468682093962,PER
LSTM(16),red neuronal,2013,2014,1,2.38215737180541,4.70232106801982,2.3201636962144105,PER
Comb. RF/AR(1) suave,combinacion,2013,2014,1,2.38215737180541,4.694387268601869,2.3122298967964587,PER
Comb. RF/AR(1) dura,combinacion,2013,2014,1,2.38215737180541,4.694387268601869,2.3122298967964587,PER
Comb. RF/ingenuo suave,combinacion,2013,2014,1,2.38215737180541,4.694387268601869,2.3122298967964587,PER
Comb. LSTM/AR(1) suave,combinacion,2013,2014,1,2.38215737180541,6.275085479105657,3.8929281073002473,PER
Comb. RF/AR(1) umbral min,combinacion,2013,2014,1,2.38215737180541,4.583056762544432,2.200899390739022,PER
Ingenuo,referencia,2014,2015,1,3.25224477218451,2.38215737180541,-0.8700874003790999,PER
Deriva,referencia,2014,2015,1,3.25224477218451,2.288479278227103,-0.963765493957407,PER
AR(1),Box-Jenkins,2014,2015,1,3.25224477218451,3.0604208456393462,-0.19182392654516356,PER
"ARMA(2,2)",Box-Jenkins,2014,2015,1,3.25224477218451,5.447699340671963,2.195454568487453,PER
"ARIMA(1,1,1)",Box-Jenkins,2014,2015,1,3.25224477218451,3.0506815285366127,-0.20156324364789713,PER
Ridge sobre rezagos,regularizado,2014,2015,1,3.25224477218451,3.6190467414949707,0.36680196931046094,PER
Random Forest,aprendizaje,2014,2015,1,3.25224477218451,3.2854255832129313,0.03318081102842152,PER
LSTM(16),red neuronal,2014,2015,1,3.25224477218451,3.047895543978383,-0.204349228206127,PER
Comb. RF/AR(1) suave,combinacion,2014,2015,1,3.25224477218451,2.192834335017367,-1.0594104371671427,PER
Comb. RF/AR(1) dura,combinacion,2014,2015,1,3.25224477218451,2.192834335017367,-1.0594104371671427,PER
Comb. RF/ingenuo suave,combinacion,2014,2015,1,3.25224477218451,2.192834335017367,-1.0594104371671427,PER
Comb. LSTM/AR(1) suave,combinacion,2014,2015,1,3.25224477218451,2.927283271781067,-0.32496150040344274,PER
Comb. RF/AR(1) umbral min,combinacion,2014,2015,1,3.25224477218451,3.0604208456393462,-0.19182392654516356,PER
Ingenuo,referencia,2015,2016,1,3.95331871520767,3.25224477218451,-0.7010739430231601,PER
Deriva,referencia,2015,2016,1,3.95331871520767,3.176414187753562,-0.776904527454108,PER
AR(1),Box-Jenkins,2015,2016,1,3.95331871520767,3.433436600810025,-0.5198821143976446,PER
"ARMA(2,2)",Box-Jenkins,2015,2016,1,3.95331871520767,1.4472620762172443,-2.5060566389904255,PER
"ARIMA(1,1,1)",Box-Jenkins,2015,2016,1,3.95331871520767,3.4302001106080375,-0.5231186045996323,PER
Ridge sobre rezagos,regularizado,2015,2016,1,3.95331871520767,2.255900654835811,-1.697418060371859,PER
Random Forest,aprendizaje,2015,2016,1,3.95331871520767,3.2849095393234644,-0.6684091758842055,PER
LSTM(16),red neuronal,2015,2016,1,3.95331871520767,3.073568176661109,-0.8797505385465607,PER
Comb. RF/AR(1) suave,combinacion,2015,2016,1,3.95331871520767,3.0380289523018376,-0.9152897629058323,PER
Comb. RF/AR(1) dura,combinacion,2015,2016,1,3.95331871520767,3.0380289523018376,-0.9152897629058323,PER
Comb. RF/ingenuo suave,combinacion,2015,2016,1,3.95331871520767,3.0380289523018376,-0.9152897629058323,PER
Comb. LSTM/AR(1) suave,combinacion,2015,2016,1,3.95331871520767,3.2076094549109797,-0.7457092602966902,PER
Comb. RF/AR(1) umbral min,combinacion,2015,2016,1,3.95331871520767,3.433436600810025,-0.5198821143976446,PER
Ingenuo,referencia,2016,2017,1,2.51883544233135,3.95331871520767,1.43448327287632,PER
Deriva,referencia,2016,2017,1,2.51883544233135,3.891613667639524,1.3727782253081742,PER
AR(1),Box-Jenkins,2016,2017,1,2.51883544233135,3.7403270251377707,1.2214915828064208,PER
"ARMA(2,2)",Box-Jenkins,2016,2017,1,2.51883544233135,5.371866126200047,2.8530306838686967,PER
"ARIMA(1,1,1)",Box-Jenkins,2016,2017,1,2.51883544233135,3.742231715506067,1.2233962731747172,PER
Ridge sobre rezagos,regularizado,2016,2017,1,2.51883544233135,4.418663426373203,1.899827984041853,PER
Random Forest,aprendizaje,2016,2017,1,2.51883544233135,3.926911064120198,1.4080756217888482,PER
LSTM(16),red neuronal,2016,2017,1,2.51883544233135,3.364594253408814,0.8457588110774639,PER
Comb. RF/AR(1) suave,combinacion,2016,2017,1,2.51883544233135,2.587907804787875,0.06907236245652504,PER
Comb. RF/AR(1) dura,combinacion,2016,2017,1,2.51883544233135,2.587907804787875,0.06907236245652504,PER
Comb. RF/ingenuo suave,combinacion,2016,2017,1,2.51883544233135,2.587907804787875,0.06907236245652504,PER
Comb. LSTM/AR(1) suave,combinacion,2016,2017,1,2.51883544233135,3.156944024961839,0.6381085826304891,PER
Comb. RF/AR(1) umbral min,combinacion,2016,2017,1,2.51883544233135,3.7403270251377707,1.2214915828064208,PER
Ingenuo,referencia,2017,2018,1,3.969351341365,2.51883544233135,-1.45051589903365,PER
Deriva,referencia,2017,2018,1,3.969351341365,2.432616497882701,-1.5367348434822987,PER
AR(1),Box-Jenkins,2017,2018,1,3.969351341365,3.1103719625734536,-0.8589793787915463,PER
"ARMA(2,2)",Box-Jenkins,2017,2018,1,3.969351341365,1.5585593711024415,-2.4107919702625584,PER
"ARIMA(1,1,1)",Box-Jenkins,2017,2018,1,3.969351341365,3.101844252095713,-0.8675070892692869,PER
Ridge sobre rezagos,regularizado,2017,2018,1,3.969351341365,3.4384307984649825,-0.5309205429000174,PER
Random Forest,aprendizaje,2017,2018,1,3.969351341365,4.697724344523918,0.728373003158918,PER
LSTM(16),red neuronal,2017,2018,1,3.969351341365,3.1946685170365843,-0.7746828243284156,PER
Comb. RF/AR(1) suave,combinacion,2017,2018,1,3.969351341365,5.775978515851911,1.806627174486911,PER
Comb. RF/AR(1) dura,combinacion,2017,2018,1,3.969351341365,5.775978515851911,1.806627174486911,PER
Comb. RF/ingenuo suave,combinacion,2017,2018,1,3.969351341365,5.775978515851911,1.806627174486911,PER
Comb. LSTM/AR(1) suave,combinacion,2017,2018,1,3.969351341365,2.488741193292035,-1.480610148072965,PER
Comb. RF/AR(1) umbral min,combinacion,2017,2018,1,3.969351341365,3.5190554425610046,-0.45029589880399534,PER
Ingenuo,referencia,2018,2019,1,2.24063176875049,3.969351341365,1.72871957261451,PER
Deriva,referencia,2018,2019,1,2.24063176875049,3.9100926573283212,1.6694608885778313,PER
AR(1),Box-Jenkins,2018,2019,1,2.24063176875049,3.740087187120305,1.499455418369815,PER
"ARMA(2,2)",Box-Jenkins,2018,2019,1,2.24063176875049,4.964944213237885,2.724312444487395,PER
"ARIMA(1,1,1)",Box-Jenkins,2018,2019,1,2.24063176875049,3.7422209831998936,1.5015892144494036,PER
Ridge sobre rezagos,regularizado,2018,2019,1,2.24063176875049,3.703504016461113,1.462872247710623,PER
Random Forest,aprendizaje,2018,2019,1,2.24063176875049,4.746870180518758,2.5062384117682677,PER
LSTM(16),red neuronal,2018,2019,1,2.24063176875049,4.366726166114525,2.1260943973640347,PER
Comb. RF/AR(1) suave,combinacion,2018,2019,1,2.24063176875049,5.074425965701104,2.8337941969506137,PER
Comb. RF/AR(1) dura,combinacion,2018,2019,1,2.24063176875049,5.074425965701104,2.8337941969506137,PER
Comb. RF/ingenuo suave,combinacion,2018,2019,1,2.24063176875049,5.074425965701104,2.8337941969506137,PER
Comb. LSTM/AR(1) suave,combinacion,2018,2019,1,2.24063176875049,3.8267934005910176,1.5861616318405276,PER
Comb. RF/AR(1) umbral min,combinacion,2018,2019,1,2.24063176875049,5.074425965701104,2.8337941969506137,PER
Ingenuo,referencia,2019,2020,1,-10.9333065010382,2.24063176875049,13.173938269788689,PER
Deriva,referencia,2019,2020,1,-10.9333065010382,2.1525892762900556,13.085895777328254,PER
AR(1),Box-Jenkins,2019,2020,1,-10.9333065010382,2.9832662700017147,13.916572771039913,PER
"ARMA(2,2)",Box-Jenkins,2019,2020,1,-10.9333065010382,2.3246431775785146,13.257949678616715,PER
"ARIMA(1,1,1)",Box-Jenkins,2019,2020,1,-10.9333065010382,2.9728546968483,13.9061611978865,PER
Ridge sobre rezagos,regularizado,2019,2020,1,-10.9333065010382,2.596970365271922,13.530276866310121,PER
Random Forest,aprendizaje,2019,2020,1,-10.9333065010382,4.150669748525804,15.083976249564003,PER
LSTM(16),red neuronal,2019,2020,1,-10.9333065010382,3.3611628743661868,14.294469375404386,PER
Comb. RF/AR(1) suave,combinacion,2019,2020,1,-10.9333065010382,4.551168241948889,15.48447474298709,PER
Comb. RF/AR(1) dura,combinacion,2019,2020,1,-10.9333065010382,4.551168241948889,15.48447474298709,PER
Comb. RF/ingenuo suave,combinacion,2019,2020,1,-10.9333065010382,4.551168241948889,15.48447474298709,PER
Comb. LSTM/AR(1) suave,combinacion,2019,2020,1,-10.9333065010382,3.2780301019393128,14.211336602977513,PER
Comb. RF/AR(1) umbral min,combinacion,2019,2020,1,-10.9333065010382,4.551168241948889,15.48447474298709,PER
Ingenuo,referencia,2020,2021,1,13.4166456126513,-10.9333065010382,-24.349952113689497,PER
Deriva,referencia,2020,2021,1,13.4166456126513,-11.243143837182163,-24.65978944983346,PER
AR(1),Box-Jenkins,2020,2021,1,13.4166456126513,-3.0473598830837076,-16.46400549573501,PER
"ARMA(2,2)",Box-Jenkins,2020,2021,1,13.4166456126513,-2.493060658008733,-15.909706270660033,PER
"ARIMA(1,1,1)",Box-Jenkins,2020,2021,1,13.4166456126513,-3.1533775764803753,-16.570023189131675,PER
Ridge sobre rezagos,regularizado,2020,2021,1,13.4166456126513,-4.1424965593341625,-17.559142171985464,PER
Random Forest,aprendizaje,2020,2021,1,13.4166456126513,0.7900543673553773,-12.626591245295922,PER
LSTM(16),red neuronal,2020,2021,1,13.4166456126513,2.493680788387466,-10.922964824263833,PER
Comb. RF/AR(1) suave,combinacion,2020,2021,1,13.4166456126513,-0.6928167752504396,-14.10946238790174,PER
Comb. RF/AR(1) dura,combinacion,2020,2021,1,13.4166456126513,-0.6928167752504396,-14.10946238790174,PER
Comb. RF/ingenuo suave,combinacion,2020,2021,1,13.4166456126513,-0.6928167752504396,-14.10946238790174,PER
Comb. LSTM/AR(1) suave,combinacion,2020,2021,1,13.4166456126513,2.4933372063342887,-10.92330840631701,PER
Comb. RF/AR(1) umbral min,combinacion,2020,2021,1,13.4166456126513,-3.0473598830837076,-16.46400549573501,PER
Ingenuo,referencia,2021,2022,1,2.81819976419922,13.4166456126513,10.59844584845208,PER
Deriva,referencia,2021,2022,1,2.81819976419922,13.517804767337893,10.699605003138673,PER
AR(1),Box-Jenkins,2021,2022,1,2.81819976419922,6.306700980412286,3.488501216213066,PER
"ARMA(2,2)",Box-Jenkins,2021,2022,1,2.81819976419922,10.270636951181675,7.452437186982456,PER
"ARIMA(1,1,1)",Box-Jenkins,2021,2022,1,2.81819976419922,6.365221170837632,3.5470214066384123,PER
Ridge sobre rezagos,regularizado,2021,2022,1,2.81819976419922,8.187455344961439,5.3692555807622195,PER
Random Forest,aprendizaje,2021,2022,1,2.81819976419922,2.592883178960205,-0.22531658523901488,PER
LSTM(16),red neuronal,2021,2022,1,2.81819976419922,2.90591089978561,0.08771113558639021,PER
Comb. RF/AR(1) suave,combinacion,2021,2022,1,2.81819976419922,5.557296409627368,2.739096645428148,PER
Comb. RF/AR(1) dura,combinacion,2021,2022,1,2.81819976419922,6.306700980412286,3.488501216213066,PER
Comb. RF/ingenuo suave,combinacion,2021,2022,1,2.81819976419922,11.142103588174768,8.323903823975549,PER
Comb. LSTM/AR(1) suave,combinacion,2021,2022,1,2.81819976419922,5.578594642692303,2.760394878493083,PER
Comb. RF/AR(1) umbral min,combinacion,2021,2022,1,2.81819976419922,6.306700980412286,3.488501216213066,PER
Ingenuo,referencia,2022,2023,1,-0.350699814345759,2.81819976419922,3.1688995785449787,PER
Deriva,referencia,2022,2023,1,-0.350699814345759,2.743955558178622,3.094655372524381,PER
AR(1),Box-Jenkins,2022,2023,1,-0.350699814345759,3.3067464327397698,3.6574462470855287,PER
"ARMA(2,2)",Box-Jenkins,2022,2023,1,-0.350699814345759,-2.7013268696430863,-2.3506270552973274,PER
"ARIMA(1,1,1)",Box-Jenkins,2022,2023,1,-0.350699814345759,3.30262438501507,3.6533241993608288,PER
Ridge sobre rezagos,regularizado,2022,2023,1,-0.350699814345759,2.3216377881089727,2.6723376024547316,PER
Random Forest,aprendizaje,2022,2023,1,-0.350699814345759,-1.614696501006231,-1.2639966866604722,PER
LSTM(16),red neuronal,2022,2023,1,-0.350699814345759,2.8401450986510843,3.1908449129968433,PER
Comb. RF/AR(1) suave,combinacion,2022,2023,1,-0.350699814345759,2.3662112055608526,2.7169110199066115,PER
Comb. RF/AR(1) dura,combinacion,2022,2023,1,-0.350699814345759,3.3067464327397698,3.6574462470855287,PER
Comb. RF/ingenuo suave,combinacion,2022,2023,1,-0.350699814345759,1.9969978289860546,2.3476976433318137,PER
Comb. LSTM/AR(1) suave,combinacion,2022,2023,1,-0.350699814345759,3.1931432992264845,3.5438431135722435,PER
Comb. RF/AR(1) umbral min,combinacion,2022,2023,1,-0.350699814345759,3.3067464327397698,3.6574462470855287,PER
Ingenuo,referencia,2023,2024,1,3.5152749274832,-0.350699814345759,-3.8659747418289587,PER
Deriva,referencia,2023,2024,1,3.5152749274832,-0.47485781669739524,-3.990132744180595,PER
AR(1),Box-Jenkins,2023,2024,1,3.5152749274832,2.424907532434243,-1.0903673950489567,PER
"ARMA(2,2)",Box-Jenkins,2023,2024,1,3.5152749274832,7.4349958515559,3.9197209240727005,PER
"ARIMA(1,1,1)",Box-Jenkins,2023,2024,1,3.5152749274832,2.403614364063637,-1.1116605634195627,PER
Ridge sobre rezagos,regularizado,2023,2024,1,3.5152749274832,7.077983936270323,3.5627090087871234,PER
Random Forest,aprendizaje,2023,2024,1,3.5152749274832,1.5913506213844733,-1.9239243060987266,PER
LSTM(16),red neuronal,2023,2024,1,3.5152749274832,2.7394617842512834,-0.7758131432319164,PER
Comb. RF/AR(1) suave,combinacion,2023,2024,1,3.5152749274832,2.163223176636352,-1.3520517508468477,PER
Comb. RF/AR(1) dura,combinacion,2023,2024,1,3.5152749274832,2.424907532434243,-1.0903673950489567,PER
Comb. RF/ingenuo suave,combinacion,2023,2024,1,3.5152749274832,0.3468267174228593,-3.1684482100603404,PER
Comb. LSTM/AR(1) suave,combinacion,2023,2024,1,3.5152749274832,2.5333193027062797,-0.9819556247769201,PER
Comb. RF/AR(1) umbral min,combinacion,2023,2024,1,3.5152749274832,2.424907532434243,-1.0903673950489567,PER
Ingenuo,referencia,2024,2025,1,3.43056395124466,3.5152749274832,0.08471097623853963,PER
Deriva,referencia,2024,2025,1,3.43056395124466,3.4544523655153827,0.023888414270722524,PER
AR(1),Box-Jenkins,2024,2025,1,3.43056395124466,3.4444662769528875,0.013902325708227359,PER
"ARMA(2,2)",Box-Jenkins,2024,2025,1,3.43056395124466,-0.6740202723584099,-4.10458422360307,PER
"ARIMA(1,1,1)",Box-Jenkins,2024,2025,1,3.43056395124466,3.444539912864739,0.01397596162007897,PER
Ridge sobre rezagos,regularizado,2024,2025,1,3.43056395124466,-1.3879073288870174,-4.818471280131678,PER
Random Forest,aprendizaje,2024,2025,1,3.43056395124466,-1.0788834580741515,-4.5094474093188115,PER
LSTM(16),red neuronal,2024,2025,1,3.43056395124466,2.783349560291127,-0.6472143909535331,PER
Comb. RF/AR(1) suave,combinacion,2024,2025,1,3.43056395124466,1.908702012601371,-1.5218619386432892,PER
Comb. RF/AR(1) dura,combinacion,2024,2025,1,3.43056395124466,3.4444662769528875,0.013902325708227359,PER
Comb. RF/ingenuo suave,combinacion,2024,2025,1,3.43056395124466,1.9488879567254445,-1.4816759945192157,PER
Comb. LSTM/AR(1) suave,combinacion,2024,2025,1,3.43056395124466,3.1600872160960423,-0.2704767351486179,PER
Comb. RF/AR(1) umbral min,combinacion,2024,2025,1,3.43056395124466,3.4444662769528875,0.013902325708227359,PER
Ingenuo,referencia,1990,1991,1,3.49365015491472,4.12328287941739,0.6296327245026703,PRY
Deriva,referencia,1990,1991,1,3.49365015491472,4.027524167872147,0.5338740129574271,PRY
AR(1),Box-Jenkins,1990,1991,1,3.49365015491472,4.904365394279662,1.4107152393649418,PRY
"ARMA(2,2)",Box-Jenkins,1990,1991,1,3.49365015491472,3.661359172617356,0.16770901770263613,PRY
"ARIMA(1,1,1)",Box-Jenkins,1990,1991,1,3.49365015491472,4.868052607893206,1.3744024529784857,PRY
Ridge sobre rezagos,regularizado,1990,1991,1,3.49365015491472,6.418439121584244,2.9247889666695244,PRY
Random Forest,aprendizaje,1990,1991,1,3.49365015491472,6.651297605273268,3.1576474503585485,PRY
LSTM(16),red neuronal,1990,1991,1,3.49365015491472,,,PRY
Comb. RF/AR(1) suave,combinacion,1990,1991,1,3.49365015491472,7.974946626008266,4.481296471093546,PRY
Comb. RF/AR(1) dura,combinacion,1990,1991,1,3.49365015491472,7.974946626008266,4.481296471093546,PRY
Comb. RF/ingenuo suave,combinacion,1990,1991,1,3.49365015491472,7.974946626008266,4.481296471093546,PRY
Comb. LSTM/AR(1) suave,combinacion,1990,1991,1,3.49365015491472,,,PRY
Comb. RF/AR(1) umbral min,combinacion,1990,1991,1,3.49365015491472,4.904365394279662,1.4107152393649418,PRY
Ingenuo,referencia,1991,1992,1,1.69642801124701,3.49365015491472,1.7972221436677098,PRY
Deriva,referencia,1991,1992,1,1.69642801124701,3.380095642937562,1.6836676316905521,PRY
AR(1),Box-Jenkins,1991,1992,1,1.69642801124701,4.4816985688495645,2.7852705576025545,PRY
"ARMA(2,2)",Box-Jenkins,1991,1992,1,1.69642801124701,5.177990751914119,3.481562740667109,PRY
"ARIMA(1,1,1)",Box-Jenkins,1991,1992,1,1.69642801124701,4.435402992573028,2.738974981326018,PRY
Ridge sobre rezagos,regularizado,1991,1992,1,1.69642801124701,4.803469245128905,3.1070412338818953,PRY
Random Forest,aprendizaje,1991,1992,1,1.69642801124701,5.471151321376148,3.7747233101291378,PRY
LSTM(16),red neuronal,1991,1992,1,1.69642801124701,,,PRY
Comb. RF/AR(1) suave,combinacion,1991,1992,1,1.69642801124701,6.467105208706881,4.770677197459872,PRY
Comb. RF/AR(1) dura,combinacion,1991,1992,1,1.69642801124701,6.467105208706881,4.770677197459872,PRY
Comb. RF/ingenuo suave,combinacion,1991,1992,1,1.69642801124701,6.467105208706881,4.770677197459872,PRY
Comb. LSTM/AR(1) suave,combinacion,1991,1992,1,1.69642801124701,,,PRY
Comb. RF/AR(1) umbral min,combinacion,1991,1992,1,1.69642801124701,4.4816985688495645,2.7852705576025545,PRY
Ingenuo,referencia,1992,1993,1,4.93635941475281,1.69642801124701,-3.2399314035058002,PRY
Deriva,referencia,1992,1993,1,4.93635941475281,1.5285616401830604,-3.40779777456975,PRY
AR(1),Box-Jenkins,1992,1993,1,4.93635941475281,3.28008353955528,-1.6562758751975304,PRY
"ARMA(2,2)",Box-Jenkins,1992,1993,1,4.93635941475281,2.372143782916203,-2.5642156318366074,PRY
"ARIMA(1,1,1)",Box-Jenkins,1992,1993,1,4.93635941475281,3.202855387160315,-1.7335040275924953,PRY
Ridge sobre rezagos,regularizado,1992,1993,1,4.93635941475281,3.208485746159103,-1.7278736685937073,PRY
Random Forest,aprendizaje,1992,1993,1,4.93635941475281,4.7467331726948165,-0.18962624205799372,PRY
LSTM(16),red neuronal,1992,1993,1,4.93635941475281,5.285784226239973,0.34942481148716276,PRY
Comb. RF/AR(1) suave,combinacion,1992,1993,1,4.93635941475281,5.775866402389581,0.8395069876367707,PRY
Comb. RF/AR(1) dura,combinacion,1992,1993,1,4.93635941475281,5.775866402389581,0.8395069876367707,PRY
Comb. RF/ingenuo suave,combinacion,1992,1993,1,4.93635941475281,5.775866402389581,0.8395069876367707,PRY
Comb. LSTM/AR(1) suave,combinacion,1992,1993,1,4.93635941475281,,,PRY
Comb. RF/AR(1) umbral min,combinacion,1992,1993,1,4.93635941475281,3.948934278859043,-0.9874251358937673,PRY
Ingenuo,referencia,1993,1994,1,5.31791766023942,4.93635941475281,-0.38155824548660977,PRY
Deriva,referencia,1993,1994,1,5.31791766023942,4.874986724144165,-0.44293093609525513,PRY
AR(1),Box-Jenkins,1993,1994,1,5.31791766023942,5.266155709538233,-0.051761950701187054,PRY
"ARMA(2,2)",Box-Jenkins,1993,1994,1,5.31791766023942,6.353623549391807,1.0357058891523874,PRY
"ARIMA(1,1,1)",Box-Jenkins,1993,1994,1,5.31791766023942,5.250737684612271,-0.06717997562714917,PRY
Ridge sobre rezagos,regularizado,1993,1994,1,5.31791766023942,6.772033738633805,1.4541160783943852,PRY
Random Forest,aprendizaje,1993,1994,1,5.31791766023942,6.746999823117101,1.4290821628776813,PRY
LSTM(16),red neuronal,1993,1994,1,5.31791766023942,5.284837833447213,-0.033079826792207,PRY
Comb. RF/AR(1) suave,combinacion,1993,1994,1,5.31791766023942,7.813641504235525,2.495723843996105,PRY
Comb. RF/AR(1) dura,combinacion,1993,1994,1,5.31791766023942,7.813641504235525,2.495723843996105,PRY
Comb. RF/ingenuo suave,combinacion,1993,1994,1,5.31791766023942,7.813641504235525,2.495723843996105,PRY
Comb. LSTM/AR(1) suave,combinacion,1993,1994,1,5.31791766023942,,,PRY
Comb. RF/AR(1) umbral min,combinacion,1993,1994,1,5.31791766023942,5.266155709538233,-0.051761950701187054,PRY
Ingenuo,referencia,1994,1995,1,6.82281030358578,5.31791766023942,-1.50489264334636,PRY
Deriva,referencia,1994,1995,1,6.82281030358578,5.2699671192094195,-1.5528431843763606,PRY
AR(1),Box-Jenkins,1994,1995,1,6.82281030358578,5.486678832477434,-1.336131471108346,PRY
"ARMA(2,2)",Box-Jenkins,1994,1995,1,6.82281030358578,5.009668794324773,-1.8131415092610075,PRY
"ARIMA(1,1,1)",Box-Jenkins,1994,1995,1,6.82281030358578,5.478155350715222,-1.3446549528705578,PRY
Ridge sobre rezagos,regularizado,1994,1995,1,6.82281030358578,6.305022880745405,-0.5177874228403754,PRY
Random Forest,aprendizaje,1994,1995,1,6.82281030358578,6.542943446903232,-0.2798668566825482,PRY
LSTM(16),red neuronal,1994,1995,1,6.82281030358578,6.071539312432651,-0.7512709911531292,PRY
Comb. RF/AR(1) suave,combinacion,1994,1995,1,6.82281030358578,6.986072192280501,0.1632618886947208,PRY
Comb. RF/AR(1) dura,combinacion,1994,1995,1,6.82281030358578,6.986072192280501,0.1632618886947208,PRY
Comb. RF/ingenuo suave,combinacion,1994,1995,1,6.82281030358578,6.986072192280501,0.1632618886947208,PRY
Comb. LSTM/AR(1) suave,combinacion,1994,1995,1,6.82281030358578,,,PRY
Comb. RF/AR(1) umbral min,combinacion,1994,1995,1,6.82281030358578,5.486678832477434,-1.336131471108346,PRY
Ingenuo,referencia,1995,1996,1,1.57378513175006,6.82281030358578,5.24902517183572,PRY
Deriva,referencia,1995,1996,1,1.57378513175006,6.82053162091979,5.24674648916973,PRY
AR(1),Box-Jenkins,1995,1996,1,1.57378513175006,6.387366834982302,4.813581703232242,PRY
"ARMA(2,2)",Box-Jenkins,1995,1996,1,1.57378513175006,6.772668846378648,5.198883714628589,PRY
"ARIMA(1,1,1)",Box-Jenkins,1995,1996,1,1.57378513175006,6.404289166956646,4.830504035206586,PRY
Ridge sobre rezagos,regularizado,1995,1996,1,1.57378513175006,7.6754566062392655,6.101671474489206,PRY
Random Forest,aprendizaje,1995,1996,1,1.57378513175006,6.936573003509253,5.362787871759194,PRY
LSTM(16),red neuronal,1995,1996,1,1.57378513175006,7.358615527174504,5.784830395424445,PRY
Comb. RF/AR(1) suave,combinacion,1995,1996,1,1.57378513175006,7.091858166896993,5.518073035146934,PRY
Comb. RF/AR(1) dura,combinacion,1995,1996,1,1.57378513175006,7.091858166896993,5.518073035146934,PRY
Comb. RF/ingenuo suave,combinacion,1995,1996,1,1.57378513175006,7.091858166896993,5.518073035146934,PRY
Comb. LSTM/AR(1) suave,combinacion,1995,1996,1,1.57378513175006,,,PRY
Comb. RF/AR(1) umbral min,combinacion,1995,1996,1,1.57378513175006,6.387366834982302,4.813581703232242,PRY
Ingenuo,referencia,1996,1997,1,4.24251610269859,1.57378513175006,-2.6687309709485305,PRY
Deriva,referencia,1996,1997,1,4.24251610269859,1.421599406536363,-2.820916696162227,PRY
AR(1),Box-Jenkins,1996,1997,1,4.24251610269859,3.301341425867211,-0.9411746768313791,PRY
"ARMA(2,2)",Box-Jenkins,1996,1997,1,4.24251610269859,2.767893126341799,-1.474622976356791,PRY
"ARIMA(1,1,1)",Box-Jenkins,1996,1997,1,4.24251610269859,3.231085473397126,-1.011430629301464,PRY
Ridge sobre rezagos,regularizado,1996,1997,1,4.24251610269859,2.4172362191951864,-1.8252798835034039,PRY
Random Forest,aprendizaje,1996,1997,1,4.24251610269859,4.532448744399615,0.28993264170102506,PRY
LSTM(16),red neuronal,1996,1997,1,4.24251610269859,5.181614594613366,0.939098491914776,PRY
Comb. RF/AR(1) suave,combinacion,1996,1997,1,4.24251610269859,5.058605640339643,0.8160895376410524,PRY
Comb. RF/AR(1) dura,combinacion,1996,1997,1,4.24251610269859,5.058605640339643,0.8160895376410524,PRY
Comb. RF/ingenuo suave,combinacion,1996,1997,1,4.24251610269859,5.058605640339643,0.8160895376410524,PRY
Comb. LSTM/AR(1) suave,combinacion,1996,1997,1,4.24251610269859,5.174244099197726,0.9317279964991361,PRY
Comb. RF/AR(1) umbral min,combinacion,1996,1997,1,4.24251610269859,3.301341425867211,-0.9411746768313791,PRY
Ingenuo,referencia,1997,1998,1,0.0680377558080636,4.24251610269859,4.174478346890527,PRY
Deriva,referencia,1997,1998,1,0.0680377558080636,4.168689174600511,4.100651418792447,PRY
AR(1),Box-Jenkins,1997,1998,1,0.0680377558080636,4.834856633264879,4.766818877456815,PRY
"ARMA(2,2)",Box-Jenkins,1997,1998,1,0.0680377558080636,4.834462135728267,4.7664243799202035,PRY
"ARIMA(1,1,1)",Box-Jenkins,1997,1998,1,0.0680377558080636,4.811836984840628,4.743799229032565,PRY
Ridge sobre rezagos,regularizado,1997,1998,1,0.0680377558080636,5.090228460525453,5.0221907047173895,PRY
Random Forest,aprendizaje,1997,1998,1,0.0680377558080636,3.843087902255486,3.7750501464474224,PRY
LSTM(16),red neuronal,1997,1998,1,0.0680377558080636,5.146533042047187,5.078495286239123,PRY
Comb. RF/AR(1) suave,combinacion,1997,1998,1,0.0680377558080636,3.784009607454657,3.7159718516465934,PRY
Comb. RF/AR(1) dura,combinacion,1997,1998,1,0.0680377558080636,3.784009607454657,3.7159718516465934,PRY
Comb. RF/ingenuo suave,combinacion,1997,1998,1,0.0680377558080636,3.784009607454657,3.7159718516465934,PRY
Comb. LSTM/AR(1) suave,combinacion,1997,1998,1,0.0680377558080636,5.151784138371067,5.083746382563003,PRY
Comb. RF/AR(1) umbral min,combinacion,1997,1998,1,0.0680377558080636,4.834856633264879,4.766818877456815,PRY
Ingenuo,referencia,1998,1999,1,-1.36607971240079,0.0680377558080636,1.4341174682088536,PRY
Deriva,referencia,1998,1999,1,-1.36607971240079,-0.11661758901413605,1.2494621233866539,PRY
AR(1),Box-Jenkins,1998,1999,1,-1.36607971240079,2.315589935529668,3.681669647930458,PRY
"ARMA(2,2)",Box-Jenkins,1998,1999,1,-1.36607971240079,2.8994080956823964,4.265487808083186,PRY
"ARIMA(1,1,1)",Box-Jenkins,1998,1999,1,-1.36607971240079,1.1238728353417038,2.4899525477424937,PRY
Ridge sobre rezagos,regularizado,1998,1999,1,-1.36607971240079,2.0028228894847477,3.3689026018855377,PRY
Random Forest,aprendizaje,1998,1999,1,-1.36607971240079,4.05745436945195,5.42353408185274,PRY
LSTM(16),red neuronal,1998,1999,1,-1.36607971240079,4.934584892431647,6.300664604832437,PRY
Comb. RF/AR(1) suave,combinacion,1998,1999,1,-1.36607971240079,4.513219986858457,5.879299699259247,PRY
Comb. RF/AR(1) dura,combinacion,1998,1999,1,-1.36607971240079,4.513219986858457,5.879299699259247,PRY
Comb. RF/ingenuo suave,combinacion,1998,1999,1,-1.36607971240079,4.513219986858457,5.879299699259247,PRY
Comb. LSTM/AR(1) suave,combinacion,1998,1999,1,-1.36607971240079,4.9270026458187175,6.2930823582195075,PRY
Comb. RF/AR(1) umbral min,combinacion,1998,1999,1,-1.36607971240079,2.315589935529668,3.681669647930458,PRY
Ingenuo,referencia,1999,2000,1,-2.31414056819045,-1.36607971240079,0.9480608557896599,PRY
Deriva,referencia,1999,2000,1,-2.31414056819045,-1.5836156394173753,0.7305249287730746,PRY
AR(1),Box-Jenkins,1999,2000,1,-2.31414056819045,1.0838872788271199,3.3980278470175698,PRY
"ARMA(2,2)",Box-Jenkins,1999,2000,1,-2.31414056819045,0.1798489032566728,2.4939894714471227,PRY
"ARIMA(1,1,1)",Box-Jenkins,1999,2000,1,-2.31414056819045,-1.8994417711149625,0.4146987970754874,PRY
Ridge sobre rezagos,regularizado,1999,2000,1,-2.31414056819045,0.5837699781731969,2.8979105463636468,PRY
Random Forest,aprendizaje,1999,2000,1,-2.31414056819045,1.8423267691623255,4.156467337352775,PRY
LSTM(16),red neuronal,1999,2000,1,-2.31414056819045,4.6820856754571185,6.996226243647568,PRY
Comb. RF/AR(1) suave,combinacion,1999,2000,1,-2.31414056819045,1.9534106772995414,4.267551245489991,PRY
Comb. RF/AR(1) dura,combinacion,1999,2000,1,-2.31414056819045,1.9534106772995414,4.267551245489991,PRY
Comb. RF/ingenuo suave,combinacion,1999,2000,1,-2.31414056819045,1.9534106772995414,4.267551245489991,PRY
Comb. LSTM/AR(1) suave,combinacion,1999,2000,1,-2.31414056819045,4.684702839389664,6.9988434075801145,PRY
Comb. RF/AR(1) umbral min,combinacion,1999,2000,1,-2.31414056819045,1.0838872788271199,3.3980278470175698,PRY
Ingenuo,referencia,2000,2001,1,-0.834054716746095,-2.31414056819045,-1.480085851444355,PRY
Deriva,referencia,2000,2001,1,-0.834054716746095,-2.550407903637114,-1.716353186891019,PRY
AR(1),Box-Jenkins,2000,2001,1,-0.834054716746095,0.048217279391622014,0.882271996137717,PRY
"ARMA(2,2)",Box-Jenkins,2000,2001,1,-0.834054716746095,0.8880156250346354,1.7220703417807304,PRY
"ARIMA(1,1,1)",Box-Jenkins,2000,2001,1,-0.834054716746095,-1.7939096756838906,-0.9598549589377956,PRY
Ridge sobre rezagos,regularizado,2000,2001,1,-0.834054716746095,1.1601106411944127,1.9941653579405076,PRY
Random Forest,aprendizaje,2000,2001,1,-0.834054716746095,1.0303880161104704,1.8644427328565654,PRY
LSTM(16),red neuronal,2000,2001,1,-0.834054716746095,4.412552046741471,5.246606763487566,PRY
Comb. RF/AR(1) suave,combinacion,2000,2001,1,-0.834054716746095,1.975014646869351,2.8090693636154462,PRY
Comb. RF/AR(1) dura,combinacion,2000,2001,1,-0.834054716746095,1.975014646869351,2.8090693636154462,PRY
Comb. RF/ingenuo suave,combinacion,2000,2001,1,-0.834054716746095,1.975014646869351,2.8090693636154462,PRY
Comb. LSTM/AR(1) suave,combinacion,2000,2001,1,-0.834054716746095,4.4112332697716825,5.245287986517777,PRY
Comb. RF/AR(1) umbral min,combinacion,2000,2001,1,-0.834054716746095,0.048217279391622014,0.882271996137717,PRY
Ingenuo,referencia,2001,2002,1,-0.0214043949985694,-0.834054716746095,-0.8126503217475256,PRY
Deriva,referencia,2001,2002,1,-0.0214043949985694,-1.0274132225204837,-1.0060088275219143,PRY
AR(1),Box-Jenkins,2001,2002,1,-0.0214043949985694,0.9308466957188364,0.9522510907174058,PRY
"ARMA(2,2)",Box-Jenkins,2001,2002,1,-0.0214043949985694,0.407545158611164,0.4289495536097334,PRY
"ARIMA(1,1,1)",Box-Jenkins,2001,2002,1,-0.0214043949985694,-1.3966569166565095,-1.37525252165794,PRY
Ridge sobre rezagos,regularizado,2001,2002,1,-0.0214043949985694,0.6087570568232836,0.630161451821853,PRY
Random Forest,aprendizaje,2001,2002,1,-0.0214043949985694,-0.4005168360147501,-0.3791124410161807,PRY
LSTM(16),red neuronal,2001,2002,1,-0.0214043949985694,2.0367073701151637,2.058111765113733,PRY
Comb. RF/AR(1) suave,combinacion,2001,2002,1,-0.0214043949985694,0.07749540956209522,0.09889980456066462,PRY
Comb. RF/AR(1) dura,combinacion,2001,2002,1,-0.0214043949985694,0.07749540956209522,0.09889980456066462,PRY
Comb. RF/ingenuo suave,combinacion,2001,2002,1,-0.0214043949985694,0.07749540956209522,0.09889980456066462,PRY
Comb. LSTM/AR(1) suave,combinacion,2001,2002,1,-0.0214043949985694,1.8676300610205914,1.8890344560191608,PRY
Comb. RF/AR(1) umbral min,combinacion,2001,2002,1,-0.0214043949985694,0.9308466957188364,0.9522510907174058,PRY
Ingenuo,referencia,2002,2003,1,4.32074548551591,-0.0214043949985694,-4.342149880514479,PRY
Deriva,referencia,2002,2003,1,4.32074548551591,-0.19022610010169183,-4.510971585617602,PRY
AR(1),Box-Jenkins,2002,2003,1,4.32074548551591,1.4057231225560922,-2.9150223629598173,PRY
"ARMA(2,2)",Box-Jenkins,2002,2003,1,4.32074548551591,2.0412382393469155,-2.2795072461689943,PRY
"ARIMA(1,1,1)",Box-Jenkins,2002,2003,1,4.32074548551591,0.36039063383010317,-3.9603548516858065,PRY
Ridge sobre rezagos,regularizado,2002,2003,1,4.32074548551591,1.956707001302834,-2.3640384842130757,PRY
Random Forest,aprendizaje,2002,2003,1,4.32074548551591,-0.322112440818598,-4.642857926334508,PRY
LSTM(16),red neuronal,2002,2003,1,4.32074548551591,2.225359808178937,-2.0953856773369726,PRY
Comb. RF/AR(1) suave,combinacion,2002,2003,1,4.32074548551591,-0.053607943785433786,-4.374353429301344,PRY
Comb. RF/AR(1) dura,combinacion,2002,2003,1,4.32074548551591,-0.053607943785433786,-4.374353429301344,PRY
Comb. RF/ingenuo suave,combinacion,2002,2003,1,4.32074548551591,-0.053607943785433786,-4.374353429301344,PRY
Comb. LSTM/AR(1) suave,combinacion,2002,2003,1,4.32074548551591,2.177456712162847,-2.1432887733530626,PRY
Comb. RF/AR(1) umbral min,combinacion,2002,2003,1,4.32074548551591,1.4057231225560922,-2.9150223629598173,PRY
Ingenuo,referencia,2003,2004,1,4.05741836363771,4.32074548551591,0.2633271218781994,PRY
Deriva,referencia,2003,2004,1,4.05741836363771,4.259327865784635,0.2019095021469246,PRY
AR(1),Box-Jenkins,2003,2004,1,4.05741836363771,4.4563131198235855,0.3988947561858751,PRY
"ARMA(2,2)",Box-Jenkins,2003,2004,1,4.05741836363771,4.3885322172205425,0.3311138535828322,PRY
"ARIMA(1,1,1)",Box-Jenkins,2003,2004,1,4.05741836363771,3.6897323124297974,-0.367686051207913,PRY
Ridge sobre rezagos,regularizado,2003,2004,1,4.05741836363771,5.554796903718005,1.4973785400802946,PRY
Random Forest,aprendizaje,2003,2004,1,4.05741836363771,2.3883534385366065,-1.6690649251011038,PRY
LSTM(16),red neuronal,2003,2004,1,4.05741836363771,4.202726355789814,0.14530799215210344,PRY
Comb. RF/AR(1) suave,combinacion,2003,2004,1,4.05741836363771,1.8476980952518585,-2.209720268385852,PRY
Comb. RF/AR(1) dura,combinacion,2003,2004,1,4.05741836363771,1.8476980952518585,-2.209720268385852,PRY
Comb. RF/ingenuo suave,combinacion,2003,2004,1,4.05741836363771,1.8476980952518585,-2.209720268385852,PRY
Comb. LSTM/AR(1) suave,combinacion,2003,2004,1,4.05741836363771,2.888688632984874,-1.1687297306528364,PRY
Comb. RF/AR(1) umbral min,combinacion,2003,2004,1,4.05741836363771,4.4563131198235855,0.3988947561858751,PRY
Ingenuo,referencia,2004,2005,1,2.13349066459601,4.05741836363771,1.9239276990417005,PRY
Deriva,referencia,2004,2005,1,2.13349066459601,3.991305174089065,1.8578145094930552,PRY
AR(1),Box-Jenkins,2004,2005,1,2.13349066459601,4.273126076196306,2.139635411600296,PRY
"ARMA(2,2)",Box-Jenkins,2004,2005,1,2.13349066459601,4.8817304378252935,2.7482397732292836,PRY
"ARIMA(1,1,1)",Box-Jenkins,2004,2005,1,2.13349066459601,4.636354841198852,2.502864176602842,PRY
Ridge sobre rezagos,regularizado,2004,2005,1,2.13349066459601,4.376440176830352,2.242949512234342,PRY
Random Forest,aprendizaje,2004,2005,1,2.13349066459601,3.159056410898522,1.025565746302512,PRY
LSTM(16),red neuronal,2004,2005,1,2.13349066459601,4.390666715243229,2.2571760506472187,PRY
Comb. RF/AR(1) suave,combinacion,2004,2005,1,2.13349066459601,2.538499873605382,0.4050092090093722,PRY
Comb. RF/AR(1) dura,combinacion,2004,2005,1,2.13349066459601,2.538499873605382,0.4050092090093722,PRY
Comb. RF/ingenuo suave,combinacion,2004,2005,1,2.13349066459601,2.538499873605382,0.4050092090093722,PRY
Comb. LSTM/AR(1) suave,combinacion,2004,2005,1,2.13349066459601,4.27027462635707,2.13678396176106,PRY
Comb. RF/AR(1) umbral min,combinacion,2004,2005,1,2.13349066459601,4.273126076196306,2.139635411600296,PRY
Ingenuo,referencia,2005,2006,1,4.80711719268376,2.13349066459601,-2.6736265280877505,PRY
Deriva,referencia,2005,2006,1,4.80711719268376,2.0251544180134315,-2.781962774670329,PRY
AR(1),Box-Jenkins,2005,2006,1,4.80711719268376,2.9474880681023317,-1.8596291245814287,PRY
"ARMA(2,2)",Box-Jenkins,2005,2006,1,4.80711719268376,2.1623632104243815,-2.644753982259379,PRY
"ARIMA(1,1,1)",Box-Jenkins,2005,2006,1,4.80711719268376,1.81195510280872,-2.9951620898750404,PRY
Ridge sobre rezagos,regularizado,2005,2006,1,4.80711719268376,1.544194789753342,-3.2629224029304185,PRY
Random Forest,aprendizaje,2005,2006,1,4.80711719268376,2.5309834670895195,-2.276133725594241,PRY
LSTM(16),red neuronal,2005,2006,1,4.80711719268376,2.0995070046887347,-2.7076101879950256,PRY
Comb. RF/AR(1) suave,combinacion,2005,2006,1,4.80711719268376,2.070474369240035,-2.7366428234437254,PRY
Comb. RF/AR(1) dura,combinacion,2005,2006,1,4.80711719268376,2.070474369240035,-2.7366428234437254,PRY
Comb. RF/ingenuo suave,combinacion,2005,2006,1,4.80711719268376,2.070474369240035,-2.7366428234437254,PRY
Comb. LSTM/AR(1) suave,combinacion,2005,2006,1,4.80711719268376,2.673522382530067,-2.1335948101536935,PRY
Comb. RF/AR(1) umbral min,combinacion,2005,2006,1,4.80711719268376,2.9474880681023317,-1.8596291245814287,PRY
Ingenuo,referencia,2006,2007,1,5.42162287218235,4.80711719268376,-0.6145056794985893,PRY
Deriva,referencia,2006,2007,1,5.42162287218235,4.760602341093856,-0.6610205310884938,PRY
AR(1),Box-Jenkins,2006,2007,1,5.42162287218235,4.760158707015294,-0.6614641651670556,PRY
"ARMA(2,2)",Box-Jenkins,2006,2007,1,5.42162287218235,5.377846781600358,-0.043776090581991944,PRY
"ARIMA(1,1,1)",Box-Jenkins,2006,2007,1,5.42162287218235,4.9248810089082555,-0.4967418632740941,PRY
Ridge sobre rezagos,regularizado,2006,2007,1,5.42162287218235,4.633727343694779,-0.7878955284875708,PRY
Random Forest,aprendizaje,2006,2007,1,5.42162287218235,4.692005255027065,-0.7296176171552844,PRY
LSTM(16),red neuronal,2006,2007,1,5.42162287218235,4.296493587830393,-1.1251292843519565,PRY
Comb. RF/AR(1) suave,combinacion,2006,2007,1,5.42162287218235,4.677566197342946,-0.7440566748394035,PRY
Comb. RF/AR(1) dura,combinacion,2006,2007,1,5.42162287218235,4.677566197342946,-0.7440566748394035,PRY
Comb. RF/ingenuo suave,combinacion,2006,2007,1,5.42162287218235,4.677566197342946,-0.7440566748394035,PRY
Comb. LSTM/AR(1) suave,combinacion,2006,2007,1,5.42162287218235,4.1526068967438965,-1.2690159754384531,PRY
Comb. RF/AR(1) umbral min,combinacion,2006,2007,1,5.42162287218235,4.760158707015294,-0.6614641651670556,PRY
Ingenuo,referencia,2007,2008,1,6.4962921197091,5.42162287218235,-1.0746692475267503,PRY
Deriva,referencia,2007,2008,1,6.4962921197091,5.3894780321378475,-1.1068140875712524,PRY
AR(1),Box-Jenkins,2007,2008,1,6.4962921197091,5.176603692126102,-1.3196884275829976,PRY
"ARMA(2,2)",Box-Jenkins,2007,2008,1,6.4962921197091,5.113507684481409,-1.3827844352276912,PRY
"ARIMA(1,1,1)",Box-Jenkins,2007,2008,1,6.4962921197091,5.289522111658519,-1.2067700080505812,PRY
Ridge sobre rezagos,regularizado,2007,2008,1,6.4962921197091,4.452687751418556,-2.043604368290544,PRY
Random Forest,aprendizaje,2007,2008,1,6.4962921197091,5.475689599142866,-1.020602520566234,PRY
LSTM(16),red neuronal,2007,2008,1,6.4962921197091,4.573425882473784,-1.9228662372353158,PRY
Comb. RF/AR(1) suave,combinacion,2007,2008,1,6.4962921197091,5.120104547865305,-1.3761875718437953,PRY
Comb. RF/AR(1) dura,combinacion,2007,2008,1,6.4962921197091,5.120104547865305,-1.3761875718437953,PRY
Comb. RF/ingenuo suave,combinacion,2007,2008,1,6.4962921197091,5.120104547865305,-1.3761875718437953,PRY
Comb. LSTM/AR(1) suave,combinacion,2007,2008,1,6.4962921197091,4.274174896245292,-2.2221172234638082,PRY
Comb. RF/AR(1) umbral min,combinacion,2007,2008,1,6.4962921197091,5.176603692126102,-1.3196884275829976,PRY
Ingenuo,referencia,2008,2009,1,-0.261137328080281,6.4962921197091,6.757429447789381,PRY
Deriva,referencia,2008,2009,1,-0.261137328080281,6.487696515570369,6.74883384365065,PRY
AR(1),Box-Jenkins,2008,2009,1,-0.261137328080281,5.910038867828796,6.1711761959090765,PRY
"ARMA(2,2)",Box-Jenkins,2008,2009,1,-0.261137328080281,6.1038265656096815,6.364963893689962,PRY
"ARIMA(1,1,1)",Box-Jenkins,2008,2009,1,-0.261137328080281,6.558214294547971,6.819351622628252,PRY
Ridge sobre rezagos,regularizado,2008,2009,1,-0.261137328080281,6.394629162561452,6.655766490641733,PRY
Random Forest,aprendizaje,2008,2009,1,-0.261137328080281,5.291862448847272,5.552999776927553,PRY
LSTM(16),red neuronal,2008,2009,1,-0.261137328080281,4.8146137936927,5.0757511217729805,PRY
Comb. RF/AR(1) suave,combinacion,2008,2009,1,-0.261137328080281,5.156061726423027,5.417199054503308,PRY
Comb. RF/AR(1) dura,combinacion,2008,2009,1,-0.261137328080281,5.156061726423027,5.417199054503308,PRY
Comb. RF/ingenuo suave,combinacion,2008,2009,1,-0.261137328080281,5.156061726423027,5.417199054503308,PRY
Comb. LSTM/AR(1) suave,combinacion,2008,2009,1,-0.261137328080281,4.500374983283391,4.7615123113636715,PRY
Comb. RF/AR(1) umbral min,combinacion,2008,2009,1,-0.261137328080281,5.910038867828796,6.1711761959090765,PRY
Ingenuo,referencia,2009,2010,1,11.0952312685521,-0.261137328080281,-11.35636859663238,PRY
Deriva,referencia,2009,2010,1,11.0952312685521,-0.4103336372950671,-11.505564905847168,PRY
AR(1),Box-Jenkins,2009,2010,1,11.0952312685521,1.436762409863957,-9.658468858688142,PRY
"ARMA(2,2)",Box-Jenkins,2009,2010,1,11.0952312685521,0.973724648776003,-10.121506619776097,PRY
"ARIMA(1,1,1)",Box-Jenkins,2009,2010,1,11.0952312685521,1.0768676050201051,-10.018363663531995,PRY
Ridge sobre rezagos,regularizado,2009,2010,1,11.0952312685521,0.8793220414785985,-10.215909227073501,PRY
Random Forest,aprendizaje,2009,2010,1,11.0952312685521,0.8494009929862965,-10.245830275565803,PRY
LSTM(16),red neuronal,2009,2010,1,11.0952312685521,4.126975637337753,-6.968255631214347,PRY
Comb. RF/AR(1) suave,combinacion,2009,2010,1,11.0952312685521,1.6254576157192224,-9.469773652832878,PRY
Comb. RF/AR(1) dura,combinacion,2009,2010,1,11.0952312685521,1.6254576157192224,-9.469773652832878,PRY
Comb. RF/ingenuo suave,combinacion,2009,2010,1,11.0952312685521,1.6254576157192224,-9.469773652832878,PRY
Comb. LSTM/AR(1) suave,combinacion,2009,2010,1,11.0952312685521,4.104756676991711,-6.990474591560389,PRY
Comb. RF/AR(1) umbral min,combinacion,2009,2010,1,11.0952312685521,1.436762409863957,-9.658468858688142,PRY
Ingenuo,referencia,2010,2011,1,4.28637120702282,11.0952312685521,6.80886006152928,PRY
Deriva,referencia,2010,2011,1,4.28637120702282,11.180842406395419,6.894471199372599,PRY
AR(1),Box-Jenkins,2010,2011,1,4.28637120702282,8.403304092452649,4.116932885429828,PRY
"ARMA(2,2)",Box-Jenkins,2010,2011,1,4.28637120702282,8.43999723156875,4.15362602454593,PRY
"ARIMA(1,1,1)",Box-Jenkins,2010,2011,1,4.28637120702282,8.466022150578247,4.179650943555427,PRY
Ridge sobre rezagos,regularizado,2010,2011,1,4.28637120702282,7.4433500394434855,3.1569788324206653,PRY
Random Forest,aprendizaje,2010,2011,1,4.28637120702282,7.402874672180328,3.116503465157508,PRY
LSTM(16),red neuronal,2010,2011,1,4.28637120702282,4.795048478591991,0.5086772715691712,PRY
Comb. RF/AR(1) suave,combinacion,2010,2011,1,4.28637120702282,7.720418061860338,3.4340468548375176,PRY
Comb. RF/AR(1) dura,combinacion,2010,2011,1,4.28637120702282,8.403304092452649,4.116932885429828,PRY
Comb. RF/ingenuo suave,combinacion,2010,2011,1,4.28637120702282,8.24991434085343,3.9635431338306093,PRY
Comb. LSTM/AR(1) suave,combinacion,2010,2011,1,4.28637120702282,5.314516417322325,1.0281452102995052,PRY
Comb. RF/AR(1) umbral min,combinacion,2010,2011,1,4.28637120702282,8.403304092452649,4.116932885429828,PRY
Ingenuo,referencia,2011,2012,1,-0.708043112316886,4.28637120702282,4.994414319339706,PRY
Deriva,referencia,2011,2012,1,-0.708043112316886,4.2340929208786875,4.942136033195574,PRY
AR(1),Box-Jenkins,2011,2012,1,-0.708043112316886,4.514868477697036,5.222911590013922,PRY
"ARMA(2,2)",Box-Jenkins,2011,2012,1,-0.708043112316886,7.547763245082292,8.255806357399178,PRY
"ARIMA(1,1,1)",Box-Jenkins,2011,2012,1,-0.708043112316886,8.6766083349419,9.384651447258786,PRY
Ridge sobre rezagos,regularizado,2011,2012,1,-0.708043112316886,6.127658154606849,6.835701266923735,PRY
Random Forest,aprendizaje,2011,2012,1,-0.708043112316886,3.844994109560924,4.55303722187781,PRY
LSTM(16),red neuronal,2011,2012,1,-0.708043112316886,4.522331252312506,5.230374364629393,PRY
Comb. RF/AR(1) suave,combinacion,2011,2012,1,-0.708043112316886,5.7038786019219785,6.411921714238865,PRY
Comb. RF/AR(1) dura,combinacion,2011,2012,1,-0.708043112316886,4.514868477697036,5.222911590013922,PRY
Comb. RF/ingenuo suave,combinacion,2011,2012,1,-0.708043112316886,5.663565583562908,6.371608695879795,PRY
Comb. LSTM/AR(1) suave,combinacion,2011,2012,1,-0.708043112316886,4.343684914394893,5.051728026711778,PRY
Comb. RF/AR(1) umbral min,combinacion,2011,2012,1,-0.708043112316886,4.514868477697036,5.222911590013922,PRY
Ingenuo,referencia,2012,2013,1,8.29307648940471,-0.708043112316886,-9.001119601721596,PRY
Deriva,referencia,2012,2013,1,8.29307648940471,-0.8572260265628926,-9.150302515967603,PRY
AR(1),Box-Jenkins,2012,2013,1,8.29307648940471,1.7695207977676002,-6.523555691637109,PRY
"ARMA(2,2)",Box-Jenkins,2012,2013,1,8.29307648940471,1.5795041397547425,-6.713572349649967,PRY
"ARIMA(1,1,1)",Box-Jenkins,2012,2013,1,8.29307648940471,1.4206259145788147,-6.872450574825895,PRY
Ridge sobre rezagos,regularizado,2012,2013,1,8.29307648940471,1.3328534050478056,-6.960223084356905,PRY
Random Forest,aprendizaje,2012,2013,1,8.29307648940471,0.28736524105897193,-8.005711248345738,PRY
LSTM(16),red neuronal,2012,2013,1,8.29307648940471,4.132022577355891,-4.161053912048819,PRY
Comb. RF/AR(1) suave,combinacion,2012,2013,1,8.29307648940471,1.4101208352594112,-6.882955654145299,PRY
Comb. RF/AR(1) dura,combinacion,2012,2013,1,8.29307648940471,1.7695207977676002,-6.523555691637109,PRY
Comb. RF/ingenuo suave,combinacion,2012,2013,1,8.29307648940471,1.2300209881243842,-7.063055501280326,PRY
Comb. LSTM/AR(1) suave,combinacion,2012,2013,1,8.29307648940471,3.9486293623363005,-4.34444712706841,PRY
Comb. RF/AR(1) umbral min,combinacion,2012,2013,1,8.29307648940471,1.7695207977676002,-6.523555691637109,PRY
Ingenuo,referencia,2013,2014,1,5.30123864473624,8.29307648940471,2.9918378446684697,PRY
Deriva,referencia,2013,2014,1,5.30123864473624,8.319860931235004,3.018622286498764,PRY
AR(1),Box-Jenkins,2013,2014,1,5.30123864473624,6.473944654349259,1.1727060096130186,PRY
"ARMA(2,2)",Box-Jenkins,2013,2014,1,5.30123864473624,3.8031901289572185,-1.4980485157790215,PRY
"ARIMA(1,1,1)",Box-Jenkins,2013,2014,1,5.30123864473624,6.080668188990948,0.7794295442547083,PRY
Ridge sobre rezagos,regularizado,2013,2014,1,5.30123864473624,6.949365651241763,1.648127006505523,PRY
Random Forest,aprendizaje,2013,2014,1,5.30123864473624,5.657627154274135,0.35638850953789536,PRY
LSTM(16),red neuronal,2013,2014,1,5.30123864473624,4.3020404647771,-0.9991981799591398,PRY
Comb. RF/AR(1) suave,combinacion,2013,2014,1,5.30123864473624,6.295990477960618,0.9947518332243783,PRY
Comb. RF/AR(1) dura,combinacion,2013,2014,1,5.30123864473624,6.473944654349259,1.1727060096130186,PRY
Comb. RF/ingenuo suave,combinacion,2013,2014,1,5.30123864473624,6.474211039197625,1.172972394461385,PRY
Comb. LSTM/AR(1) suave,combinacion,2013,2014,1,5.30123864473624,4.50412811898842,-0.7971105257478204,PRY
Comb. RF/AR(1) umbral min,combinacion,2013,2014,1,5.30123864473624,6.473944654349259,1.1727060096130186,PRY
Ingenuo,referencia,2014,2015,1,2.95715168367079,5.30123864473624,2.3440869610654502,PRY
Deriva,referencia,2014,2015,1,2.95715168367079,5.271067949085425,2.313916265414635,PRY
AR(1),Box-Jenkins,2014,2015,1,2.95715168367079,5.019381520995102,2.0622298373243124,PRY
"ARMA(2,2)",Box-Jenkins,2014,2015,1,2.95715168367079,5.079821104933307,2.1226694212625175,PRY
"ARIMA(1,1,1)",Box-Jenkins,2014,2015,1,2.95715168367079,4.688610953759648,1.731459270088858,PRY
Ridge sobre rezagos,regularizado,2014,2015,1,2.95715168367079,2.7368712736976546,-0.22028040997313525,PRY
Random Forest,aprendizaje,2014,2015,1,2.95715168367079,5.174844146585762,2.2176924629149726,PRY
LSTM(16),red neuronal,2014,2015,1,2.95715168367079,4.305830865086535,1.3486791814157453,PRY
Comb. RF/AR(1) suave,combinacion,2014,2015,1,2.95715168367079,4.82105585508299,1.8639041714121998,PRY
Comb. RF/AR(1) dura,combinacion,2014,2015,1,2.95715168367079,5.019381520995102,2.0622298373243124,PRY
Comb. RF/ingenuo suave,combinacion,2014,2015,1,2.95715168367079,4.842622744865133,1.8854710611943428,PRY
Comb. LSTM/AR(1) suave,combinacion,2014,2015,1,2.95715168367079,4.350073634756163,1.3929219510853734,PRY
Comb. RF/AR(1) umbral min,combinacion,2014,2015,1,2.95715168367079,5.019381520995102,2.0622298373243124,PRY
Ingenuo,referencia,2015,2016,1,4.26802583314583,2.95715168367079,-1.3108741494750404,PRY
Deriva,referencia,2015,2016,1,4.26802583314583,2.8841306868085925,-1.3838951463372378,PRY
AR(1),Box-Jenkins,2015,2016,1,4.26802583314583,3.8768951943410435,-0.3911306388047868,PRY
"ARMA(2,2)",Box-Jenkins,2015,2016,1,4.26802583314583,4.134374771428043,-0.13365106171778685,PRY
"ARIMA(1,1,1)",Box-Jenkins,2015,2016,1,4.26802583314583,3.5551645986524125,-0.7128612344934178,PRY
Ridge sobre rezagos,regularizado,2015,2016,1,4.26802583314583,4.990232172557012,0.7222063394111817,PRY
Random Forest,aprendizaje,2015,2016,1,4.26802583314583,4.669902880606923,0.40187704746109265,PRY
LSTM(16),red neuronal,2015,2016,1,4.26802583314583,4.238255121528244,-0.029770711617586265,PRY
Comb. RF/AR(1) suave,combinacion,2015,2016,1,4.26802583314583,5.523111355853579,1.2550855227077484,PRY
Comb. RF/AR(1) dura,combinacion,2015,2016,1,4.26802583314583,5.523111355853579,1.2550855227077484,PRY
Comb. RF/ingenuo suave,combinacion,2015,2016,1,4.26802583314583,5.523111355853579,1.2550855227077484,PRY
Comb. LSTM/AR(1) suave,combinacion,2015,2016,1,4.26802583314583,4.234011589912027,-0.034014243233802866,PRY
Comb. RF/AR(1) umbral min,combinacion,2015,2016,1,4.26802583314583,3.8768951943410435,-0.3911306388047868,PRY
Ingenuo,referencia,2016,2017,1,4.81007885554041,4.26802583314583,-0.5420530223945796,PRY
Deriva,referencia,2016,2017,1,4.81007885554041,4.220166566217038,-0.5899122893233724,PRY
AR(1),Box-Jenkins,2016,2017,1,4.81007885554041,4.501737460205025,-0.3083413953353853,PRY
"ARMA(2,2)",Box-Jenkins,2016,2017,1,4.81007885554041,4.377328842934311,-0.4327500126060988,PRY
"ARIMA(1,1,1)",Box-Jenkins,2016,2017,1,4.81007885554041,4.169788250361161,-0.6402906051792492,PRY
Ridge sobre rezagos,regularizado,2016,2017,1,4.81007885554041,7.34793822046693,2.53785936492652,PRY
Random Forest,aprendizaje,2016,2017,1,4.81007885554041,4.227147298650542,-0.5829315568898679,PRY
LSTM(16),red neuronal,2016,2017,1,4.81007885554041,4.250083074505027,-0.5599957810353828,PRY
Comb. RF/AR(1) suave,combinacion,2016,2017,1,4.81007885554041,3.8489823156388443,-0.9610965399015656,PRY
Comb. RF/AR(1) dura,combinacion,2016,2017,1,4.81007885554041,3.8489823156388443,-0.9610965399015656,PRY
Comb. RF/ingenuo suave,combinacion,2016,2017,1,4.81007885554041,3.8489823156388443,-0.9610965399015656,PRY
Comb. LSTM/AR(1) suave,combinacion,2016,2017,1,4.81007885554041,4.223792989317295,-0.5862858662231147,PRY
Comb. RF/AR(1) umbral min,combinacion,2016,2017,1,4.81007885554041,4.501737460205025,-0.3083413953353853,PRY
Ingenuo,referencia,2017,2018,1,3.20425034076639,4.81007885554041,1.60582851477402,PRY
Deriva,referencia,2017,2018,1,3.20425034076639,4.772753736635249,1.5685033958688588,PRY
AR(1),Box-Jenkins,2017,2018,1,3.20425034076639,4.761909539598278,1.5576591988318884,PRY
"ARMA(2,2)",Box-Jenkins,2017,2018,1,3.20425034076639,4.743472393954123,1.5392220531877334,PRY
"ARIMA(1,1,1)",Box-Jenkins,2017,2018,1,3.20425034076639,4.45187854051244,1.24762819974605,PRY
Ridge sobre rezagos,regularizado,2017,2018,1,3.20425034076639,2.3494271473534845,-0.8548231934129054,PRY
Random Forest,aprendizaje,2017,2018,1,3.20425034076639,4.9718897003825955,1.7676393596162057,PRY
LSTM(16),red neuronal,2017,2018,1,3.20425034076639,4.396232610084912,1.191982269318522,PRY
Comb. RF/AR(1) suave,combinacion,2017,2018,1,3.20425034076639,4.123658113389629,0.9194077726232393,PRY
Comb. RF/AR(1) dura,combinacion,2017,2018,1,3.20425034076639,4.761909539598278,1.5576591988318884,PRY
Comb. RF/ingenuo suave,combinacion,2017,2018,1,3.20425034076639,4.128441034750386,0.9241906939839963,PRY
Comb. LSTM/AR(1) suave,combinacion,2017,2018,1,3.20425034076639,4.312363445899482,1.1081131051330924,PRY
Comb. RF/AR(1) umbral min,combinacion,2017,2018,1,3.20425034076639,4.761909539598278,1.5576591988318884,PRY
Ingenuo,referencia,2018,2019,1,-0.40185510068001,3.20425034076639,3.6061054414463998,PRY
Deriva,referencia,2018,2019,1,-0.40185510068001,3.1394076184249324,3.5412627191049424,PRY
AR(1),Box-Jenkins,2018,2019,1,-0.40185510068001,3.980550872774573,4.382405973454583,PRY
"ARMA(2,2)",Box-Jenkins,2018,2019,1,-0.40185510068001,3.919593290409231,4.321448391089241,PRY
"ARIMA(1,1,1)",Box-Jenkins,2018,2019,1,-0.40185510068001,3.678379140899522,4.080234241579532,PRY
Ridge sobre rezagos,regularizado,2018,2019,1,-0.40185510068001,3.4696999331813014,3.8715550338613114,PRY
Random Forest,aprendizaje,2018,2019,1,-0.40185510068001,4.122582336676251,4.524437437356261,PRY
LSTM(16),red neuronal,2018,2019,1,-0.40185510068001,4.2224515907735904,4.624306691453601,PRY
Comb. RF/AR(1) suave,combinacion,2018,2019,1,-0.40185510068001,3.8030115077331703,4.20486660841318,PRY
Comb. RF/AR(1) dura,combinacion,2018,2019,1,-0.40185510068001,3.8030115077331703,4.20486660841318,PRY
Comb. RF/ingenuo suave,combinacion,2018,2019,1,-0.40185510068001,3.8030115077331703,4.20486660841318,PRY
Comb. LSTM/AR(1) suave,combinacion,2018,2019,1,-0.40185510068001,4.224637562637875,4.626492663317886,PRY
Comb. RF/AR(1) umbral min,combinacion,2018,2019,1,-0.40185510068001,3.980550872774573,4.382405973454583,PRY
Ingenuo,referencia,2019,2020,1,-0.819785390971916,-0.40185510068001,0.41793029029190604,PRY
Deriva,referencia,2019,2020,1,-0.819785390971916,-0.5277540767991387,0.2920313141727774,PRY
AR(1),Box-Jenkins,2019,2020,1,-0.819785390971916,2.1627816786311596,2.9825670696030757,PRY
"ARMA(2,2)",Box-Jenkins,2019,2020,1,-0.819785390971916,2.1116537403299294,2.9314391313018455,PRY
"ARIMA(1,1,1)",Box-Jenkins,2019,2020,1,-0.819785390971916,1.8404512837938016,2.660236674765718,PRY
Ridge sobre rezagos,regularizado,2019,2020,1,-0.819785390971916,3.8384127485816575,4.658198139553574,PRY
Random Forest,aprendizaje,2019,2020,1,-0.819785390971916,5.124260684349547,5.944046075321463,PRY
LSTM(16),red neuronal,2019,2020,1,-0.819785390971916,4.059537044037061,4.8793224350089766,PRY
Comb. RF/AR(1) suave,combinacion,2019,2020,1,-0.819785390971916,4.011865475792712,4.831650866764628,PRY
Comb. RF/AR(1) dura,combinacion,2019,2020,1,-0.819785390971916,4.011865475792712,4.831650866764628,PRY
Comb. RF/ingenuo suave,combinacion,2019,2020,1,-0.819785390971916,4.011865475792712,4.831650866764628,PRY
Comb. LSTM/AR(1) suave,combinacion,2019,2020,1,-0.819785390971916,4.059172088485635,4.878957479457551,PRY
Comb. RF/AR(1) umbral min,combinacion,2019,2020,1,-0.819785390971916,2.1627816786311596,2.9825670696030757,PRY
Ingenuo,referencia,2020,2021,1,3.99461510731535,-0.819785390971916,-4.814400498287266,PRY
Deriva,referencia,2020,2021,1,3.99461510731535,-0.9506340503821087,-4.945249157697459,PRY
AR(1),Box-Jenkins,2020,2021,1,3.99461510731535,1.8006441330753322,-2.1939709742400177,PRY
"ARMA(2,2)",Box-Jenkins,2020,2021,1,3.99461510731535,1.4836686580946745,-2.5109464492206754,PRY
"ARIMA(1,1,1)",Box-Jenkins,2020,2021,1,3.99461510731535,1.394961473154989,-2.5996536341603607,PRY
Ridge sobre rezagos,regularizado,2020,2021,1,3.99461510731535,1.0509263744176676,-2.9436887328976824,PRY
Random Forest,aprendizaje,2020,2021,1,3.99461510731535,1.1939475055658895,-2.8006676017494607,PRY
LSTM(16),red neuronal,2020,2021,1,3.99461510731535,2.4431442376913934,-1.5514708696239565,PRY
Comb. RF/AR(1) suave,combinacion,2020,2021,1,3.99461510731535,2.4038651930831083,-1.5907499142322417,PRY
Comb. RF/AR(1) dura,combinacion,2020,2021,1,3.99461510731535,2.4038651930831083,-1.5907499142322417,PRY
Comb. RF/ingenuo suave,combinacion,2020,2021,1,3.99461510731535,2.4038651930831083,-1.5907499142322417,PRY
Comb. LSTM/AR(1) suave,combinacion,2020,2021,1,3.99461510731535,2.4520196695013943,-1.5425954378139557,PRY
Comb. RF/AR(1) umbral min,combinacion,2020,2021,1,3.99461510731535,1.8006441330753322,-2.1939709742400177,PRY
Ingenuo,referencia,2021,2022,1,-0.0280771723899278,3.99461510731535,4.022692279705278,PRY
Deriva,referencia,2021,2022,1,-0.0280771723899278,3.946187267200115,3.974264439590043,PRY
AR(1),Box-Jenkins,2021,2022,1,-0.0280771723899278,4.250046317465435,4.278123489855362,PRY
"ARMA(2,2)",Box-Jenkins,2021,2022,1,-0.0280771723899278,3.9078751157368408,3.9359522881267686,PRY
"ARIMA(1,1,1)",Box-Jenkins,2021,2022,1,-0.0280771723899278,3.733452633709165,3.7615298060990927,PRY
Ridge sobre rezagos,regularizado,2021,2022,1,-0.0280771723899278,2.860254882403321,2.8883320547932487,PRY
Random Forest,aprendizaje,2021,2022,1,-0.0280771723899278,2.714968951641299,2.7430461240312267,PRY
LSTM(16),red neuronal,2021,2022,1,-0.0280771723899278,1.7707086337584212,1.798785806148349,PRY
Comb. RF/AR(1) suave,combinacion,2021,2022,1,-0.0280771723899278,2.041716064795322,2.06979323718525,PRY
Comb. RF/AR(1) dura,combinacion,2021,2022,1,-0.0280771723899278,2.041716064795322,2.06979323718525,PRY
Comb. RF/ingenuo suave,combinacion,2021,2022,1,-0.0280771723899278,2.041716064795322,2.06979323718525,PRY
Comb. LSTM/AR(1) suave,combinacion,2021,2022,1,-0.0280771723899278,2.364209339047644,2.3922865114375718,PRY
Comb. RF/AR(1) umbral min,combinacion,2021,2022,1,-0.0280771723899278,4.250046317465435,4.278123489855362,PRY
Ingenuo,referencia,2022,2023,1,5.28584584975323,-0.0280771723899278,-5.3139230221431575,PRY
Deriva,referencia,2022,2023,1,5.28584584975323,-0.14165688856401598,-5.427502738317246,PRY
AR(1),Box-Jenkins,2022,2023,1,5.28584584975323,2.2180886973955274,-3.0677571523577023,PRY
"ARMA(2,2)",Box-Jenkins,2022,2023,1,5.28584584975323,1.7793486666662297,-3.506497183087,PRY
"ARIMA(1,1,1)",Box-Jenkins,2022,2023,1,5.28584584975323,1.7027038248116473,-3.5831420249415826,PRY
Ridge sobre rezagos,regularizado,2022,2023,1,5.28584584975323,2.191640198270653,-3.094205651482577,PRY
Random Forest,aprendizaje,2022,2023,1,5.28584584975323,2.2156018215256523,-3.0702440282275774,PRY
LSTM(16),red neuronal,2022,2023,1,5.28584584975323,1.914516044949191,-3.3713298048040388,PRY
Comb. RF/AR(1) suave,combinacion,2022,2023,1,5.28584584975323,2.195540750832887,-3.090305098920343,PRY
Comb. RF/AR(1) dura,combinacion,2022,2023,1,5.28584584975323,2.195540750832887,-3.090305098920343,PRY
Comb. RF/ingenuo suave,combinacion,2022,2023,1,5.28584584975323,2.195540750832887,-3.090305098920343,PRY
Comb. LSTM/AR(1) suave,combinacion,2022,2023,1,5.28584584975323,1.0985150550494303,-4.187330794703799,PRY
Comb. RF/AR(1) umbral min,combinacion,2022,2023,1,5.28584584975323,2.2180886973955274,-3.0677571523577023,PRY
Ingenuo,referencia,2023,2024,1,4.66914577981763,5.28584584975323,0.6167000699355993,PRY
Deriva,referencia,2023,2024,1,4.66914577981763,5.259806500326194,0.5906607205085637,PRY
AR(1),Box-Jenkins,2023,2024,1,4.66914577981763,4.842986106570258,0.17384032675262784,PRY
"ARMA(2,2)",Box-Jenkins,2023,2024,1,4.66914577981763,4.869998576328497,0.2008527965108664,PRY
"ARIMA(1,1,1)",Box-Jenkins,2023,2024,1,4.66914577981763,4.215743857834205,-0.4534019219834251,PRY
Ridge sobre rezagos,regularizado,2023,2024,1,4.66914577981763,5.994409686952274,1.3252639071346435,PRY
Random Forest,aprendizaje,2023,2024,1,4.66914577981763,4.748351915146189,0.07920613532855825,PRY
LSTM(16),red neuronal,2023,2024,1,4.66914577981763,2.573547895965595,-2.0955978838520353,PRY
Comb. RF/AR(1) suave,combinacion,2023,2024,1,4.66914577981763,4.589186524532988,-0.07995925528464198,PRY
Comb. RF/AR(1) dura,combinacion,2023,2024,1,4.66914577981763,4.589186524532988,-0.07995925528464198,PRY
Comb. RF/ingenuo suave,combinacion,2023,2024,1,4.66914577981763,4.589186524532988,-0.07995925528464198,PRY
Comb. LSTM/AR(1) suave,combinacion,2023,2024,1,4.66914577981763,2.9173750458460743,-1.751770733971556,PRY
Comb. RF/AR(1) umbral min,combinacion,2023,2024,1,4.66914577981763,4.842986106570258,0.17384032675262784,PRY
Ingenuo,referencia,2024,2025,1,6.64262511156879,4.66914577981763,-1.97347933175116,PRY
Deriva,referencia,2024,2025,1,6.64262511156879,4.633730863398395,-2.008894248170395,PRY
AR(1),Box-Jenkins,2024,2025,1,6.64262511156879,4.550461125612811,-2.0921639859559793,PRY
"ARMA(2,2)",Box-Jenkins,2024,2025,1,6.64262511156879,5.380056458743837,-1.2625686528249531,PRY
"ARIMA(1,1,1)",Box-Jenkins,2024,2025,1,6.64262511156879,4.0084229038629084,-2.634202207705882,PRY
Ridge sobre rezagos,regularizado,2024,2025,1,6.64262511156879,4.447495942200297,-2.195129169368493,PRY
Random Forest,aprendizaje,2024,2025,1,6.64262511156879,3.9653946647043434,-2.677230446864447,PRY
LSTM(16),red neuronal,2024,2025,1,6.64262511156879,3.1246389111981636,-3.517986200370627,PRY
Comb. RF/AR(1) suave,combinacion,2024,2025,1,6.64262511156879,3.700508699840132,-2.9421164117286582,PRY
Comb. RF/AR(1) dura,combinacion,2024,2025,1,6.64262511156879,3.700508699840132,-2.9421164117286582,PRY
Comb. RF/ingenuo suave,combinacion,2024,2025,1,6.64262511156879,3.700508699840132,-2.9421164117286582,PRY
Comb. LSTM/AR(1) suave,combinacion,2024,2025,1,6.64262511156879,3.766692731709702,-2.8759323798590883,PRY
Comb. RF/AR(1) umbral min,combinacion,2024,2025,1,6.64262511156879,4.550461125612811,-2.0921639859559793,PRY
Ingenuo,referencia,1995,1996,1,0.811461899328009,4.73408140229732,3.9226195029693107,SLV
Deriva,referencia,1995,1996,1,0.811461899328009,4.650389804372388,3.838927905044379,SLV
AR(1),Box-Jenkins,1995,1996,1,0.811461899328009,3.6917469331962236,2.8802850338682147,SLV
"ARMA(2,2)",Box-Jenkins,1995,1996,1,0.811461899328009,2.7598954437058554,1.9484335443778464,SLV
"ARIMA(1,1,1)",Box-Jenkins,1995,1996,1,0.811461899328009,3.688049080946905,2.876587181618896,SLV
Ridge sobre rezagos,regularizado,1995,1996,1,0.811461899328009,1.9076478706274422,1.096185971299433,SLV
Random Forest,aprendizaje,1995,1996,1,0.811461899328009,2.210141783022004,1.3986798836939949,SLV
LSTM(16),red neuronal,1995,1996,1,0.811461899328009,,,SLV
Comb. RF/AR(1) suave,combinacion,1995,1996,1,0.811461899328009,0.2861287346747352,-0.5253331646532738,SLV
Comb. RF/AR(1) dura,combinacion,1995,1996,1,0.811461899328009,0.2861287346747352,-0.5253331646532738,SLV
Comb. RF/ingenuo suave,combinacion,1995,1996,1,0.811461899328009,0.2861287346747352,-0.5253331646532738,SLV
Comb. LSTM/AR(1) suave,combinacion,1995,1996,1,0.811461899328009,,,SLV
Comb. RF/AR(1) umbral min,combinacion,1995,1996,1,0.811461899328009,3.6917469331962236,2.8802850338682147,SLV
Ingenuo,referencia,1996,1997,1,3.13797006665828,0.811461899328009,-2.326508167330271,SLV
Deriva,referencia,1996,1997,1,3.13797006665828,0.5998060379015977,-2.5381640287566825,SLV
AR(1),Box-Jenkins,1996,1997,1,3.13797006665828,1.1641033353510124,-1.9738667313072675,SLV
"ARMA(2,2)",Box-Jenkins,1996,1997,1,3.13797006665828,1.264954573422331,-1.8730154932359488,SLV
"ARIMA(1,1,1)",Box-Jenkins,1996,1997,1,3.13797006665828,1.166224954442281,-1.971745112215999,SLV
Ridge sobre rezagos,regularizado,1996,1997,1,3.13797006665828,1.266999583644768,-1.8709704830135119,SLV
Random Forest,aprendizaje,1996,1997,1,3.13797006665828,2.937421652252794,-0.20054841440548588,SLV
LSTM(16),red neuronal,1996,1997,1,3.13797006665828,,,SLV
Comb. RF/AR(1) suave,combinacion,1996,1997,1,3.13797006665828,0.020290167892032595,-3.1176798987662475,SLV
Comb. RF/AR(1) dura,combinacion,1996,1997,1,3.13797006665828,0.020290167892032595,-3.1176798987662475,SLV
Comb. RF/ingenuo suave,combinacion,1996,1997,1,3.13797006665828,0.020290167892032595,-3.1176798987662475,SLV
Comb. LSTM/AR(1) suave,combinacion,1996,1997,1,3.13797006665828,,,SLV
Comb. RF/AR(1) umbral min,combinacion,1996,1997,1,3.13797006665828,1.1641033353510124,-1.9738667313072675,SLV
Ingenuo,referencia,1997,1998,1,2.65227730016461,3.13797006665828,0.4856927664936701,SLV
Deriva,referencia,1997,1998,1,2.65227730016461,3.0081904642240196,0.35591316405940976,SLV
AR(1),Box-Jenkins,1997,1998,1,2.65227730016461,2.650992690313827,-0.0012846098507828252,SLV
"ARMA(2,2)",Box-Jenkins,1997,1998,1,2.65227730016461,2.187172274376345,-0.46510502578826474,SLV
"ARIMA(1,1,1)",Box-Jenkins,1997,1998,1,2.65227730016461,2.6496582136147886,-0.002619086549821237,SLV
Ridge sobre rezagos,regularizado,1997,1998,1,2.65227730016461,1.0529553841404526,-1.5993219160241572,SLV
Random Forest,aprendizaje,1997,1998,1,2.65227730016461,1.1377780531867048,-1.514499246977905,SLV
LSTM(16),red neuronal,1997,1998,1,2.65227730016461,4.859157426776555,2.2068801266119453,SLV
Comb. RF/AR(1) suave,combinacion,1997,1998,1,2.65227730016461,-1.4059311528167229,-4.058208452981333,SLV
Comb. RF/AR(1) dura,combinacion,1997,1998,1,2.65227730016461,-1.4059311528167229,-4.058208452981333,SLV
Comb. RF/ingenuo suave,combinacion,1997,1998,1,2.65227730016461,-1.4059311528167229,-4.058208452981333,SLV
Comb. LSTM/AR(1) suave,combinacion,1997,1998,1,2.65227730016461,,,SLV
Comb. RF/AR(1) umbral min,combinacion,1997,1998,1,2.65227730016461,2.650992690313827,-0.0012846098507828252,SLV
Ingenuo,referencia,1998,1999,1,2.16203373722973,2.65227730016461,0.49024356293488003,SLV
Deriva,referencia,1998,1999,1,2.16203373722973,2.5113754113534927,0.34934167412376294,SLV
AR(1),Box-Jenkins,1998,1999,1,2.16203373722973,2.355121852184251,0.19308811495452138,SLV
"ARMA(2,2)",Box-Jenkins,1998,1999,1,2.16203373722973,3.1638673257021614,1.0018335884724316,SLV
"ARIMA(1,1,1)",Box-Jenkins,1998,1999,1,2.16203373722973,2.354539411981091,0.19250567475136116,SLV
Ridge sobre rezagos,regularizado,1998,1999,1,2.16203373722973,2.3015656018437287,0.1395318646139989,SLV
Random Forest,aprendizaje,1998,1999,1,2.16203373722973,2.0138300679888133,-0.14820366924091655,SLV
LSTM(16),red neuronal,1998,1999,1,2.16203373722973,1.746729285835962,-0.4153044513937678,SLV
Comb. RF/AR(1) suave,combinacion,1998,1999,1,2.16203373722973,1.046643081451089,-1.1153906557786408,SLV
Comb. RF/AR(1) dura,combinacion,1998,1999,1,2.16203373722973,1.046643081451089,-1.1153906557786408,SLV
Comb. RF/ingenuo suave,combinacion,1998,1999,1,2.16203373722973,1.046643081451089,-1.1153906557786408,SLV
Comb. LSTM/AR(1) suave,combinacion,1998,1999,1,2.16203373722973,,,SLV
Comb. RF/AR(1) umbral min,combinacion,1998,1999,1,2.16203373722973,2.355121852184251,0.19308811495452138,SLV
Ingenuo,referencia,1999,2000,1,1.12790697674419,2.16203373722973,1.0341267604855398,SLV
Deriva,referencia,1999,2000,1,1.12790697674419,2.010545737081529,0.8826387603373391,SLV
AR(1),Box-Jenkins,1999,2000,1,1.12790697674419,2.05059696525744,0.9226899885132498,SLV
"ARMA(2,2)",Box-Jenkins,1999,2000,1,1.12790697674419,1.9528148400634229,0.8249078633192328,SLV
"ARIMA(1,1,1)",Box-Jenkins,1999,2000,1,1.12790697674419,2.050747922928517,0.922840946184327,SLV
Ridge sobre rezagos,regularizado,1999,2000,1,1.12790697674419,1.2269754567863214,0.09906848004213131,SLV
Random Forest,aprendizaje,1999,2000,1,1.12790697674419,0.27127109303311425,-0.8566358837110758,SLV
LSTM(16),red neuronal,1999,2000,1,1.12790697674419,0.7006217183646786,-0.4272852583795115,SLV
Comb. RF/AR(1) suave,combinacion,1999,2000,1,1.12790697674419,-2.4560710505021617,-3.583978027246352,SLV
Comb. RF/AR(1) dura,combinacion,1999,2000,1,1.12790697674419,-2.4560710505021617,-3.583978027246352,SLV
Comb. RF/ingenuo suave,combinacion,1999,2000,1,1.12790697674419,-2.4560710505021617,-3.583978027246352,SLV
Comb. LSTM/AR(1) suave,combinacion,1999,2000,1,1.12790697674419,,,SLV
Comb. RF/AR(1) umbral min,combinacion,1999,2000,1,1.12790697674419,2.05059696525744,0.9226899885132498,SLV
Ingenuo,referencia,2000,2001,1,0.879613659882722,1.12790697674419,0.24829331686146805,SLV
Deriva,referencia,2000,2001,1,0.879613659882722,0.9504590130566559,0.07084535317393392,SLV
AR(1),Box-Jenkins,2000,2001,1,0.879613659882722,1.3933696518696137,0.5137559919868917,SLV
"ARMA(2,2)",Box-Jenkins,2000,2001,1,0.879613659882722,0.8193881763398169,-0.060225483542905134,SLV
"ARIMA(1,1,1)",Box-Jenkins,2000,2001,1,0.879613659882722,1.3950444789754215,0.5154308190926995,SLV
Ridge sobre rezagos,regularizado,2000,2001,1,0.879613659882722,-0.15812012588996804,-1.03773378577269,SLV
Random Forest,aprendizaje,2000,2001,1,0.879613659882722,1.5498822129103542,0.6702685530276322,SLV
LSTM(16),red neuronal,2000,2001,1,0.879613659882722,-2.14822786581032,-3.0278415256930424,SLV
Comb. RF/AR(1) suave,combinacion,2000,2001,1,0.879613659882722,-0.9359150363725176,-1.8155286962552397,SLV
Comb. RF/AR(1) dura,combinacion,2000,2001,1,0.879613659882722,-0.9359150363725176,-1.8155286962552397,SLV
Comb. RF/ingenuo suave,combinacion,2000,2001,1,0.879613659882722,-0.9359150363725176,-1.8155286962552397,SLV
Comb. LSTM/AR(1) suave,combinacion,2000,2001,1,0.879613659882722,,,SLV
Comb. RF/AR(1) umbral min,combinacion,2000,2001,1,0.879613659882722,0.9713374047467265,0.09172374486400448,SLV
Ingenuo,referencia,2001,2002,1,1.57291844759789,0.879613659882722,-0.6933047877151679,SLV
Deriva,referencia,2001,2002,1,1.57291844759789,0.7001415432473612,-0.8727769043505287,SLV
AR(1),Box-Jenkins,2001,2002,1,1.57291844759789,1.226293760676588,-0.3466246869213019,SLV
"ARMA(2,2)",Box-Jenkins,2001,2002,1,1.57291844759789,1.2805557423105134,-0.2923627052873765,SLV
"ARIMA(1,1,1)",Box-Jenkins,2001,2002,1,1.57291844759789,1.2282588784959039,-0.34465956910198603,SLV
Ridge sobre rezagos,regularizado,2001,2002,1,1.57291844759789,0.9797045482908848,-0.5932138993070051,SLV
Random Forest,aprendizaje,2001,2002,1,1.57291844759789,2.314154040902474,0.7412355933045842,SLV
LSTM(16),red neuronal,2001,2002,1,1.57291844759789,1.3086308581543622,-0.2642875894435277,SLV
Comb. RF/AR(1) suave,combinacion,2001,2002,1,1.57291844759789,1.0965294799069734,-0.47638896769091654,SLV
Comb. RF/AR(1) dura,combinacion,2001,2002,1,1.57291844759789,1.0965294799069734,-0.47638896769091654,SLV
Comb. RF/ingenuo suave,combinacion,2001,2002,1,1.57291844759789,1.0965294799069734,-0.47638896769091654,SLV
Comb. LSTM/AR(1) suave,combinacion,2001,2002,1,1.57291844759789,0.5959960259771586,-0.9769224216207313,SLV
Comb. RF/AR(1) umbral min,combinacion,2001,2002,1,1.57291844759789,1.2137278636091706,-0.3591905839887193,SLV
Ingenuo,referencia,2002,2003,1,1.56539303147618,1.57291844759789,0.007525416121709982,SLV
Deriva,referencia,2002,2003,1,1.56539303147618,1.417690133861155,-0.14770289761502498,SLV
AR(1),Box-Jenkins,2002,2003,1,1.56539303147618,1.6593249211812777,0.0939318897050978,SLV
"ARMA(2,2)",Box-Jenkins,2002,2003,1,1.56539303147618,2.202476844730966,0.637083813254786,SLV
"ARIMA(1,1,1)",Box-Jenkins,2002,2003,1,1.56539303147618,1.6602240235517416,0.09483099207556167,SLV
Ridge sobre rezagos,regularizado,2002,2003,1,1.56539303147618,1.438847309570982,-0.12654572190519797,SLV
Random Forest,aprendizaje,2002,2003,1,1.56539303147618,2.1571566973006955,0.5917636658245156,SLV
LSTM(16),red neuronal,2002,2003,1,1.56539303147618,1.792876876586354,0.22748384511017417,SLV
Comb. RF/AR(1) suave,combinacion,2002,2003,1,1.56539303147618,1.5672041523846543,0.0018111209084743507,SLV
Comb. RF/AR(1) dura,combinacion,2002,2003,1,1.56539303147618,1.5672041523846543,0.0018111209084743507,SLV
Comb. RF/ingenuo suave,combinacion,2002,2003,1,1.56539303147618,1.5672041523846543,0.0018111209084743507,SLV
Comb. LSTM/AR(1) suave,combinacion,2002,2003,1,1.56539303147618,1.1435154289596838,-0.4218776025164961,SLV
Comb. RF/AR(1) umbral min,combinacion,2002,2003,1,1.56539303147618,1.6521240176682066,0.08673098619202668,SLV
Ingenuo,referencia,2003,2004,1,0.889404485692197,1.56539303147618,0.6759885457839829,SLV
Deriva,referencia,2003,2004,1,0.889404485692197,1.4141566879452565,0.5247522022530595,SLV
AR(1),Box-Jenkins,2003,2004,1,0.889404485692197,1.6521496434878022,0.7627451577956053,SLV
"ARMA(2,2)",Box-Jenkins,2003,2004,1,0.889404485692197,1.905862338785435,1.016457853093238,SLV
"ARIMA(1,1,1)",Box-Jenkins,2003,2004,1,0.889404485692197,1.6530340645071306,0.7636295788149337,SLV
Ridge sobre rezagos,regularizado,2003,2004,1,0.889404485692197,1.7554328598150488,0.8660283741228518,SLV
Random Forest,aprendizaje,2003,2004,1,0.889404485692197,2.6311205016722194,1.7417160159800225,SLV
LSTM(16),red neuronal,2003,2004,1,0.889404485692197,1.6727278714314315,0.7833233857392345,SLV
Comb. RF/AR(1) suave,combinacion,2003,2004,1,0.889404485692197,1.8004590713180029,0.9110545856258059,SLV
Comb. RF/AR(1) dura,combinacion,2003,2004,1,0.889404485692197,1.8004590713180029,0.9110545856258059,SLV
Comb. RF/ingenuo suave,combinacion,2003,2004,1,0.889404485692197,1.8004590713180029,0.9110545856258059,SLV
Comb. LSTM/AR(1) suave,combinacion,2003,2004,1,0.889404485692197,1.1569333536752184,0.26752886798302145,SLV
Comb. RF/AR(1) umbral min,combinacion,2003,2004,1,0.889404485692197,1.6628355673581323,0.7734310816659353,SLV
Ingenuo,referencia,2004,2005,1,2.68083009363194,0.889404485692197,-1.7914256079397428,SLV
Deriva,referencia,2004,2005,1,2.68083009363194,0.7243588736809298,-1.95647121995101,SLV
AR(1),Box-Jenkins,2004,2005,1,2.68083009363194,1.2192053565264045,-1.4616247371055353,SLV
"ARMA(2,2)",Box-Jenkins,2004,2005,1,2.68083009363194,0.965149812788941,-1.715680280842999,SLV
"ARIMA(1,1,1)",Box-Jenkins,2004,2005,1,2.68083009363194,1.2210466016251078,-1.459783492006832,SLV
Ridge sobre rezagos,regularizado,2004,2005,1,2.68083009363194,0.8207275998843768,-1.860102493747563,SLV
Random Forest,aprendizaje,2004,2005,1,2.68083009363194,1.8303206861026415,-0.8505094075292983,SLV
LSTM(16),red neuronal,2004,2005,1,2.68083009363194,1.40452187998716,-1.2763082136447799,SLV
Comb. RF/AR(1) suave,combinacion,2004,2005,1,2.68083009363194,1.42299344414931,-1.2578366494826299,SLV
Comb. RF/AR(1) dura,combinacion,2004,2005,1,2.68083009363194,1.42299344414931,-1.2578366494826299,SLV
Comb. RF/ingenuo suave,combinacion,2004,2005,1,2.68083009363194,1.42299344414931,-1.2578366494826299,SLV
Comb. LSTM/AR(1) suave,combinacion,2004,2005,1,2.68083009363194,1.1226557484388813,-1.5581743451930585,SLV
Comb. RF/AR(1) umbral min,combinacion,2004,2005,1,2.68083009363194,1.4166539617056342,-1.2641761319263056,SLV
Ingenuo,referencia,2005,2006,1,4.3369986028604,2.68083009363194,-1.6561685092284604,SLV
Deriva,referencia,2005,2006,1,4.3369986028604,2.5659504103373654,-1.7710481925230348,SLV
AR(1),Box-Jenkins,2005,2006,1,4.3369986028604,2.348333920510772,-1.9886646823496283,SLV
"ARMA(2,2)",Box-Jenkins,2005,2006,1,4.3369986028604,2.3580899438303713,-1.9789086590300289,SLV
"ARIMA(1,1,1)",Box-Jenkins,2005,2006,1,4.3369986028604,2.3475307494846147,-1.9894678533757855,SLV
Ridge sobre rezagos,regularizado,2005,2006,1,4.3369986028604,2.0183746944765018,-2.3186239083838984,SLV
Random Forest,aprendizaje,2005,2006,1,4.3369986028604,2.113978150284006,-2.223020452576394,SLV
LSTM(16),red neuronal,2005,2006,1,4.3369986028604,1.5454476692440986,-2.7915509336163016,SLV
Comb. RF/AR(1) suave,combinacion,2005,2006,1,4.3369986028604,1.8796259273462783,-2.457372675514122,SLV
Comb. RF/AR(1) dura,combinacion,2005,2006,1,4.3369986028604,1.8796259273462783,-2.457372675514122,SLV
Comb. RF/ingenuo suave,combinacion,2005,2006,1,4.3369986028604,1.8796259273462783,-2.457372675514122,SLV
Comb. LSTM/AR(1) suave,combinacion,2005,2006,1,4.3369986028604,1.180342840608914,-3.156655762251486,SLV
Comb. RF/AR(1) umbral min,combinacion,2005,2006,1,4.3369986028604,1.8796259273462783,-2.457372675514122,SLV
Ingenuo,referencia,2006,2007,1,1.84760220587859,4.3369986028604,2.4893963969818103,SLV
Deriva,referencia,2006,2007,1,1.84760220587859,4.266395124378901,2.418792918500311,SLV
AR(1),Box-Jenkins,2006,2007,1,1.84760220587859,3.407705955334693,1.5601037494561032,SLV
"ARMA(2,2)",Box-Jenkins,2006,2007,1,1.84760220587859,4.281549355251883,2.433947149373293,SLV
"ARIMA(1,1,1)",Box-Jenkins,2006,2007,1,1.84760220587859,3.404539787595505,1.556937581716915,SLV
Ridge sobre rezagos,regularizado,2006,2007,1,1.84760220587859,3.762470881725507,1.914868675846917,SLV
Random Forest,aprendizaje,2006,2007,1,1.84760220587859,2.3592767812810695,0.5116745754024796,SLV
LSTM(16),red neuronal,2006,2007,1,1.84760220587859,3.5540582031453414,1.7064559972667515,SLV
Comb. RF/AR(1) suave,combinacion,2006,2007,1,1.84760220587859,2.181205257940468,0.333603052061878,SLV
Comb. RF/AR(1) dura,combinacion,2006,2007,1,1.84760220587859,2.181205257940468,0.333603052061878,SLV
Comb. RF/ingenuo suave,combinacion,2006,2007,1,1.84760220587859,2.181205257940468,0.333603052061878,SLV
Comb. LSTM/AR(1) suave,combinacion,2006,2007,1,1.84760220587859,3.9852254329039907,2.1376232270254008,SLV
Comb. RF/AR(1) umbral min,combinacion,2006,2007,1,1.84760220587859,2.3854099895080614,0.5378077836294715,SLV
Ingenuo,referencia,2007,2008,1,2.15440298282768,1.84760220587859,-0.3068007769490899,SLV
Deriva,referencia,2007,2008,1,2.15440298282768,1.7180037781653763,-0.43639920466230353,SLV
AR(1),Box-Jenkins,2007,2008,1,2.15440298282768,1.8549752025776107,-0.2994277802500691,SLV
"ARMA(2,2)",Box-Jenkins,2007,2008,1,2.15440298282768,1.8502497437269978,-0.30415323910068204,SLV
"ARIMA(1,1,1)",Box-Jenkins,2007,2008,1,2.15440298282768,1.85547765309411,-0.2989253297335699,SLV
Ridge sobre rezagos,regularizado,2007,2008,1,2.15440298282768,1.830876340161723,-0.3235266426659569,SLV
Random Forest,aprendizaje,2007,2008,1,2.15440298282768,3.459021556153748,1.304618573326068,SLV
LSTM(16),red neuronal,2007,2008,1,2.15440298282768,1.8430211216101509,-0.311381861217529,SLV
Comb. RF/AR(1) suave,combinacion,2007,2008,1,2.15440298282768,2.4008001644349832,0.2463971816073034,SLV
Comb. RF/AR(1) dura,combinacion,2007,2008,1,2.15440298282768,2.4008001644349832,0.2463971816073034,SLV
Comb. RF/ingenuo suave,combinacion,2007,2008,1,2.15440298282768,2.4008001644349832,0.2463971816073034,SLV
Comb. LSTM/AR(1) suave,combinacion,2007,2008,1,2.15440298282768,2.7970792647057756,0.6426762818780958,SLV
Comb. RF/AR(1) umbral min,combinacion,2007,2008,1,2.15440298282768,2.1005798253044774,-0.053823157523202436,SLV
Ingenuo,referencia,2008,2009,1,-2.10876837627522,2.15440298282768,4.2631713591029,SLV
Deriva,referencia,2008,2009,1,-2.10876837627522,2.0351950123683307,4.1439633886435505,SLV
AR(1),Box-Jenkins,2008,2009,1,-2.10876837627522,2.0475082965740303,4.15627667284925,SLV
"ARMA(2,2)",Box-Jenkins,2008,2009,1,-2.10876837627522,0.8499158709284318,2.9586842472036516,SLV
"ARIMA(1,1,1)",Box-Jenkins,2008,2009,1,-2.10876837627522,2.047554275858369,4.156322652133589,SLV
Ridge sobre rezagos,regularizado,2008,2009,1,-2.10876837627522,1.1239671468811352,3.232735523156355,SLV
Random Forest,aprendizaje,2008,2009,1,-2.10876837627522,2.8433074409534154,4.952075817228636,SLV
LSTM(16),red neuronal,2008,2009,1,-2.10876837627522,1.799593157996905,3.9083615342721245,SLV
Comb. RF/AR(1) suave,combinacion,2008,2009,1,-2.10876837627522,2.3856465693465636,4.4944149456217835,SLV
Comb. RF/AR(1) dura,combinacion,2008,2009,1,-2.10876837627522,2.3856465693465636,4.4944149456217835,SLV
Comb. RF/ingenuo suave,combinacion,2008,2009,1,-2.10876837627522,2.3856465693465636,4.4944149456217835,SLV
Comb. LSTM/AR(1) suave,combinacion,2008,2009,1,-2.10876837627522,2.717257245926462,4.826025622201682,SLV
Comb. RF/AR(1) umbral min,combinacion,2008,2009,1,-2.10876837627522,2.172898588445935,4.281666964721155,SLV
Ingenuo,referencia,2009,2010,1,2.15419536693635,-2.10876837627522,-4.26296374321157,SLV
Deriva,referencia,2009,2010,1,2.15419536693635,-2.3243475883309306,-4.47854295526728,SLV
AR(1),Box-Jenkins,2009,2010,1,2.15419536693635,-0.625538255678126,-2.7797336226144758,SLV
"ARMA(2,2)",Box-Jenkins,2009,2010,1,2.15419536693635,-0.26808933255794876,-2.4222846994942984,SLV
"ARIMA(1,1,1)",Box-Jenkins,2009,2010,1,2.15419536693635,-0.6193227733597082,-2.773518140296058,SLV
Ridge sobre rezagos,regularizado,2009,2010,1,2.15419536693635,-0.36653835273207225,-2.520733719668422,SLV
Random Forest,aprendizaje,2009,2010,1,2.15419536693635,-4.444869270967251,-6.5990646379036,SLV
LSTM(16),red neuronal,2009,2010,1,2.15419536693635,0.8993777905077067,-1.2548175764286431,SLV
Comb. RF/AR(1) suave,combinacion,2009,2010,1,2.15419536693635,-3.0991041674255597,-5.2532995343619096,SLV
Comb. RF/AR(1) dura,combinacion,2009,2010,1,2.15419536693635,-3.0991041674255597,-5.2532995343619096,SLV
Comb. RF/ingenuo suave,combinacion,2009,2010,1,2.15419536693635,-3.0991041674255597,-5.2532995343619096,SLV
Comb. LSTM/AR(1) suave,combinacion,2009,2010,1,2.15419536693635,-1.4457595260960785,-3.5999548930324283,SLV
Comb. RF/AR(1) umbral min,combinacion,2009,2010,1,2.15419536693635,-0.625538255678126,-2.7797336226144758,SLV
Ingenuo,referencia,2010,2011,1,3.80688113429295,2.15419536693635,-1.6526857673566,SLV
Deriva,referencia,2010,2011,1,3.80688113429295,2.0404012220458045,-1.7664799122471453,SLV
AR(1),Box-Jenkins,2010,2011,1,3.80688113429295,2.012796794581651,-1.7940843397112989,SLV
"ARMA(2,2)",Box-Jenkins,2010,2011,1,3.80688113429295,2.0152991729933123,-1.7915819612996375,SLV
"ARIMA(1,1,1)",Box-Jenkins,2010,2011,1,3.80688113429295,2.0127007986579573,-1.7941803356349926,SLV
Ridge sobre rezagos,regularizado,2010,2011,1,3.80688113429295,1.81759241527454,-1.9892887190184099,SLV
Random Forest,aprendizaje,2010,2011,1,3.80688113429295,2.226679242201685,-1.580201892091265,SLV
LSTM(16),red neuronal,2010,2011,1,3.80688113429295,1.491393074550557,-2.3154880597423926,SLV
Comb. RF/AR(1) suave,combinacion,2010,2011,1,3.80688113429295,2.3639394303473726,-1.4429417039455772,SLV
Comb. RF/AR(1) dura,combinacion,2010,2011,1,3.80688113429295,2.3639394303473726,-1.4429417039455772,SLV
Comb. RF/ingenuo suave,combinacion,2010,2011,1,3.80688113429295,2.3639394303473726,-1.4429417039455772,SLV
Comb. LSTM/AR(1) suave,combinacion,2010,2011,1,3.80688113429295,1.1584848369807594,-2.6483962973121904,SLV
Comb. RF/AR(1) umbral min,combinacion,2010,2011,1,3.80688113429295,2.012796794581651,-1.7940843397112989,SLV
Ingenuo,referencia,2011,2012,1,2.82262371802327,3.80688113429295,0.98425741626968,SLV
Deriva,referencia,2011,2012,1,2.82262371802327,3.732342098563452,0.9097183805401823,SLV
AR(1),Box-Jenkins,2011,2012,1,2.82262371802327,3.0246202220225067,0.20199650399923685,SLV
"ARMA(2,2)",Box-Jenkins,2011,2012,1,2.82262371802327,4.5442307859834,1.72160706796013,SLV
"ARIMA(1,1,1)",Box-Jenkins,2011,2012,1,2.82262371802327,3.0221360549326346,0.19951233690936476,SLV
Ridge sobre rezagos,regularizado,2011,2012,1,2.82262371802327,3.7437956076830843,0.9211718896598144,SLV
Random Forest,aprendizaje,2011,2012,1,2.82262371802327,1.593981434417642,-1.2286422836056279,SLV
LSTM(16),red neuronal,2011,2012,1,2.82262371802327,4.058132993176366,1.2355092751530958,SLV
Comb. RF/AR(1) suave,combinacion,2011,2012,1,2.82262371802327,2.191098447380605,-0.6315252706426646,SLV
Comb. RF/AR(1) dura,combinacion,2011,2012,1,2.82262371802327,2.191098447380605,-0.6315252706426646,SLV
Comb. RF/ingenuo suave,combinacion,2011,2012,1,2.82262371802327,2.191098447380605,-0.6315252706426646,SLV
Comb. LSTM/AR(1) suave,combinacion,2011,2012,1,2.82262371802327,1.2392954300268708,-1.583328287996399,SLV
Comb. RF/AR(1) umbral min,combinacion,2011,2012,1,2.82262371802327,3.0246202220225067,0.20199650399923685,SLV
Ingenuo,referencia,2012,2013,1,2.23562439198375,2.82262371802327,0.5869993260395199,SLV
Deriva,referencia,2012,2013,1,2.23562439198375,2.72830819576029,0.49268380377654,SLV
AR(1),Box-Jenkins,2012,2013,1,2.23562439198375,2.4410562423908013,0.20543185040705136,SLV
"ARMA(2,2)",Box-Jenkins,2012,2013,1,2.23562439198375,2.36505033102802,0.12942593904427024,SLV
"ARIMA(1,1,1)",Box-Jenkins,2012,2013,1,2.23562439198375,2.4400532614707315,0.20442886948698158,SLV
Ridge sobre rezagos,regularizado,2012,2013,1,2.23562439198375,2.434854107579744,0.1992297155959939,SLV
Random Forest,aprendizaje,2012,2013,1,2.23562439198375,2.999864182440022,0.7642397904562719,SLV
LSTM(16),red neuronal,2012,2013,1,2.23562439198375,1.6629914936915449,-0.5726328982922051,SLV
Comb. RF/AR(1) suave,combinacion,2012,2013,1,2.23562439198375,2.682392178816686,0.44676778683293605,SLV
Comb. RF/AR(1) dura,combinacion,2012,2013,1,2.23562439198375,2.682392178816686,0.44676778683293605,SLV
Comb. RF/ingenuo suave,combinacion,2012,2013,1,2.23562439198375,2.682392178816686,0.44676778683293605,SLV
Comb. LSTM/AR(1) suave,combinacion,2012,2013,1,2.23562439198375,1.313076533236659,-0.922547858747091,SLV
Comb. RF/AR(1) umbral min,combinacion,2012,2013,1,2.23562439198375,2.4410562423908013,0.20543185040705136,SLV
Ingenuo,referencia,2013,2014,1,1.70870628357073,2.23562439198375,0.5269181084130199,SLV
Deriva,referencia,2013,2014,1,1.70870628357073,2.1308262355978647,0.4221199520271346,SLV
AR(1),Box-Jenkins,2013,2014,1,1.70870628357073,2.09173171822009,0.3830254346493598,SLV
"ARMA(2,2)",Box-Jenkins,2013,2014,1,1.70870628357073,0.6700713614520362,-1.038634922118694,SLV
"ARIMA(1,1,1)",Box-Jenkins,2013,2014,1,1.70870628357073,2.0915965741132005,0.3828902905424705,SLV
Ridge sobre rezagos,regularizado,2013,2014,1,1.70870628357073,0.27843483669009417,-1.430271446880636,SLV
Random Forest,aprendizaje,2013,2014,1,1.70870628357073,1.2886418804194493,-0.4200644031512808,SLV
LSTM(16),red neuronal,2013,2014,1,1.70870628357073,0.4745106772761545,-1.2341956062945756,SLV
Comb. RF/AR(1) suave,combinacion,2013,2014,1,1.70870628357073,1.5625883053667726,-0.14611797820395744,SLV
Comb. RF/AR(1) dura,combinacion,2013,2014,1,1.70870628357073,1.5625883053667726,-0.14611797820395744,SLV
Comb. RF/ingenuo suave,combinacion,2013,2014,1,1.70870628357073,1.5625883053667726,-0.14611797820395744,SLV
Comb. LSTM/AR(1) suave,combinacion,2013,2014,1,1.70870628357073,1.3211980155995124,-0.3875082679712176,SLV
Comb. RF/AR(1) umbral min,combinacion,2013,2014,1,1.70870628357073,2.09173171822009,0.3830254346493598,SLV
Ingenuo,referencia,2014,2015,1,2.40000008852115,1.70870628357073,-0.6912938049504198,SLV
Deriva,referencia,2014,2015,1,2.40000008852115,1.595113961517613,-0.8048861270035368,SLV
AR(1),Box-Jenkins,2014,2015,1,2.40000008852115,1.7742470344337256,-0.6257530540874243,SLV
"ARMA(2,2)",Box-Jenkins,2014,2015,1,2.40000008852115,2.015269719306744,-0.38473036921440595,SLV
"ARIMA(1,1,1)",Box-Jenkins,2014,2015,1,2.40000008852115,1.7748728289377895,-0.6251272595833604,SLV
Ridge sobre rezagos,regularizado,2014,2015,1,2.40000008852115,2.0957161493254035,-0.30428393919574637,SLV
Random Forest,aprendizaje,2014,2015,1,2.40000008852115,2.210373743829589,-0.1896263446915607,SLV
LSTM(16),red neuronal,2014,2015,1,2.40000008852115,1.6378066123514912,-0.7621934761696587,SLV
Comb. RF/AR(1) suave,combinacion,2014,2015,1,2.40000008852115,2.05026839900532,-0.34973168951583,SLV
Comb. RF/AR(1) dura,combinacion,2014,2015,1,2.40000008852115,2.05026839900532,-0.34973168951583,SLV
Comb. RF/ingenuo suave,combinacion,2014,2015,1,2.40000008852115,2.05026839900532,-0.34973168951583,SLV
Comb. LSTM/AR(1) suave,combinacion,2014,2015,1,2.40000008852115,1.3209706864928767,-1.0790294020282731,SLV
Comb. RF/AR(1) umbral min,combinacion,2014,2015,1,2.40000008852115,1.7742470344337256,-0.6257530540874243,SLV
Ingenuo,referencia,2015,2016,1,2.53906241135864,2.40000008852115,-0.1390623228374901,SLV
Deriva,referencia,2015,2016,1,2.53906241135864,2.302834013957901,-0.2362283974007391,SLV
AR(1),Box-Jenkins,2015,2016,1,2.53906241135864,2.1929696251908486,-0.3460927861677914,SLV
"ARMA(2,2)",Box-Jenkins,2015,2016,1,2.53906241135864,2.995374748862825,0.4563123375041851,SLV
"ARIMA(1,1,1)",Box-Jenkins,2015,2016,1,2.53906241135864,2.192588746339092,-0.3464736650195479,SLV
Ridge sobre rezagos,regularizado,2015,2016,1,2.53906241135864,2.5826555470493577,0.043593135690717766,SLV
Random Forest,aprendizaje,2015,2016,1,2.53906241135864,2.374057583288096,-0.16500482807054384,SLV
LSTM(16),red neuronal,2015,2016,1,2.53906241135864,3.568070934631561,1.0290085232729211,SLV
Comb. RF/AR(1) suave,combinacion,2015,2016,1,2.53906241135864,2.066729142211402,-0.47233326914723817,SLV
Comb. RF/AR(1) dura,combinacion,2015,2016,1,2.53906241135864,2.066729142211402,-0.47233326914723817,SLV
Comb. RF/ingenuo suave,combinacion,2015,2016,1,2.53906241135864,2.066729142211402,-0.47233326914723817,SLV
Comb. LSTM/AR(1) suave,combinacion,2015,2016,1,2.53906241135864,2.9022637658481885,0.3632013544895485,SLV
Comb. RF/AR(1) umbral min,combinacion,2015,2016,1,2.53906241135864,2.1929696251908486,-0.3460927861677914,SLV
Ingenuo,referencia,2016,2017,1,2.24761908134138,2.53906241135864,0.29144333001725986,SLV
Deriva,referencia,2016,2017,1,2.24761908134138,2.4466209047434058,0.19900182340202566,SLV
AR(1),Box-Jenkins,2016,2017,1,2.24761908134138,2.2815723855921597,0.03395330425077958,SLV
"ARMA(2,2)",Box-Jenkins,2016,2017,1,2.24761908134138,2.1797795264110693,-0.0678395549303108,SLV
"ARIMA(1,1,1)",Box-Jenkins,2016,2017,1,2.24761908134138,2.280999460158767,0.03338037881738698,SLV
Ridge sobre rezagos,regularizado,2016,2017,1,2.24761908134138,2.359413683774414,0.11179460243303385,SLV
Random Forest,aprendizaje,2016,2017,1,2.24761908134138,1.9228091289291138,-0.3248099524122663,SLV
LSTM(16),red neuronal,2016,2017,1,2.24761908134138,1.6920546850978642,-0.555564396243516,SLV
Comb. RF/AR(1) suave,combinacion,2016,2017,1,2.24761908134138,2.1276183200123358,-0.12000076132904436,SLV
Comb. RF/AR(1) dura,combinacion,2016,2017,1,2.24761908134138,2.1276183200123358,-0.12000076132904436,SLV
Comb. RF/ingenuo suave,combinacion,2016,2017,1,2.24761908134138,2.1276183200123358,-0.12000076132904436,SLV
Comb. LSTM/AR(1) suave,combinacion,2016,2017,1,2.24761908134138,2.6383495438099818,0.39073046246860166,SLV
Comb. RF/AR(1) umbral min,combinacion,2016,2017,1,2.24761908134138,2.2815723855921597,0.03395330425077958,SLV
Ingenuo,referencia,2017,2018,1,2.4124442237792,2.24761908134138,-0.16482514243781976,SLV
Deriva,referencia,2017,2018,1,2.4124442237792,2.1512755781888515,-0.26116864559034836,SLV
AR(1),Box-Jenkins,2017,2018,1,2.4124442237792,2.1097889305966424,-0.30265529318255746,SLV
"ARMA(2,2)",Box-Jenkins,2017,2018,1,2.4124442237792,1.6495892592169596,-0.7628549645622402,SLV
"ARIMA(1,1,1)",Box-Jenkins,2017,2018,1,2.4124442237792,2.1096446149203936,-0.3027996088588063,SLV
Ridge sobre rezagos,regularizado,2017,2018,1,2.4124442237792,1.7238574868267265,-0.6885867369524734,SLV
Random Forest,aprendizaje,2017,2018,1,2.4124442237792,2.223254601088609,-0.18918962269059092,SLV
LSTM(16),red neuronal,2017,2018,1,2.4124442237792,2.2136895562038528,-0.1987546675753471,SLV
Comb. RF/AR(1) suave,combinacion,2017,2018,1,2.4124442237792,2.155912234304793,-0.2565319894744067,SLV
Comb. RF/AR(1) dura,combinacion,2017,2018,1,2.4124442237792,2.155912234304793,-0.2565319894744067,SLV
Comb. RF/ingenuo suave,combinacion,2017,2018,1,2.4124442237792,2.155912234304793,-0.2565319894744067,SLV
Comb. LSTM/AR(1) suave,combinacion,2017,2018,1,2.4124442237792,2.5090175291447707,0.09657330536557085,SLV
Comb. RF/AR(1) umbral min,combinacion,2017,2018,1,2.4124442237792,2.1097889305966424,-0.30265529318255746,SLV
Ingenuo,referencia,2018,2019,1,2.43747159065784,2.4124442237792,-0.025027366878640045,SLV
Deriva,referencia,2018,2019,1,2.43747159065784,2.3211231945803315,-0.11634839607750846,SLV
AR(1),Box-Jenkins,2018,2019,1,2.43747159065784,2.2123913292622386,-0.22508026139560133,SLV
"ARMA(2,2)",Box-Jenkins,2018,2019,1,2.43747159065784,2.33650101191619,-0.10097057874164994,SLV
"ARIMA(1,1,1)",Box-Jenkins,2018,2019,1,2.43747159065784,2.2120129136262774,-0.22545867703156253,SLV
Ridge sobre rezagos,regularizado,2018,2019,1,2.43747159065784,1.700103646040239,-0.7373679446176009,SLV
Random Forest,aprendizaje,2018,2019,1,2.43747159065784,2.0927780198604626,-0.3446935707973773,SLV
LSTM(16),red neuronal,2018,2019,1,2.43747159065784,2.613646007510346,0.1761744168525059,SLV
Comb. RF/AR(1) suave,combinacion,2018,2019,1,2.43747159065784,2.511898341583395,0.07442675092555495,SLV
Comb. RF/AR(1) dura,combinacion,2018,2019,1,2.43747159065784,2.511898341583395,0.07442675092555495,SLV
Comb. RF/ingenuo suave,combinacion,2018,2019,1,2.43747159065784,2.511898341583395,0.07442675092555495,SLV
Comb. LSTM/AR(1) suave,combinacion,2018,2019,1,2.43747159065784,2.588449652676617,0.15097806201877706,SLV
Comb. RF/AR(1) umbral min,combinacion,2018,2019,1,2.43747159065784,2.511898341583395,0.07442675092555495,SLV
Ingenuo,referencia,2019,2020,1,-7.893101359867,2.43747159065784,10.33057295052484,SLV
Deriva,referencia,2019,2020,1,-7.893101359867,2.348345814215151,10.24144717408215,SLV
AR(1),Box-Jenkins,2019,2020,1,-7.893101359867,2.2313561054103572,10.124457465277358,SLV
"ARMA(2,2)",Box-Jenkins,2019,2020,1,-7.893101359867,2.564218012096765,10.457319371963765,SLV
"ARIMA(1,1,1)",Box-Jenkins,2019,2020,1,-7.893101359867,2.2309484451054735,10.124049804972474,SLV
Ridge sobre rezagos,regularizado,2019,2020,1,-7.893101359867,2.167123363030251,10.060224722897251,SLV
Random Forest,aprendizaje,2019,2020,1,-7.893101359867,2.395028832066756,10.288130191933757,SLV
LSTM(16),red neuronal,2019,2020,1,-7.893101359867,2.7178753302812115,10.610976690148211,SLV
Comb. RF/AR(1) suave,combinacion,2019,2020,1,-7.893101359867,2.771961570722874,10.665062930589874,SLV
Comb. RF/AR(1) dura,combinacion,2019,2020,1,-7.893101359867,2.771961570722874,10.665062930589874,SLV
Comb. RF/ingenuo suave,combinacion,2019,2020,1,-7.893101359867,2.771961570722874,10.665062930589874,SLV
Comb. LSTM/AR(1) suave,combinacion,2019,2020,1,-7.893101359867,2.1725060107988083,10.06560737066581,SLV
Comb. RF/AR(1) umbral min,combinacion,2019,2020,1,-7.893101359867,2.771961570722874,10.665062930589874,SLV
Ingenuo,referencia,2020,2021,1,11.9047617015957,-7.893101359867,-19.7978630614627,SLV
Deriva,referencia,2020,2021,1,11.9047617015957,-8.171883565459359,-20.076645267055056,SLV
AR(1),Box-Jenkins,2020,2021,1,11.9047617015957,-3.983037362245957,-15.887799063841657,SLV
"ARMA(2,2)",Box-Jenkins,2020,2021,1,11.9047617015957,-4.538962848355368,-16.443724549951067,SLV
"ARIMA(1,1,1)",Box-Jenkins,2020,2021,1,11.9047617015957,-3.968484381444073,-15.873246083039772,SLV
Ridge sobre rezagos,regularizado,2020,2021,1,11.9047617015957,-4.063699263578148,-15.968460965173847,SLV
Random Forest,aprendizaje,2020,2021,1,11.9047617015957,-4.260940022648617,-16.165701724244315,SLV
LSTM(16),red neuronal,2020,2021,1,11.9047617015957,1.2315550700304643,-10.673206631565236,SLV
Comb. RF/AR(1) suave,combinacion,2020,2021,1,11.9047617015957,-2.8407485595848794,-14.745510261180579,SLV
Comb. RF/AR(1) dura,combinacion,2020,2021,1,11.9047617015957,-3.983037362245957,-15.887799063841657,SLV
Comb. RF/ingenuo suave,combinacion,2020,2021,1,11.9047617015957,-3.001732994309824,-14.906494695905524,SLV
Comb. LSTM/AR(1) suave,combinacion,2020,2021,1,11.9047617015957,0.9082149138034834,-10.996546787792216,SLV
Comb. RF/AR(1) umbral min,combinacion,2020,2021,1,11.9047617015957,-3.983037362245957,-15.887799063841657,SLV
Ingenuo,referencia,2021,2022,1,2.9546041089332,11.9047617015957,8.9501575926625,SLV
Deriva,referencia,2021,2022,1,2.9546041089332,11.991009409949797,9.036405301016597,SLV
AR(1),Box-Jenkins,2021,2022,1,2.9546041089332,5.9421460574088725,2.9875419484756724,SLV
"ARMA(2,2)",Box-Jenkins,2021,2022,1,2.9546041089332,1.5842633241765824,-1.3703407847566176,SLV
"ARIMA(1,1,1)",Box-Jenkins,2021,2022,1,2.9546041089332,5.926027674005061,2.971423565071861,SLV
Ridge sobre rezagos,regularizado,2021,2022,1,2.9546041089332,1.2163973154470868,-1.7382067934861132,SLV
Random Forest,aprendizaje,2021,2022,1,2.9546041089332,3.2848386071335685,0.33023449820036843,SLV
LSTM(16),red neuronal,2021,2022,1,2.9546041089332,1.6413755216592087,-1.3132285872739913,SLV
Comb. RF/AR(1) suave,combinacion,2021,2022,1,2.9546041089332,5.7749376209174885,2.8203335119842885,SLV
Comb. RF/AR(1) dura,combinacion,2021,2022,1,2.9546041089332,5.9421460574088725,2.9875419484756724,SLV
Comb. RF/ingenuo suave,combinacion,2021,2022,1,2.9546041089332,11.416481918761555,8.461877809828355,SLV
Comb. LSTM/AR(1) suave,combinacion,2021,2022,1,2.9546041089332,5.700922359247647,2.746318250314447,SLV
Comb. RF/AR(1) umbral min,combinacion,2021,2022,1,2.9546041089332,5.9421460574088725,2.9875419484756724,SLV
Ingenuo,referencia,2022,2023,1,3.35508721646165,2.9546041089332,-0.40048310752845007,SLV
Deriva,referencia,2022,2023,1,3.35508721646165,2.879487436912001,-0.47559977954964916,SLV
AR(1),Box-Jenkins,2022,2023,1,3.35508721646165,2.365993372654721,-0.9890938438069292,SLV
"ARMA(2,2)",Box-Jenkins,2022,2023,1,3.35508721646165,8.04054810316194,4.685460886700291,SLV
"ARIMA(1,1,1)",Box-Jenkins,2022,2023,1,3.35508721646165,2.3647969688338373,-0.9902902476278128,SLV
Ridge sobre rezagos,regularizado,2022,2023,1,3.35508721646165,6.968310063691394,3.613222847229744,SLV
Random Forest,aprendizaje,2022,2023,1,3.35508721646165,2.7990781992648137,-0.5560090171968364,SLV
LSTM(16),red neuronal,2022,2023,1,3.35508721646165,1.5922083695290241,-1.762878846932626,SLV
Comb. RF/AR(1) suave,combinacion,2022,2023,1,3.35508721646165,2.2635651743522813,-1.0915220421093688,SLV
Comb. RF/AR(1) dura,combinacion,2022,2023,1,3.35508721646165,2.365993372654721,-0.9890938438069292,SLV
Comb. RF/ingenuo suave,combinacion,2022,2023,1,3.35508721646165,2.744991756730257,-0.6100954597313932,SLV
Comb. LSTM/AR(1) suave,combinacion,2022,2023,1,3.35508721646165,2.1887044454731215,-1.1663827709885286,SLV
Comb. RF/AR(1) umbral min,combinacion,2022,2023,1,3.35508721646165,2.365993372654721,-0.9890938438069292,SLV
Ingenuo,referencia,2023,2024,1,2.5904637107794,3.35508721646165,0.7646235056822501,SLV
Deriva,referencia,2023,2024,1,2.5904637107794,3.2883144002220237,0.6978506894426237,SLV
AR(1),Box-Jenkins,2023,2024,1,2.5904637107794,2.5280403364967228,-0.06242337428267719,SLV
"ARMA(2,2)",Box-Jenkins,2023,2024,1,2.5904637107794,1.6256431863181853,-0.9648205244612147,SLV
"ARIMA(1,1,1)",Box-Jenkins,2023,2024,1,2.5904637107794,2.526259280246874,-0.06420443053252578,SLV
Ridge sobre rezagos,regularizado,2023,2024,1,2.5904637107794,2.5750380865026736,-0.015425624276726335,SLV
Random Forest,aprendizaje,2023,2024,1,2.5904637107794,-1.206790830570368,-3.7972545413497683,SLV
LSTM(16),red neuronal,2023,2024,1,2.5904637107794,1.6323069139569104,-0.9581567968224896,SLV
Comb. RF/AR(1) suave,combinacion,2023,2024,1,2.5904637107794,1.275715062981786,-1.314748647797614,SLV
Comb. RF/AR(1) dura,combinacion,2023,2024,1,2.5904637107794,2.5280403364967228,-0.06242337428267719,SLV
Comb. RF/ingenuo suave,combinacion,2023,2024,1,2.5904637107794,1.857817777788053,-0.7326459329913471,SLV
Comb. LSTM/AR(1) suave,combinacion,2023,2024,1,2.5904637107794,2.203002308785446,-0.3874614019939542,SLV
Comb. RF/AR(1) umbral min,combinacion,2023,2024,1,2.5904637107794,2.5280403364967228,-0.06242337428267719,SLV
Ingenuo,referencia,2024,2025,1,3.90594189242583,2.5904637107794,-1.31547818164643,SLV
Deriva,referencia,2024,2025,1,3.90594189242583,2.5116589861011076,-1.3942829063247224,SLV
AR(1),Box-Jenkins,2024,2025,1,3.90594189242583,2.2541723834190415,-1.6517695090067885,SLV
"ARMA(2,2)",Box-Jenkins,2024,2025,1,3.90594189242583,0.7997003483199876,-3.1062415441058424,SLV
"ARIMA(1,1,1)",Box-Jenkins,2024,2025,1,3.90594189242583,2.2535698340616745,-1.6523720583641555,SLV
Ridge sobre rezagos,regularizado,2024,2025,1,3.90594189242583,-1.5472538659733017,-5.453195758399132,SLV
Random Forest,aprendizaje,2024,2025,1,3.90594189242583,1.4492946876665198,-2.45664720475931,SLV
LSTM(16),red neuronal,2024,2025,1,3.90594189242583,1.6350848581926756,-2.2708570342331544,SLV
Comb. RF/AR(1) suave,combinacion,2024,2025,1,3.90594189242583,1.7733792166836373,-2.132562675742193,SLV
Comb. RF/AR(1) dura,combinacion,2024,2025,1,3.90594189242583,2.2541723834190415,-1.6517695090067885,SLV
Comb. RF/ingenuo suave,combinacion,2024,2025,1,3.90594189242583,1.9728678251636589,-1.9330740672621711,SLV
Comb. LSTM/AR(1) suave,combinacion,2024,2025,1,3.90594189242583,1.9171763920308629,-1.9887655003949671,SLV
Comb. RF/AR(1) umbral min,combinacion,2024,2025,1,3.90594189242583,2.2541723834190415,-1.6517695090067885,SLV
Ingenuo,referencia,1990,1991,1,3.53880850451309,0.297348378681562,-3.241460125831528,URY
Deriva,referencia,1990,1991,1,3.53880850451309,0.22163494628931102,-3.3171735582237787,URY
AR(1),Box-Jenkins,1990,1991,1,3.53880850451309,0.8575086631913715,-2.681299841321718,URY
"ARMA(2,2)",Box-Jenkins,1990,1991,1,3.53880850451309,0.6429656053494368,-2.895842899163653,URY
"ARIMA(1,1,1)",Box-Jenkins,1990,1991,1,3.53880850451309,0.5011112447387369,-3.037697259774353,URY
Ridge sobre rezagos,regularizado,1990,1991,1,3.53880850451309,0.3230718186181516,-3.2157366858949383,URY
Random Forest,aprendizaje,1990,1991,1,3.53880850451309,0.21619718252622222,-3.3226113219868676,URY
LSTM(16),red neuronal,1990,1991,1,3.53880850451309,,,URY
Comb. RF/AR(1) suave,combinacion,1990,1991,1,3.53880850451309,1.7587123611683066,-1.7800961433447833,URY
Comb. RF/AR(1) dura,combinacion,1990,1991,1,3.53880850451309,1.7587123611683066,-1.7800961433447833,URY
Comb. RF/ingenuo suave,combinacion,1990,1991,1,3.53880850451309,1.7587123611683066,-1.7800961433447833,URY
Comb. LSTM/AR(1) suave,combinacion,1990,1991,1,3.53880850451309,,,URY
Comb. RF/AR(1) umbral min,combinacion,1990,1991,1,3.53880850451309,0.8575086631913715,-2.681299841321718,URY
Ingenuo,referencia,1991,1992,1,7.93158841395443,3.53880850451309,-4.392779909441341,URY
Deriva,referencia,1991,1992,1,7.93158841395443,3.573667524061632,-4.357920889892799,URY
AR(1),Box-Jenkins,1991,1992,1,7.93158841395443,2.5684137755218606,-5.36317463843257,URY
"ARMA(2,2)",Box-Jenkins,1991,1992,1,7.93158841395443,2.7395507808077433,-5.192037633146687,URY
"ARIMA(1,1,1)",Box-Jenkins,1991,1992,1,7.93158841395443,2.5978708586371573,-5.333717555317273,URY
Ridge sobre rezagos,regularizado,1991,1992,1,7.93158841395443,4.42558997155626,-3.5059984423981705,URY
Random Forest,aprendizaje,1991,1992,1,7.93158841395443,4.159571648434789,-3.7720167655196413,URY
LSTM(16),red neuronal,1991,1992,1,7.93158841395443,,,URY
Comb. RF/AR(1) suave,combinacion,1991,1992,1,7.93158841395443,1.714401707444965,-6.217186706509466,URY
Comb. RF/AR(1) dura,combinacion,1991,1992,1,7.93158841395443,1.714401707444965,-6.217186706509466,URY
Comb. RF/ingenuo suave,combinacion,1991,1992,1,7.93158841395443,1.714401707444965,-6.217186706509466,URY
Comb. LSTM/AR(1) suave,combinacion,1991,1992,1,7.93158841395443,,,URY
Comb. RF/AR(1) umbral min,combinacion,1991,1992,1,7.93158841395443,2.5684137755218606,-5.36317463843257,URY
Ingenuo,referencia,1992,1993,1,2.65754610698545,7.93158841395443,5.274042306968981,URY
Deriva,referencia,1992,1993,1,2.65754610698545,8.10702552672532,5.44947941973987,URY
AR(1),Box-Jenkins,1992,1993,1,2.65754610698545,5.051711093532916,2.394164986547466,URY
"ARMA(2,2)",Box-Jenkins,1992,1993,1,2.65754610698545,5.173465002813776,2.5159188958283263,URY
"ARIMA(1,1,1)",Box-Jenkins,1992,1993,1,2.65754610698545,8.565285535157521,5.907739428172071,URY
Ridge sobre rezagos,regularizado,1992,1993,1,2.65754610698545,2.747596170494191,0.09005006350874112,URY
Random Forest,aprendizaje,1992,1993,1,2.65754610698545,3.0511375990750405,0.39359149208959066,URY
LSTM(16),red neuronal,1992,1993,1,2.65754610698545,-1.2513844133515766,-3.9089305203370266,URY
Comb. RF/AR(1) suave,combinacion,1992,1993,1,2.65754610698545,-0.08784857769625845,-2.7453946846817083,URY
Comb. RF/AR(1) dura,combinacion,1992,1993,1,2.65754610698545,-0.08784857769625845,-2.7453946846817083,URY
Comb. RF/ingenuo suave,combinacion,1992,1993,1,2.65754610698545,-0.08784857769625845,-2.7453946846817083,URY
Comb. LSTM/AR(1) suave,combinacion,1992,1993,1,2.65754610698545,,,URY
Comb. RF/AR(1) umbral min,combinacion,1992,1993,1,2.65754610698545,5.051711093532916,2.394164986547466,URY
Ingenuo,referencia,1993,1994,1,7.28134264410127,2.65754610698545,-4.62379653711582,URY
Deriva,referencia,1993,1994,1,7.28134264410127,2.662686987889469,-4.618655656211801,URY
AR(1),Box-Jenkins,1993,1994,1,7.28134264410127,2.226420690589769,-5.054921953511501,URY
"ARMA(2,2)",Box-Jenkins,1993,1994,1,7.28134264410127,2.844506171572306,-4.436836472528963,URY
"ARIMA(1,1,1)",Box-Jenkins,1993,1994,1,7.28134264410127,2.238012936068934,-5.043329708032336,URY
Ridge sobre rezagos,regularizado,1993,1994,1,7.28134264410127,-2.782768493044708,-10.064111137145979,URY
Random Forest,aprendizaje,1993,1994,1,7.28134264410127,-0.549515970018843,-7.830858614120112,URY
LSTM(16),red neuronal,1993,1994,1,7.28134264410127,-7.753905641002226,-15.035248285103496,URY
Comb. RF/AR(1) suave,combinacion,1993,1994,1,7.28134264410127,-1.547897346762293,-8.829239990863563,URY
Comb. RF/AR(1) dura,combinacion,1993,1994,1,7.28134264410127,-1.547897346762293,-8.829239990863563,URY
Comb. RF/ingenuo suave,combinacion,1993,1994,1,7.28134264410127,-1.547897346762293,-8.829239990863563,URY
Comb. LSTM/AR(1) suave,combinacion,1993,1994,1,7.28134264410127,,,URY
Comb. RF/AR(1) umbral min,combinacion,1993,1994,1,7.28134264410127,2.226420690589769,-5.054921953511501,URY
Ingenuo,referencia,1994,1995,1,-1.44759896894408,7.28134264410127,8.72894161304535,URY
Deriva,referencia,1994,1995,1,-1.44759896894408,7.426442787314738,8.874041756258817,URY
AR(1),Box-Jenkins,1994,1995,1,-1.44759896894408,4.693034708051196,6.140633676995276,URY
"ARMA(2,2)",Box-Jenkins,1994,1995,1,-1.44759896894408,2.836396991111486,4.283995960055566,URY
"ARIMA(1,1,1)",Box-Jenkins,1994,1995,1,-1.44759896894408,4.767225728949988,6.214824697894068,URY
Ridge sobre rezagos,regularizado,1994,1995,1,-1.44759896894408,4.66425751580727,6.11185648475135,URY
Random Forest,aprendizaje,1994,1995,1,-1.44759896894408,0.6724174376286839,2.120016406572764,URY
LSTM(16),red neuronal,1994,1995,1,-1.44759896894408,2.4985425012243074,3.9461414701683877,URY
Comb. RF/AR(1) suave,combinacion,1994,1995,1,-1.44759896894408,-0.46648429939336794,0.981114669550712,URY
Comb. RF/AR(1) dura,combinacion,1994,1995,1,-1.44759896894408,-0.46648429939336794,0.981114669550712,URY
Comb. RF/ingenuo suave,combinacion,1994,1995,1,-1.44759896894408,-0.46648429939336794,0.981114669550712,URY
Comb. LSTM/AR(1) suave,combinacion,1994,1995,1,-1.44759896894408,,,URY
Comb. RF/AR(1) umbral min,combinacion,1994,1995,1,-1.44759896894408,4.693034708051196,6.140633676995276,URY
Ingenuo,referencia,1995,1996,1,5.57795776385868,-1.44759896894408,-7.02555673280276,URY
Deriva,referencia,1995,1996,1,5.57795776385868,-1.5635000538558719,-7.141457817714552,URY
AR(1),Box-Jenkins,1995,1996,1,5.57795776385868,0.3422010222761487,-5.235756741582531,URY
"ARMA(2,2)",Box-Jenkins,1995,1996,1,5.57795776385868,0.030729741999047322,-5.547228021859633,URY
"ARIMA(1,1,1)",Box-Jenkins,1995,1996,1,5.57795776385868,0.3004060408219811,-5.277551723036699,URY
Ridge sobre rezagos,regularizado,1995,1996,1,5.57795776385868,-3.613412363431866,-9.191370127290545,URY
Random Forest,aprendizaje,1995,1996,1,5.57795776385868,-0.12920428047431423,-5.7071620443329945,URY
LSTM(16),red neuronal,1995,1996,1,5.57795776385868,1.7848715755217535,-3.7930861883369262,URY
Comb. RF/AR(1) suave,combinacion,1995,1996,1,5.57795776385868,0.5850850194852093,-4.992872744373471,URY
Comb. RF/AR(1) dura,combinacion,1995,1996,1,5.57795776385868,0.5850850194852093,-4.992872744373471,URY
Comb. RF/ingenuo suave,combinacion,1995,1996,1,5.57795776385868,0.5850850194852093,-4.992872744373471,URY
Comb. LSTM/AR(1) suave,combinacion,1995,1996,1,5.57795776385868,,,URY
Comb. RF/AR(1) umbral min,combinacion,1995,1996,1,5.57795776385868,0.3422010222761487,-5.235756741582531,URY
Ingenuo,referencia,1996,1997,1,8.54768320111596,5.57795776385868,-2.9697254372572806,URY
Deriva,referencia,1996,1997,1,8.54768320111596,5.6660983308815895,-2.881584870234371,URY
AR(1),Box-Jenkins,1996,1997,1,8.54768320111596,3.5127020610292528,-5.034981140086708,URY
"ARMA(2,2)",Box-Jenkins,1996,1997,1,8.54768320111596,2.5376076022193854,-6.0100755988965755,URY
"ARIMA(1,1,1)",Box-Jenkins,1996,1997,1,8.54768320111596,3.5553629077303963,-4.992320293385564,URY
Ridge sobre rezagos,regularizado,1996,1997,1,8.54768320111596,3.825170983430053,-4.722512217685908,URY
Random Forest,aprendizaje,1996,1997,1,8.54768320111596,0.24112542741707993,-8.30655777369888,URY
LSTM(16),red neuronal,1996,1997,1,8.54768320111596,2.3714404326012435,-6.176242768514717,URY
Comb. RF/AR(1) suave,combinacion,1996,1997,1,8.54768320111596,0.1795394911345093,-8.368143709981451,URY
Comb. RF/AR(1) dura,combinacion,1996,1997,1,8.54768320111596,0.1795394911345093,-8.368143709981451,URY
Comb. RF/ingenuo suave,combinacion,1996,1997,1,8.54768320111596,0.1795394911345093,-8.368143709981451,URY
Comb. LSTM/AR(1) suave,combinacion,1996,1997,1,8.54768320111596,2.747982738207806,-5.799700462908154,URY
Comb. RF/AR(1) umbral min,combinacion,1996,1997,1,8.54768320111596,3.5127020610292528,-5.034981140086708,URY
Ingenuo,referencia,1997,1998,1,4.51889009679091,8.54768320111596,4.02879310432505,URY
Deriva,referencia,1997,1998,1,4.51889009679091,8.715867792312046,4.196977695521136,URY
AR(1),Box-Jenkins,1997,1998,1,4.51889009679091,5.078503689712546,0.5596135929216359,URY
"ARMA(2,2)",Box-Jenkins,1997,1998,1,4.51889009679091,8.013890219971746,3.4950001231808354,URY
"ARIMA(1,1,1)",Box-Jenkins,1997,1998,1,4.51889009679091,5.155221487415951,0.636331390625041,URY
Ridge sobre rezagos,regularizado,1997,1998,1,4.51889009679091,3.530152004549967,-0.9887380922409434,URY
Random Forest,aprendizaje,1997,1998,1,4.51889009679091,1.4305559263532999,-3.0883341704376104,URY
LSTM(16),red neuronal,1997,1998,1,4.51889009679091,2.8813135052302163,-1.637576591560694,URY
Comb. RF/AR(1) suave,combinacion,1997,1998,1,4.51889009679091,2.95745094526267,-1.5614391515282402,URY
Comb. RF/AR(1) dura,combinacion,1997,1998,1,4.51889009679091,2.95745094526267,-1.5614391515282402,URY
Comb. RF/ingenuo suave,combinacion,1997,1998,1,4.51889009679091,2.95745094526267,-1.5614391515282402,URY
Comb. LSTM/AR(1) suave,combinacion,1997,1998,1,4.51889009679091,3.130467508693547,-1.388422588097363,URY
Comb. RF/AR(1) umbral min,combinacion,1997,1998,1,4.51889009679091,5.078503689712546,0.5596135929216359,URY
Ingenuo,referencia,1998,1999,1,-1.52094591992036,4.51889009679091,6.03983601671127,URY
Deriva,referencia,1998,1999,1,-1.52094591992036,4.573642858378317,6.094588778298677,URY
AR(1),Box-Jenkins,1998,1999,1,-1.52094591992036,3.2567494078661134,4.777695327786473,URY
"ARMA(2,2)",Box-Jenkins,1998,1999,1,-1.52094591992036,4.328464036504271,5.849409956424632,URY
"ARIMA(1,1,1)",Box-Jenkins,1998,1999,1,-1.52094591992036,3.282365322145921,4.803311242066281,URY
Ridge sobre rezagos,regularizado,1998,1999,1,-1.52094591992036,3.9068002153752506,5.42774613529561,URY
Random Forest,aprendizaje,1998,1999,1,-1.52094591992036,1.3748934457501518,2.895839365670512,URY
LSTM(16),red neuronal,1998,1999,1,-1.52094591992036,2.662123448994704,4.1830693689150635,URY
Comb. RF/AR(1) suave,combinacion,1998,1999,1,-1.52094591992036,3.045608978765226,4.566554898685586,URY
Comb. RF/AR(1) dura,combinacion,1998,1999,1,-1.52094591992036,3.045608978765226,4.566554898685586,URY
Comb. RF/ingenuo suave,combinacion,1998,1999,1,-1.52094591992036,3.045608978765226,4.566554898685586,URY
Comb. LSTM/AR(1) suave,combinacion,1998,1999,1,-1.52094591992036,3.164991166955745,4.685937086876105,URY
Comb. RF/AR(1) umbral min,combinacion,1998,1999,1,-1.52094591992036,3.2567494078661134,4.777695327786473,URY
Ingenuo,referencia,1999,2000,1,-1.92993063549235,-1.52094591992036,0.4089847155719899,URY
Deriva,referencia,1999,2000,1,-1.92993063549235,-1.626577073551339,0.30335356194101104,URY
AR(1),Box-Jenkins,1999,2000,1,-1.92993063549235,0.5346157446282478,2.4645463801205976,URY
"ARMA(2,2)",Box-Jenkins,1999,2000,1,-1.92993063549235,-3.4216805363129343,-1.4917499008205843,URY
"ARIMA(1,1,1)",Box-Jenkins,1999,2000,1,-1.92993063549235,0.4948507260615136,2.4247813615538636,URY
Ridge sobre rezagos,regularizado,1999,2000,1,-1.92993063549235,-3.8415744611242495,-1.9116438256318995,URY
Random Forest,aprendizaje,1999,2000,1,-1.92993063549235,-2.6902594519859835,-0.7603288164936335,URY
LSTM(16),red neuronal,1999,2000,1,-1.92993063549235,2.3891190425403175,4.319049678032668,URY
Comb. RF/AR(1) suave,combinacion,1999,2000,1,-1.92993063549235,-1.878732360418265,0.05119827507408492,URY
Comb. RF/AR(1) dura,combinacion,1999,2000,1,-1.92993063549235,-1.878732360418265,0.05119827507408492,URY
Comb. RF/ingenuo suave,combinacion,1999,2000,1,-1.92993063549235,-1.878732360418265,0.05119827507408492,URY
Comb. LSTM/AR(1) suave,combinacion,1999,2000,1,-1.92993063549235,2.5051996603576185,4.4351302958499685,URY
Comb. RF/AR(1) umbral min,combinacion,1999,2000,1,-1.92993063549235,0.5346157446282478,2.4645463801205976,URY
Ingenuo,referencia,2000,2001,1,-3.84412995940374,-1.92993063549235,1.9141993239113901,URY
Deriva,referencia,2000,2001,1,-3.84412995940374,-2.043340085583355,1.8007898738203854,URY
AR(1),Box-Jenkins,2000,2001,1,-3.84412995940374,0.24487622488621053,4.089006184289951,URY
"ARMA(2,2)",Box-Jenkins,2000,2001,1,-3.84412995940374,-1.8684410309782562,1.975688928425484,URY
"ARIMA(1,1,1)",Box-Jenkins,2000,2001,1,-3.84412995940374,0.20203263076166356,4.0461625901654035,URY
Ridge sobre rezagos,regularizado,2000,2001,1,-3.84412995940374,-3.1375295102456446,0.7066004491580955,URY
Random Forest,aprendizaje,2000,2001,1,-3.84412995940374,-1.0100205374761466,2.8341094219275935,URY
LSTM(16),red neuronal,2000,2001,1,-3.84412995940374,0.6968777602434899,4.54100771964723,URY
Comb. RF/AR(1) suave,combinacion,2000,2001,1,-3.84412995940374,0.2507635540404026,4.094893513444143,URY
Comb. RF/AR(1) dura,combinacion,2000,2001,1,-3.84412995940374,0.2507635540404026,4.094893513444143,URY
Comb. RF/ingenuo suave,combinacion,2000,2001,1,-3.84412995940374,0.2507635540404026,4.094893513444143,URY
Comb. LSTM/AR(1) suave,combinacion,2000,2001,1,-3.84412995940374,0.8173073427820112,4.661437302185751,URY
Comb. RF/AR(1) umbral min,combinacion,2000,2001,1,-3.84412995940374,0.24487622488621053,4.089006184289951,URY
Ingenuo,referencia,2001,2002,1,-7.73200721540044,-3.84412995940374,3.8878772559967,URY
Deriva,referencia,2001,2002,1,-7.73200721540044,-4.002559156340254,3.7294480590601857,URY
AR(1),Box-Jenkins,2001,2002,1,-7.73200721540044,-0.8288662871384981,6.903140928261942,URY
"ARMA(2,2)",Box-Jenkins,2001,2002,1,-7.73200721540044,2.31300932012608,10.04501653552652,URY
"ARIMA(1,1,1)",Box-Jenkins,2001,2002,1,-7.73200721540044,-0.8910028985913754,6.841004316809064,URY
Ridge sobre rezagos,regularizado,2001,2002,1,-7.73200721540044,3.229652056945024,10.961659272345464,URY
Random Forest,aprendizaje,2001,2002,1,-7.73200721540044,1.3959593144558518,9.127966529856291,URY
LSTM(16),red neuronal,2001,2002,1,-7.73200721540044,0.6405994792624718,8.372606694662911,URY
Comb. RF/AR(1) suave,combinacion,2001,2002,1,-7.73200721540044,1.5650056620621149,9.297012877462555,URY
Comb. RF/AR(1) dura,combinacion,2001,2002,1,-7.73200721540044,1.5650056620621149,9.297012877462555,URY
Comb. RF/ingenuo suave,combinacion,2001,2002,1,-7.73200721540044,1.5650056620621149,9.297012877462555,URY
Comb. LSTM/AR(1) suave,combinacion,2001,2002,1,-7.73200721540044,2.3806974940774266,10.112704709477867,URY
Comb. RF/AR(1) umbral min,combinacion,2001,2002,1,-7.73200721540044,-0.8288662871384981,6.903140928261942,URY
Ingenuo,referencia,2002,2003,1,0.805283915893824,-7.73200721540044,-8.537291131294264,URY
Deriva,referencia,2002,2003,1,0.805283915893824,-7.98139856011891,-8.786682476012734,URY
AR(1),Box-Jenkins,2002,2003,1,0.805283915893824,-3.301709815794753,-4.1069937316885765,URY
"ARMA(2,2)",Box-Jenkins,2002,2003,1,0.805283915893824,1.156130054292677,0.3508461383988529,URY
"ARIMA(1,1,1)",Box-Jenkins,2002,2003,1,0.805283915893824,-3.404608721653779,-4.209892637547603,URY
Ridge sobre rezagos,regularizado,2002,2003,1,0.805283915893824,-0.34132463290228654,-1.1466085487961104,URY
Random Forest,aprendizaje,2002,2003,1,0.805283915893824,-1.7730258621389505,-2.5783097780327746,URY
LSTM(16),red neuronal,2002,2003,1,0.805283915893824,2.0368438810830267,1.2315599651892026,URY
Comb. RF/AR(1) suave,combinacion,2002,2003,1,0.805283915893824,-0.5667641827558869,-1.372048098649711,URY
Comb. RF/AR(1) dura,combinacion,2002,2003,1,0.805283915893824,-0.5667641827558869,-1.372048098649711,URY
Comb. RF/ingenuo suave,combinacion,2002,2003,1,0.805283915893824,-0.5667641827558869,-1.372048098649711,URY
Comb. LSTM/AR(1) suave,combinacion,2002,2003,1,0.805283915893824,0.845209090995965,0.039925175102141,URY
Comb. RF/AR(1) umbral min,combinacion,2002,2003,1,0.805283915893824,-3.301709815794753,-4.1069937316885765,URY
Ingenuo,referencia,2003,2004,1,5.00416035564457,0.805283915893824,-4.198876439750746,URY
Deriva,referencia,2003,2004,1,5.00416035564457,0.7650992967947046,-4.239061058849866,URY
AR(1),Box-Jenkins,2003,2004,1,5.00416035564457,1.2202989015402284,-3.783861454104342,URY
"ARMA(2,2)",Box-Jenkins,2003,2004,1,5.00416035564457,1.8319770559376694,-3.172183299706901,URY
"ARIMA(1,1,1)",Box-Jenkins,2003,2004,1,5.00416035564457,1.212570090020777,-3.7915902656237934,URY
Ridge sobre rezagos,regularizado,2003,2004,1,5.00416035564457,2.832353850515759,-2.1718065051288113,URY
Random Forest,aprendizaje,2003,2004,1,5.00416035564457,2.8671404524838326,-2.1370199031607378,URY
LSTM(16),red neuronal,2003,2004,1,5.00416035564457,6.41066821714786,1.4065078615032895,URY
Comb. RF/AR(1) suave,combinacion,2003,2004,1,5.00416035564457,2.7290758960025983,-2.275084459641972,URY
Comb. RF/AR(1) dura,combinacion,2003,2004,1,5.00416035564457,2.7290758960025983,-2.275084459641972,URY
Comb. RF/ingenuo suave,combinacion,2003,2004,1,5.00416035564457,2.7290758960025983,-2.275084459641972,URY
Comb. LSTM/AR(1) suave,combinacion,2003,2004,1,5.00416035564457,0.8795665412444549,-4.124593814400115,URY
Comb. RF/AR(1) umbral min,combinacion,2003,2004,1,5.00416035564457,1.2202989015402284,-3.783861454104342,URY
Ingenuo,referencia,2004,2005,1,7.4601321302473,5.00416035564457,-2.4559717746027294,URY
Deriva,referencia,2004,2005,1,7.4601321302473,5.062558551867541,-2.3975735783797587,URY
AR(1),Box-Jenkins,2004,2005,1,7.4601321302473,3.2560836926152463,-4.2040484376320535,URY
"ARMA(2,2)",Box-Jenkins,2004,2005,1,7.4601321302473,3.4118220297949238,-4.048310100452376,URY
"ARIMA(1,1,1)",Box-Jenkins,2004,2005,1,7.4601321302473,3.2863609556302444,-4.173771174617055,URY
Ridge sobre rezagos,regularizado,2004,2005,1,7.4601321302473,5.081468114449995,-2.3786640157973045,URY
Random Forest,aprendizaje,2004,2005,1,7.4601321302473,4.567236159475865,-2.892895970771435,URY
LSTM(16),red neuronal,2004,2005,1,7.4601321302473,5.605873627036139,-1.8542585032111605,URY
Comb. RF/AR(1) suave,combinacion,2004,2005,1,7.4601321302473,3.9865056454923034,-3.4736264847549965,URY
Comb. RF/AR(1) dura,combinacion,2004,2005,1,7.4601321302473,3.9865056454923034,-3.4736264847549965,URY
Comb. RF/ingenuo suave,combinacion,2004,2005,1,7.4601321302473,3.9865056454923034,-3.4736264847549965,URY
Comb. LSTM/AR(1) suave,combinacion,2004,2005,1,7.4601321302473,7.861104163090768,0.40097203284346783,URY
Comb. RF/AR(1) umbral min,combinacion,2004,2005,1,7.4601321302473,3.2560836926152463,-4.2040484376320535,URY
Ingenuo,referencia,2005,2006,1,4.09857735445401,7.4601321302473,3.36155477579329,URY
Deriva,referencia,2005,2006,1,4.09857735445401,7.573020635069811,3.4744432806158008,URY
AR(1),Box-Jenkins,2005,2006,1,4.09857735445401,4.583697692407265,0.48512033795325493,URY
"ARMA(2,2)",Box-Jenkins,2005,2006,1,4.09857735445401,5.064903096955758,0.9663257425017484,URY
"ARIMA(1,1,1)",Box-Jenkins,2005,2006,1,4.09857735445401,4.635620252324069,0.5370428978700588,URY
Ridge sobre rezagos,regularizado,2005,2006,1,4.09857735445401,7.487293797162797,3.3887164427087875,URY
Random Forest,aprendizaje,2005,2006,1,4.09857735445401,4.234587155992282,0.1360098015382718,URY
LSTM(16),red neuronal,2005,2006,1,4.09857735445401,2.0529147735490096,-2.045662580905,URY
Comb. RF/AR(1) suave,combinacion,2005,2006,1,4.09857735445401,4.08254229784539,-0.01603505660861959,URY
Comb. RF/AR(1) dura,combinacion,2005,2006,1,4.09857735445401,4.08254229784539,-0.01603505660861959,URY
Comb. RF/ingenuo suave,combinacion,2005,2006,1,4.09857735445401,4.08254229784539,-0.01603505660861959,URY
Comb. LSTM/AR(1) suave,combinacion,2005,2006,1,4.09857735445401,3.8127979835778465,-0.28577937087616334,URY
Comb. RF/AR(1) umbral min,combinacion,2005,2006,1,4.09857735445401,4.583697692407265,0.48512033795325493,URY
Ingenuo,referencia,2006,2007,1,6.54151084504817,4.09857735445401,-2.44293349059416,URY
Deriva,referencia,2006,2007,1,6.54151084504817,4.134256008596169,-2.407254836452001,URY
AR(1),Box-Jenkins,2006,2007,1,6.54151084504817,2.953656868315493,-3.587853976732677,URY
"ARMA(2,2)",Box-Jenkins,2006,2007,1,6.54151084504817,1.7879521095736273,-4.7535587354745426,URY
"ARIMA(1,1,1)",Box-Jenkins,2006,2007,1,6.54151084504817,2.9732198971053903,-3.5682909479427796,URY
Ridge sobre rezagos,regularizado,2006,2007,1,6.54151084504817,2.364424187534873,-4.177086657513296,URY
Random Forest,aprendizaje,2006,2007,1,6.54151084504817,2.352057821010915,-4.189453024037254,URY
LSTM(16),red neuronal,2006,2007,1,6.54151084504817,2.206650465641476,-4.3348603794066936,URY
Comb. RF/AR(1) suave,combinacion,2006,2007,1,6.54151084504817,3.191578916170467,-3.349931928877703,URY
Comb. RF/AR(1) dura,combinacion,2006,2007,1,6.54151084504817,3.191578916170467,-3.349931928877703,URY
Comb. RF/ingenuo suave,combinacion,2006,2007,1,6.54151084504817,3.191578916170467,-3.349931928877703,URY
Comb. LSTM/AR(1) suave,combinacion,2006,2007,1,6.54151084504817,0.996181581573908,-5.545329263474262,URY
Comb. RF/AR(1) umbral min,combinacion,2006,2007,1,6.54151084504817,2.953656868315493,-3.587853976732677,URY
Ingenuo,referencia,2007,2008,1,7.17614466455107,6.54151084504817,-0.6346338195029002,URY
Deriva,referencia,2007,2008,1,7.17614466455107,6.62952112606972,-0.5466235384813496,URY
AR(1),Box-Jenkins,2007,2008,1,7.17614466455107,4.2376417600388745,-2.9385029045121955,URY
"ARMA(2,2)",Box-Jenkins,2007,2008,1,7.17614466455107,2.021805940756838,-5.154338723794233,URY
"ARIMA(1,1,1)",Box-Jenkins,2007,2008,1,7.17614466455107,4.278160901625619,-2.897983762925451,URY
Ridge sobre rezagos,regularizado,2007,2008,1,7.17614466455107,3.9335515745341976,-3.2425930900168725,URY
Random Forest,aprendizaje,2007,2008,1,7.17614466455107,1.197578526461458,-5.978566138089612,URY
LSTM(16),red neuronal,2007,2008,1,7.17614466455107,5.154526190595089,-2.0216184739559813,URY
Comb. RF/AR(1) suave,combinacion,2007,2008,1,7.17614466455107,1.7297890408592205,-5.44635562369185,URY
Comb. RF/AR(1) dura,combinacion,2007,2008,1,7.17614466455107,1.7297890408592205,-5.44635562369185,URY
Comb. RF/ingenuo suave,combinacion,2007,2008,1,7.17614466455107,1.7297890408592205,-5.44635562369185,URY
Comb. LSTM/AR(1) suave,combinacion,2007,2008,1,7.17614466455107,2.677606067479571,-4.498538597071499,URY
Comb. RF/AR(1) umbral min,combinacion,2007,2008,1,7.17614466455107,4.2376417600388745,-2.9385029045121955,URY
Ingenuo,referencia,2008,2009,1,4.24349419462426,7.17614466455107,2.93265046992681,URY
Deriva,referencia,2008,2009,1,4.24349419462426,7.275785233625415,3.032291039001155,URY
AR(1),Box-Jenkins,2008,2009,1,4.24349419462426,4.685525936905233,0.44203174228097275,URY
"ARMA(2,2)",Box-Jenkins,2008,2009,1,4.24349419462426,3.771947726979673,-0.4715464676445871,URY
"ARIMA(1,1,1)",Box-Jenkins,2008,2009,1,4.24349419462426,4.7303183447830355,0.48682415015877556,URY
Ridge sobre rezagos,regularizado,2008,2009,1,4.24349419462426,4.803510423784004,0.5600162291597437,URY
Random Forest,aprendizaje,2008,2009,1,4.24349419462426,4.05622089893197,-0.18727329569228957,URY
LSTM(16),red neuronal,2008,2009,1,4.24349419462426,5.554415716966314,1.3109215223420545,URY
Comb. RF/AR(1) suave,combinacion,2008,2009,1,4.24349419462426,3.6299528215197223,-0.6135413731045376,URY
Comb. RF/AR(1) dura,combinacion,2008,2009,1,4.24349419462426,3.6299528215197223,-0.6135413731045376,URY
Comb. RF/ingenuo suave,combinacion,2008,2009,1,4.24349419462426,3.6299528215197223,-0.6135413731045376,URY
Comb. LSTM/AR(1) suave,combinacion,2008,2009,1,4.24349419462426,5.551752524962145,1.3082583303378854,URY
Comb. RF/AR(1) umbral min,combinacion,2008,2009,1,4.24349419462426,4.685525936905233,0.44203174228097275,URY
Ingenuo,referencia,2009,2010,1,7.8034096507169,4.24349419462426,-3.5599154560926403,URY
Deriva,referencia,2009,2010,1,7.8034096507169,4.279962033719414,-3.523447616997486,URY
AR(1),Box-Jenkins,2009,2010,1,7.8034096507169,3.203593956835193,-4.599815693881707,URY
"ARMA(2,2)",Box-Jenkins,2009,2010,1,7.8034096507169,3.8450708045010096,-3.9583388462158906,URY
"ARIMA(1,1,1)",Box-Jenkins,2009,2010,1,7.8034096507169,3.2215313489554376,-4.581878301761463,URY
Ridge sobre rezagos,regularizado,2009,2010,1,7.8034096507169,3.368910090699072,-4.434499560017828,URY
Random Forest,aprendizaje,2009,2010,1,7.8034096507169,2.457454409436305,-5.3459552412805955,URY
LSTM(16),red neuronal,2009,2010,1,7.8034096507169,3.6298057410337425,-4.173603909683157,URY
Comb. RF/AR(1) suave,combinacion,2009,2010,1,7.8034096507169,-0.06630792279437805,-7.869717573511278,URY
Comb. RF/AR(1) dura,combinacion,2009,2010,1,7.8034096507169,-0.06630792279437805,-7.869717573511278,URY
Comb. RF/ingenuo suave,combinacion,2009,2010,1,7.8034096507169,-0.06630792279437805,-7.869717573511278,URY
Comb. LSTM/AR(1) suave,combinacion,2009,2010,1,7.8034096507169,-3.31205830127036,-11.11546795198726,URY
Comb. RF/AR(1) umbral min,combinacion,2009,2010,1,7.8034096507169,3.203593956835193,-4.599815693881707,URY
Ingenuo,referencia,2010,2011,1,5.16213302463606,7.8034096507169,2.64127662608084,URY
Deriva,referencia,2010,2011,1,5.16213302463606,7.911784584036493,2.7496515594004327,URY
AR(1),Box-Jenkins,2010,2011,1,5.16213302463606,5.129129937866684,-0.033003086769376466,URY
"ARMA(2,2)",Box-Jenkins,2010,2011,1,5.16213302463606,2.558802160561254,-2.603330864074806,URY
"ARIMA(1,1,1)",Box-Jenkins,2010,2011,1,5.16213302463606,5.176803091155788,0.014670066519728131,URY
Ridge sobre rezagos,regularizado,2010,2011,1,5.16213302463606,2.5787179186456304,-2.58341510599043,URY
Random Forest,aprendizaje,2010,2011,1,5.16213302463606,1.5098138615105205,-3.6523191631255396,URY
LSTM(16),red neuronal,2010,2011,1,5.16213302463606,-0.8940700625703792,-6.056203087206439,URY
Comb. RF/AR(1) suave,combinacion,2010,2011,1,5.16213302463606,-0.12559329775110414,-5.287726322387164,URY
Comb. RF/AR(1) dura,combinacion,2010,2011,1,5.16213302463606,-0.12559329775110414,-5.287726322387164,URY
Comb. RF/ingenuo suave,combinacion,2010,2011,1,5.16213302463606,-0.12559329775110414,-5.287726322387164,URY
Comb. LSTM/AR(1) suave,combinacion,2010,2011,1,5.16213302463606,-0.6944306947285717,-5.856563719364631,URY
Comb. RF/AR(1) umbral min,combinacion,2010,2011,1,5.16213302463606,5.129129937866684,-0.033003086769376466,URY
Ingenuo,referencia,2011,2012,1,3.53817872056869,5.16213302463606,1.6239543040673703,URY
Deriva,referencia,2011,2012,1,3.53817872056869,5.215514926767645,1.6773362061989547,URY
AR(1),Box-Jenkins,2011,2012,1,3.53817872056869,3.7875620870653393,0.24938336649664938,URY
"ARMA(2,2)",Box-Jenkins,2011,2012,1,3.53817872056869,0.39505016227968826,-3.1431285582890016,URY
"ARIMA(1,1,1)",Box-Jenkins,2011,2012,1,3.53817872056869,3.811239535912648,0.2730608153439582,URY
Ridge sobre rezagos,regularizado,2011,2012,1,3.53817872056869,-0.009514710136365512,-3.5476934307050554,URY
Random Forest,aprendizaje,2011,2012,1,3.53817872056869,2.2320375437860935,-1.3061411767825963,URY
LSTM(16),red neuronal,2011,2012,1,3.53817872056869,-3.2443376892268345,-6.782516409795525,URY
Comb. RF/AR(1) suave,combinacion,2011,2012,1,3.53817872056869,1.3503767795639592,-2.1878019410047305,URY
Comb. RF/AR(1) dura,combinacion,2011,2012,1,3.53817872056869,1.3503767795639592,-2.1878019410047305,URY
Comb. RF/ingenuo suave,combinacion,2011,2012,1,3.53817872056869,1.3503767795639592,-2.1878019410047305,URY
Comb. LSTM/AR(1) suave,combinacion,2011,2012,1,3.53817872056869,1.9445585281577475,-1.5936201924109423,URY
Comb. RF/AR(1) umbral min,combinacion,2011,2012,1,3.53817872056869,2.129706384228396,-1.408472336340294,URY
Ingenuo,referencia,2012,2013,1,4.63753862902416,3.53817872056869,-1.0993599084554702,URY
Deriva,referencia,2012,2013,1,4.63753862902416,3.558671677480687,-1.078866951543473,URY
AR(1),Box-Jenkins,2012,2013,1,4.63753862902416,2.9558714308817216,-1.6816671981424385,URY
"ARMA(2,2)",Box-Jenkins,2012,2013,1,4.63753862902416,2.1260787815842246,-2.5114598474399354,URY
"ARIMA(1,1,1)",Box-Jenkins,2012,2013,1,4.63753862902416,2.965757062637486,-1.6717815663866742,URY
Ridge sobre rezagos,regularizado,2012,2013,1,4.63753862902416,-0.05157289416427924,-4.689111523188439,URY
Random Forest,aprendizaje,2012,2013,1,4.63753862902416,1.8361797984271395,-2.8013588305970205,URY
LSTM(16),red neuronal,2012,2013,1,4.63753862902416,2.383619626054902,-2.253919002969258,URY
Comb. RF/AR(1) suave,combinacion,2012,2013,1,4.63753862902416,2.0015610978672735,-2.6359775311568865,URY
Comb. RF/AR(1) dura,combinacion,2012,2013,1,4.63753862902416,2.0015610978672735,-2.6359775311568865,URY
Comb. RF/ingenuo suave,combinacion,2012,2013,1,4.63753862902416,2.0015610978672735,-2.6359775311568865,URY
Comb. LSTM/AR(1) suave,combinacion,2012,2013,1,4.63753862902416,2.5570266962414068,-2.0805119327827533,URY
Comb. RF/AR(1) umbral min,combinacion,2012,2013,1,4.63753862902416,2.1783584216622054,-2.4591802073619546,URY
Ingenuo,referencia,2013,2014,1,3.23879122952364,4.63753862902416,1.39874739950052,URY
Deriva,referencia,2013,2014,1,3.23879122952364,4.678779027311993,1.439987797788353,URY
AR(1),Box-Jenkins,2013,2014,1,3.23879122952364,3.551304861528866,0.31251363200522597,URY
"ARMA(2,2)",Box-Jenkins,2013,2014,1,3.23879122952364,1.1394450354280055,-2.0993461940956344,URY
"ARIMA(1,1,1)",Box-Jenkins,2013,2014,1,3.23879122952364,3.5698826583399184,0.3310914288162783,URY
Ridge sobre rezagos,regularizado,2013,2014,1,3.23879122952364,1.1761548179145538,-2.0626364116090863,URY
Random Forest,aprendizaje,2013,2014,1,3.23879122952364,2.956742200058665,-0.2820490294649751,URY
LSTM(16),red neuronal,2013,2014,1,3.23879122952364,2.5671916828179078,-0.6715995467057323,URY
Comb. RF/AR(1) suave,combinacion,2013,2014,1,3.23879122952364,2.8263968572918987,-0.41239437223174136,URY
Comb. RF/AR(1) dura,combinacion,2013,2014,1,3.23879122952364,2.8263968572918987,-0.41239437223174136,URY
Comb. RF/ingenuo suave,combinacion,2013,2014,1,3.23879122952364,2.8263968572918987,-0.41239437223174136,URY
Comb. LSTM/AR(1) suave,combinacion,2013,2014,1,3.23879122952364,2.6397526267830185,-0.5990386027406216,URY
Comb. RF/AR(1) umbral min,combinacion,2013,2014,1,3.23879122952364,3.0642133334184694,-0.17457789610517072,URY
Ingenuo,referencia,2014,2015,1,0.370741257681345,3.23879122952364,2.868049971842295,URY
Deriva,referencia,2014,2015,1,0.370741257681345,3.252862046721127,2.882120789039782,URY
AR(1),Box-Jenkins,2014,2015,1,0.370741257681345,2.831531580078646,2.460790322397301,URY
"ARMA(2,2)",Box-Jenkins,2014,2015,1,0.370741257681345,0.35772648362342946,-0.013014774057915568,URY
"ARIMA(1,1,1)",Box-Jenkins,2014,2015,1,0.370741257681345,2.838414377440767,2.467673119759422,URY
Ridge sobre rezagos,regularizado,2014,2015,1,0.370741257681345,1.1032043895122725,0.7324631318309275,URY
Random Forest,aprendizaje,2014,2015,1,0.370741257681345,4.5064349345800965,4.135693676898751,URY
LSTM(16),red neuronal,2014,2015,1,0.370741257681345,2.586212630822943,2.215471373141598,URY
Comb. RF/AR(1) suave,combinacion,2014,2015,1,0.370741257681345,4.258159849400123,3.887418591718778,URY
Comb. RF/AR(1) dura,combinacion,2014,2015,1,0.370741257681345,4.258159849400123,3.887418591718778,URY
Comb. RF/ingenuo suave,combinacion,2014,2015,1,0.370741257681345,4.258159849400123,3.887418591718778,URY
Comb. LSTM/AR(1) suave,combinacion,2014,2015,1,0.370741257681345,2.6882895748270754,2.3175483171457305,URY
Comb. RF/AR(1) umbral min,combinacion,2014,2015,1,0.370741257681345,3.8942953744344955,3.5235541167531506,URY
Ingenuo,referencia,2015,2016,1,1.68979822971775,0.370741257681345,-1.319056972036405,URY
Deriva,referencia,2015,2016,1,1.68979822971775,0.3314394676743914,-1.3583587620433586,URY
AR(1),Box-Jenkins,2015,2016,1,1.68979822971775,1.3298542799215496,-0.3599439497962005,URY
"ARMA(2,2)",Box-Jenkins,2015,2016,1,1.68979822971775,-0.9620553689420408,-2.651853598659791,URY
"ARIMA(1,1,1)",Box-Jenkins,2015,2016,1,1.68979822971775,1.313674989996386,-0.3761232397213641,URY
Ridge sobre rezagos,regularizado,2015,2016,1,1.68979822971775,-0.31926480007897906,-2.009063029796729,URY
Random Forest,aprendizaje,2015,2016,1,1.68979822971775,0.9846349637287973,-0.7051632659889527,URY
LSTM(16),red neuronal,2015,2016,1,1.68979822971775,2.2719251648331307,0.5821269351153806,URY
Comb. RF/AR(1) suave,combinacion,2015,2016,1,1.68979822971775,2.882295365641412,1.1924971359236618,URY
Comb. RF/AR(1) dura,combinacion,2015,2016,1,1.68979822971775,2.882295365641412,1.1924971359236618,URY
Comb. RF/ingenuo suave,combinacion,2015,2016,1,1.68979822971775,2.882295365641412,1.1924971359236618,URY
Comb. LSTM/AR(1) suave,combinacion,2015,2016,1,1.68979822971775,2.561199377329998,0.8714011476122481,URY
Comb. RF/AR(1) umbral min,combinacion,2015,2016,1,1.68979822971775,2.41876395244472,0.7289657227269701,URY
Ingenuo,referencia,2016,2017,1,1.74037649141989,1.68979822971775,-0.05057826170213997,URY
Deriva,referencia,2016,2017,1,1.74037649141989,1.6751938717479484,-0.06518261967194161,URY
AR(1),Box-Jenkins,2016,2017,1,1.74037649141989,2.005748734575878,0.26537224315598795,URY
"ARMA(2,2)",Box-Jenkins,2016,2017,1,1.74037649141989,0.6724669537308205,-1.0679095376890695,URY
"ARIMA(1,1,1)",Box-Jenkins,2016,2017,1,1.74037649141989,2.0004167100988828,0.26004021867899274,URY
Ridge sobre rezagos,regularizado,2016,2017,1,1.74037649141989,1.0840803632237876,-0.6562961281961024,URY
Random Forest,aprendizaje,2016,2017,1,1.74037649141989,2.1371975444627433,0.3968210530428533,URY
LSTM(16),red neuronal,2016,2017,1,1.74037649141989,2.5902076131990457,0.8498311217791557,URY
Comb. RF/AR(1) suave,combinacion,2016,2017,1,1.74037649141989,2.0912013078056955,0.3508248163858054,URY
Comb. RF/AR(1) dura,combinacion,2016,2017,1,1.74037649141989,2.0912013078056955,0.3508248163858054,URY
Comb. RF/ingenuo suave,combinacion,2016,2017,1,1.74037649141989,2.0912013078056955,0.3508248163858054,URY
Comb. LSTM/AR(1) suave,combinacion,2016,2017,1,1.74037649141989,2.680084512057881,0.9397080206379909,URY
Comb. RF/AR(1) umbral min,combinacion,2016,2017,1,1.74037649141989,2.078010033279345,0.33763354185945493,URY
Ingenuo,referencia,2017,2018,1,0.164777608846705,1.74037649141989,1.575598882573185,URY
Deriva,referencia,2017,2018,1,0.164777608846705,1.726936108801373,1.562158499954668,URY
AR(1),Box-Jenkins,2017,2018,1,0.164777608846705,2.0265118110246707,1.8617342021779657,URY
"ARMA(2,2)",Box-Jenkins,2017,2018,1,0.164777608846705,0.7486974827676021,0.5839198739208971,URY
"ARIMA(1,1,1)",Box-Jenkins,2017,2018,1,0.164777608846705,2.0216844594349,1.856906850588195,URY
Ridge sobre rezagos,regularizado,2017,2018,1,0.164777608846705,1.0903014329804293,0.9255238241337242,URY
Random Forest,aprendizaje,2017,2018,1,0.164777608846705,2.3340071413450287,2.1692295324983237,URY
LSTM(16),red neuronal,2017,2018,1,0.164777608846705,2.65155963069361,2.486782021846905,URY
Comb. RF/AR(1) suave,combinacion,2017,2018,1,0.164777608846705,3.2308566307152766,3.0660790218685716,URY
Comb. RF/AR(1) dura,combinacion,2017,2018,1,0.164777608846705,3.2308566307152766,3.0660790218685716,URY
Comb. RF/ingenuo suave,combinacion,2017,2018,1,0.164777608846705,3.2308566307152766,3.0660790218685716,URY
Comb. LSTM/AR(1) suave,combinacion,2017,2018,1,0.164777608846705,2.5135692769105007,2.3487916680637957,URY
Comb. RF/AR(1) umbral min,combinacion,2017,2018,1,0.164777608846705,2.738269972816874,2.573492363970169,URY
Ingenuo,referencia,2018,2019,1,0.928351027546341,0.164777608846705,-0.763573418699636,URY
Deriva,referencia,2018,2019,1,0.928351027546341,0.12393093675529912,-0.8044200907910419,URY
AR(1),Box-Jenkins,2018,2019,1,0.928351027546341,1.1933136343695447,0.2649626068232037,URY
"ARMA(2,2)",Box-Jenkins,2018,2019,1,0.928351027546341,0.0814520553007595,-0.8468989722455815,URY
"ARIMA(1,1,1)",Box-Jenkins,2018,2019,1,0.928351027546341,1.175996464073873,0.2476454365275319,URY
Ridge sobre rezagos,regularizado,2018,2019,1,0.928351027546341,1.2977045824507125,0.3693535549043715,URY
Random Forest,aprendizaje,2018,2019,1,0.928351027546341,2.003658442104863,1.0753074145585222,URY
LSTM(16),red neuronal,2018,2019,1,0.928351027546341,2.0098095011597215,1.0814584736133805,URY
Comb. RF/AR(1) suave,combinacion,2018,2019,1,0.928351027546341,2.4065006584375,1.478149630891159,URY
Comb. RF/AR(1) dura,combinacion,2018,2019,1,0.928351027546341,2.4065006584375,1.478149630891159,URY
Comb. RF/ingenuo suave,combinacion,2018,2019,1,0.928351027546341,2.4065006584375,1.478149630891159,URY
Comb. LSTM/AR(1) suave,combinacion,2018,2019,1,0.928351027546341,2.1293692027511355,1.2010181752047946,URY
Comb. RF/AR(1) umbral min,combinacion,2018,2019,1,0.928351027546341,2.282352966927,1.3540019393806593,URY
Ingenuo,referencia,2019,2020,1,-7.35732706897301,0.928351027546341,8.285678096519351,URY
Deriva,referencia,2019,2020,1,-7.35732706897301,0.9013736673651255,8.258700736338136,URY
AR(1),Box-Jenkins,2019,2020,1,-7.35732706897301,1.575589739487814,8.932916808460824,URY
"ARMA(2,2)",Box-Jenkins,2019,2020,1,-7.35732706897301,1.0517529802373764,8.409080049210386,URY
"ARIMA(1,1,1)",Box-Jenkins,2019,2020,1,-7.35732706897301,1.5646999295314243,8.922026998504435,URY
Ridge sobre rezagos,regularizado,2019,2020,1,-7.35732706897301,1.6278214341398125,8.985148503112823,URY
Random Forest,aprendizaje,2019,2020,1,-7.35732706897301,2.274642157756559,9.63196922672957,URY
LSTM(16),red neuronal,2019,2020,1,-7.35732706897301,2.284511771205333,9.641838840178343,URY
Comb. RF/AR(1) suave,combinacion,2019,2020,1,-7.35732706897301,2.185392870478497,9.542719939451507,URY
Comb. RF/AR(1) dura,combinacion,2019,2020,1,-7.35732706897301,2.185392870478497,9.542719939451507,URY
Comb. RF/ingenuo suave,combinacion,2019,2020,1,-7.35732706897301,2.185392870478497,9.542719939451507,URY
Comb. LSTM/AR(1) suave,combinacion,2019,2020,1,-7.35732706897301,1.8923149958754126,9.249642064848423,URY
Comb. RF/AR(1) umbral min,combinacion,2019,2020,1,-7.35732706897301,2.1829487223512967,9.540275791324307,URY
Ingenuo,referencia,2020,2021,1,5.84427325018082,-7.35732706897301,-13.20160031915383,URY
Deriva,referencia,2020,2021,1,5.84427325018082,-7.524282407736228,-13.36855565791705,URY
AR(1),Box-Jenkins,2020,2021,1,5.84427325018082,-2.9043896794311097,-8.74866292961193,URY
"ARMA(2,2)",Box-Jenkins,2020,2021,1,5.84427325018082,-3.471000347454477,-9.315273597635297,URY
"ARIMA(1,1,1)",Box-Jenkins,2020,2021,1,5.84427325018082,-2.9816895229478844,-8.825962773128705,URY
Ridge sobre rezagos,regularizado,2020,2021,1,5.84427325018082,-3.4356720903281395,-9.27994534050896,URY
Random Forest,aprendizaje,2020,2021,1,5.84427325018082,-2.5358278699941743,-8.380101120174995,URY
LSTM(16),red neuronal,2020,2021,1,5.84427325018082,1.3544472607635358,-4.489825989417285,URY
Comb. RF/AR(1) suave,combinacion,2020,2021,1,5.84427325018082,-1.4948159394369513,-7.339089189617772,URY
Comb. RF/AR(1) dura,combinacion,2020,2021,1,5.84427325018082,-1.4948159394369513,-7.339089189617772,URY
Comb. RF/ingenuo suave,combinacion,2020,2021,1,5.84427325018082,-1.4948159394369513,-7.339089189617772,URY
Comb. LSTM/AR(1) suave,combinacion,2020,2021,1,5.84427325018082,1.3630414294686979,-4.4812318207121224,URY
Comb. RF/AR(1) umbral min,combinacion,2020,2021,1,5.84427325018082,-2.9043896794311097,-8.74866292961193,URY
Ingenuo,referencia,2021,2022,1,4.60623000920732,5.84427325018082,1.2380432409735,URY
Deriva,referencia,2021,2022,1,4.60623000920732,5.900127172382887,1.2938971631755667,URY
AR(1),Box-Jenkins,2021,2022,1,4.60623000920732,3.825267409938258,-0.7809625992690621,URY
"ARMA(2,2)",Box-Jenkins,2021,2022,1,4.60623000920732,0.36973425501155965,-4.236495754195761,URY
"ARIMA(1,1,1)",Box-Jenkins,2021,2022,1,4.60623000920732,3.850396077229039,-0.7558339319782812,URY
Ridge sobre rezagos,regularizado,2021,2022,1,4.60623000920732,5.417073667102233,0.810843657894913,URY
Random Forest,aprendizaje,2021,2022,1,4.60623000920732,5.409612259378186,0.8033822501708654,URY
LSTM(16),red neuronal,2021,2022,1,4.60623000920732,1.5505857933569493,-3.055644215850371,URY
Comb. RF/AR(1) suave,combinacion,2021,2022,1,4.60623000920732,4.2533768770296145,-0.35285313217770575,URY
Comb. RF/AR(1) dura,combinacion,2021,2022,1,4.60623000920732,3.825267409938258,-0.7809625992690621,URY
Comb. RF/ingenuo suave,combinacion,2021,2022,1,4.60623000920732,5.183283205856895,0.5770531966495751,URY
Comb. LSTM/AR(1) suave,combinacion,2021,2022,1,4.60623000920732,2.6022576569492544,-2.003972352258066,URY
Comb. RF/AR(1) umbral min,combinacion,2021,2022,1,4.60623000920732,3.825267409938258,-0.7809625992690621,URY
Ingenuo,referencia,2022,2023,1,0.761749241321681,4.60623000920732,3.8444807678856394,URY
Deriva,referencia,2022,2023,1,0.761749241321681,4.640872502504869,3.879123261183188,URY
AR(1),Box-Jenkins,2022,2023,1,0.761749241321681,3.29531547327762,2.5335662319559393,URY
"ARMA(2,2)",Box-Jenkins,2022,2023,1,0.761749241321681,3.2521261030896924,2.4903768617680115,URY
"ARIMA(1,1,1)",Box-Jenkins,2022,2023,1,0.761749241321681,3.3115365740362797,2.549787332714599,URY
Ridge sobre rezagos,regularizado,2022,2023,1,0.761749241321681,5.218037564529411,4.45628832320773,URY
Random Forest,aprendizaje,2022,2023,1,0.761749241321681,3.433272476719485,2.671523235397804,URY
LSTM(16),red neuronal,2022,2023,1,0.761749241321681,1.6353068957502863,0.8735576544286053,URY
Comb. RF/AR(1) suave,combinacion,2022,2023,1,0.761749241321681,4.0340737573113605,3.2723245159896797,URY
Comb. RF/AR(1) dura,combinacion,2022,2023,1,0.761749241321681,3.29531547327762,2.5335662319559393,URY
Comb. RF/ingenuo suave,combinacion,2022,2023,1,0.761749241321681,4.513647642095304,3.751898400773623,URY
Comb. LSTM/AR(1) suave,combinacion,2022,2023,1,0.761749241321681,2.2472587323660806,1.4855094910443998,URY
Comb. RF/AR(1) umbral min,combinacion,2022,2023,1,0.761749241321681,3.29531547327762,2.5335662319559393,URY
Ingenuo,referencia,2023,2024,1,3.32575905957381,0.761749241321681,-2.564009818252129,URY
Deriva,referencia,2023,2024,1,3.32575905957381,0.7338252304065978,-2.5919338291672123,URY
AR(1),Box-Jenkins,2023,2024,1,3.32575905957381,1.54718302724544,-1.77857603232837,URY
"ARMA(2,2)",Box-Jenkins,2023,2024,1,3.32575905957381,1.455653968488254,-1.8701050910855561,URY
"ARIMA(1,1,1)",Box-Jenkins,2023,2024,1,3.32575905957381,1.537586828382016,-1.788172231191794,URY
Ridge sobre rezagos,regularizado,2023,2024,1,3.32575905957381,4.07758837046831,0.7518293108944998,URY
Random Forest,aprendizaje,2023,2024,1,3.32575905957381,1.9570036624449563,-1.3687553971288537,URY
LSTM(16),red neuronal,2023,2024,1,3.32575905957381,1.5922265688342163,-1.7335324907395937,URY
Comb. RF/AR(1) suave,combinacion,2023,2024,1,3.32575905957381,2.341181325770938,-0.9845777338028721,URY
Comb. RF/AR(1) dura,combinacion,2023,2024,1,3.32575905957381,1.54718302724544,-1.77857603232837,URY
Comb. RF/ingenuo suave,combinacion,2023,2024,1,3.32575905957381,2.0747177312990948,-1.2510413282747153,URY
Comb. LSTM/AR(1) suave,combinacion,2023,2024,1,3.32575905957381,1.5808187676122762,-1.7449402919615338,URY
Comb. RF/AR(1) umbral min,combinacion,2023,2024,1,3.32575905957381,1.54718302724544,-1.77857603232837,URY
Ingenuo,referencia,2024,2025,1,1.78471117082752,3.32575905957381,1.54104788874629,URY
Deriva,referencia,2024,2025,1,1.78471117082752,3.338976855470905,1.5542656846433849,URY
AR(1),Box-Jenkins,2024,2025,1,1.78471117082752,2.702626799999461,0.9179156291719408,URY
"ARMA(2,2)",Box-Jenkins,2024,2025,1,1.78471117082752,2.9895925807311796,1.2048814099036596,URY
"ARIMA(1,1,1)",Box-Jenkins,2024,2025,1,1.78471117082752,2.7100698187767946,0.9253586479492746,URY
Ridge sobre rezagos,regularizado,2024,2025,1,1.78471117082752,0.9421681575871437,-0.8425430132403764,URY
Random Forest,aprendizaje,2024,2025,1,1.78471117082752,4.905654875640211,3.1209437048126913,URY
LSTM(16),red neuronal,2024,2025,1,1.78471117082752,1.652034943107496,-0.13267622772002396,URY
Comb. RF/AR(1) suave,combinacion,2024,2025,1,1.78471117082752,4.151921461076182,2.3672102902486625,URY
Comb. RF/AR(1) dura,combinacion,2024,2025,1,1.78471117082752,2.702626799999461,0.9179156291719408,URY
Comb. RF/ingenuo suave,combinacion,2024,2025,1,1.78471117082752,4.321207585865106,2.536496415037586,URY
Comb. LSTM/AR(1) suave,combinacion,2024,2025,1,1.78471117082752,1.9414846492318647,0.15677347840434463,URY
Comb. RF/AR(1) umbral min,combinacion,2024,2025,1,1.78471117082752,2.702626799999461,0.9179156291719408,URY
Ingenuo,referencia,1990,1991,1,9.5808383233533,6.70926517571885,-2.8715731476344493,VEN
Deriva,referencia,1990,1991,1,9.5808383233533,6.830532270092122,-2.750306053261178,VEN
AR(1),Box-Jenkins,1990,1991,1,9.5808383233533,2.3694881252722704,-7.211350198081029,VEN
"ARMA(2,2)",Box-Jenkins,1990,1991,1,9.5808383233533,-3.397990427802957,-12.978828751156257,VEN
"ARIMA(1,1,1)",Box-Jenkins,1990,1991,1,9.5808383233533,-0.9128709286129277,-10.493709251966227,VEN
Ridge sobre rezagos,regularizado,1990,1991,1,9.5808383233533,-10.247317951230057,-19.828156274583357,VEN
Random Forest,aprendizaje,1990,1991,1,9.5808383233533,-0.8866924848393256,-10.467530808192626,VEN
LSTM(16),red neuronal,1990,1991,1,9.5808383233533,,,VEN
Comb. RF/AR(1) suave,combinacion,1990,1991,1,9.5808383233533,1.0869216809461975,-8.493916642407102,VEN
Comb. RF/AR(1) dura,combinacion,1990,1991,1,9.5808383233533,2.3694881252722704,-7.211350198081029,VEN
Comb. RF/ingenuo suave,combinacion,1990,1991,1,9.5808383233533,4.129163038932403,-5.451675284420896,VEN
Comb. LSTM/AR(1) suave,combinacion,1990,1991,1,9.5808383233533,,,VEN
Comb. RF/AR(1) umbral min,combinacion,1990,1991,1,9.5808383233533,2.3694881252722704,-7.211350198081029,VEN
Ingenuo,referencia,1991,1992,1,6.01092896174865,9.5808383233533,3.5699093616046493,VEN
Deriva,referencia,1991,1992,1,6.01092896174865,9.79378228616861,3.7828533244199605,VEN
AR(1),Box-Jenkins,1991,1992,1,6.01092896174865,2.489633084049165,-3.5212958776994854,VEN
"ARMA(2,2)",Box-Jenkins,1991,1992,1,6.01092896174865,2.191052453629715,-3.819876508118935,VEN
"ARIMA(1,1,1)",Box-Jenkins,1991,1992,1,6.01092896174865,1.138795573034539,-4.872133388714111,VEN
Ridge sobre rezagos,regularizado,1991,1992,1,6.01092896174865,4.79014811005101,-1.22078085169764,VEN
Random Forest,aprendizaje,1991,1992,1,6.01092896174865,1.4839218113575592,-4.527007150391091,VEN
LSTM(16),red neuronal,1991,1992,1,6.01092896174865,,,VEN
Comb. RF/AR(1) suave,combinacion,1991,1992,1,6.01092896174865,1.1815128457358086,-4.829416116012842,VEN
Comb. RF/AR(1) dura,combinacion,1991,1992,1,6.01092896174865,2.489633084049165,-3.5212958776994854,VEN
Comb. RF/ingenuo suave,combinacion,1991,1992,1,6.01092896174865,6.219278807053442,0.20834984530479161,VEN
Comb. LSTM/AR(1) suave,combinacion,1991,1992,1,6.01092896174865,,,VEN
Comb. RF/AR(1) umbral min,combinacion,1991,1992,1,6.01092896174865,2.489633084049165,-3.5212958776994854,VEN
Ingenuo,referencia,1992,1993,1,0.257731958762889,6.01092896174865,5.753197002985761,VEN
Deriva,referencia,1992,1993,1,0.257731958762889,6.101845397969769,5.84411343920688,VEN
AR(1),Box-Jenkins,1992,1993,1,0.257731958762889,3.00241459924051,2.7446826404776212,VEN
"ARMA(2,2)",Box-Jenkins,1992,1993,1,0.257731958762889,0.044348145926245475,-0.21338381283664354,VEN
"ARIMA(1,1,1)",Box-Jenkins,1992,1993,1,0.257731958762889,2.504447737937923,2.246715779175034,VEN
Ridge sobre rezagos,regularizado,1992,1993,1,0.257731958762889,2.671894344550381,2.414162385787492,VEN
Random Forest,aprendizaje,1992,1993,1,0.257731958762889,3.8681815348711917,3.6104495761083024,VEN
LSTM(16),red neuronal,1992,1993,1,0.257731958762889,2.5534426873457496,2.2957107285828604,VEN
Comb. RF/AR(1) suave,combinacion,1992,1993,1,0.257731958762889,3.1250898425764677,2.867357883813579,VEN
Comb. RF/AR(1) dura,combinacion,1992,1993,1,0.257731958762889,3.00241459924051,2.7446826404776212,VEN
Comb. RF/ingenuo suave,combinacion,1992,1993,1,0.257731958762889,5.041413454825908,4.783681496063019,VEN
Comb. LSTM/AR(1) suave,combinacion,1992,1993,1,0.257731958762889,,,VEN
Comb. RF/AR(1) umbral min,combinacion,1992,1993,1,0.257731958762889,3.00241459924051,2.7446826404776212,VEN
Ingenuo,referencia,1993,1994,1,-2.31362467866325,0.257731958762889,2.571356637426139,VEN
Deriva,referencia,1993,1994,1,-2.31362467866325,0.1660198500087924,2.4796445286720425,VEN
AR(1),Box-Jenkins,1993,1994,1,-2.31362467866325,3.297359546683271,5.61098422534652,VEN
"ARMA(2,2)",Box-Jenkins,1993,1994,1,-2.31362467866325,3.099163705819044,5.412788384482294,VEN
"ARIMA(1,1,1)",Box-Jenkins,1993,1994,1,-2.31362467866325,2.8929322270232762,5.206556905686526,VEN
Ridge sobre rezagos,regularizado,1993,1994,1,-2.31362467866325,3.333209574275325,5.646834252938575,VEN
Random Forest,aprendizaje,1993,1994,1,-2.31362467866325,3.159054771585296,5.472679450248545,VEN
LSTM(16),red neuronal,1993,1994,1,-2.31362467866325,2.009188223650388,4.322812902313638,VEN
Comb. RF/AR(1) suave,combinacion,1993,1994,1,-2.31362467866325,3.1318668981806184,5.445491576843868,VEN
Comb. RF/AR(1) dura,combinacion,1993,1994,1,-2.31362467866325,3.297359546683271,5.61098422534652,VEN
Comb. RF/ingenuo suave,combinacion,1993,1994,1,-2.31362467866325,1.5974763760470148,3.9111010547102647,VEN
Comb. LSTM/AR(1) suave,combinacion,1993,1994,1,-2.31362467866325,,,VEN
Comb. RF/AR(1) umbral min,combinacion,1993,1994,1,-2.31362467866325,3.297359546683271,5.61098422534652,VEN
Ingenuo,referencia,1994,1995,1,3.94736842105263,-2.31362467866325,-6.26099309971588,VEN
Deriva,referencia,1994,1995,1,3.94736842105263,-2.4804775307104387,-6.427845951763069,VEN
AR(1),Box-Jenkins,1994,1995,1,3.94736842105263,3.206987017534871,-0.7403814035177589,VEN
"ARMA(2,2)",Box-Jenkins,1994,1995,1,3.94736842105263,1.523930548146542,-2.423437872906088,VEN
"ARIMA(1,1,1)",Box-Jenkins,1994,1995,1,3.94736842105263,2.540454899655985,-1.4069135213966453,VEN
Ridge sobre rezagos,regularizado,1994,1995,1,3.94736842105263,-7.547425773987619,-11.49479419504025,VEN
Random Forest,aprendizaje,1994,1995,1,3.94736842105263,-7.428306275637148,-11.375674696689778,VEN
LSTM(16),red neuronal,1994,1995,1,3.94736842105263,2.0790265100276524,-1.8683419110249777,VEN
Comb. RF/AR(1) suave,combinacion,1994,1995,1,3.94736842105263,-2.544799565823571,-6.492167986876201,VEN
Comb. RF/AR(1) dura,combinacion,1994,1995,1,3.94736842105263,3.206987017534871,-0.7403814035177589,VEN
Comb. RF/ingenuo suave,combinacion,1994,1995,1,3.94736842105263,-3.569023241317346,-7.516391662369976,VEN
Comb. LSTM/AR(1) suave,combinacion,1994,1995,1,3.94736842105263,,,VEN
Comb. RF/AR(1) umbral min,combinacion,1994,1995,1,3.94736842105263,3.206987017534871,-0.7403814035177589,VEN
Ingenuo,referencia,1995,1996,1,-0.25316455696202,3.94736842105263,4.20053297801465,VEN
Deriva,referencia,1995,1996,1,-0.25316455696202,3.969569861704355,4.222734418666375,VEN
AR(1),Box-Jenkins,1995,1996,1,-0.25316455696202,2.8996582055847986,3.1528227625468186,VEN
"ARMA(2,2)",Box-Jenkins,1995,1996,1,-0.25316455696202,1.9820929093764992,2.235257466338519,VEN
"ARIMA(1,1,1)",Box-Jenkins,1995,1996,1,-0.25316455696202,2.075918699674535,2.329083256636555,VEN
Ridge sobre rezagos,regularizado,1995,1996,1,-0.25316455696202,10.998958176740834,11.252122733702853,VEN
Random Forest,aprendizaje,1995,1996,1,-0.25316455696202,3.4537384657642844,3.7069030227263045,VEN
LSTM(16),red neuronal,1995,1996,1,-0.25316455696202,1.9739846051942584,2.2271491621562785,VEN
Comb. RF/AR(1) suave,combinacion,1995,1996,1,-0.25316455696202,3.2271657646162546,3.4803303215782746,VEN
Comb. RF/AR(1) dura,combinacion,1995,1996,1,-0.25316455696202,2.8996582055847986,3.1528227625468186,VEN
Comb. RF/ingenuo suave,combinacion,1995,1996,1,-0.25316455696202,3.2530113409434906,3.5061758979055107,VEN
Comb. LSTM/AR(1) suave,combinacion,1995,1996,1,-0.25316455696202,,,VEN
Comb. RF/AR(1) umbral min,combinacion,1995,1996,1,-0.25316455696202,2.8996582055847986,3.1528227625468186,VEN
Ingenuo,referencia,1996,1997,1,6.34517766497463,-0.25316455696202,-6.598342221936649,VEN
Deriva,referencia,1996,1997,1,6.34517766497463,-0.3516126711293343,-6.696790336103964,VEN
AR(1),Box-Jenkins,1996,1997,1,6.34517766497463,3.057573299682641,-3.2876043652919886,VEN
"ARMA(2,2)",Box-Jenkins,1996,1997,1,6.34517766497463,1.9262365233132575,-4.418941141661373,VEN
"ARIMA(1,1,1)",Box-Jenkins,1996,1997,1,6.34517766497463,2.2661060188601274,-4.079071646114502,VEN
Ridge sobre rezagos,regularizado,1996,1997,1,6.34517766497463,5.956199709209911,-0.3889779557647186,VEN
Random Forest,aprendizaje,1996,1997,1,6.34517766497463,-0.05506897756756034,-6.40024664254219,VEN
LSTM(16),red neuronal,1996,1997,1,6.34517766497463,2.5788085775631675,-3.766369087411462,VEN
Comb. RF/AR(1) suave,combinacion,1996,1997,1,6.34517766497463,1.4804261936641847,-4.864751471310445,VEN
Comb. RF/AR(1) dura,combinacion,1996,1997,1,6.34517766497463,1.4804261936641847,-4.864751471310445,VEN
Comb. RF/ingenuo suave,combinacion,1996,1997,1,6.34517766497463,1.4804261936641847,-4.864751471310445,VEN
Comb. LSTM/AR(1) suave,combinacion,1996,1997,1,6.34517766497463,-9.107076045331043,-15.452253710305673,VEN
Comb. RF/AR(1) umbral min,combinacion,1996,1997,1,6.34517766497463,3.057573299682641,-3.2876043652919886,VEN
Ingenuo,referencia,1997,1998,1,0.477326968973756,6.34517766497463,5.867850696000874,VEN
Deriva,referencia,1997,1998,1,0.477326968973756,6.432751504587981,5.955424535614225,VEN
AR(1),Box-Jenkins,1997,1998,1,0.477326968973756,2.7132993848400906,2.2359724158663346,VEN
"ARMA(2,2)",Box-Jenkins,1997,1998,1,0.477326968973756,1.898344690362615,1.421017721388859,VEN
"ARIMA(1,1,1)",Box-Jenkins,1997,1998,1,0.477326968973756,1.956940260995104,1.479613292021348,VEN
Ridge sobre rezagos,regularizado,1997,1998,1,0.477326968973756,1.024276959318733,0.546949990344977,VEN
Random Forest,aprendizaje,1997,1998,1,0.477326968973756,-0.44634701904025725,-0.9236739880140132,VEN
LSTM(16),red neuronal,1997,1998,1,0.477326968973756,2.0301006656091882,1.5527736966354322,VEN
Comb. RF/AR(1) suave,combinacion,1997,1998,1,0.477326968973756,-6.031899662851548,-6.509226631825304,VEN
Comb. RF/AR(1) dura,combinacion,1997,1998,1,0.477326968973756,-6.031899662851548,-6.509226631825304,VEN
Comb. RF/ingenuo suave,combinacion,1997,1998,1,0.477326968973756,-6.031899662851548,-6.509226631825304,VEN
Comb. LSTM/AR(1) suave,combinacion,1997,1998,1,0.477326968973756,1.6353844441268377,1.1580574751530817,VEN
Comb. RF/AR(1) umbral min,combinacion,1997,1998,1,0.477326968973756,2.7132993848400906,2.2359724158663346,VEN
Ingenuo,referencia,1998,1999,1,-5.93824228028504,0.477326968973756,6.415569249258796,VEN
Deriva,referencia,1998,1999,1,-5.93824228028504,0.40394338870564184,6.342185668990682,VEN
AR(1),Box-Jenkins,1998,1999,1,-5.93824228028504,3.0937889162223438,9.032031196507385,VEN
"ARMA(2,2)",Box-Jenkins,1998,1999,1,-5.93824228028504,1.817595428093061,7.755837708378102,VEN
"ARIMA(1,1,1)",Box-Jenkins,1998,1999,1,-5.93824228028504,2.5087689212684907,8.447011201553531,VEN
Ridge sobre rezagos,regularizado,1998,1999,1,-5.93824228028504,0.8196567447017502,6.7578990249867905,VEN
Random Forest,aprendizaje,1998,1999,1,-5.93824228028504,3.9285862453108447,9.866828525595885,VEN
LSTM(16),red neuronal,1998,1999,1,-5.93824228028504,2.1473421294668524,8.085584409751892,VEN
Comb. RF/AR(1) suave,combinacion,1998,1999,1,-5.93824228028504,3.7653227435002,9.70356502378524,VEN
Comb. RF/AR(1) dura,combinacion,1998,1999,1,-5.93824228028504,3.7653227435002,9.70356502378524,VEN
Comb. RF/ingenuo suave,combinacion,1998,1999,1,-5.93824228028504,3.7653227435002,9.70356502378524,VEN
Comb. LSTM/AR(1) suave,combinacion,1998,1999,1,-5.93824228028504,1.7540329943836366,7.692275274668677,VEN
Comb. RF/AR(1) umbral min,combinacion,1998,1999,1,-5.93824228028504,3.7653227435002,9.70356502378524,VEN
Ingenuo,referencia,1999,2000,1,3.53535353535352,-5.93824228028504,-9.47359581563856,VEN
Deriva,referencia,1999,2000,1,3.53535353535352,-6.17852548342133,-9.71387901877485,VEN
AR(1),Box-Jenkins,1999,2000,1,3.53535353535352,3.153878485083455,-0.381475050270065,VEN
"ARMA(2,2)",Box-Jenkins,1999,2000,1,3.53535353535352,2.960044561908417,-0.5753089734451029,VEN
"ARIMA(1,1,1)",Box-Jenkins,1999,2000,1,3.53535353535352,2.2692450390476644,-1.2661084963058555,VEN
Ridge sobre rezagos,regularizado,1999,2000,1,3.53535353535352,1.623808135854902,-1.911545399498618,VEN
Random Forest,aprendizaje,1999,2000,1,3.53535353535352,4.020537714718032,0.4851841793645124,VEN
LSTM(16),red neuronal,1999,2000,1,3.53535353535352,3.366336182498538,-0.16901735285498187,VEN
Comb. RF/AR(1) suave,combinacion,1999,2000,1,3.53535353535352,2.2516860357095614,-1.2836674996439585,VEN
Comb. RF/AR(1) dura,combinacion,1999,2000,1,3.53535353535352,2.2516860357095614,-1.2836674996439585,VEN
Comb. RF/ingenuo suave,combinacion,1999,2000,1,3.53535353535352,2.2516860357095614,-1.2836674996439585,VEN
Comb. LSTM/AR(1) suave,combinacion,1999,2000,1,3.53535353535352,-0.9083904517289736,-4.4437439870824935,VEN
Comb. RF/AR(1) umbral min,combinacion,1999,2000,1,3.53535353535352,2.2516860357095614,-1.2836674996439585,VEN
Ingenuo,referencia,2000,2001,1,3.41463414634147,3.53535353535352,0.12071938901204993,VEN
Deriva,referencia,2000,2001,1,3.41463414634147,3.544144153211457,0.12951000686998704,VEN
AR(1),Box-Jenkins,2000,2001,1,3.41463414634147,2.633738676586045,-0.7808954697554249,VEN
"ARMA(2,2)",Box-Jenkins,2000,2001,1,3.41463414634147,2.3815148129036494,-1.0331193334378206,VEN
"ARIMA(1,1,1)",Box-Jenkins,2000,2001,1,3.41463414634147,1.357433891776374,-2.057200254565096,VEN
Ridge sobre rezagos,regularizado,2000,2001,1,3.41463414634147,4.072709549215474,0.6580754028740037,VEN
Random Forest,aprendizaje,2000,2001,1,3.41463414634147,3.5078390978562335,0.09320495151476349,VEN
LSTM(16),red neuronal,2000,2001,1,3.41463414634147,1.9904588510369128,-1.4241752953045572,VEN
Comb. RF/AR(1) suave,combinacion,2000,2001,1,3.41463414634147,2.8940621416090413,-0.5205720047324287,VEN
Comb. RF/AR(1) dura,combinacion,2000,2001,1,3.41463414634147,2.8940621416090413,-0.5205720047324287,VEN
Comb. RF/ingenuo suave,combinacion,2000,2001,1,3.41463414634147,2.8940621416090413,-0.5205720047324287,VEN
Comb. LSTM/AR(1) suave,combinacion,2000,2001,1,3.41463414634147,6.013542991135079,2.598908844793609,VEN
Comb. RF/AR(1) umbral min,combinacion,2000,2001,1,3.41463414634147,2.8106979586072307,-0.6039361877342393,VEN
Ingenuo,referencia,2001,2002,1,-8.72641509433961,3.41463414634147,12.14104924068108,VEN
Deriva,referencia,2001,2002,1,-8.72641509433961,3.420187014027657,12.146602108367267,VEN
AR(1),Box-Jenkins,2001,2002,1,-8.72641509433961,2.660865401021637,11.387280495361246,VEN
"ARMA(2,2)",Box-Jenkins,2001,2002,1,-8.72641509433961,2.4508833603090214,11.17729845464863,VEN
"ARIMA(1,1,1)",Box-Jenkins,2001,2002,1,-8.72641509433961,1.6474536335022112,10.37386872784182,VEN
Ridge sobre rezagos,regularizado,2001,2002,1,-8.72641509433961,2.81996768164299,11.5463827759826,VEN
Random Forest,aprendizaje,2001,2002,1,-8.72641509433961,0.27796054394618197,9.004375638285792,VEN
LSTM(16),red neuronal,2001,2002,1,-8.72641509433961,-0.7181149858920355,8.008300108447575,VEN
Comb. RF/AR(1) suave,combinacion,2001,2002,1,-8.72641509433961,0.38741961454683016,9.11383470888644,VEN
Comb. RF/AR(1) dura,combinacion,2001,2002,1,-8.72641509433961,0.38741961454683016,9.11383470888644,VEN
Comb. RF/ingenuo suave,combinacion,2001,2002,1,-8.72641509433961,0.38741961454683016,9.11383470888644,VEN
Comb. LSTM/AR(1) suave,combinacion,2001,2002,1,-8.72641509433961,2.533381874201907,11.259796968541517,VEN
Comb. RF/AR(1) umbral min,combinacion,2001,2002,1,-8.72641509433961,2.4229337921990206,11.149348886538629,VEN
Ingenuo,referencia,2002,2003,1,-7.75193798449614,-8.72641509433961,-0.9744771098434697,VEN
Deriva,referencia,2002,2003,1,-7.75193798449614,-9.01712081466238,-1.265182830166241,VEN
AR(1),Box-Jenkins,2002,2003,1,-7.75193798449614,3.1847997020854097,10.93673768658155,VEN
"ARMA(2,2)",Box-Jenkins,2002,2003,1,-7.75193798449614,3.30334178155213,11.055279766048269,VEN
"ARIMA(1,1,1)",Box-Jenkins,2002,2003,1,-7.75193798449614,1.997999513701723,9.749937498197863,VEN
Ridge sobre rezagos,regularizado,2002,2003,1,-7.75193798449614,4.04775105312963,11.79968903762577,VEN
Random Forest,aprendizaje,2002,2003,1,-7.75193798449614,5.3481438824844725,13.100081866980613,VEN
LSTM(16),red neuronal,2002,2003,1,-7.75193798449614,6.364115910551399,14.11605389504754,VEN
Comb. RF/AR(1) suave,combinacion,2002,2003,1,-7.75193798449614,2.1486676707569003,9.90060565525304,VEN
Comb. RF/AR(1) dura,combinacion,2002,2003,1,-7.75193798449614,2.1486676707569003,9.90060565525304,VEN
Comb. RF/ingenuo suave,combinacion,2002,2003,1,-7.75193798449614,2.1486676707569003,9.90060565525304,VEN
Comb. LSTM/AR(1) suave,combinacion,2002,2003,1,-7.75193798449614,2.702874024681112,10.454812009177251,VEN
Comb. RF/AR(1) umbral min,combinacion,2002,2003,1,-7.75193798449614,3.1847997020854097,10.93673768658155,VEN
Ingenuo,referencia,2003,2004,1,18.2072829131653,-7.75193798449614,-25.95922089766144,VEN
Deriva,referencia,2003,2004,1,18.2072829131653,-8.012520304100667,-26.21980321726597,VEN
AR(1),Box-Jenkins,2003,2004,1,18.2072829131653,1.7311485387458683,-16.476134374419434,VEN
"ARMA(2,2)",Box-Jenkins,2003,2004,1,18.2072829131653,2.3315649034954933,-15.875718009669807,VEN
"ARIMA(1,1,1)",Box-Jenkins,2003,2004,1,18.2072829131653,-0.3218270157111709,-18.529109928876473,VEN
Ridge sobre rezagos,regularizado,2003,2004,1,18.2072829131653,1.719495552741713,-16.48778736042359,VEN
Random Forest,aprendizaje,2003,2004,1,18.2072829131653,0.16782612994399493,-18.039456783221304,VEN
LSTM(16),red neuronal,2003,2004,1,18.2072829131653,1.4352738685863418,-16.772009044578958,VEN
Comb. RF/AR(1) suave,combinacion,2003,2004,1,18.2072829131653,1.3839303229403297,-16.82335259022497,VEN
Comb. RF/AR(1) dura,combinacion,2003,2004,1,18.2072829131653,1.3839303229403297,-16.82335259022497,VEN
Comb. RF/ingenuo suave,combinacion,2003,2004,1,18.2072829131653,1.3839303229403297,-16.82335259022497,VEN
Comb. LSTM/AR(1) suave,combinacion,2003,2004,1,18.2072829131653,1.4441828157971326,-16.763100097368167,VEN
Comb. RF/AR(1) umbral min,combinacion,2003,2004,1,18.2072829131653,1.7311485387458683,-16.476134374419434,VEN
Ingenuo,referencia,2004,2005,1,10.1895734597156,18.2072829131653,8.0177094534497,VEN
Deriva,referencia,2004,2005,1,10.1895734597156,18.556463459078586,8.366889999362986,VEN
AR(1),Box-Jenkins,2004,2005,1,10.1895734597156,1.0829102820515633,-9.106663177664037,VEN
"ARMA(2,2)",Box-Jenkins,2004,2005,1,10.1895734597156,2.5841113913203753,-7.605462068395225,VEN
"ARIMA(1,1,1)",Box-Jenkins,2004,2005,1,10.1895734597156,-0.7880916793238626,-10.977665139039463,VEN
Ridge sobre rezagos,regularizado,2004,2005,1,10.1895734597156,-0.23253441825222199,-10.422107877967822,VEN
Random Forest,aprendizaje,2004,2005,1,10.1895734597156,4.676502024693095,-5.513071435022505,VEN
LSTM(16),red neuronal,2004,2005,1,10.1895734597156,1.8219210812014026,-8.367652378514197,VEN
Comb. RF/AR(1) suave,combinacion,2004,2005,1,10.1895734597156,2.6471536513952585,-7.542419808320341,VEN
Comb. RF/AR(1) dura,combinacion,2004,2005,1,10.1895734597156,1.0829102820515633,-9.106663177664037,VEN
Comb. RF/ingenuo suave,combinacion,2004,2005,1,10.1895734597156,3.591419881059707,-6.598153578655893,VEN
Comb. LSTM/AR(1) suave,combinacion,2004,2005,1,10.1895734597156,4.1963093305663985,-5.9932641291492015,VEN
Comb. RF/AR(1) umbral min,combinacion,2004,2005,1,10.1895734597156,1.0829102820515633,-9.106663177664037,VEN
Ingenuo,referencia,2005,2006,1,9.89247311827957,10.1895734597156,0.29710034143603004,VEN
Deriva,referencia,2005,2006,1,9.89247311827957,10.348597414734273,0.4561242964547034,VEN
AR(1),Box-Jenkins,2005,2006,1,9.89247311827957,2.7729307009320454,-7.119542417347525,VEN
"ARMA(2,2)",Box-Jenkins,2005,2006,1,9.89247311827957,0.8856242384853801,-9.00684887979419,VEN
"ARIMA(1,1,1)",Box-Jenkins,2005,2006,1,9.89247311827957,2.7308374148058068,-7.161635703473763,VEN
Ridge sobre rezagos,regularizado,2005,2006,1,9.89247311827957,-3.103216774767663,-12.995689893047233,VEN
Random Forest,aprendizaje,2005,2006,1,9.89247311827957,1.053956029746712,-8.838517088532857,VEN
LSTM(16),red neuronal,2005,2006,1,9.89247311827957,3.662625969142108,-6.229847149137462,VEN
Comb. RF/AR(1) suave,combinacion,2005,2006,1,9.89247311827957,2.8615732018122246,-7.030899916467345,VEN
Comb. RF/AR(1) dura,combinacion,2005,2006,1,9.89247311827957,2.7729307009320454,-7.119542417347525,VEN
Comb. RF/ingenuo suave,combinacion,2005,2006,1,9.89247311827957,3.037442885529664,-6.855030232749906,VEN
Comb. LSTM/AR(1) suave,combinacion,2005,2006,1,9.89247311827957,3.9575997431406935,-5.934873375138876,VEN
Comb. RF/AR(1) umbral min,combinacion,2005,2006,1,9.89247311827957,2.7729307009320454,-7.119542417347525,VEN
Ingenuo,referencia,2006,2007,1,8.80626223091976,9.89247311827957,1.08621088735981,VEN
Deriva,referencia,2006,2007,1,8.80626223091976,10.041360977821473,1.2350987469017127,VEN
AR(1),Box-Jenkins,2006,2007,1,8.80626223091976,3.1804011313437246,-5.625861099576035,VEN
"ARMA(2,2)",Box-Jenkins,2006,2007,1,8.80626223091976,0.5174522350576414,-8.288809995862119,VEN
"ARIMA(1,1,1)",Box-Jenkins,2006,2007,1,8.80626223091976,3.242237326167004,-5.564024904752756,VEN
Ridge sobre rezagos,regularizado,2006,2007,1,8.80626223091976,0.9775071304301457,-7.828755100489614,VEN
Random Forest,aprendizaje,2006,2007,1,8.80626223091976,2.9050308125671704,-5.901231418352589,VEN
LSTM(16),red neuronal,2006,2007,1,8.80626223091976,1.9159544143033538,-6.8903078166164065,VEN
Comb. RF/AR(1) suave,combinacion,2006,2007,1,8.80626223091976,1.3370966281419847,-7.4691656027777755,VEN
Comb. RF/AR(1) dura,combinacion,2006,2007,1,8.80626223091976,3.1804011313437246,-5.625861099576035,VEN
Comb. RF/ingenuo suave,combinacion,2006,2007,1,8.80626223091976,1.832029184898726,-6.974233046021034,VEN
Comb. LSTM/AR(1) suave,combinacion,2006,2007,1,8.80626223091976,-0.37199175460435185,-9.178253985524112,VEN
Comb. RF/AR(1) umbral min,combinacion,2006,2007,1,8.80626223091976,3.1804011313437246,-5.625861099576035,VEN
Ingenuo,referencia,2007,2008,1,5.21582733812949,8.80626223091976,3.5904348927902703,VEN
Deriva,referencia,2007,2008,1,5.21582733812949,8.928300117702928,3.7124727795734387,VEN
AR(1),Box-Jenkins,2007,2008,1,5.21582733812949,3.4072034621112977,-1.808623876018192,VEN
"ARMA(2,2)",Box-Jenkins,2007,2008,1,5.21582733812949,-0.6815491318770045,-5.897376470006495,VEN
"ARIMA(1,1,1)",Box-Jenkins,2007,2008,1,5.21582733812949,3.4580246696266173,-1.7578026685028725,VEN
Ridge sobre rezagos,regularizado,2007,2008,1,5.21582733812949,1.7190981081504255,-3.4967292299790644,VEN
Random Forest,aprendizaje,2007,2008,1,5.21582733812949,-0.6664611358430268,-5.882288473972516,VEN
LSTM(16),red neuronal,2007,2008,1,5.21582733812949,-11.317535214243428,-16.533362552372918,VEN
Comb. RF/AR(1) suave,combinacion,2007,2008,1,5.21582733812949,-0.9343689180383574,-6.150196256167847,VEN
Comb. RF/AR(1) dura,combinacion,2007,2008,1,5.21582733812949,3.4072034621112977,-1.808623876018192,VEN
Comb. RF/ingenuo suave,combinacion,2007,2008,1,5.21582733812949,-0.3509232762936595,-5.56675061442315,VEN
Comb. LSTM/AR(1) suave,combinacion,2007,2008,1,5.21582733812949,-1.4560358990305078,-6.6718632371599975,VEN
Comb. RF/AR(1) umbral min,combinacion,2007,2008,1,5.21582733812949,3.4072034621112977,-1.808623876018192,VEN
Ingenuo,referencia,2008,2009,1,-3.07692307692308,5.21582733812949,8.29275041505257,VEN
Deriva,referencia,2008,2009,1,-3.07692307692308,5.2588764423685435,8.335799519291623,VEN
AR(1),Box-Jenkins,2008,2009,1,-3.07692307692308,3.2223892516795116,6.299312328602592,VEN
"ARMA(2,2)",Box-Jenkins,2008,2009,1,-3.07692307692308,-0.8698066346892113,2.207116442233869,VEN
"ARIMA(1,1,1)",Box-Jenkins,2008,2009,1,-3.07692307692308,3.24098943256057,6.31791250948365,VEN
Ridge sobre rezagos,regularizado,2008,2009,1,-3.07692307692308,0.30704194491458603,3.3839650218376662,VEN
Random Forest,aprendizaje,2008,2009,1,-3.07692307692308,2.0826805615252475,5.159603638448328,VEN
LSTM(16),red neuronal,2008,2009,1,-3.07692307692308,1.4527748509635714,4.529697927886652,VEN
Comb. RF/AR(1) suave,combinacion,2008,2009,1,-3.07692307692308,1.435289509529977,4.512212586453057,VEN
Comb. RF/AR(1) dura,combinacion,2008,2009,1,-3.07692307692308,3.2223892516795116,6.299312328602592,VEN
Comb. RF/ingenuo suave,combinacion,2008,2009,1,-3.07692307692308,1.6470257084486428,4.723948785371723,VEN
Comb. LSTM/AR(1) suave,combinacion,2008,2009,1,-3.07692307692308,1.743802638852706,4.820725715775787,VEN
Comb. RF/AR(1) umbral min,combinacion,2008,2009,1,-3.07692307692308,3.2223892516795116,6.299312328602592,VEN
Ingenuo,referencia,2009,2010,1,-1.5873015873016,-3.07692307692308,-1.48962148962148,VEN
Deriva,referencia,2009,2010,1,-1.5873015873016,-3.207536462669269,-1.6202348753676687,VEN
AR(1),Box-Jenkins,2009,2010,1,-1.5873015873016,2.5397545245466646,4.1270561118482645,VEN
"ARMA(2,2)",Box-Jenkins,2009,2010,1,-1.5873015873016,-1.0119083750853417,0.5753932122162584,VEN
"ARIMA(1,1,1)",Box-Jenkins,2009,2010,1,-1.5873015873016,2.488352266775097,4.075653854076697,VEN
Ridge sobre rezagos,regularizado,2009,2010,1,-1.5873015873016,4.688726914955971,6.276028502257572,VEN
Random Forest,aprendizaje,2009,2010,1,-1.5873015873016,1.4148689553672864,3.0021705426688863,VEN
LSTM(16),red neuronal,2009,2010,1,-1.5873015873016,1.8600991637156628,3.4474007510172626,VEN
Comb. RF/AR(1) suave,combinacion,2009,2010,1,-1.5873015873016,3.5099839428966244,5.097285530198224,VEN
Comb. RF/AR(1) dura,combinacion,2009,2010,1,-1.5873015873016,2.5397545245466646,4.1270561118482645,VEN
Comb. RF/ingenuo suave,combinacion,2009,2010,1,-1.5873015873016,3.1899694415907462,4.777271028892346,VEN
Comb. LSTM/AR(1) suave,combinacion,2009,2010,1,-1.5873015873016,-1.3481360564157097,0.23916553088589043,VEN
Comb. RF/AR(1) umbral min,combinacion,2009,2010,1,-1.5873015873016,2.5397545245466646,4.1270561118482645,VEN
Ingenuo,referencia,2010,2011,1,4.12186379928315,-1.5873015873016,-5.7091653865847505,VEN
Deriva,referencia,2010,2011,1,4.12186379928315,-1.6848489551831425,-5.806712754466293,VEN
AR(1),Box-Jenkins,2010,2011,1,4.12186379928315,2.4826737962551344,-1.6391900030280158,VEN
"ARMA(2,2)",Box-Jenkins,2010,2011,1,4.12186379928315,0.4654763284932528,-3.6563874707898973,VEN
"ARIMA(1,1,1)",Box-Jenkins,2010,2011,1,4.12186379928315,2.4450518396236953,-1.6768119596594548,VEN
Ridge sobre rezagos,regularizado,2010,2011,1,4.12186379928315,-0.15026964732861003,-4.27213344661176,VEN
Random Forest,aprendizaje,2010,2011,1,4.12186379928315,-0.026710680567783848,-4.148574479850934,VEN
LSTM(16),red neuronal,2010,2011,1,4.12186379928315,6.0019576128052075,1.8800938135220573,VEN
Comb. RF/AR(1) suave,combinacion,2010,2011,1,4.12186379928315,-1.956184566545163,-6.078048365828313,VEN
Comb. RF/AR(1) dura,combinacion,2010,2011,1,4.12186379928315,2.4826737962551344,-1.6391900030280158,VEN
Comb. RF/ingenuo suave,combinacion,2010,2011,1,4.12186379928315,-2.191452068384226,-6.3133158676673755,VEN
Comb. LSTM/AR(1) suave,combinacion,2010,2011,1,4.12186379928315,1.0365126302438616,-3.0853511690392885,VEN
Comb. RF/AR(1) umbral min,combinacion,2010,2011,1,4.12186379928315,2.4826737962551344,-1.6391900030280158,VEN
Ingenuo,referencia,2011,2012,1,5.67986230636832,4.12186379928315,-1.5579985070851698,VEN
Deriva,referencia,2011,2012,1,5.67986230636832,4.140450686490934,-1.5394116198773862,VEN
AR(1),Box-Jenkins,2011,2012,1,5.67986230636832,2.9635129580255297,-2.7163493483427903,VEN
"ARMA(2,2)",Box-Jenkins,2011,2012,1,5.67986230636832,0.9062282966170785,-4.773634009751241,VEN
"ARIMA(1,1,1)",Box-Jenkins,2011,2012,1,5.67986230636832,2.9739093272152433,-2.7059529791530768,VEN
Ridge sobre rezagos,regularizado,2011,2012,1,5.67986230636832,-0.8819427633499193,-6.56180506971824,VEN
Random Forest,aprendizaje,2011,2012,1,5.67986230636832,-1.3612738083040876,-7.041136114672407,VEN
LSTM(16),red neuronal,2011,2012,1,5.67986230636832,0.9299209540600595,-4.7499413523082605,VEN
Comb. RF/AR(1) suave,combinacion,2011,2012,1,5.67986230636832,-1.4176020412138075,-7.097464347582127,VEN
Comb. RF/AR(1) dura,combinacion,2011,2012,1,5.67986230636832,2.9635129580255297,-2.7163493483427903,VEN
Comb. RF/ingenuo suave,combinacion,2011,2012,1,5.67986230636832,-1.3912709295909456,-7.071133235959266,VEN
Comb. LSTM/AR(1) suave,combinacion,2011,2012,1,5.67986230636832,5.132085756779305,-0.547776549589015,VEN
Comb. RF/AR(1) umbral min,combinacion,2011,2012,1,5.67986230636832,2.9635129580255297,-2.7163493483427903,VEN
Ingenuo,referencia,2012,2013,1,1.30293159609121,5.67986230636832,4.37693071027711,VEN
Deriva,referencia,2012,2013,1,1.30293159609121,5.728633735142327,4.425702139051117,VEN
AR(1),Box-Jenkins,2012,2013,1,1.30293159609121,3.1394641613342786,1.8365325652430686,VEN
"ARMA(2,2)",Box-Jenkins,2012,2013,1,1.30293159609121,0.5226448316298107,-0.7802867644613993,VEN
"ARIMA(1,1,1)",Box-Jenkins,2012,2013,1,1.30293159609121,3.1624296581172886,1.8594980620260786,VEN
Ridge sobre rezagos,regularizado,2012,2013,1,1.30293159609121,1.6140277948958524,0.31109619880464234,VEN
Random Forest,aprendizaje,2012,2013,1,1.30293159609121,3.003771285721394,1.700839689630184,VEN
LSTM(16),red neuronal,2012,2013,1,1.30293159609121,0.050483345289594084,-1.252448250801616,VEN
Comb. RF/AR(1) suave,combinacion,2012,2013,1,1.30293159609121,2.129020065094601,0.826088469003391,VEN
Comb. RF/AR(1) dura,combinacion,2012,2013,1,1.30293159609121,2.129020065094601,0.826088469003391,VEN
Comb. RF/ingenuo suave,combinacion,2012,2013,1,1.30293159609121,2.129020065094601,0.826088469003391,VEN
Comb. LSTM/AR(1) suave,combinacion,2012,2013,1,1.30293159609121,3.3614473990637013,2.058515802972491,VEN
Comb. RF/AR(1) umbral min,combinacion,2012,2013,1,1.30293159609121,3.1394641613342786,1.8365325652430686,VEN
Ingenuo,referencia,2013,2014,1,-3.85852090032154,1.30293159609121,5.16145249641275,VEN
Deriva,referencia,2013,2014,1,-3.85852090032154,1.2665933683450028,5.125114268666543,VEN
AR(1),Box-Jenkins,2013,2014,1,-3.85852090032154,2.7715531121334647,6.630074012455005,VEN
"ARMA(2,2)",Box-Jenkins,2013,2014,1,-3.85852090032154,0.1485344312200294,4.00705533154157,VEN
"ARIMA(1,1,1)",Box-Jenkins,2013,2014,1,-3.85852090032154,2.7583630912068164,6.616883991528356,VEN
Ridge sobre rezagos,regularizado,2013,2014,1,-3.85852090032154,2.1554871634470274,6.014008063768568,VEN
Random Forest,aprendizaje,2013,2014,1,-3.85852090032154,0.24503553027881728,4.103556430600357,VEN
LSTM(16),red neuronal,2013,2014,1,-3.85852090032154,-0.8157944983727008,3.042726401948839,VEN
Comb. RF/AR(1) suave,combinacion,2013,2014,1,-3.85852090032154,0.32866383799857407,4.187184738320114,VEN
Comb. RF/AR(1) dura,combinacion,2013,2014,1,-3.85852090032154,0.32866383799857407,4.187184738320114,VEN
Comb. RF/ingenuo suave,combinacion,2013,2014,1,-3.85852090032154,0.32866383799857407,4.187184738320114,VEN
Comb. LSTM/AR(1) suave,combinacion,2013,2014,1,-3.85852090032154,-1.2427023652267284,2.6158185350948115,VEN
Comb. RF/AR(1) umbral min,combinacion,2013,2014,1,-3.85852090032154,2.3178760708687096,6.1763969711902496,VEN
Ingenuo,referencia,2014,2015,1,-6.18729096989966,-3.85852090032154,2.32877006957812,VEN
Deriva,referencia,2014,2015,1,-6.18729096989966,-3.9915593972878707,2.1957315726117894,VEN
AR(1),Box-Jenkins,2014,2015,1,-6.18729096989966,2.2213088733176862,8.408599843217345,VEN
"ARMA(2,2)",Box-Jenkins,2014,2015,1,-6.18729096989966,0.6948304705050932,6.882121440404753,VEN
"ARIMA(1,1,1)",Box-Jenkins,2014,2015,1,-6.18729096989966,2.166195006997608,8.353485976897268,VEN
Ridge sobre rezagos,regularizado,2014,2015,1,-6.18729096989966,1.4678922722369232,7.655183242136584,VEN
Random Forest,aprendizaje,2014,2015,1,-6.18729096989966,0.44960691921771995,6.63689788911738,VEN
LSTM(16),red neuronal,2014,2015,1,-6.18729096989966,-0.5731494274405726,5.6141415424590875,VEN
Comb. RF/AR(1) suave,combinacion,2014,2015,1,-6.18729096989966,0.703526477260823,6.890817447160483,VEN
Comb. RF/AR(1) dura,combinacion,2014,2015,1,-6.18729096989966,0.703526477260823,6.890817447160483,VEN
Comb. RF/ingenuo suave,combinacion,2014,2015,1,-6.18729096989966,0.703526477260823,6.890817447160483,VEN
Comb. LSTM/AR(1) suave,combinacion,2014,2015,1,-6.18729096989966,1.970570697668098,8.157861667567758,VEN
Comb. RF/AR(1) umbral min,combinacion,2014,2015,1,-6.18729096989966,1.7050107042769596,7.89230167417662,VEN
Ingenuo,referencia,2015,2016,1,-17.1122994652406,-6.18729096989966,10.92500849534094,VEN
Deriva,referencia,2015,2016,1,-17.1122994652406,-6.360991162655098,10.751308302585503,VEN
AR(1),Box-Jenkins,2015,2016,1,-17.1122994652406,1.5869876269823682,18.699287092222967,VEN
"ARMA(2,2)",Box-Jenkins,2015,2016,1,-17.1122994652406,1.880634860893661,18.99293432613426,VEN
"ARIMA(1,1,1)",Box-Jenkins,2015,2016,1,-17.1122994652406,1.5133851313866389,18.625684596627238,VEN
Ridge sobre rezagos,regularizado,2015,2016,1,-17.1122994652406,2.1163463827583913,19.22864584799899,VEN
Random Forest,aprendizaje,2015,2016,1,-17.1122994652406,2.8505487605426643,19.962848225783265,VEN
LSTM(16),red neuronal,2015,2016,1,-17.1122994652406,2.2927947763052248,19.405094241545825,VEN
Comb. RF/AR(1) suave,combinacion,2015,2016,1,-17.1122994652406,0.5077114223111553,17.620010887551754,VEN
Comb. RF/AR(1) dura,combinacion,2015,2016,1,-17.1122994652406,0.5077114223111553,17.620010887551754,VEN
Comb. RF/ingenuo suave,combinacion,2015,2016,1,-17.1122994652406,0.5077114223111553,17.620010887551754,VEN
Comb. LSTM/AR(1) suave,combinacion,2015,2016,1,-17.1122994652406,1.300528785945791,18.41282825118639,VEN
Comb. RF/AR(1) umbral min,combinacion,2015,2016,1,-17.1122994652406,1.0997716385534344,18.212071103794035,VEN
Ingenuo,referencia,2016,2017,1,-15.6989247311828,-17.1122994652406,-1.4133747340578005,VEN
Deriva,referencia,2016,2017,1,-15.6989247311828,-17.48147799077032,-1.7825532595875195,VEN
AR(1),Box-Jenkins,2016,2017,1,-15.6989247311828,-1.7955380370299214,13.903386694152879,VEN
"ARMA(2,2)",Box-Jenkins,2016,2017,1,-15.6989247311828,-2.3269007295766415,13.372024001606158,VEN
"ARIMA(1,1,1)",Box-Jenkins,2016,2017,1,-15.6989247311828,-2.5570751164466596,13.14184961473614,VEN
Ridge sobre rezagos,regularizado,2016,2017,1,-15.6989247311828,-0.13153380129760373,15.567390929885196,VEN
Random Forest,aprendizaje,2016,2017,1,-15.6989247311828,0.5570619705405984,16.255986701723398,VEN
LSTM(16),red neuronal,2016,2017,1,-15.6989247311828,1.2675769982529221,16.96650172943572,VEN
Comb. RF/AR(1) suave,combinacion,2016,2017,1,-15.6989247311828,-3.1158018571892994,12.5831228739935,VEN
Comb. RF/AR(1) dura,combinacion,2016,2017,1,-15.6989247311828,-3.1158018571892994,12.5831228739935,VEN
Comb. RF/ingenuo suave,combinacion,2016,2017,1,-15.6989247311828,-3.1158018571892994,12.5831228739935,VEN
Comb. LSTM/AR(1) suave,combinacion,2016,2017,1,-15.6989247311828,0.8993880509756644,16.598312782158462,VEN
Comb. RF/AR(1) umbral min,combinacion,2016,2017,1,-15.6989247311828,-1.7955380370299214,13.903386694152879,VEN
Ingenuo,referencia,2017,2018,1,-19.6428571428571,-15.6989247311828,3.9439324116743,VEN
Deriva,referencia,2017,2018,1,-19.6428571428571,-16.0362719485056,3.6065851943514993,VEN
AR(1),Box-Jenkins,2017,2018,1,-19.6428571428571,-3.9773051988941255,15.665551943962974,VEN
"ARMA(2,2)",Box-Jenkins,2017,2018,1,-19.6428571428571,-4.624361402125281,15.018495740731819,VEN
"ARIMA(1,1,1)",Box-Jenkins,2017,2018,1,-19.6428571428571,-5.667241416296381,13.975615726560719,VEN
Ridge sobre rezagos,regularizado,2017,2018,1,-19.6428571428571,-2.501455635588129,17.14140150726897,VEN
Random Forest,aprendizaje,2017,2018,1,-19.6428571428571,-3.080039088077137,16.562818054779964,VEN
LSTM(16),red neuronal,2017,2018,1,-19.6428571428571,0.7582724245940635,20.401129567451164,VEN
Comb. RF/AR(1) suave,combinacion,2017,2018,1,-19.6428571428571,-2.5163315847379546,17.126525558119145,VEN
Comb. RF/AR(1) dura,combinacion,2017,2018,1,-19.6428571428571,-2.5163315847379546,17.126525558119145,VEN
Comb. RF/ingenuo suave,combinacion,2017,2018,1,-19.6428571428571,-2.5163315847379546,17.126525558119145,VEN
Comb. LSTM/AR(1) suave,combinacion,2017,2018,1,-19.6428571428571,0.8068467318272141,20.449703874684314,VEN
Comb. RF/AR(1) umbral min,combinacion,2017,2018,1,-19.6428571428571,-3.9773051988941255,15.665551943962974,VEN
Ingenuo,referencia,2018,2019,1,-27.6190476190476,-19.6428571428571,7.976190476190499,VEN
Deriva,referencia,2018,2019,1,-27.6190476190476,-20.043477784642207,7.5755698344053926,VEN
AR(1),Box-Jenkins,2018,2019,1,-27.6190476190476,-7.940892714285534,19.678154904762067,VEN
"ARMA(2,2)",Box-Jenkins,2018,2019,1,-27.6190476190476,-11.066904173911952,16.55214344513565,VEN
"ARIMA(1,1,1)",Box-Jenkins,2018,2019,1,-27.6190476190476,-13.549713216274892,14.069334402772707,VEN
Ridge sobre rezagos,regularizado,2018,2019,1,-27.6190476190476,-10.430363017008636,17.18868460203896,VEN
Random Forest,aprendizaje,2018,2019,1,-27.6190476190476,-11.528835164041038,16.09021245500656,VEN
LSTM(16),red neuronal,2018,2019,1,-27.6190476190476,0.13775235781504946,27.75679997686265,VEN
Comb. RF/AR(1) suave,combinacion,2018,2019,1,-27.6190476190476,-1.1103208986134072,26.508726720434193,VEN
Comb. RF/AR(1) dura,combinacion,2018,2019,1,-27.6190476190476,-1.1103208986134072,26.508726720434193,VEN
Comb. RF/ingenuo suave,combinacion,2018,2019,1,-27.6190476190476,-1.1103208986134072,26.508726720434193,VEN
Comb. LSTM/AR(1) suave,combinacion,2018,2019,1,-27.6190476190476,0.2223257802128833,27.841373399260483,VEN
Comb. RF/AR(1) umbral min,combinacion,2018,2019,1,-27.6190476190476,-7.940892714285534,19.678154904762067,VEN
Ingenuo,referencia,2019,2020,1,-29.8245614035088,-27.6190476190476,2.2055137844612,VEN
Deriva,referencia,2019,2020,1,-29.8245614035088,-28.150281533839696,1.6742798696691032,VEN
AR(1),Box-Jenkins,2019,2020,1,-29.8245614035088,-15.914250237436717,13.910311166072082,VEN
"ARMA(2,2)",Box-Jenkins,2019,2020,1,-29.8245614035088,-21.358371302725647,8.466190100783152,VEN
"ARIMA(1,1,1)",Box-Jenkins,2019,2020,1,-29.8245614035088,-21.281486499521453,8.543074903987346,VEN
Ridge sobre rezagos,regularizado,2019,2020,1,-29.8245614035088,-23.232628554570287,6.591932848938512,VEN
Random Forest,aprendizaje,2019,2020,1,-29.8245614035088,-21.15265001500924,8.67191138849956,VEN
LSTM(16),red neuronal,2019,2020,1,-29.8245614035088,-0.7221882999431988,29.1023731035656,VEN
Comb. RF/AR(1) suave,combinacion,2019,2020,1,-29.8245614035088,-6.75461773533447,23.06994366817433,VEN
Comb. RF/AR(1) dura,combinacion,2019,2020,1,-29.8245614035088,-6.75461773533447,23.06994366817433,VEN
Comb. RF/ingenuo suave,combinacion,2019,2020,1,-29.8245614035088,-6.75461773533447,23.06994366817433,VEN
Comb. LSTM/AR(1) suave,combinacion,2019,2020,1,-29.8245614035088,-0.6272575564621157,29.197303847046683,VEN
Comb. RF/AR(1) umbral min,combinacion,2019,2020,1,-29.8245614035088,-15.914250237436717,13.910311166072082,VEN
Ingenuo,referencia,2020,2021,1,0.625000000000014,-29.8245614035088,-30.449561403508813,VEN
Deriva,referencia,2020,2021,1,0.625000000000014,-30.38417294321054,-31.009172943210555,VEN
AR(1),Box-Jenkins,2020,2021,1,0.625000000000014,-20.687155691554835,-21.31215569155485,VEN
"ARMA(2,2)",Box-Jenkins,2020,2021,1,0.625000000000014,-28.707794544599054,-29.332794544599068,VEN
"ARIMA(1,1,1)",Box-Jenkins,2020,2021,1,0.625000000000014,-25.94496233311667,-26.569962333116685,VEN
Ridge sobre rezagos,regularizado,2020,2021,1,0.625000000000014,-27.61909422953517,-28.244094229535182,VEN
Random Forest,aprendizaje,2020,2021,1,0.625000000000014,-26.198641712087696,-26.82364171208771,VEN
LSTM(16),red neuronal,2020,2021,1,0.625000000000014,-1.7165161499433128,-2.3415161499433266,VEN
Comb. RF/AR(1) suave,combinacion,2020,2021,1,0.625000000000014,-19.810847929640182,-20.435847929640197,VEN
Comb. RF/AR(1) dura,combinacion,2020,2021,1,0.625000000000014,-19.810847929640182,-20.435847929640197,VEN
Comb. RF/ingenuo suave,combinacion,2020,2021,1,0.625000000000014,-19.810847929640182,-20.435847929640197,VEN
Comb. LSTM/AR(1) suave,combinacion,2020,2021,1,0.625000000000014,-1.678643308251238,-2.303643308251252,VEN
Comb. RF/AR(1) umbral min,combinacion,2020,2021,1,0.625000000000014,-20.687155691554835,-21.31215569155485,VEN
Ingenuo,referencia,2021,2022,1,8.07453416149069,0.625000000000014,-7.449534161490675,VEN
Deriva,referencia,2021,2022,1,8.07453416149069,0.5822080093517812,-7.492326152138908,VEN
AR(1),Box-Jenkins,2021,2022,1,8.07453416149069,0.5531389342920539,-7.521395227198635,VEN
"ARMA(2,2)",Box-Jenkins,2021,2022,1,8.07453416149069,-5.707932799222083,-13.782466960712771,VEN
"ARIMA(1,1,1)",Box-Jenkins,2021,2022,1,8.07453416149069,-9.639571922279107,-17.714106083769796,VEN
Ridge sobre rezagos,regularizado,2021,2022,1,8.07453416149069,-3.983288996687604,-12.057823158178293,VEN
Random Forest,aprendizaje,2021,2022,1,8.07453416149069,-2.237374514324726,-10.311908675815415,VEN
LSTM(16),red neuronal,2021,2022,1,8.07453416149069,-1.5329771187751833,-9.607511280265872,VEN
Comb. RF/AR(1) suave,combinacion,2021,2022,1,8.07453416149069,-2.3387347959945575,-10.413268957485247,VEN
Comb. RF/AR(1) dura,combinacion,2021,2022,1,8.07453416149069,0.5531389342920539,-7.521395227198635,VEN
Comb. RF/ingenuo suave,combinacion,2021,2022,1,8.07453416149069,-2.3254724528943305,-10.40000661438502,VEN
Comb. LSTM/AR(1) suave,combinacion,2021,2022,1,8.07453416149069,-1.125381585733192,-9.199915747223882,VEN
Comb. RF/AR(1) umbral min,combinacion,2021,2022,1,8.07453416149069,0.5531389342920539,-7.521395227198635,VEN
Ingenuo,referencia,2022,2023,1,4.02298850574712,8.07453416149069,4.051545655743569,VEN
Deriva,referencia,2022,2023,1,4.02298850574712,8.15456718972998,4.131578683982859,VEN
AR(1),Box-Jenkins,2022,2023,1,4.02298850574712,4.768328889177204,0.7453403834300838,VEN
"ARMA(2,2)",Box-Jenkins,2022,2023,1,4.02298850574712,2.608280896373029,-1.4147076093740916,VEN
"ARIMA(1,1,1)",Box-Jenkins,2022,2023,1,4.02298850574712,2.5201369255263755,-1.502851580220745,VEN
Ridge sobre rezagos,regularizado,2022,2023,1,4.02298850574712,8.095349884110195,4.072361378363075,VEN
Random Forest,aprendizaje,2022,2023,1,4.02298850574712,2.551158583007305,-1.4718299227398153,VEN
LSTM(16),red neuronal,2022,2023,1,4.02298850574712,-0.978208415929917,-5.001196921677037,VEN
Comb. RF/AR(1) suave,combinacion,2022,2023,1,4.02298850574712,2.4266402874118045,-1.596348218335316,VEN
Comb. RF/AR(1) dura,combinacion,2022,2023,1,4.02298850574712,4.768328889177204,0.7453403834300838,VEN
Comb. RF/ingenuo suave,combinacion,2022,2023,1,4.02298850574712,3.0001596194526794,-1.022828886294441,VEN
Comb. LSTM/AR(1) suave,combinacion,2022,2023,1,4.02298850574712,0.02865277386611753,-3.994335731881003,VEN
Comb. RF/AR(1) umbral min,combinacion,2022,2023,1,4.02298850574712,4.768328889177204,0.7453403834300838,VEN
Ingenuo,referencia,2023,2024,1,5.52486187845305,4.02298850574712,-1.50187337270593,VEN
Deriva,referencia,2023,2024,1,5.52486187845305,4.036383168115719,-1.488478710337331,VEN
AR(1),Box-Jenkins,2023,2024,1,5.52486187845305,2.52702514739536,-2.9978367310576903,VEN
"ARMA(2,2)",Box-Jenkins,2023,2024,1,5.52486187845305,2.307192984477985,-3.2176688939750653,VEN
"ARIMA(1,1,1)",Box-Jenkins,2023,2024,1,5.52486187845305,0.8635659071561146,-4.661295971296935,VEN
Ridge sobre rezagos,regularizado,2023,2024,1,5.52486187845305,9.126630382362338,3.6017685039092875,VEN
Random Forest,aprendizaje,2023,2024,1,5.52486187845305,1.335026678238737,-4.189835200214313,VEN
LSTM(16),red neuronal,2023,2024,1,5.52486187845305,-0.6831649364324798,-6.20802681488553,VEN
Comb. RF/AR(1) suave,combinacion,2023,2024,1,5.52486187845305,0.8596018195961386,-4.665260058856912,VEN
Comb. RF/AR(1) dura,combinacion,2023,2024,1,5.52486187845305,2.52702514739536,-2.9978367310576903,VEN
Comb. RF/ingenuo suave,combinacion,2023,2024,1,5.52486187845305,1.0825163014036208,-4.44234557704943,VEN
Comb. LSTM/AR(1) suave,combinacion,2023,2024,1,5.52486187845305,-0.1930042793991682,-5.717866157852218,VEN
Comb. RF/AR(1) umbral min,combinacion,2023,2024,1,5.52486187845305,2.52702514739536,-2.9978367310576903,VEN
Ingenuo,referencia,2024,2025,1,1.57068062827224,5.52486187845305,3.9541812501808105,VEN
Deriva,referencia,2024,2025,1,1.57068062827224,5.56188318701748,3.9912025587452398,VEN
AR(1),Box-Jenkins,2024,2025,1,1.57068062827224,3.4076750060385947,1.8369943777663547,VEN
"ARMA(2,2)",Box-Jenkins,2024,2025,1,1.57068062827224,3.473084137269045,1.902403508996805,VEN
"ARIMA(1,1,1)",Box-Jenkins,2024,2025,1,1.57068062827224,2.356041228239798,0.7853605999675579,VEN
Ridge sobre rezagos,regularizado,2024,2025,1,1.57068062827224,12.277705900160731,10.70702527188849,VEN
Random Forest,aprendizaje,2024,2025,1,1.57068062827224,1.524143141681954,-0.046537486590286115,VEN
LSTM(16),red neuronal,2024,2025,1,1.57068062827224,-0.4118000653646755,-1.9824806936369157,VEN
Comb. RF/AR(1) suave,combinacion,2024,2025,1,1.57068062827224,2.914948419793596,1.3442677915213561,VEN
Comb. RF/AR(1) dura,combinacion,2024,2025,1,1.57068062827224,3.4076750060385947,1.8369943777663547,VEN
Comb. RF/ingenuo suave,combinacion,2024,2025,1,1.57068062827224,3.2641923548205325,1.6935117265482924,VEN
Comb. LSTM/AR(1) suave,combinacion,2024,2025,1,1.57068062827224,0.21710371392441563,-1.3535769143478245,VEN
Comb. RF/AR(1) umbral min,combinacion,2024,2025,1,1.57068062827224,3.4076750060385947,1.8369943777663547,VEN
